# If this file contains data that relates to a time no more than 48 hours ago,
# BY USING IT YOU AGREE TO THE LEGALLY BINDING TERMS OF USE FOUND AT
#   https://storage.googleapis.com/weathernext-public/terms-of-use.pdf
# Any data that relates to a time more than 48 hours ago is licensed under the
# Creative Commons Attribution International License, Version 4.0 (CC BY 4.0).
# BEGIN DATA
init_time,track_id,sample,valid_time,lead_time,lead_time_hours,lat,lon,minimum_sea_level_pressure_hpa,maximum_sustained_wind_speed_knots,radius_of_maximum_winds_km,radius_34_knot_winds_ne_km,radius_34_knot_winds_se_km,radius_34_knot_winds_sw_km,radius_34_knot_winds_nw_km,radius_50_knot_winds_ne_km,radius_50_knot_winds_se_km,radius_50_knot_winds_sw_km,radius_50_knot_winds_nw_km,radius_64_knot_winds_ne_km,radius_64_knot_winds_se_km,radius_64_knot_winds_sw_km,radius_64_knot_winds_nw_km
2026-09-27,AL062026,0,2026-09-27 00:00:00,0 days 00:00:00,0,29.8,-43.9,1010.0,29.0,56.0,0.0,0.0,0.0,0.0,0.0,0.0,0.0,0.0,0.0,0.0,0.0,0.0
2026-09-27,AL062026,0,2026-09-27 06:00:00,0 days 06:00:00,6,29.68,-43.96,1010.6,23.6,13.364119955082586,0.0,0.0,0.0,0.0,0.0,0.0,0.0,0.0,0.0,0.0,0.0,0.0
2026-09-27,AL062026,0,2026-09-27 12:00:00,0 days 12:00:00,12,29.63,-43.9,1008.8,29.0,40.43864208111033,0.0,0.0,0.0,0.0,0.0,0.0,0.0,0.0,0.0,0.0,0.0,0.0
2026-09-27,AL062026,0,2026-09-27 18:00:00,0 days 18:00:00,18,28.43,-44.49,1010.6,23.8,113.13743924630812,0.0,0.0,0.0,0.0,0.0,0.0,0.0,0.0,0.0,0.0,0.0,0.0
2026-09-27,AL062026,0,2026-09-28 00:00:00,1 days 00:00:00,24,28.81,-44.02,1010.0,25.1,37.40588101502419,0.0,0.0,0.0,0.0,0.0,0.0,0.0,0.0,0.0,0.0,0.0,0.0
2026-09-27,AL062026,0,2026-09-28 06:00:00,1 days 06:00:00,30,28.16,-44.29,1010.9,29.8,125.58969402004703,0.0,0.0,0.0,0.0,0.0,0.0,0.0,0.0,0.0,0.0,0.0,0.0
2026-09-27,AL062026,0,2026-09-28 12:00:00,1 days 12:00:00,36,27.18,-44.56,1010.9,26.5,94.18567350978458,0.0,0.0,0.0,0.0,0.0,0.0,0.0,0.0,0.0,0.0,0.0,0.0
2026-09-27,AL062026,0,2026-09-28 18:00:00,1 days 18:00:00,42,27.1,-45.48,1010.4,24.2,75.46183214383021,0.0,0.0,0.0,0.0,0.0,0.0,0.0,0.0,0.0,0.0,0.0,0.0
2026-09-27,AL062026,0,2026-09-29 00:00:00,2 days 00:00:00,48,25.75,-46.1,1007.8,30.4,39.878835882160445,0.0,0.0,0.0,0.0,0.0,0.0,0.0,0.0,0.0,0.0,0.0,0.0
2026-09-27,AL062026,0,2026-09-29 06:00:00,2 days 06:00:00,54,25.02,-47.14,1012.5,26.7,100.76287318184268,0.0,0.0,0.0,0.0,0.0,0.0,0.0,0.0,0.0,0.0,0.0,0.0
2026-09-27,EP152026,0,2026-09-27 00:00:00,0 days 00:00:00,0,16.7,-156.1,972.0,80.0,37.0,241.0,185.0,185.0,241.0,93.0,74.0,93.0,111.0,56.0,46.0,56.0,56.0
2026-09-27,EP152026,0,2026-09-27 06:00:00,0 days 06:00:00,6,16.46,-156.84,976.7,84.3,39.8281888808599,211.6679445302892,150.91629970622932,113.1173588673929,190.20427118860545,93.34904999559014,66.34336258994966,54.53308377817756,87.22132830944076,50.4070813857801,40.62306567290787,34.6481249080214,46.0487625973124
2026-09-27,EP152026,0,2026-09-27 12:00:00,0 days 12:00:00,12,16.41,-157.62,964.3,97.2,20.7186955324936,203.6938866881076,144.0814557913809,139.38228724222984,177.44627117833875,106.21941316365655,82.35585589683467,70.39401042818042,100.21878403508856,64.13975368773754,52.0257434181118,43.27283446257036,56.23549547458617
2026-09-27,EP152026,0,2026-09-27 18:00:00,0 days 18:00:00,18,16.49,-158.83,946.8,113.4,8.563597425562143,154.8265752488908,129.95206367389724,128.16034387666156,165.40122533548703,83.67253543235222,63.79494753704758,57.30098434956869,82.79548219349257,51.41704242337404,39.89396323825697,32.84894651889205,46.574190966758
2026-09-27,EP152026,0,2026-09-28 00:00:00,1 days 00:00:00,24,16.36,-159.73,951.1,113.9,30.09307738827829,183.2273944982792,120.21303992626828,121.67911835927976,172.35056603143084,113.75780342375424,84.71853804208229,69.91814854274077,107.72299774153124,60.5336033741238,47.66335992121248,38.27481051007817,55.64695028246217
2026-09-27,EP152026,0,2026-09-28 06:00:00,1 days 06:00:00,30,16.68,-160.8,949.4,114.4,19.3281240174715,185.3133272376775,122.81937542724332,117.58228416780446,155.53298037780792,110.98436229320444,76.58324152334093,64.91227353061154,100.55262344929456,61.03074324066193,46.10947818883012,35.59821725005688,54.92130791067453
2026-09-27,EP152026,0,2026-09-28 12:00:00,1 days 12:00:00,36,17.37,-161.67,947.0,113.7,36.90964447054091,196.7670930903878,170.70992827155305,114.00460101273484,186.1792401722132,99.56173349828714,76.09120021241529,58.14215078651978,92.8641093679837,61.42373768326206,49.57523733723826,38.190342803558,55.08261895655232
2026-09-27,EP152026,0,2026-09-28 18:00:00,1 days 18:00:00,42,17.82,-162.31,943.5,113.4,18.488289158183616,220.84900540727267,174.41537781936927,147.92623847581137,176.07699430551804,103.00196533802566,79.83756977593092,64.44759394697822,83.4099941718335,51.04018825477458,41.896842413489566,33.86215692384711,43.18890492102355
2026-09-27,EP152026,0,2026-09-29 00:00:00,2 days 00:00:00,48,18.75,-162.89,955.7,105.6,3.3375690787056627,179.91645017191064,162.1484008286599,132.3353996327923,152.0748735820577,82.46926793157297,65.22928969671014,46.75686305303864,65.90774739163064,46.52863907423211,37.91379851620603,27.519979242019524,37.91826576973953
2026-09-27,EP152026,0,2026-09-29 06:00:00,2 days 06:00:00,54,19.9,-162.98,958.8,95.7,13.644989328162282,262.596169199295,219.70578851472112,100.08645554542986,182.6178725368372,93.93401107600926,72.07038987500619,38.19075921344717,59.0936719588164,43.01096750470703,35.7655484795753,25.399249033974517,32.46762800021726
2026-09-27,EP152026,0,2026-09-29 12:00:00,2 days 12:00:00,60,21.09,-162.88,969.0,90.9,21.99638502076644,139.87326428611118,142.09266351620423,90.06324390360231,95.88221488123878,76.38792606266279,73.38690070345687,51.83592152997205,61.41128249285054,53.0046021075438,47.44570591473641,35.38831699286447,43.57674781047332
2026-09-27,EP152026,0,2026-09-29 18:00:00,2 days 18:00:00,66,22.54,-162.72,981.8,71.9,24.2227477912776,198.1091265158534,155.03417306155893,69.23824302947227,124.91775968459824,87.48392987292812,73.82847264142146,44.14128440490404,62.78605803589119,31.932328346913422,29.97719824843071,19.69741138545374,25.68223639346955
2026-09-27,EP152026,0,2026-09-30 00:00:00,3 days 00:00:00,72,23.54,-163.27,980.3,69.9,3.0291452325833177,213.0898155362564,206.54302972520517,95.34670116260342,153.82751494669836,117.88789429259862,96.2990334807604,63.19377417793246,96.16636239186118,27.31867080925513,21.07168135035762,14.282159670074511,22.33792208617272
2026-09-27,EP152026,0,2026-09-30 06:00:00,3 days 06:00:00,78,23.67,-162.88,990.5,57.6,95.66267234800488,239.7128776598476,196.88538534599743,192.73312972624984,255.003893387502,159.97473038756564,142.38338878680054,127.210606061347,145.6401640772987,0.0,0.0,0.0,0.0
2026-09-27,EP152026,0,2026-09-30 12:00:00,3 days 12:00:00,84,23.89,-162.92,987.4,59.0,58.65978977279573,263.7171926544092,226.3871255311218,190.3286672637096,244.57529894629204,100.57776425347812,83.1541986698002,60.16635313927908,78.04576191065348,0.0,0.0,0.0,0.0
2026-09-27,EP152026,0,2026-09-30 18:00:00,3 days 18:00:00,90,23.99,-163.17,996.0,48.1,62.98373847648634,207.3314922066265,147.25953935769974,134.39376837692984,205.22096560916088,0.0,0.0,0.0,0.0,0.0,0.0,0.0,0.0
2026-09-27,EP152026,0,2026-10-01 00:00:00,4 days 00:00:00,96,24.01,-163.52,997.5,43.8,66.64194847818064,183.59199568880663,101.56559816148444,106.61904681992876,170.5071549492835,0.0,0.0,0.0,0.0,0.0,0.0,0.0,0.0
2026-09-27,EP152026,0,2026-10-01 06:00:00,4 days 06:00:00,102,24.24,-164.26,998.2,38.9,116.72611373120802,137.9858710483609,91.12641961473544,46.11980965025063,105.15695763906048,0.0,0.0,0.0,0.0,0.0,0.0,0.0,0.0
2026-09-27,EP152026,0,2026-10-01 12:00:00,4 days 12:00:00,108,24.8,-165.05,1002.3,35.8,86.84863799190038,216.0749827165897,112.08534925196828,93.89189991228308,179.57380173526496,0.0,0.0,0.0,0.0,0.0,0.0,0.0,0.0
2026-09-27,EP152026,0,2026-10-01 18:00:00,4 days 18:00:00,114,25.23,-166.3,998.0,43.2,121.58711318525212,225.51173395142283,176.9942970997077,120.92759636123569,168.97033398336208,0.0,0.0,0.0,0.0,0.0,0.0,0.0,0.0
2026-09-27,EP152026,0,2026-10-02 00:00:00,5 days 00:00:00,120,25.58,-168.07,992.1,53.0,34.82468011901179,180.37470107158856,148.07585289097878,85.85681989767217,156.62176171088365,4.998834265938584,4.619819891144893,0.0,34.82468011901179,0.0,0.0,0.0,0.0
2026-09-27,EP152026,0,2026-10-02 06:00:00,5 days 06:00:00,126,25.2,-169.52,985.3,63.1,40.58787183109532,141.31550621298192,111.29634491779872,107.88884313430673,128.2622236846991,83.93084051418487,74.17132892484577,57.14100937731768,72.56981713938742,0.0,0.0,0.0,0.0
2026-09-27,EP152026,0,2026-10-02 12:00:00,5 days 12:00:00,132,24.95,-170.84,990.3,59.1,58.89343937510596,174.00821044379896,140.4225125808689,146.15655310270807,185.1599424409714,90.85735988189288,78.4437765654596,69.95294892728504,84.01433368608645,0.0,0.0,0.0,0.0
2026-09-27,EP152026,0,2026-10-02 18:00:00,5 days 18:00:00,138,24.37,-171.72,979.5,74.4,59.12511608831831,188.5540505933913,153.72077600562312,126.49550931634056,208.9137292875,80.88818824781043,59.8553534598486,46.03299979387624,69.79787843639517,59.12511608831831,0.0,0.0,2.6150620472953703
2026-09-27,EP152026,0,2026-10-03 00:00:00,6 days 00:00:00,144,23.92,-172.86,987.3,62.2,52.02744005524997,185.58336307323373,153.3277362796698,143.02348109229783,180.7233283162581,71.40186309563441,52.68432663481626,38.362736129911646,58.40821124574994,0.0,0.0,0.0,0.0
2026-09-27,EP152026,0,2026-10-03 06:00:00,6 days 06:00:00,150,23.46,-173.92,987.9,60.3,38.39491240047069,215.3524246103342,153.48299403564334,120.4923333395522,221.3000307123882,103.5263372887856,84.66437060312165,56.78870000570326,84.50613836142091,0.0,0.0,0.0,0.0
2026-09-27,EP152026,0,2026-10-03 12:00:00,6 days 12:00:00,156,23.34,-175.61,986.6,60.7,47.939920579442415,209.9725808042681,158.8285475489954,113.0988516929156,168.82272904380335,67.44562412617714,53.76563670813562,29.444631830732323,47.58739272829415,0.0,0.0,0.0,0.0
2026-09-27,EP152026,0,2026-10-03 18:00:00,6 days 18:00:00,162,23.56,-176.86,983.9,62.6,5.1828645973965095,173.5379476309771,115.94100632908764,105.7200935184156,155.273119430119,97.08205723396036,73.64352490222929,48.36103449365761,74.95623992333167,0.0,0.0,0.0,0.0
2026-09-27,EP152026,0,2026-10-04 00:00:00,7 days 00:00:00,168,23.78,-178.51,987.8,63.8,27.057963388490933,191.8244182219455,141.29868357498617,90.20265278128966,186.45752164547667,104.83342818313126,84.90158265588869,62.11040001727565,87.34260666393271,0.0,0.0,0.0,0.0
2026-09-27,EP152026,0,2026-10-04 06:00:00,7 days 06:00:00,174,24.07,179.37,979.1,76.8,12.20198687515596,263.3102808197493,166.1597195952074,73.19093136943673,233.95972764675645,103.99492377514608,64.36712971482252,40.80405797312539,86.12919010557096,45.06194649974686,30.58595470664492,21.76768776513451,38.097418210852
2026-09-27,EP152026,0,2026-10-04 12:00:00,7 days 12:00:00,180,24.07,177.38,971.9,84.4,25.06298742105264,253.49377912708587,188.4785793425217,153.00178639152,246.5486844889092,121.9081009823676,85.42652719734542,65.81524942637498,104.19467461457134,54.55322752060874,42.09140938625296,32.795868515128404,48.302143837070616
2026-09-27,EP152026,0,2026-10-04 18:00:00,7 days 18:00:00,186,24.26,175.8,972.9,87.0,31.52653402591902,242.7789279302145,173.33610473967218,150.6932077574055,233.80654987064912,105.88753214961906,73.60887821284628,50.67401634081436,86.87507221711304,49.33729993052534,38.50264585236173,26.92544704550877,43.5865014494828
2026-09-27,EP152026,0,2026-10-05 00:00:00,8 days 00:00:00,192,24.48,174.62,965.8,93.9,4.76891982616997,263.5844485811955,188.9808708156744,164.09714586169036,232.52177611527395,117.86549254350656,84.84159102564722,68.2097537706513,105.34665139693914,63.48631389333404,51.84577126999518,40.94145688831205,56.54306257486616
2026-09-27,EP152026,0,2026-10-05 06:00:00,8 days 06:00:00,198,24.73,173.23,967.9,93.2,31.21353331112353,257.26345539169216,170.9604078713542,138.7656518952511,238.5858427923286,109.12862082292976,79.69650932279289,56.2248717027828,91.53623769812808,61.59483960195209,51.55734586748071,40.60510445519604,55.29767479744572
2026-09-27,EP152026,0,2026-10-05 12:00:00,8 days 12:00:00,204,25.19,172.03,956.0,105.2,24.08279049183725,237.63796531052188,208.04228750439583,130.61583377127494,208.2203234738137,110.23836004485656,82.36112371297119,54.974705780944376,87.26530836799819,58.94510551275161,45.15591952754586,36.18523760643957,52.173860603305016
2026-09-27,EP152026,0,2026-10-05 18:00:00,8 days 18:00:00,210,25.45,170.57,958.0,99.5,12.731486840571163,294.2554996249728,207.9812879065364,166.64551615664732,292.615244887098,161.15337643011435,121.22088158864358,94.5355016015908,141.63061289866891,95.12181499658254,79.46166514071581,62.3692068127599,82.4304459683284
2026-09-27,EP152026,0,2026-10-06 00:00:00,9 days 00:00:00,216,25.83,168.97,967.2,92.3,3.2079003737710856,225.8935704991739,148.45577753628535,123.8353993207298,201.85994937291957,101.28849939751282,68.56031910264966,47.92027327791976,83.90014222185133,54.73799250315585,42.29513114576141,31.95782436361717,46.7422268823277
2026-09-27,EP152026,0,2026-10-06 06:00:00,9 days 06:00:00,222,26.68,167.42,963.4,90.0,15.088687684442434,252.53494540654407,208.65451256769575,127.6710028329111,204.8588605834832,83.69859909639536,66.7706810924148,40.50894977916283,66.3238753593173,43.29123898228194,35.40304317034796,27.6191272398918,36.70563437009272
2026-09-27,EP152026,0,2026-10-06 12:00:00,9 days 12:00:00,228,26.86,166.06,962.0,97.0,47.263066618986734,219.92709471996577,164.84355879434614,115.85552256609358,210.8587587138573,101.98486949022802,76.0652101371322,50.1162722325532,87.37033067738,47.70308517984704,35.88219050780469,26.37633234294984,39.830058645608574
2026-09-27,EP152026,0,2026-10-06 18:00:00,9 days 18:00:00,234,27.74,165.07,962.5,89.8,6.130559902395632,304.1462051843929,214.1499540749753,153.127887816537,218.1647762087731,141.03238310716745,105.64437005625211,75.21852007173408,111.17846511209204,65.89659179019642,54.16642356556012,40.48579962308209,54.93638690449055
2026-09-27,EP152026,0,2026-10-07 00:00:00,10 days 00:00:00,240,28.52,164.12,981.6,70.4,29.14016554512861,156.0827509565274,108.78029758380464,101.0782842654101,134.0602062745923,98.82075957348935,70.48469841080654,55.623218255400985,83.87076399010921,52.88853976598581,44.32742189000132,34.08283480290883,44.49984252049111
2026-09-27,EP152026,0,2026-10-07 06:00:00,10 days 06:00:00,246,29.6,163.77,983.9,73.4,40.332025247904085,209.6517363024525,150.38146705151098,140.59288279026703,189.52469188527903,103.47030295188485,80.56946506593533,61.81911340036038,84.36558188312074,43.02774693400727,35.8752327506528,27.8479742170461,33.50642151309631
2026-09-27,EP152026,0,2026-10-07 12:00:00,10 days 12:00:00,252,30.28,163.7,987.7,54.9,29.69024309952633,222.03285964877028,174.78756220931962,122.42183351874696,174.40267698373464,142.17512253458133,114.73369056440124,77.38524697985315,108.67882358596889,0.0,0.0,0.0,0.0
2026-09-27,EP152026,0,2026-10-07 18:00:00,10 days 18:00:00,258,31.31,164.53,989.3,65.5,0.0,137.5881687026224,172.9166114897796,133.33758536180017,113.47368919086271,98.78202765593188,92.82477128551297,52.44485188379071,65.52847055852851,22.24547754321719,17.803296832525973,9.87076536196269,14.338209670110558
2026-09-27,EP152026,0,2026-10-08 00:00:00,11 days 00:00:00,264,31.89,165.79,987.8,65.9,10.769827797946874,156.80603913305907,196.41407109619297,167.8177078661913,115.6197059396038,109.84219793557604,108.51951289709524,78.63110840506278,76.08827213005426,18.55327631873035,16.272051132218667,12.754076195065077,12.348768977333574
2026-09-27,EP152026,0,2026-10-08 06:00:00,11 days 06:00:00,270,32.46,167.14,989.4,62.6,0.0,234.7694022545844,254.890493402409,179.80067567227434,163.9707003279869,58.14915158156519,62.19100977935831,39.52071985754207,38.51036585981733,0.0,0.0,0.0,0.0
2026-09-27,EP152026,0,2026-10-08 12:00:00,11 days 12:00:00,276,32.03,168.49,989.1,57.9,22.48581447192919,242.1296785006125,230.2111306578736,205.64624979524524,223.49702603992773,98.93523073237156,99.61944026366108,75.71441086328923,80.5740826890542,0.0,0.0,0.0,0.0
2026-09-27,EP152026,0,2026-10-08 18:00:00,11 days 18:00:00,282,31.19,168.89,1000.0,38.9,22.87835703974352,106.89559410369706,95.50398113490454,95.62941138511638,121.04436442640724,0.0,0.0,0.0,0.0,0.0,0.0,0.0,0.0
2026-09-27,EP152026,0,2026-10-09 00:00:00,12 days 00:00:00,288,30.41,169.12,1001.0,33.2,49.30707740575826,0.0,0.0,0.0,0.0,0.0,0.0,0.0,0.0,0.0,0.0,0.0,0.0
2026-09-27,EP152026,0,2026-10-09 06:00:00,12 days 06:00:00,294,29.45,169.28,1001.1,39.1,46.06320335140355,119.81927729476332,84.88874414979968,77.36060664775816,108.10493485164022,0.0,0.0,0.0,0.0,0.0,0.0,0.0,0.0
2026-09-27,EP152026,0,2026-10-09 12:00:00,12 days 12:00:00,300,28.74,168.56,1006.9,30.3,89.45013394109995,0.0,0.0,0.0,0.0,0.0,0.0,0.0,0.0,0.0,0.0,0.0,0.0
2026-09-27,EP152026,0,2026-10-09 18:00:00,12 days 18:00:00,306,28.32,167.6,1003.3,32.5,68.40474167255854,0.0,0.0,0.0,0.0,0.0,0.0,0.0,0.0,0.0,0.0,0.0,0.0
2026-09-27,EP152026,0,2026-10-10 00:00:00,13 days 00:00:00,312,27.59,166.62,1005.0,33.8,121.41208528240026,0.0,0.0,0.0,0.0,0.0,0.0,0.0,0.0,0.0,0.0,0.0,0.0
2026-09-27,EP152026,0,2026-10-10 06:00:00,13 days 06:00:00,318,27.32,165.48,1004.5,33.2,82.24017202341756,0.0,0.0,0.0,0.0,0.0,0.0,0.0,0.0,0.0,0.0,0.0,0.0
2026-09-27,EP152026,0,2026-10-10 12:00:00,13 days 12:00:00,324,26.82,164.03,1004.4,30.7,75.83468255167452,0.0,0.0,0.0,0.0,0.0,0.0,0.0,0.0,0.0,0.0,0.0,0.0
2026-09-27,EP152026,0,2026-10-10 18:00:00,13 days 18:00:00,330,26.56,162.68,1005.8,30.3,118.24827058907324,0.0,0.0,0.0,0.0,0.0,0.0,0.0,0.0,0.0,0.0,0.0,0.0
2026-09-27,EP152026,0,2026-10-11 00:00:00,14 days 00:00:00,336,26.02,161.2,1006.8,30.9,136.2059615137264,0.0,0.0,0.0,0.0,0.0,0.0,0.0,0.0,0.0,0.0,0.0,0.0
2026-09-27,EP152026,0,2026-10-11 06:00:00,14 days 06:00:00,342,25.66,160.01,1004.2,30.6,133.48261016151378,0.0,0.0,0.0,0.0,0.0,0.0,0.0,0.0,0.0,0.0,0.0,0.0
2026-09-27,EP152026,0,2026-10-11 12:00:00,14 days 12:00:00,348,25.05,158.36,1004.6,30.0,115.57664966065848,0.0,0.0,0.0,0.0,0.0,0.0,0.0,0.0,0.0,0.0,0.0,0.0
2026-09-27,EP152026,0,2026-10-11 18:00:00,14 days 18:00:00,354,26.37,156.43,1007.5,25.0,98.81803325650264,0.0,0.0,0.0,0.0,0.0,0.0,0.0,0.0,0.0,0.0,0.0,0.0
2026-09-27,EP162026,0,2026-09-27 00:00:00,0 days 00:00:00,0,20.8,-123.6,975.0,76.0,28.0,167.0,167.0,148.0,185.0,93.0,74.0,74.0,93.0,65.0,46.0,37.0,56.0
2026-09-27,EP162026,0,2026-09-27 06:00:00,0 days 06:00:00,6,21.58,-123.36,990.3,60.4,22.571267598108648,190.7627330896815,137.99755792298663,87.02735309842464,160.37221146559148,65.72247077583803,50.57469890142619,29.86479195751905,46.91946304322064,0.0,0.0,0.0,0.0
2026-09-27,EP162026,0,2026-09-27 12:00:00,0 days 12:00:00,12,21.88,-123.16,995.4,43.9,86.53724493697106,155.06992010261558,131.5421017821486,93.97553759438377,110.47302918949455,0.0,0.0,0.0,0.0,0.0,0.0,0.0,0.0
2026-09-27,EP162026,0,2026-09-27 18:00:00,0 days 18:00:00,18,22.23,-122.98,1002.2,37.7,84.33875658780278,107.49881099238787,123.9209295004522,91.10462073796867,78.20540221268693,0.0,0.0,0.0,0.0,0.0,0.0,0.0,0.0
2026-09-27,EP162026,0,2026-09-28 00:00:00,1 days 00:00:00,24,22.43,-122.98,1000.8,34.7,70.65457119372095,70.65457119372095,13.69021973137868,15.480407048229672,14.57242460537021,0.0,0.0,0.0,0.0,0.0,0.0,0.0,0.0
2026-09-27,EP162026,0,2026-09-28 06:00:00,1 days 06:00:00,30,22.28,-123.0,1003.7,28.4,109.49791940483468,0.0,0.0,0.0,0.0,0.0,0.0,0.0,0.0,0.0,0.0,0.0,0.0
2026-09-27,EP162026,0,2026-09-28 12:00:00,1 days 12:00:00,36,22.58,-122.82,1006.9,23.2,42.20512066862152,0.0,0.0,0.0,0.0,0.0,0.0,0.0,0.0,0.0,0.0,0.0,0.0
2026-09-27,EP162026,0,2026-09-28 18:00:00,1 days 18:00:00,42,22.18,-122.52,1006.0,21.9,55.1086630071737,0.0,0.0,0.0,0.0,0.0,0.0,0.0,0.0,0.0,0.0,0.0,0.0
2026-09-27,EP162026,0,2026-09-29 00:00:00,2 days 00:00:00,48,21.62,-122.38,1004.3,21.9,105.65221143271842,0.0,0.0,0.0,0.0,0.0,0.0,0.0,0.0,0.0,0.0,0.0,0.0
2026-09-27,EP162026,0,2026-09-29 06:00:00,2 days 06:00:00,54,21.09,-122.44,1008.1,19.3,99.80687801592512,0.0,0.0,0.0,0.0,0.0,0.0,0.0,0.0,0.0,0.0,0.0,0.0
2026-09-27,EP162026,0,2026-09-29 12:00:00,2 days 12:00:00,60,20.87,-122.46,1007.4,20.3,110.27095722629116,0.0,0.0,0.0,0.0,0.0,0.0,0.0,0.0,0.0,0.0,0.0,0.0
2026-09-27,EP162026,0,2026-09-29 18:00:00,2 days 18:00:00,66,20.64,-122.51,1006.9,20.4,89.91976996089522,0.0,0.0,0.0,0.0,0.0,0.0,0.0,0.0,0.0,0.0,0.0,0.0
2026-09-27,EP162026,0,2026-09-30 00:00:00,3 days 00:00:00,72,19.97,-123.23,1008.6,17.3,77.8964187056211,0.0,0.0,0.0,0.0,0.0,0.0,0.0,0.0,0.0,0.0,0.0,0.0
2026-09-27,EP162026,0,2026-09-30 06:00:00,3 days 06:00:00,78,19.47,-123.6,1005.5,23.0,149.82969886995895,0.0,0.0,0.0,0.0,0.0,0.0,0.0,0.0,0.0,0.0,0.0,0.0
2026-09-27,EP162026,0,2026-09-30 12:00:00,3 days 12:00:00,84,19.27,-124.87,1006.4,18.5,106.6118605476404,0.0,0.0,0.0,0.0,0.0,0.0,0.0,0.0,0.0,0.0,0.0,0.0
2026-09-27,EP162026,0,2026-09-30 18:00:00,3 days 18:00:00,90,15.77,-125.79,1004.2,20.1,71.97342060953547,0.0,0.0,0.0,0.0,0.0,0.0,0.0,0.0,0.0,0.0,0.0,0.0
2026-09-27,EP172026,0,2026-09-27 00:00:00,0 days 00:00:00,0,19.0,-112.9,946.0,111.0,28.0,259.0,185.0,167.0,185.0,111.0,111.0,93.0,93.0,65.0,65.0,46.0,56.0
2026-09-27,EP172026,0,2026-09-27 06:00:00,0 days 06:00:00,6,19.71,-113.35,942.6,113.8,28.483821142232344,185.3934860026044,195.125187052875,116.11997131257242,138.32516559721165,72.44592336049438,66.67939250230619,49.23171389549298,54.12895042319953,44.067931939750736,40.18927114358726,32.151062046771216,37.41589532356458
2026-09-27,EP172026,0,2026-09-27 12:00:00,0 days 12:00:00,12,20.79,-113.89,946.7,114.9,23.46510826162941,212.05448242765365,237.2967721213718,180.75861093777667,169.99459557402912,106.70072798446762,97.72851278179124,72.13352506956232,81.1955897132082,59.61119979779213,51.916498284193736,39.362598068366495,51.202471724291534
2026-09-27,EP172026,0,2026-09-27 18:00:00,0 days 18:00:00,18,21.66,-114.06,943.7,116.9,10.20001123295134,187.4655712080776,219.78846769928495,169.76276325654214,146.98500347674428,100.3972558645122,92.46385273485951,62.08707338951331,67.0340378601827,59.73716336925014,53.78236991029587,41.12302839591044,47.89508155207625
2026-09-27,EP172026,0,2026-09-28 00:00:00,1 days 00:00:00,24,22.72,-114.07,942.8,121.1,25.76033334679209,211.7160578748976,239.150080065636,124.92447395056163,116.90822629356605,107.9238179957744,112.38377407708856,66.25284215842157,68.83930872175712,61.81860479050998,59.77190468239297,45.14265097340784,49.009196032406265
2026-09-27,EP172026,0,2026-09-28 06:00:00,1 days 06:00:00,30,23.42,-113.87,952.2,112.1,26.935078607158687,170.3209520673547,194.78041196589788,114.13473155448855,105.95577157163676,81.39451371792768,84.20366658373598,52.73927558782936,57.31065478914661,57.871215537184696,52.16403536731764,39.80289981847716,48.30722274484651
2026-09-27,EP172026,0,2026-09-28 12:00:00,1 days 12:00:00,36,24.64,-113.55,947.1,107.7,28.949064531336816,170.64604657017014,214.00378180893136,178.37983503263666,113.41935013470032,66.10338228502543,85.58277306726086,63.502322283695136,41.01367414649289,31.11841852296955,34.422101637085376,28.848033276563648,24.438433154042187
2026-09-27,EP172026,0,2026-09-28 18:00:00,1 days 18:00:00,42,25.52,-113.0,953.9,109.1,14.4753572300707,207.9208410187863,230.07488075787688,176.38806398796658,158.88630276245814,100.56811597580004,95.84919069282174,63.98573952223555,66.1495928976372,51.3384154631667,46.28358271900203,38.26701001605478,42.084461626999655
2026-09-27,EP172026,0,2026-09-29 00:00:00,2 days 00:00:00,48,26.36,-112.37,976.9,77.8,25.303803239054098,185.2831690319811,202.9566816029725,138.9851275697664,121.1364208783616,74.21828785434971,87.24440979609139,64.77018294178089,55.2863063697201,46.17908519901991,49.49066896910362,37.12513729694837,38.03864504407083
2026-09-27,EP172026,0,2026-09-29 06:00:00,2 days 06:00:00,54,27.69,-111.35,987.4,65.5,35.88992559605492,104.69391972546856,150.09307860973232,77.76441913567704,53.26751897632303,66.92787911349912,76.55191625605127,43.98766609828331,41.89681305635831,0.0,35.88992559605492,0.0,0.0
2026-09-27,EP172026,0,2026-09-29 12:00:00,2 days 12:00:00,60,29.61,-110.17,995.7,47.6,53.41826508065304,10.733692214467077,53.41826508065304,31.25276638157904,0.0,0.0,0.0,0.0,0.0,0.0,0.0,0.0,0.0
2026-09-27,EP902026,0,2026-09-27 00:00:00,0 days 00:00:00,0,12.0,-98.6,1008.0,25.0,111.0,0.0,0.0,0.0,0.0,0.0,0.0,0.0,0.0,0.0,0.0,0.0,0.0
2026-09-27,EP902026,0,2026-09-27 06:00:00,0 days 06:00:00,6,12.25,-98.52,1007.1,27.0,60.51581450972162,0.0,0.0,0.0,0.0,0.0,0.0,0.0,0.0,0.0,0.0,0.0,0.0
2026-09-27,EP902026,0,2026-09-27 12:00:00,0 days 12:00:00,12,12.23,-98.37,1004.5,33.3,143.527459886594,0.0,0.0,0.0,0.0,0.0,0.0,0.0,0.0,0.0,0.0,0.0,0.0
2026-09-27,EP902026,0,2026-09-27 18:00:00,0 days 18:00:00,18,12.57,-98.48,1002.8,38.2,121.1238672233201,50.89237406212469,121.1238672233201,13.466407839514131,13.911757581014662,0.0,0.0,0.0,0.0,0.0,0.0,0.0,0.0
2026-09-27,EP902026,0,2026-09-28 00:00:00,1 days 00:00:00,24,12.53,-99.04,1003.0,33.7,80.53513527958516,0.0,0.0,0.0,0.0,0.0,0.0,0.0,0.0,0.0,0.0,0.0,0.0
2026-09-27,EP902026,0,2026-09-28 06:00:00,1 days 06:00:00,30,12.87,-99.51,1002.4,41.6,82.0869839630694,102.08111425731306,86.24630741153914,47.49164497445212,73.93171898785948,0.0,0.0,0.0,0.0,0.0,0.0,0.0,0.0
2026-09-27,EP902026,0,2026-09-28 12:00:00,1 days 12:00:00,36,12.91,-100.4,998.4,48.2,71.53160612965416,272.34570581660046,215.5534720572541,184.70923285886877,239.07790061115705,0.0,0.0,0.0,0.0,0.0,0.0,0.0,0.0
2026-09-27,EP902026,0,2026-09-28 18:00:00,1 days 18:00:00,42,13.39,-101.62,1000.5,46.2,60.88213184298411,134.54922576474985,110.42675755153071,67.61963192198004,95.5719065163214,0.0,0.0,0.0,0.0,0.0,0.0,0.0,0.0
2026-09-27,EP902026,0,2026-09-29 00:00:00,2 days 00:00:00,48,13.94,-102.27,998.2,46.8,119.18233776633384,166.05122780115062,153.34073550877247,92.09710252371087,115.70039070539724,0.0,0.0,0.0,0.0,0.0,0.0,0.0,0.0
2026-09-27,EP902026,0,2026-09-29 06:00:00,2 days 06:00:00,54,14.32,-103.14,995.1,48.2,59.22021166228585,172.59783495503797,143.32790115741514,93.6147079596521,135.6033388734669,0.0,0.0,0.0,0.0,0.0,0.0,0.0,0.0
2026-09-27,EP902026,0,2026-09-29 12:00:00,2 days 12:00:00,60,14.47,-104.02,995.4,52.1,65.02023299883241,220.66861101133875,214.4621340571327,134.4048632259961,172.04984892361463,65.02023299883241,28.376319901565505,14.519234106912744,24.6388695907685,0.0,0.0,0.0,0.0
2026-09-27,EP902026,0,2026-09-29 18:00:00,2 days 18:00:00,66,15.15,-105.08,994.6,54.1,36.19270277510361,188.9669611318957,179.12734237519862,120.64236053439072,157.49431554184548,73.43505318652569,59.81163436011707,37.356235706353175,56.32210844201313,0.0,0.0,0.0,0.0
2026-09-27,EP902026,0,2026-09-30 00:00:00,3 days 00:00:00,72,15.45,-106.02,988.1,60.8,25.080237522728822,159.24806368400243,187.32398637655476,132.0363095639316,126.6093851216694,95.27551808842962,85.64718000088418,52.02125578303812,67.93614747246465,0.0,0.0,0.0,0.0
2026-09-27,EP902026,0,2026-09-30 06:00:00,3 days 06:00:00,78,16.17,-106.79,985.2,60.9,43.10638751679228,267.7374176495556,256.7986708918533,154.62120672015828,195.9082775704653,60.30603474335552,50.60177115562837,25.240449377093874,38.39408327438286,0.0,0.0,0.0,0.0
2026-09-27,EP902026,0,2026-09-30 12:00:00,3 days 12:00:00,84,16.62,-107.58,978.6,76.5,34.19893257865055,173.58773546120966,195.72455886826512,157.08390394259268,149.45278955042875,84.27447379262293,77.67934027259352,58.09202062021356,68.2791332008095,44.41497497067301,39.44848336209522,31.55411637876988,36.87765202919117
2026-09-27,EP902026,0,2026-09-30 18:00:00,3 days 18:00:00,90,17.19,-107.9,966.9,83.8,36.01753274236938,190.51418650623827,201.6731357602307,161.4944831858079,171.36499620160657,111.70658289234234,102.31665814568623,84.77184292604409,99.9945754687452,63.74462758753975,56.55306951877702,45.031656144071405,54.79663148028271
2026-09-27,EP902026,0,2026-10-01 00:00:00,4 days 00:00:00,96,17.59,-108.38,980.0,73.4,34.59376300513398,228.41020726582232,256.0635077411201,206.36893154017253,201.4217028935431,111.02506246017396,99.15791603404465,72.16236750352323,92.10619290709693,52.834699551962686,44.373360843904926,36.064841046320616,44.00916902913798
2026-09-27,EP902026,0,2026-10-01 06:00:00,4 days 06:00:00,102,17.98,-108.67,976.2,74.3,34.247263030298626,232.46502826703312,295.7387301236544,198.47464916411968,180.38606096493183,110.88730573712915,103.43444462006292,80.50542596019943,86.97621724973419,46.0110699761288,36.211562363991504,29.616091241010366,34.73980426455935
2026-09-27,EP902026,0,2026-10-01 12:00:00,4 days 12:00:00,108,18.38,-108.75,978.3,69.9,26.000634974519667,157.93804638710787,176.18226583357904,129.2628027385452,129.45135634046358,69.58527058102344,64.86580153271828,48.86629696899404,49.28303108865683,28.466641957361773,25.863483303581877,20.2569952930683,22.5132407869809
2026-09-27,EP902026,0,2026-10-01 18:00:00,4 days 18:00:00,114,18.35,-108.83,976.0,68.0,40.85074737988393,166.37723296286651,197.38133261371604,159.66301867495372,137.7396755526575,90.8029729990102,82.68855550757905,63.84524472673715,72.42884468367782,40.85074737988393,34.38657472994913,28.29727691344077,33.424933639184246
2026-09-27,EP902026,0,2026-10-02 00:00:00,5 days 00:00:00,120,18.89,-109.04,985.8,60.0,33.5344557577705,164.4323738528783,193.0783161232539,134.73698511075054,136.34924808521282,102.95198627392529,90.25508978135804,59.07952937264554,77.88741574646974,0.0,0.0,0.0,0.0
2026-09-27,EP902026,0,2026-10-02 06:00:00,5 days 06:00:00,126,18.92,-109.04,989.9,57.6,53.12744561219707,165.7778298694765,185.8842288377951,132.96143926678448,119.38801296420904,65.2785947040578,56.86351824635639,36.228734172166064,45.44429599467682,0.0,0.0,0.0,0.0
2026-09-27,EP902026,0,2026-10-02 12:00:00,5 days 12:00:00,132,19.14,-109.22,988.7,56.5,19.72840704278848,233.1511629034789,242.425783329446,155.60090142153297,194.19222458128684,47.97489607848047,40.22070488519755,19.445135063409506,27.885134095614696,0.0,0.0,0.0,0.0
2026-09-27,EP902026,0,2026-10-02 18:00:00,5 days 18:00:00,138,19.38,-109.27,984.5,60.3,44.10200259679927,130.2050851432378,157.35258379882745,119.63346584145806,116.41343084056216,89.46694464939011,80.66808412159669,55.15190239098345,68.49938888613477,0.0,0.0,0.0,0.0
2026-09-27,EP902026,0,2026-10-03 00:00:00,6 days 00:00:00,144,19.34,-109.65,986.3,55.2,41.38230620608723,140.5440158631862,166.91679796617117,140.76084911523628,142.1231610838096,82.23500488928369,74.93326444864347,53.7045737316733,66.55614187257015,0.0,0.0,0.0,0.0
2026-09-27,EP902026,0,2026-10-03 06:00:00,6 days 06:00:00,150,19.31,-109.63,983.6,65.6,37.55150907964845,109.3894939371503,104.36940100186104,94.92281785222336,107.23537768149254,69.49587640547193,59.42782353398653,46.38054104260516,54.97901060231864,37.55150907964845,10.91845772320736,7.966607068169041,10.929937546273171
2026-09-27,EP902026,0,2026-10-03 12:00:00,6 days 12:00:00,156,19.42,-109.42,983.7,67.9,35.99563303257032,130.373969799825,154.78037719767963,136.9617000220461,132.19234580718916,77.81371304284889,71.05753626521336,55.06172249335489,61.94702459742664,35.99563303257032,5.87348603658298,2.7511408352512805,4.905206200807378
2026-09-27,EP902026,0,2026-10-03 18:00:00,6 days 18:00:00,162,19.57,-109.48,979.8,70.9,45.28425415696739,166.2636506330917,198.0458122281116,152.9171252556009,169.09907294021434,93.46911501810266,83.9943790846928,64.49444892417827,74.46343700586507,45.28425415696739,23.94571026207789,17.670909929806452,21.99706774556752
2026-09-27,EP902026,0,2026-10-04 00:00:00,7 days 00:00:00,168,19.61,-109.61,977.0,73.0,7.374565314149038,153.38147475742016,185.68026767263652,160.08499069686695,173.31716626230673,84.5120990768637,82.2594188994932,65.47078316483328,71.91103852841138,33.966992123135526,31.025865990979867,26.8497534566466,28.89642006239839
2026-09-27,EP902026,0,2026-10-04 06:00:00,7 days 06:00:00,174,19.49,-109.45,976.2,73.9,29.122268718803756,106.31457124043165,106.68012032421576,117.18864148915054,96.9963792611602,69.16614315707943,66.96495381847126,54.657298734925234,60.0083471172984,29.122268718803756,11.850842162379196,11.289303732677467,12.487896509468158
2026-09-27,EP902026,0,2026-10-04 12:00:00,7 days 12:00:00,180,19.35,-109.52,981.2,68.8,14.052645601918174,124.29095058479167,151.20252919912735,141.9895083249267,134.93148487696857,70.82584810836872,69.23063224792129,55.60106000637376,56.30906866815617,24.5913253976308,23.53510634534637,21.685752338323383,20.830862371754645
2026-09-27,EP902026,0,2026-10-04 18:00:00,7 days 18:00:00,186,18.76,-109.59,986.6,63.9,25.711305601137465,141.8810633339243,128.18110896975236,131.32799354614036,143.7819549096477,91.62609139236896,84.62867543572506,67.89811474044447,80.95907986797343,0.0,0.0,0.0,0.0
2026-09-27,EP902026,0,2026-10-05 00:00:00,8 days 00:00:00,192,18.64,-109.82,985.0,61.6,35.702262384906945,163.86750373343142,153.0882524905605,111.44775938529622,143.3849608240391,74.560541769087,65.31984255250538,50.64379033758269,59.45305375675696,0.0,0.0,0.0,0.0
2026-09-27,EP902026,0,2026-10-05 06:00:00,8 days 06:00:00,198,18.36,-109.89,990.7,46.7,42.3212689144672,115.20708231024544,126.90489679063076,160.25998399585313,160.94738223941425,0.0,0.0,0.0,0.0,0.0,0.0,0.0,0.0
2026-09-27,EP902026,0,2026-10-05 12:00:00,8 days 12:00:00,204,18.31,-109.89,990.7,51.4,60.35760149058177,159.01748645926932,162.92018877511367,151.8271725748197,158.3187380429859,60.35760149058177,16.163715760736302,10.463728729073324,10.99481678726812,0.0,0.0,0.0,0.0
2026-09-27,EP902026,0,2026-10-05 18:00:00,8 days 18:00:00,210,18.09,-110.23,989.5,54.5,60.30411758476791,120.0945505895226,115.08489674258018,155.6239071477346,156.45244824567413,93.39141456319769,88.17329542577569,77.11050561997995,87.72048214140361,0.0,0.0,0.0,0.0
2026-09-27,EP902026,0,2026-10-06 00:00:00,9 days 00:00:00,216,18.31,-110.77,991.6,48.1,58.4800699193565,181.14092897644403,176.82161193346397,158.96086497558645,160.00442940372216,0.0,0.0,0.0,0.0,0.0,0.0,0.0,0.0
2026-09-27,EP902026,0,2026-10-06 06:00:00,9 days 06:00:00,222,18.63,-111.31,997.1,50.5,54.02025283753608,130.2828973760233,135.15398956722387,102.82582657616076,100.5959796626314,3.6705988080369343,4.496485935578624,54.02025283753608,2.6400427351530613,0.0,0.0,0.0,0.0
2026-09-27,EP902026,0,2026-10-06 12:00:00,9 days 12:00:00,228,18.71,-111.92,992.6,51.9,74.62861885222443,222.09857934432227,203.08948425568565,157.2310248156571,187.90065881830697,74.62861885222443,18.26380439168376,11.305763878820322,17.79780678390346,0.0,0.0,0.0,0.0
2026-09-27,EP902026,0,2026-10-06 18:00:00,9 days 18:00:00,234,19.03,-112.44,995.0,48.3,94.65008063541828,178.92224681537954,162.41068545294175,126.3980429126417,133.82034533262862,0.0,0.0,0.0,0.0,0.0,0.0,0.0,0.0
2026-09-27,EP902026,0,2026-10-07 00:00:00,10 days 00:00:00,240,19.31,-112.92,995.0,48.5,82.38079773369071,166.80604133546075,146.38948451123304,114.70294847395192,147.0657129316644,0.0,0.0,0.0,0.0,0.0,0.0,0.0,0.0
2026-09-27,EP902026,0,2026-10-07 06:00:00,10 days 06:00:00,246,19.66,-113.95,990.3,54.8,43.08791048577901,185.2411919114943,140.96178922880358,95.04295054058096,146.8313079303196,43.08791048577901,30.778851774394955,16.87245286106425,28.539774237236404,0.0,0.0,0.0,0.0
2026-09-27,EP902026,0,2026-10-07 12:00:00,10 days 12:00:00,252,20.01,-114.72,998.1,42.1,92.30655384735896,92.30655384735896,45.028235281172485,31.043444680225832,54.40028351040745,0.0,0.0,0.0,0.0,0.0,0.0,0.0,0.0
2026-09-27,EP902026,0,2026-10-07 18:00:00,10 days 18:00:00,258,20.27,-115.64,993.8,48.1,81.58964626640602,149.17908889741986,126.71524906563296,91.923766077782,116.002845522079,0.0,0.0,0.0,0.0,0.0,0.0,0.0,0.0
2026-09-27,EP902026,0,2026-10-08 00:00:00,11 days 00:00:00,264,20.47,-116.4,998.0,44.0,36.480194650168045,102.2989412468205,80.03213633022415,75.43283773995279,92.3797854690876,0.0,0.0,0.0,0.0,0.0,0.0,0.0,0.0
2026-09-27,EP902026,0,2026-10-08 06:00:00,11 days 06:00:00,270,20.47,-117.41,993.4,53.3,41.87854565681718,174.23360026446284,146.61514508917423,112.91890595798225,124.07228860920048,41.87854565681718,8.13820316020886,3.018164214054309,8.303729459595374,0.0,0.0,0.0,0.0
2026-09-27,EP902026,0,2026-10-08 12:00:00,11 days 12:00:00,276,20.62,-118.18,997.4,53.3,26.5726062456527,166.28588881232614,120.77941298616544,77.73236658510825,136.59606966753995,35.40668714497737,22.957622980569013,11.879623233635144,26.80608751049062,0.0,0.0,0.0,0.0
2026-09-27,EP902026,0,2026-10-08 18:00:00,11 days 18:00:00,282,20.64,-118.68,996.4,45.4,31.392765937641254,98.64240658340916,63.55290414654877,34.803343215322776,77.5426115734853,0.0,0.0,0.0,0.0,0.0,0.0,0.0,0.0
2026-09-27,EP902026,0,2026-10-09 00:00:00,12 days 00:00:00,288,20.54,-119.15,992.9,50.0,41.96208906200245,193.36593086996743,153.64500048385304,115.81014046782347,178.28738201800593,56.81815414002428,43.80064052705619,25.51270995349171,42.308278882943455,0.0,0.0,0.0,0.0
2026-09-27,EP902026,0,2026-10-09 06:00:00,12 days 06:00:00,294,20.56,-119.42,989.8,59.9,27.533907899190808,126.68074493872864,118.52057675032584,85.07646842270927,111.23089498057666,82.75002355815309,67.55921708060134,44.69136383911159,64.3447238124009,0.0,0.0,0.0,0.0
2026-09-27,EP902026,0,2026-10-09 12:00:00,12 days 12:00:00,300,20.38,-120.14,993.0,53.1,43.20507867545845,200.99498748951515,155.45392509252906,131.5578062110992,169.89172971622105,43.20507867545845,10.33366601879007,9.206303249693384,12.161951913197132,0.0,0.0,0.0,0.0
2026-09-27,EP902026,0,2026-10-09 18:00:00,12 days 18:00:00,306,20.44,-120.34,994.0,54.2,58.88022101300876,120.1648965402052,110.38658918655986,78.59881753460803,110.08476357335412,58.88022101300876,29.78112235465324,17.548316010621964,27.93172754619483,0.0,0.0,0.0,0.0
2026-09-27,EP902026,0,2026-10-10 00:00:00,13 days 00:00:00,312,20.48,-120.23,997.4,46.7,59.91135891587297,189.30972634380805,187.6267480398569,163.49309417594492,178.09983817767267,0.0,0.0,0.0,0.0,0.0,0.0,0.0,0.0
2026-09-27,EP902026,0,2026-10-10 06:00:00,13 days 06:00:00,318,20.94,-120.52,990.0,50.1,59.74329636577289,229.84391074101472,206.49427106857888,151.21691165689947,202.4112511338376,59.74329636577289,27.27869382531786,15.55180021940246,23.317054657160725,0.0,0.0,0.0,0.0
2026-09-27,EP902026,0,2026-10-10 12:00:00,13 days 12:00:00,324,21.47,-120.73,998.4,44.9,62.03579534116184,168.05628771282,182.57515870741383,108.41847561248176,120.99173120925012,0.0,0.0,0.0,0.0,0.0,0.0,0.0,0.0
2026-09-27,EP902026,0,2026-10-10 18:00:00,13 days 18:00:00,330,21.92,-121.14,991.1,54.1,41.09285786239491,218.4860212045503,213.4219582713852,135.05484472991145,156.03682977705444,54.57765254552322,43.31558403196573,24.24008273362153,37.0741327213596,0.0,0.0,0.0,0.0
2026-09-27,EP902026,0,2026-10-11 00:00:00,14 days 00:00:00,336,22.66,-121.5,992.8,51.9,124.56511089293672,196.25622372937747,195.15917739139127,111.35358022303365,125.49397294190906,124.56511089293672,11.542800512565703,6.542643586055431,6.82041730976617,0.0,0.0,0.0,0.0
2026-09-27,EP902026,0,2026-10-11 06:00:00,14 days 06:00:00,342,23.24,-121.82,989.5,57.9,78.38518526078596,186.45265462118783,173.66944501331818,107.00544891607392,154.5025974436869,89.38972805312284,74.64271187640406,49.98540287693116,68.68709751643502,0.0,0.0,0.0,0.0
2026-09-27,EP902026,0,2026-10-11 12:00:00,14 days 12:00:00,348,23.88,-122.2,993.3,52.5,76.7815885063317,180.2315471518128,175.00173408286372,120.54098496309427,131.8278937793441,76.7815885063317,58.64757656476539,37.471762143803886,48.60311564222851,0.0,0.0,0.0,0.0
2026-09-27,EP902026,0,2026-10-11 18:00:00,14 days 18:00:00,354,24.45,-122.51,993.2,52.4,76.64529513238159,204.0656867493998,214.24928712881388,138.57864962870224,149.0135523806087,76.64529513238159,42.06234717314602,25.44247814744662,32.10607347619808,0.0,0.0,0.0,0.0
2026-09-27,EP902026,0,2026-10-12 00:00:00,15 days 00:00:00,360,25.15,-122.84,993.7,50.7,55.33352956816356,203.31657368120625,171.00643927411227,119.49379132131324,151.4066879323049,55.33352956816356,20.00906249733024,8.336412237960696,16.989438930384,0.0,0.0,0.0,0.0
2026-09-27,WP252026,0,2026-09-27 00:00:00,0 days 00:00:00,0,24.6,127.6,964.0,89.0,22.0,102.0,121.0,102.0,93.0,,,,,,,,
2026-09-27,WP252026,0,2026-09-27 06:00:00,0 days 06:00:00,6,25.34,128.13,936.8,129.4,0.2094225978637318,72.87108448522618,143.03422693826465,100.57298573691958,49.94205094511534,57.36903214129144,76.18706415938891,62.0463186322564,49.94205094511534,37.01874471962589,37.83368301152926,33.49149760631465,32.47519458740368
2026-09-27,WP252026,0,2026-09-27 12:00:00,0 days 12:00:00,12,25.88,128.98,945.0,114.0,22.61266035185473,92.13654483212788,171.02074518458662,145.29623349054964,82.94815648567139,49.19558998779244,65.90241047283503,54.21736805949444,38.26571510205722,37.28469474196113,38.40806087600303,36.60189011967695,33.19075643672136
2026-09-27,WP252026,0,2026-09-27 18:00:00,0 days 18:00:00,18,26.71,129.68,977.2,81.8,22.251438440343875,77.36186155106066,145.85330213472866,104.91534748805078,84.11470461935775,51.71314159680755,65.98945503288371,45.82578294548712,39.092623809911785,35.45592112492128,33.8340401817092,27.249006074234977,27.369153191370877
2026-09-27,WP252026,0,2026-09-28 00:00:00,1 days 00:00:00,24,26.89,130.89,977.4,73.1,22.708174981369616,107.48236628760657,163.09695142554332,130.318003818982,79.33952893878968,53.076640529502725,62.79035932330159,42.46803687382653,33.78809855069572,25.318924570847543,27.558770191319816,22.26717532921788,20.05091662503811
2026-09-27,WP252026,0,2026-09-28 06:00:00,1 days 06:00:00,30,27.47,131.56,984.2,61.5,18.582387607428245,131.08535959485744,184.6024052046996,106.61257906272658,73.93907638041128,51.42268202602281,57.091544440816506,33.75319130231219,35.81942989603704,0.0,0.0,0.0,0.0
2026-09-27,WP252026,0,2026-09-28 12:00:00,1 days 12:00:00,36,28.33,132.7,992.2,52.5,31.128485462604484,147.67209118456395,196.606077561398,135.87711600738447,113.247958843449,16.373744837948948,31.128485462604484,12.240791459663525,11.93292324194822,0.0,0.0,0.0,0.0
2026-09-27,WP252026,0,2026-09-28 18:00:00,1 days 18:00:00,42,29.02,133.56,988.2,57.3,18.091248012964183,104.74001002752112,126.06399087818252,72.40916193976695,75.27296509226346,33.5868807955076,28.86464980539028,17.852840445565626,20.379359729981417,0.0,0.0,0.0,0.0
2026-09-27,WP252026,0,2026-09-29 00:00:00,2 days 00:00:00,48,29.73,134.34,990.3,47.1,47.90800459435934,141.78734973906398,156.07545105324834,106.98097585515347,110.49738783042744,0.0,0.0,0.0,0.0,0.0,0.0,0.0,0.0
2026-09-27,WP252026,0,2026-09-29 06:00:00,2 days 06:00:00,54,30.61,135.94,996.0,43.6,76.64726110065058,162.2128084121387,212.8580215377998,162.0637957593765,128.9024752890361,0.0,0.0,0.0,0.0,0.0,0.0,0.0,0.0
2026-09-27,WP252026,0,2026-09-29 12:00:00,2 days 12:00:00,60,31.22,137.6,997.4,45.0,112.43566053897582,81.90237813572243,117.56284037965736,58.96959656953077,39.23641467311015,0.0,0.0,0.0,0.0,0.0,0.0,0.0,0.0
2026-09-27,WP252026,0,2026-09-29 18:00:00,2 days 18:00:00,66,32.02,139.69,996.8,51.2,67.91320010897313,84.56257747598713,115.69278655809526,62.18429610312761,42.82902334633219,6.673353235994874,67.91320010897313,0.0498725890378608,0.0,0.0,0.0,0.0,0.0
2026-09-27,WP252026,0,2026-09-30 00:00:00,3 days 00:00:00,72,32.82,142.13,995.7,48.3,78.53606729263447,146.86763165109917,189.5823128572665,88.06833825827925,68.48019160505646,0.0,0.0,0.0,0.0,0.0,0.0,0.0,0.0
2026-09-27,WP252026,0,2026-09-30 06:00:00,3 days 06:00:00,78,33.6,143.97,994.5,38.4,123.44682420539422,239.9322377760929,296.57396462496683,243.61542601171917,187.38478283719053,0.0,0.0,0.0,0.0,0.0,0.0,0.0,0.0
2026-09-27,WP252026,0,2026-09-30 12:00:00,3 days 12:00:00,84,34.25,145.9,997.6,40.7,74.3719491566535,210.35971073172848,211.49215756646583,177.16622695862043,172.06891107073386,0.0,0.0,0.0,0.0,0.0,0.0,0.0,0.0
2026-09-27,WP252026,0,2026-09-30 18:00:00,3 days 18:00:00,90,35.05,147.26,1000.1,38.1,45.70594587847729,70.69036313053408,88.46455634484678,33.85332943123642,51.5486353960624,0.0,0.0,0.0,0.0,0.0,0.0,0.0,0.0
2026-09-27,WP252026,0,2026-10-01 00:00:00,4 days 00:00:00,96,35.77,148.96,996.7,30.7,90.72157579328086,0.0,0.0,0.0,0.0,0.0,0.0,0.0,0.0,0.0,0.0,0.0,0.0
2026-09-27,WP252026,0,2026-10-01 06:00:00,4 days 06:00:00,102,36.79,150.24,1001.6,31.5,153.07156038025278,0.0,0.0,0.0,0.0,0.0,0.0,0.0,0.0,0.0,0.0,0.0,0.0
2026-09-27,WP252026,0,2026-10-01 12:00:00,4 days 12:00:00,108,37.78,152.36,1001.7,31.4,63.94618792056009,0.0,0.0,0.0,0.0,0.0,0.0,0.0,0.0,0.0,0.0,0.0,0.0
2026-09-27,WP252026,0,2026-10-01 18:00:00,4 days 18:00:00,114,39.58,154.56,1005.6,31.2,96.80213121011823,0.0,0.0,0.0,0.0,0.0,0.0,0.0,0.0,0.0,0.0,0.0,0.0
2026-09-27,WP252026,0,2026-10-02 00:00:00,5 days 00:00:00,120,41.55,158.81,1005.5,27.5,151.8977835996553,0.0,0.0,0.0,0.0,0.0,0.0,0.0,0.0,0.0,0.0,0.0,0.0
2026-09-27,AL062026,1,2026-09-27 00:00:00,0 days 00:00:00,0,29.8,-43.9,1010.0,29.0,56.0,0.0,0.0,0.0,0.0,0.0,0.0,0.0,0.0,0.0,0.0,0.0,0.0
2026-09-27,AL062026,1,2026-09-27 06:00:00,0 days 06:00:00,6,29.65,-43.94,1013.5,21.9,84.26612110276217,0.0,0.0,0.0,0.0,0.0,0.0,0.0,0.0,0.0,0.0,0.0,0.0
2026-09-27,EP152026,1,2026-09-27 00:00:00,0 days 00:00:00,0,16.7,-156.1,972.0,80.0,37.0,241.0,185.0,185.0,241.0,93.0,74.0,93.0,111.0,56.0,46.0,56.0,56.0
2026-09-27,EP152026,1,2026-09-27 06:00:00,0 days 06:00:00,6,16.61,-156.93,970.3,86.8,32.713703553254646,187.56560187154537,141.3043354899304,136.85833758990958,200.1788601911008,78.40365138474434,67.78436514037635,59.40080037866859,76.81469442641453,35.05462281898973,28.340353193787383,25.794049416155044,32.87631965548359
2026-09-27,EP152026,1,2026-09-27 12:00:00,0 days 12:00:00,12,16.48,-157.67,966.0,92.3,25.860244846020684,188.2336593096969,153.60330334822407,180.09409590113626,211.40212953708917,102.62708607541217,92.77795325578612,83.42508553692045,104.0264494329656,59.07689560990551,52.46713265487331,46.60746401511446,54.04832196069318
2026-09-27,EP152026,1,2026-09-27 18:00:00,0 days 18:00:00,18,16.16,-158.57,965.1,97.3,28.43706396999625,167.10168264592735,137.74997864493022,157.56091634005554,198.17664565596385,76.4693967439609,62.39679173387959,58.93652951423004,82.92372595135423,61.00045383417285,51.044169967796975,43.73201153712867,57.14755199937916
2026-09-27,EP152026,1,2026-09-28 00:00:00,1 days 00:00:00,24,16.08,-159.73,966.0,98.3,11.914609151579937,175.1652254286687,141.3762314554744,102.29127727154382,153.1503627729018,108.90463673570514,75.8438631620878,59.8868681205591,94.5355560787655,63.89415740942222,49.73285279151368,38.2170017546392,54.320642469875125
2026-09-27,EP152026,1,2026-09-28 06:00:00,1 days 06:00:00,30,16.47,-160.74,952.0,113.6,21.645738778893985,197.9729648547552,130.07719842006304,135.99647293163093,196.63534761432263,91.810764244251,69.63018232728848,56.72234963398398,91.76136298391066,60.98883345359047,49.56316752957326,40.85038576962239,56.03149430825408
2026-09-27,EP152026,1,2026-09-28 12:00:00,1 days 12:00:00,36,16.78,-161.62,954.8,107.8,18.51471609901768,165.17612626467223,141.66461774580517,119.45792574367717,170.24446621373056,98.60016394080642,72.8263775026022,59.19138888022333,90.8685476733948,56.595305314897885,43.43165751363445,35.285278853388235,51.206353852881264
2026-09-27,EP152026,1,2026-09-28 18:00:00,1 days 18:00:00,42,17.69,-162.45,944.2,123.4,1.716040821890111,210.75575448749825,152.18894353062197,91.72825188875328,139.16058520318984,97.20828841157284,62.90043556767206,40.4453680638586,75.54253778062676,47.17870992203237,35.389660774748506,25.10088409565241,39.44554825141795
2026-09-27,EP152026,1,2026-09-29 00:00:00,2 days 00:00:00,48,18.47,-163.13,958.3,102.1,17.01028993371824,174.9848496147797,167.04551123106103,106.21193519285544,152.67924016052257,101.957430700857,79.387156581834,51.804874484193306,75.24193700551723,51.55386081684128,41.82174277727859,30.00423607960636,42.29225099774294
2026-09-27,EP152026,1,2026-09-29 06:00:00,2 days 06:00:00,54,19.58,-163.59,964.4,97.8,8.030920532553042,212.28825291911187,185.1932359521036,92.87348203357868,164.17603445557995,83.84419838029993,61.27494887313807,39.313548834688106,63.02667644370373,40.80529873643224,32.64924047675633,23.586764593464416,32.316601198885465
2026-09-27,EP152026,1,2026-09-29 12:00:00,2 days 12:00:00,60,20.33,-163.8,973.8,75.2,35.471549385666194,257.7995930121833,197.2852616954509,138.07352513977423,237.0880645711457,109.52258301627066,93.66559042987171,62.80231695681885,91.6105596553062,54.19287197474465,45.78256574885758,34.401635172618555,43.88491184807968
2026-09-27,EP152026,1,2026-09-29 18:00:00,2 days 18:00:00,66,21.09,-164.3,984.4,67.2,63.12410831967551,192.40634876325407,154.60734006488207,134.02818179145294,171.99102457111036,84.86164655149317,74.34655746396422,60.98371512651143,65.56742921871893,63.12410831967551,31.54410967864549,25.186266385473715,27.73032969913377
2026-09-27,EP152026,1,2026-09-30 00:00:00,3 days 00:00:00,72,22.15,-164.11,986.0,59.2,40.95249147105386,189.21967581731496,159.81944575347137,79.86180265311626,143.72678528384117,63.91450175538574,54.56819166964926,31.406942450601218,50.001618252127386,0.0,0.0,0.0,0.0
2026-09-27,EP152026,1,2026-09-30 06:00:00,3 days 06:00:00,78,22.34,-164.35,982.4,60.6,87.23173621312833,282.56398494082407,235.54022194463784,173.38189411175023,235.1773025168196,87.23173621312833,62.78637772749798,39.63056302373245,58.5405790641798,0.0,0.0,0.0,0.0
2026-09-27,EP152026,1,2026-09-30 12:00:00,3 days 12:00:00,84,22.78,-165.22,991.4,51.8,77.90071317573071,246.1371230373184,177.88806483808892,126.12579822977776,218.7652711956624,77.90071317573071,24.24068377078447,15.47291476953288,24.0065207273976,0.0,0.0,0.0,0.0
2026-09-27,EP152026,1,2026-09-30 18:00:00,3 days 18:00:00,90,22.58,-165.59,994.2,47.1,48.89517936723655,261.6041256719209,203.1411676461071,185.99560609381552,228.6384328930956,0.0,0.0,0.0,0.0,0.0,0.0,0.0,0.0
2026-09-27,EP152026,1,2026-10-01 00:00:00,4 days 00:00:00,96,22.53,-166.23,997.7,40.3,86.25289561672429,106.0976894147868,72.37868037547149,65.70281059521521,105.00223381766132,0.0,0.0,0.0,0.0,0.0,0.0,0.0,0.0
2026-09-27,EP152026,1,2026-10-01 06:00:00,4 days 06:00:00,102,22.41,-166.72,1000.7,39.1,128.18100398355764,128.95160534656543,84.00047835596007,77.79716228809532,107.58191129627302,0.0,0.0,0.0,0.0,0.0,0.0,0.0,0.0
2026-09-27,EP152026,1,2026-10-01 12:00:00,4 days 12:00:00,108,22.3,-167.72,999.4,39.1,119.75653565760656,179.8374453336922,124.68715080273188,108.04313781042364,152.3276594307793,0.0,0.0,0.0,0.0,0.0,0.0,0.0,0.0
2026-09-27,EP152026,1,2026-10-01 18:00:00,4 days 18:00:00,114,22.64,-168.9,1001.0,34.1,69.05144311964574,92.85045709587467,26.055075911325545,14.338863230512672,81.44321572640531,0.0,0.0,0.0,0.0,0.0,0.0,0.0,0.0
2026-09-27,EP152026,1,2026-10-02 00:00:00,5 days 00:00:00,120,22.74,-169.57,995.1,39.3,97.21672006763129,16.117899518256763,8.580862534821676,0.0,97.21672006763129,0.0,0.0,0.0,0.0,0.0,0.0,0.0,0.0
2026-09-27,EP152026,1,2026-10-02 06:00:00,5 days 06:00:00,126,22.99,-171.0,995.6,40.2,111.95772167228336,111.95772167228336,58.52029316800488,40.32496530771536,75.84140267287697,0.0,0.0,0.0,0.0,0.0,0.0,0.0,0.0
2026-09-27,EP152026,1,2026-10-02 12:00:00,5 days 12:00:00,132,22.8,-171.59,996.5,49.7,60.5508783125155,106.15802038943146,78.8084934622087,48.53584240153696,105.52584824875014,0.0,0.0,0.0,0.0,0.0,0.0,0.0,0.0
2026-09-27,EP152026,1,2026-10-02 18:00:00,5 days 18:00:00,138,22.42,-172.4,996.4,47.1,89.84420676496916,100.23436079517764,84.3255809993241,66.16411135892898,85.4534856289838,0.0,0.0,0.0,0.0,0.0,0.0,0.0,0.0
2026-09-27,EP152026,1,2026-10-03 00:00:00,6 days 00:00:00,144,22.82,-173.27,997.7,46.7,90.32670789704068,90.32670789704068,21.5979975515192,17.21016895670696,21.7650255458466,0.0,0.0,0.0,0.0,0.0,0.0,0.0,0.0
2026-09-27,EP152026,1,2026-10-03 06:00:00,6 days 06:00:00,150,23.04,-174.51,995.1,45.1,35.30997647541926,210.41862733700668,117.87365039435258,56.25738968794085,167.26575340308722,0.0,0.0,0.0,0.0,0.0,0.0,0.0,0.0
2026-09-27,EP152026,1,2026-10-03 12:00:00,6 days 12:00:00,156,23.35,-176.35,997.8,46.7,42.17057068596224,144.40140522027804,80.81292614164924,53.79188456209472,103.59864479599248,0.0,0.0,0.0,0.0,0.0,0.0,0.0,0.0
2026-09-27,EP152026,1,2026-10-03 18:00:00,6 days 18:00:00,162,23.83,-178.28,994.7,52.3,42.96908786716381,198.2236973856202,127.22419483588315,41.847046777659074,162.43882044410202,42.96908786716381,14.489494914867343,5.193086153402552,23.199026996436785,0.0,0.0,0.0,0.0
2026-09-27,EP152026,1,2026-10-04 00:00:00,7 days 00:00:00,168,23.94,179.62,991.2,54.5,24.69409993277509,153.84440680213083,80.11649103449076,44.27268709321436,133.10212887088778,47.88534189911616,34.945657939578496,22.32065271021179,37.8406408783286,0.0,0.0,0.0,0.0
2026-09-27,EP152026,1,2026-10-04 06:00:00,7 days 06:00:00,174,24.6,177.06,991.8,58.0,21.98739312513368,204.0193493282773,126.13054041655414,72.22207242199318,178.2278696204403,97.5760240060274,69.50592212263598,39.63246098728956,71.6355740058716,0.0,0.0,0.0,0.0
2026-09-27,EP152026,1,2026-10-04 12:00:00,7 days 12:00:00,180,25.32,175.23,990.6,61.2,34.917918347643024,194.63886759273072,124.43645474021572,59.42606633444912,150.0452980642712,53.36266585006034,39.65696508455687,23.92968986546421,34.05420076688203,0.0,0.0,0.0,0.0
2026-09-27,EP152026,1,2026-10-04 18:00:00,7 days 18:00:00,186,26.26,173.16,986.2,67.1,0.0,166.02098592342347,120.08953228081168,70.13549075490828,116.15834056382936,88.9747046703854,64.1709270634819,40.07513339165742,62.045033755934085,9.31315245718328,3.484328277663684,0.6610404074860434,7.025439614138675
2026-09-27,EP152026,1,2026-10-05 00:00:00,8 days 00:00:00,192,27.61,171.57,979.7,68.7,24.308676245925675,186.400054381184,147.1042431813391,100.84229626742297,142.40284265901582,85.18418031989327,62.769648453925896,40.78042453449165,59.69085796802968,24.308676245925675,7.992463277585745,3.342888262831589,9.211117240906624
2026-09-27,EP152026,1,2026-10-05 06:00:00,8 days 06:00:00,198,29.45,170.25,984.1,60.5,29.31288850601869,199.3928173434456,183.5170223747328,78.87803774320356,125.43681500457684,76.86502814324206,62.32081874595756,36.95278535543605,52.91760104634744,0.0,0.0,0.0,0.0
2026-09-27,EP152026,1,2026-10-05 12:00:00,8 days 12:00:00,204,31.32,169.48,987.8,55.6,34.218062557701984,183.6171364759299,161.46364852871514,103.31202479797952,144.94498810076456,105.34735448832572,89.63880027911443,55.931242199843375,74.80233746554586,0.0,0.0,0.0,0.0
2026-09-27,EP152026,1,2026-10-05 18:00:00,8 days 18:00:00,210,34.22,168.82,994.0,45.0,64.67858994628287,153.6566156649709,157.6806382427843,117.6892966515038,111.82758924932516,0.0,0.0,0.0,0.0,0.0,0.0,0.0,0.0
2026-09-27,EP152026,1,2026-10-06 00:00:00,9 days 00:00:00,216,37.22,169.13,993.3,44.9,39.96154710724508,128.81820772144675,174.65617380969513,82.00566527903686,68.16428998022303,0.0,0.0,0.0,0.0,0.0,0.0,0.0,0.0
2026-09-27,EP152026,1,2026-10-06 06:00:00,9 days 06:00:00,222,39.99,170.26,998.9,34.3,97.9810275248712,114.43689774669232,159.45740052494492,130.58162761541095,61.90938932513663,0.0,0.0,0.0,0.0,0.0,0.0,0.0,0.0
2026-09-27,EP152026,1,2026-10-06 12:00:00,9 days 12:00:00,228,42.36,172.19,989.0,39.0,97.07783620682838,105.31031221497554,129.45413532087022,63.45803190143296,76.23615927940187,0.0,0.0,0.0,0.0,0.0,0.0,0.0,0.0
2026-09-27,EP162026,1,2026-09-27 00:00:00,0 days 00:00:00,0,20.8,-123.6,975.0,76.0,28.0,167.0,167.0,148.0,185.0,93.0,74.0,74.0,93.0,65.0,46.0,37.0,56.0
2026-09-27,EP162026,1,2026-09-27 06:00:00,0 days 06:00:00,6,21.13,-123.53,991.0,57.1,29.98957119643773,133.4008459335455,150.03761691357718,88.64437267890408,130.5046860347437,73.46565658772354,57.8816814422853,36.64122367796597,63.54236169653348,0.0,0.0,0.0,0.0
2026-09-27,EP162026,1,2026-09-27 12:00:00,0 days 12:00:00,12,21.98,-123.27,993.5,46.8,109.82119413960032,176.71196204801595,176.5414516773809,146.2030514101997,131.71001496311578,0.0,0.0,0.0,0.0,0.0,0.0,0.0,0.0
2026-09-27,EP162026,1,2026-09-27 18:00:00,0 days 18:00:00,18,22.27,-123.01,1001.5,38.0,73.33896237500991,73.33896237500991,34.61529912653952,34.64530029217106,31.962117254629703,0.0,0.0,0.0,0.0,0.0,0.0,0.0,0.0
2026-09-27,EP162026,1,2026-09-28 00:00:00,1 days 00:00:00,24,22.29,-123.07,1002.4,30.5,90.90040552823118,0.0,0.0,0.0,0.0,0.0,0.0,0.0,0.0,0.0,0.0,0.0,0.0
2026-09-27,EP162026,1,2026-09-28 06:00:00,1 days 06:00:00,30,22.4,-122.94,1002.5,27.4,77.43720953144894,0.0,0.0,0.0,0.0,0.0,0.0,0.0,0.0,0.0,0.0,0.0,0.0
2026-09-27,EP162026,1,2026-09-28 12:00:00,1 days 12:00:00,36,22.42,-122.81,1000.5,29.4,70.90165328344547,0.0,0.0,0.0,0.0,0.0,0.0,0.0,0.0,0.0,0.0,0.0,0.0
2026-09-27,EP162026,1,2026-09-28 18:00:00,1 days 18:00:00,42,21.71,-122.37,1004.4,25.9,147.59030235293335,0.0,0.0,0.0,0.0,0.0,0.0,0.0,0.0,0.0,0.0,0.0,0.0
2026-09-27,EP162026,1,2026-09-29 00:00:00,2 days 00:00:00,48,21.22,-122.3,1005.2,23.5,90.55531764162998,0.0,0.0,0.0,0.0,0.0,0.0,0.0,0.0,0.0,0.0,0.0,0.0
2026-09-27,EP162026,1,2026-09-29 06:00:00,2 days 06:00:00,54,20.46,-121.88,1006.5,20.1,96.20773735744928,0.0,0.0,0.0,0.0,0.0,0.0,0.0,0.0,0.0,0.0,0.0,0.0
2026-09-27,EP162026,1,2026-09-29 12:00:00,2 days 12:00:00,60,20.04,-121.88,1007.6,21.9,195.79283969119035,0.0,0.0,0.0,0.0,0.0,0.0,0.0,0.0,0.0,0.0,0.0,0.0
2026-09-27,EP162026,1,2026-09-29 18:00:00,2 days 18:00:00,66,19.48,-122.36,1006.8,22.0,106.53952297468086,0.0,0.0,0.0,0.0,0.0,0.0,0.0,0.0,0.0,0.0,0.0,0.0
2026-09-27,EP162026,1,2026-09-30 00:00:00,3 days 00:00:00,72,19.12,-122.73,1006.5,20.6,101.32165375187115,0.0,0.0,0.0,0.0,0.0,0.0,0.0,0.0,0.0,0.0,0.0,0.0
2026-09-27,EP162026,1,2026-09-30 06:00:00,3 days 06:00:00,78,18.77,-122.76,1009.6,14.9,137.02212505173793,0.0,0.0,0.0,0.0,0.0,0.0,0.0,0.0,0.0,0.0,0.0,0.0
2026-09-27,EP162026,1,2026-09-30 12:00:00,3 days 12:00:00,84,18.9,-123.47,1008.9,17.6,126.41891575599902,0.0,0.0,0.0,0.0,0.0,0.0,0.0,0.0,0.0,0.0,0.0,0.0
2026-09-27,EP172026,1,2026-09-27 00:00:00,0 days 00:00:00,0,19.0,-112.9,946.0,111.0,28.0,259.0,185.0,167.0,185.0,111.0,111.0,93.0,93.0,65.0,65.0,46.0,56.0
2026-09-27,EP172026,1,2026-09-27 06:00:00,0 days 06:00:00,6,19.9,-113.32,938.5,124.7,13.150644723977962,159.05835627910483,172.67142910443317,103.97137247012417,130.96610191843456,80.99748494654386,79.68881179911,61.648435033801775,70.09647464381032,54.57962757280961,48.10259195443666,37.71917672732934,46.523346593907945
2026-09-27,EP172026,1,2026-09-27 12:00:00,0 days 12:00:00,12,20.61,-113.7,923.6,132.5,11.344463076378815,273.2478171048897,262.21066670154687,185.44318914646283,250.92963073692957,136.9872903736141,126.30565242773264,93.6008996735327,111.2259427609206,75.34149645191064,68.2891790773383,55.16084953749669,67.24460744542921
2026-09-27,EP172026,1,2026-09-27 18:00:00,0 days 18:00:00,18,21.92,-114.08,938.8,118.1,25.103418373126036,280.2206748382614,273.1570662725626,189.6842538102992,191.19217182284592,106.51321649463716,102.16465294422233,63.02385419895177,75.4750783213226,43.99677133814339,39.30137568758778,27.84277967549553,35.16252591243972
2026-09-27,EP172026,1,2026-09-28 00:00:00,1 days 00:00:00,24,22.71,-113.91,944.3,115.4,0.0,213.7097196513924,219.93567623212067,128.27861967870749,141.5753475726819,102.47614667511256,90.42833602239702,57.167601959622246,67.45947328873658,50.688268243541685,45.18595016654637,33.58961174972927,40.01898828736682
2026-09-27,EP172026,1,2026-09-28 06:00:00,1 days 06:00:00,30,23.62,-113.89,944.6,112.7,25.78532867560084,205.30049659964627,221.5201118892856,174.28191677969542,192.20990237113148,95.42018383919812,100.13235979997413,77.83248029671961,71.59377944939921,64.40060465318268,62.29107556494255,50.92602690295857,53.10881553675618
2026-09-27,EP172026,1,2026-09-28 12:00:00,1 days 12:00:00,36,24.38,-113.64,955.7,105.3,23.95776212887093,150.67139777286334,212.04052935526173,160.95519885700588,123.40217104333068,100.70849720431656,105.71306667883864,77.6181138860996,69.57320040290321,65.78732104988921,63.05794944099948,49.660026344591984,54.57355344767229
2026-09-27,EP172026,1,2026-09-28 18:00:00,1 days 18:00:00,42,25.5,-113.16,948.7,109.1,12.085051965242483,165.09048380128684,200.9781858352854,152.2649307056949,127.8710893305519,89.28068428089415,91.66486405316785,68.3353255562557,59.42746553599103,48.31883955149621,47.10118928421725,38.818861926146816,40.57094208247946
2026-09-27,EP172026,1,2026-09-29 00:00:00,2 days 00:00:00,48,26.34,-112.27,964.3,92.5,4.068513563933443,227.83255531706567,265.12003422647206,146.5987405602011,134.31818402917557,82.6444139640811,86.1588065542193,55.36430066938741,47.354898660431004,44.49893801258227,48.17958043284952,35.02033231424596,35.42858578948961
2026-09-27,EP172026,1,2026-09-29 06:00:00,2 days 06:00:00,54,27.59,-111.3,983.0,68.5,46.70423114247872,133.14609682011226,159.40936923951054,72.45801149708598,73.87167534839796,65.52402253124126,72.5346248752945,44.72142097601177,38.459473655702666,46.70423114247872,0.2908979699975935,0.0,0.0
2026-09-27,EP172026,1,2026-09-29 12:00:00,2 days 12:00:00,60,29.26,-110.3,993.0,40.5,83.43933698843675,183.8271477947287,221.18189126455417,119.67395262557346,94.93784786209308,0.0,0.0,0.0,0.0,0.0,0.0,0.0,0.0
2026-09-27,EP902026,1,2026-09-27 00:00:00,0 days 00:00:00,0,12.0,-98.6,1008.0,25.0,111.0,0.0,0.0,0.0,0.0,0.0,0.0,0.0,0.0,0.0,0.0,0.0,0.0
2026-09-27,EP902026,1,2026-09-27 06:00:00,0 days 06:00:00,6,12.1,-98.78,1004.9,29.7,76.50943942062032,0.0,0.0,0.0,0.0,0.0,0.0,0.0,0.0,0.0,0.0,0.0,0.0
2026-09-27,EP902026,1,2026-09-27 12:00:00,0 days 12:00:00,12,12.06,-98.64,1004.7,33.3,167.49621736601523,0.0,0.0,0.0,0.0,0.0,0.0,0.0,0.0,0.0,0.0,0.0,0.0
2026-09-27,EP902026,1,2026-09-27 18:00:00,0 days 18:00:00,18,12.0,-98.94,1004.8,37.4,132.59251637976,132.59251637976,10.421479489974864,6.07264624588101,5.200403877774889,0.0,0.0,0.0,0.0,0.0,0.0,0.0,0.0
2026-09-27,EP902026,1,2026-09-28 00:00:00,1 days 00:00:00,24,12.58,-99.13,1001.4,42.4,79.11569194731383,196.84773911510305,184.23063252347657,119.31134574489576,141.5436889549048,0.0,0.0,0.0,0.0,0.0,0.0,0.0,0.0
2026-09-27,EP902026,1,2026-09-28 06:00:00,1 days 06:00:00,30,12.56,-99.97,999.4,44.7,92.61823260431292,52.22649630701374,92.61823260431292,19.698798515571657,32.743093282365976,0.0,0.0,0.0,0.0,0.0,0.0,0.0,0.0
2026-09-27,EP902026,1,2026-09-28 12:00:00,1 days 12:00:00,36,12.91,-100.61,994.5,55.1,35.45118291835766,181.78562342011577,165.3106196209661,114.2846740533364,139.28308734853326,45.90629541661309,39.60071496067117,24.546719336071128,30.481471569699007,0.0,0.0,0.0,0.0
2026-09-27,EP902026,1,2026-09-28 18:00:00,1 days 18:00:00,42,13.32,-101.8,996.8,47.0,102.7370350038638,322.2778435932498,308.9175382970475,253.97482491076903,267.9266393054704,0.0,0.0,0.0,0.0,0.0,0.0,0.0,0.0
2026-09-27,EP902026,1,2026-09-29 00:00:00,2 days 00:00:00,48,13.87,-102.74,992.3,59.5,75.89003157246722,204.7812862935309,235.9114132223013,84.82945375345861,155.12733607731127,75.89003157246722,59.63944084920834,39.27608837638377,56.1926289930439,0.0,0.0,0.0,0.0
2026-09-27,EP902026,1,2026-09-29 06:00:00,2 days 06:00:00,54,14.56,-103.53,991.4,49.3,63.15812186095508,246.2732269148856,221.4043432897193,137.92167274003606,178.76198555758322,0.0,0.0,0.0,0.0,0.0,0.0,0.0,0.0
2026-09-27,EP902026,1,2026-09-29 12:00:00,2 days 12:00:00,60,15.02,-104.73,990.5,54.7,37.87028102596764,236.2994155927991,239.6525099277337,203.38114303002723,218.89861244090747,37.87028102596764,22.063107799000697,9.61272352069884,18.33896743855492,0.0,0.0,0.0,0.0
2026-09-27,EP902026,1,2026-09-29 18:00:00,2 days 18:00:00,66,15.48,-105.54,990.0,62.2,52.10821880781734,266.7553493768272,272.1035305860889,205.7408280558451,257.62237567586703,117.34495982376058,95.5226934815199,63.59156654740536,89.0470590955074,0.0,0.0,0.0,0.0
2026-09-27,EP902026,1,2026-09-30 00:00:00,3 days 00:00:00,72,16.09,-106.37,981.7,75.6,29.734796494123277,269.3897908930404,280.5442976329292,173.56677129440249,198.6208512884744,152.97292949515057,133.60881029028275,92.02039936170895,114.2571564356184,30.07370832356468,23.01521043292572,16.965452590362172,23.44790607544278
2026-09-27,EP902026,1,2026-09-30 06:00:00,3 days 06:00:00,78,16.94,-106.86,974.8,74.2,24.970349908507664,189.84283404468323,175.37012520978928,121.10691209304704,124.2314857587324,72.95981387527988,62.67599794722115,39.80880922959165,51.98922768384232,24.970349908507664,13.430111029323012,9.43504353310434,12.32079594763813
2026-09-27,EP902026,1,2026-09-30 12:00:00,3 days 12:00:00,84,17.46,-107.57,973.8,74.1,49.92728515124159,219.92806886208317,235.36426275575167,187.0871011637992,173.67205877844742,105.78693500584616,105.06081735466896,78.12972905236889,85.64797735732049,64.84444292431166,60.10332068133758,48.81452626301016,53.68001506081109
2026-09-27,EP902026,1,2026-09-30 18:00:00,3 days 18:00:00,90,18.0,-107.92,975.0,79.8,24.50505686608016,184.94602148000288,189.84691444102253,126.50912573633408,124.5015299351082,75.67748139382454,66.61207416699548,41.68734250049539,52.64302464364124,27.05620920998837,23.29357815868816,17.156903784553556,20.745409307129997
2026-09-27,EP902026,1,2026-10-01 00:00:00,4 days 00:00:00,96,18.43,-108.04,970.9,80.9,25.68600357369781,204.29236513284363,215.3394011210916,151.64969171776082,153.25469537913096,102.86682173361528,95.98654880587958,73.14313856217098,79.49204405610794,53.12640934274677,46.8343835384877,38.13411959286705,44.374977092830775
2026-09-27,EP902026,1,2026-10-01 06:00:00,4 days 06:00:00,102,18.77,-108.15,973.5,73.9,26.957484593619185,235.17477067124528,275.5274384064887,239.1028905636296,194.66652597734495,106.2628372844792,106.41415838480272,88.56375948532974,88.83866676886377,53.87753941309138,49.603964216496976,43.36007641093612,44.20256823536209
2026-09-27,EP902026,1,2026-10-01 12:00:00,4 days 12:00:00,108,18.93,-108.24,968.2,79.5,24.39444928597577,189.4854167697273,224.452335048336,198.13488497992628,163.6613727405091,82.31647102493858,86.14351088990341,73.66424447847764,71.42568932816883,26.876553386820436,25.899289970177414,21.66779993443267,22.90951423388163
2026-09-27,EP902026,1,2026-10-01 18:00:00,4 days 18:00:00,114,19.12,-108.55,972.1,76.7,29.648200937071596,209.97547814903635,215.62974603500288,204.05417258599573,198.67889171656213,96.82217599801923,90.97940596256204,72.35791253583417,74.29537210771022,38.94843383022126,34.48399153829432,28.14193811348101,32.18711713316444
2026-09-27,EP902026,1,2026-10-02 00:00:00,5 days 00:00:00,120,19.35,-108.46,968.2,76.3,15.210414071714782,183.57705824283104,218.7824551799728,198.1548639892303,173.82856764097716,87.96571591828999,95.45089604407366,77.16463040054882,71.46054600628825,52.35616485111638,50.20032426124155,41.78764285302832,44.58767420110188
2026-09-27,EP902026,1,2026-10-02 06:00:00,5 days 06:00:00,126,19.07,-108.47,972.7,75.6,39.81478900657776,187.9117190435052,207.0418170144866,200.0866585685788,183.95753567424083,87.65095660505028,90.80927028699062,78.90555623740403,77.47887389979807,49.189008129809885,47.000930678954646,41.65733678893729,42.63698297096511
2026-09-27,EP902026,1,2026-10-02 12:00:00,5 days 12:00:00,132,19.26,-108.14,975.5,73.6,45.58166546111748,196.1712473532543,219.6442949897809,199.27659475496552,172.6001234253631,98.83516383750067,101.48743847984656,85.47319932510064,82.10060292350784,55.39443753246448,54.483636487669415,46.52337700882739,46.84430533438558
2026-09-27,EP902026,1,2026-10-02 18:00:00,5 days 18:00:00,138,19.73,-108.23,982.4,64.2,47.08653855698101,170.60778276800363,198.61488238024137,131.9018877502009,131.4038645640668,99.15095778509706,81.48637443076797,52.46290239613363,63.65173544737492,47.08653855698101,2.844543556755652,1.1506593674390584,1.344947777370813
2026-09-27,EP902026,1,2026-10-03 00:00:00,6 days 00:00:00,144,19.94,-108.08,980.3,64.9,22.228117230063887,165.7158830457991,219.28671402251055,161.96488260853226,148.769563708951,92.40413518900029,84.47438048418985,54.415226347354064,64.87188083377748,22.228117230063887,5.43937495874053,2.1911903539653426,4.338055875185588
2026-09-27,EP902026,1,2026-10-03 06:00:00,6 days 06:00:00,150,20.2,-107.98,979.0,66.0,49.39394393593673,181.62796958721168,226.18028155177436,146.9504233681693,99.60780844034552,97.65584426951554,86.99394516354678,54.80625655869655,68.59147348542618,49.39394393593673,22.60022642678369,14.305501384528222,20.02599887550555
2026-09-27,EP902026,1,2026-10-03 12:00:00,6 days 12:00:00,156,20.56,-107.64,979.9,69.5,32.00139651767577,176.17693605929517,216.18909427207632,164.50897357833273,146.04360107486409,97.45762623243868,88.78200586447461,58.4731566884663,70.61980394894618,32.00139651767577,14.20254049020289,8.54936003880652,14.408073897800802
2026-09-27,EP902026,1,2026-10-03 18:00:00,6 days 18:00:00,162,20.93,-107.74,979.0,65.4,34.53949285189863,191.05026733350587,184.4451618338768,134.29755361850087,155.05795034042967,106.89488396575032,96.38432233474744,68.89229498749019,82.37621346845218,46.28416440241308,41.69437922513104,31.80758285862518,37.597023693296485
2026-09-27,EP902026,1,2026-10-04 00:00:00,7 days 00:00:00,168,21.55,-107.64,970.8,79.8,17.382857297305,173.39771543857472,175.36778111308794,149.0640177381146,143.70112915922928,103.41138120977251,100.50046013833324,78.04166552075071,84.69256727800207,66.1347951389428,61.91399455873268,49.67075298304576,54.900626598927005
2026-09-27,EP902026,1,2026-10-04 06:00:00,7 days 06:00:00,174,21.93,-107.45,974.5,79.6,21.020143304835894,189.0878317646344,175.30444277449098,144.4246868518992,159.9297779176307,90.0083359422828,76.647095571964,55.35450609659485,73.23811000003862,45.95856024163157,39.21272169593036,30.961355554191943,37.04206584024281
2026-09-27,EP902026,1,2026-10-04 12:00:00,7 days 12:00:00,180,22.27,-107.77,970.4,80.4,59.13890532370859,174.53752556480714,199.35980897559384,159.81408235128296,141.25049413010709,94.5512848378708,85.9997040223034,69.33761925078184,82.84886529272868,66.9821022415387,57.77563991257179,48.01145382061669,57.20821219838778
2026-09-27,EP902026,1,2026-10-04 18:00:00,7 days 18:00:00,186,22.57,-108.0,981.3,69.8,27.09800648604414,130.2770687523,125.13465618067994,120.90237552510916,102.91271721729709,94.3202110156335,70.51980631213587,53.79798173065092,77.33371110974485,28.8872639162785,23.36357263881706,18.31552950427121,24.18144128243631
2026-09-27,EP902026,1,2026-10-05 00:00:00,8 days 00:00:00,192,23.02,-108.78,978.3,75.3,49.96992396684618,211.88358845467428,206.9947421462512,178.4019358112746,221.71188570894628,102.19050931633956,88.01583243092546,74.80228048385584,93.18332429915064,66.06794638413157,56.923000214366766,47.078191852858936,56.47811128328976
2026-09-27,EP902026,1,2026-10-05 06:00:00,8 days 06:00:00,198,23.18,-109.58,972.4,81.0,13.73685296566444,145.32768862355022,135.0965232977503,113.99151909887638,126.8274282118769,63.1150544602626,53.9205746286998,52.55643524022685,57.62021928294132,43.610836798383446,40.86073850801341,36.0569351036462,38.92069253741454
2026-09-27,EP902026,1,2026-10-05 12:00:00,8 days 12:00:00,204,23.26,-110.25,967.2,75.9,16.255754568617867,174.65989799305453,182.991914670876,94.86647474931092,147.2551016938411,52.98155264117759,52.33967918580865,40.35347202890519,40.88857236186101,29.637275343649407,28.06420669893145,26.435015392932502,26.578546931017044
2026-09-27,EP902026,1,2026-10-05 18:00:00,8 days 18:00:00,210,23.46,-111.09,978.6,71.3,13.929145015305645,144.37803836055946,98.90325283028189,98.3341229585686,120.74974698727158,71.40748489033264,51.56350810107946,43.85636495677987,58.55410929942735,25.738669635976937,18.119475563275145,15.34574615822332,20.77411182903792
2026-09-27,EP902026,1,2026-10-06 00:00:00,9 days 00:00:00,216,23.5,-111.58,981.0,69.4,25.988650857255,136.08412441766518,127.59829272963222,109.9340452205732,121.78288418143887,82.09970492364332,66.66519221483047,45.81356566345468,66.37022612443505,25.988650857255,6.459062941146054,3.3834615886865427,10.501248477068897
2026-09-27,EP902026,1,2026-10-06 06:00:00,9 days 06:00:00,222,23.19,-112.1,982.8,67.3,17.806838053088086,109.29474253861532,109.96570886925916,99.68103230585712,122.43628468144423,60.730740724877705,51.63363989466643,42.84634116277744,53.40825069297648,17.806838053088086,6.851833145014673,5.4385813443316415,6.954096828652041
2026-09-27,EP902026,1,2026-10-06 12:00:00,9 days 12:00:00,228,22.84,-112.42,989.4,58.5,22.299328852939155,120.09152809587404,133.13788353636218,133.22705683876785,126.32804241298338,62.06879688889521,61.08943794368214,45.99816995695773,51.77548261105716,0.0,0.0,0.0,0.0
2026-09-27,EP902026,1,2026-10-06 18:00:00,9 days 18:00:00,234,22.85,-112.53,993.8,53.1,36.58373027529953,110.95753411739588,100.47500566875163,99.88344957564593,108.6897900981061,36.58373027529953,29.42261241971876,21.64760927409749,27.11410359605616,0.0,0.0,0.0,0.0
2026-09-27,EP902026,1,2026-10-07 00:00:00,10 days 00:00:00,240,23.05,-112.76,985.2,57.5,18.926094601798518,181.22323654560432,162.59972308488605,136.4189858917333,161.09209138511147,40.03271240052159,26.65894258954597,19.67014686690211,31.81551473473263,0.0,0.0,0.0,0.0
2026-09-27,EP902026,1,2026-10-07 06:00:00,10 days 06:00:00,246,23.43,-112.94,996.2,48.3,60.97886714897905,149.05886858961256,135.09909812937744,74.70526433130526,115.47111814663884,0.0,0.0,0.0,0.0,0.0,0.0,0.0,0.0
2026-09-27,EP902026,1,2026-10-07 12:00:00,10 days 12:00:00,252,23.95,-113.13,999.4,44.5,47.87016382874313,164.94965313209343,125.02929918890266,72.0251470600088,122.06432454775532,0.0,0.0,0.0,0.0,0.0,0.0,0.0,0.0
2026-09-27,EP902026,1,2026-10-07 18:00:00,10 days 18:00:00,258,24.22,-113.34,996.8,42.3,31.07610216124441,138.52007948832988,93.0149642612312,66.73946922227114,98.0918989811124,0.0,0.0,0.0,0.0,0.0,0.0,0.0,0.0
2026-09-27,EP902026,1,2026-10-08 00:00:00,11 days 00:00:00,264,24.89,-113.67,1000.2,37.5,45.14406793918056,89.61190894966921,63.1188772741194,48.16471202490281,73.25233961651367,0.0,0.0,0.0,0.0,0.0,0.0,0.0,0.0
2026-09-27,EP902026,1,2026-10-08 06:00:00,11 days 06:00:00,270,26.04,-114.27,1000.1,45.9,62.14597903278505,134.4933671687453,111.73443430745552,70.06943352913186,104.2688520682027,0.0,0.0,0.0,0.0,0.0,0.0,0.0,0.0
2026-09-27,EP902026,1,2026-10-08 12:00:00,11 days 12:00:00,276,26.59,-114.89,999.9,40.3,69.30695170951991,184.3079266499656,152.0418605122273,108.37770855043932,149.5576120315965,0.0,0.0,0.0,0.0,0.0,0.0,0.0,0.0
2026-09-27,EP902026,1,2026-10-08 18:00:00,11 days 18:00:00,282,26.85,-115.14,999.5,38.1,66.54579078168975,138.87762394193794,145.90649318204726,139.53025249480828,141.8963683211893,0.0,0.0,0.0,0.0,0.0,0.0,0.0,0.0
2026-09-27,EP902026,1,2026-10-09 00:00:00,12 days 00:00:00,288,27.5,-115.86,1002.5,32.5,70.53271692580915,0.0,0.0,0.0,0.0,0.0,0.0,0.0,0.0,0.0,0.0,0.0,0.0
2026-09-27,EP902026,1,2026-10-09 06:00:00,12 days 06:00:00,294,27.75,-115.79,1005.1,30.2,78.2886607993386,0.0,0.0,0.0,0.0,0.0,0.0,0.0,0.0,0.0,0.0,0.0,0.0
2026-09-27,EP902026,1,2026-10-09 12:00:00,12 days 12:00:00,300,28.01,-115.77,1003.2,36.0,67.75982893431643,67.75982893431643,15.887831848015123,8.590234544399095,23.914315613702627,0.0,0.0,0.0,0.0,0.0,0.0,0.0,0.0
2026-09-27,EP902026,1,2026-10-09 18:00:00,12 days 18:00:00,306,28.26,-115.31,1004.8,32.7,62.7607056009856,0.0,0.0,0.0,0.0,0.0,0.0,0.0,0.0,0.0,0.0,0.0,0.0
2026-09-27,EP902026,1,2026-10-10 00:00:00,13 days 00:00:00,312,28.74,-114.58,1000.9,27.0,39.44863160322801,0.0,0.0,0.0,0.0,0.0,0.0,0.0,0.0,0.0,0.0,0.0,0.0
2026-09-27,EP902026,1,2026-10-10 06:00:00,13 days 06:00:00,318,29.61,-113.78,1002.6,27.6,88.11224061230743,0.0,0.0,0.0,0.0,0.0,0.0,0.0,0.0,0.0,0.0,0.0,0.0
2026-09-27,EP902026,1,2026-10-10 12:00:00,13 days 12:00:00,324,30.43,-113.45,1000.5,23.4,110.455938049024,0.0,0.0,0.0,0.0,0.0,0.0,0.0,0.0,0.0,0.0,0.0,0.0
2026-09-27,EP902026,1,2026-10-10 18:00:00,13 days 18:00:00,330,31.39,-113.13,1009.1,22.7,73.69201134744068,0.0,0.0,0.0,0.0,0.0,0.0,0.0,0.0,0.0,0.0,0.0,0.0
2026-09-27,WP252026,1,2026-09-27 00:00:00,0 days 00:00:00,0,24.6,127.6,964.0,89.0,22.0,102.0,121.0,102.0,93.0,,,,,,,,
2026-09-27,WP252026,1,2026-09-27 06:00:00,0 days 06:00:00,6,25.47,128.06,931.1,133.3,0.0,89.09091861661,153.06815537088482,120.69279342357164,55.79132639339326,57.70100565934644,70.35041545282559,60.12651111514992,41.77991592433011,31.6590321457017,34.870837816106416,33.00222196759023,28.40921159839164
2026-09-27,WP252026,1,2026-09-27 12:00:00,0 days 12:00:00,12,26.23,129.08,949.7,113.0,37.812048958145965,120.78710933811912,161.1372092733015,154.05708877684864,108.05990844436896,54.49849973128506,80.15475292936222,64.28885670537096,47.309695779377535,35.651717355483406,37.812048958145965,31.09155032043481,28.831829229758643
2026-09-27,WP252026,1,2026-09-27 18:00:00,0 days 18:00:00,18,26.59,129.84,965.5,94.4,26.207884102725945,115.694731196298,145.7687920782491,158.2127099874935,118.17094002670464,77.71706947113154,98.03330402602045,75.12410486935129,59.437866602001904,45.73659682238446,46.79944348623484,36.6322634364752,34.29286724410254
2026-09-27,WP252026,1,2026-09-28 00:00:00,1 days 00:00:00,24,27.17,130.48,976.0,78.8,29.40640403860853,108.56381011622712,136.20740835448203,131.0286726559408,97.09885780678414,68.66487818030359,81.03990056799775,67.10339904455506,54.50475638947566,29.68856967132777,34.951541184004576,29.91554467771302,25.02491878814633
2026-09-27,WP252026,1,2026-09-28 06:00:00,1 days 06:00:00,30,27.49,131.68,971.9,88.7,34.94540978895196,152.23998588350037,215.0715286483621,129.60244710071413,109.78172000642088,55.213619466657576,71.68060965930727,51.65433402171101,37.66827754887157,32.474602364781674,34.94540978895196,28.00013011545866,24.566792577090865
2026-09-27,WP252026,1,2026-09-28 12:00:00,1 days 12:00:00,36,28.23,132.58,984.9,64.9,26.44281495631841,131.54767746677857,179.37649330513204,125.40078900328314,81.82045273504397,99.77218249945348,100.13171292892363,60.78679909380936,71.03597262644328,26.44281495631841,9.160596255268752,3.757015213561772,5.167368695531209
2026-09-27,WP252026,1,2026-09-28 18:00:00,1 days 18:00:00,42,28.85,133.61,987.5,64.3,36.80875210571914,95.03280872366912,146.2343153962622,97.274346866878,93.23065002892122,76.03468323407361,84.75838321745815,54.18028852274254,57.2491350309805,36.80875210571914,16.326764390788234,10.575838430007718,10.275610570907828
2026-09-27,WP252026,1,2026-09-29 00:00:00,2 days 00:00:00,48,29.48,134.8,991.3,51.9,54.27803766472566,133.46585217086528,177.44667162903835,117.91047908054158,111.19852911273463,23.356263860275867,54.27803766472566,18.03003801660765,16.163824126339517,0.0,0.0,0.0,0.0
2026-09-27,WP252026,1,2026-09-29 06:00:00,2 days 06:00:00,54,30.09,136.16,991.4,47.1,66.0135738928313,159.83523645915653,195.38293650809925,127.04294837713915,102.85736744889395,0.0,0.0,0.0,0.0,0.0,0.0,0.0,0.0
2026-09-27,WP252026,1,2026-09-29 12:00:00,2 days 12:00:00,60,30.71,137.48,992.5,44.4,83.1488166597407,180.23354016722956,220.9703575609896,171.0549026881405,152.85401227224705,0.0,0.0,0.0,0.0,0.0,0.0,0.0,0.0
2026-09-27,WP252026,1,2026-09-29 18:00:00,2 days 18:00:00,66,31.56,139.21,994.7,41.7,93.22501478089276,186.48749708849192,260.23125877792006,196.4274246189024,139.54021177823586,0.0,0.0,0.0,0.0,0.0,0.0,0.0,0.0
2026-09-27,WP252026,1,2026-09-30 00:00:00,3 days 00:00:00,72,32.44,141.0,996.0,39.3,140.21119521774432,14.611331431362231,140.21119521774432,5.188143388179842,12.46811933879292,0.0,0.0,0.0,0.0,0.0,0.0,0.0,0.0
2026-09-27,WP252026,1,2026-09-30 06:00:00,3 days 06:00:00,78,33.89,142.74,990.3,41.8,157.91405505482754,133.95216355094806,207.38375992704312,153.17035528942068,98.64043148144088,0.0,0.0,0.0,0.0,0.0,0.0,0.0,0.0
2026-09-27,WP252026,1,2026-09-30 12:00:00,3 days 12:00:00,84,34.45,144.23,999.9,35.2,101.4889468264454,185.96379377189896,241.07360608160624,175.16306941458333,162.7386446471613,0.0,0.0,0.0,0.0,0.0,0.0,0.0,0.0
2026-09-27,WP252026,1,2026-09-30 18:00:00,3 days 18:00:00,90,35.01,146.81,992.8,43.9,27.144896526020037,95.20248550524197,75.73443240539416,37.15931130017492,43.78473217457753,0.0,0.0,0.0,0.0,0.0,0.0,0.0,0.0
2026-09-27,WP252026,1,2026-10-01 00:00:00,4 days 00:00:00,96,36.56,148.2,996.4,40.1,73.65884176728306,116.5647403101824,101.01687243261232,101.04598027419792,79.00851483425396,0.0,0.0,0.0,0.0,0.0,0.0,0.0,0.0
2026-09-27,WP252026,1,2026-10-01 06:00:00,4 days 06:00:00,102,37.28,149.83,998.7,32.6,95.3889671509221,0.0,0.0,0.0,0.0,0.0,0.0,0.0,0.0,0.0,0.0,0.0,0.0
2026-09-27,WP252026,1,2026-10-01 12:00:00,4 days 12:00:00,108,38.45,151.43,999.9,27.6,123.35681651899154,0.0,0.0,0.0,0.0,0.0,0.0,0.0,0.0,0.0,0.0,0.0,0.0
2026-09-27,WP252026,1,2026-10-01 18:00:00,4 days 18:00:00,114,39.9,154.43,1000.4,32.5,100.63303456877684,0.0,0.0,0.0,0.0,0.0,0.0,0.0,0.0,0.0,0.0,0.0,0.0
2026-09-27,WP252026,1,2026-10-02 00:00:00,5 days 00:00:00,120,42.09,158.18,999.0,27.8,108.16095394400192,0.0,0.0,0.0,0.0,0.0,0.0,0.0,0.0,0.0,0.0,0.0,0.0
2026-09-27,AL062026,10,2026-09-27 00:00:00,0 days 00:00:00,0,29.8,-43.9,1010.0,29.0,56.0,0.0,0.0,0.0,0.0,0.0,0.0,0.0,0.0,0.0,0.0,0.0,0.0
2026-09-27,AL062026,10,2026-09-27 06:00:00,0 days 06:00:00,6,29.67,-43.94,1011.5,21.9,70.57806652366185,0.0,0.0,0.0,0.0,0.0,0.0,0.0,0.0,0.0,0.0,0.0,0.0
2026-09-27,EP152026,10,2026-09-27 00:00:00,0 days 00:00:00,0,16.7,-156.1,972.0,80.0,37.0,241.0,185.0,185.0,241.0,93.0,74.0,93.0,111.0,56.0,46.0,56.0,56.0
2026-09-27,EP152026,10,2026-09-27 06:00:00,0 days 06:00:00,6,16.31,-156.78,976.5,81.8,50.24342039226855,210.71464648185497,167.2769715623133,140.5138048320182,191.50789114169584,86.08923068662489,69.05912342038789,58.014252761422085,81.71872688101939,50.24342039226855,30.57890013060125,24.61341054837132,36.16952530065959
2026-09-27,EP152026,10,2026-09-27 12:00:00,0 days 12:00:00,12,16.07,-157.6,973.2,84.7,36.189323413708536,175.12252785564465,124.75893798262769,141.72199018708352,174.96515769815903,92.09238981530336,69.58716167507674,65.78077272791037,90.07586790779624,50.84807333989059,42.038683797757415,35.82029385508747,46.21089343513378
2026-09-27,EP152026,10,2026-09-27 18:00:00,0 days 18:00:00,18,15.78,-158.58,962.0,101.2,30.548555406624807,172.9856983946811,126.13141461208885,127.52577597471374,195.49927835399671,82.32629930455454,61.7890058540417,57.338860323552765,83.80452494670898,59.62973480007612,48.67721974646114,41.57504551233493,55.50919867549671
2026-09-27,EP152026,10,2026-09-28 00:00:00,1 days 00:00:00,24,15.76,-159.58,963.4,96.4,36.68624492722936,231.38115863400387,162.82077754490157,134.33300968510463,231.07382428355663,77.17871229615099,52.43904025128636,41.48711738378337,79.13703823946476,51.85904222139164,40.61835637429453,33.39280034664115,48.61679872936683
2026-09-27,EP152026,10,2026-09-28 06:00:00,1 days 06:00:00,30,15.9,-160.63,936.1,121.6,19.88189117111209,169.98972627778238,136.2396027153257,109.09258307398854,163.7447529740538,98.26192621994898,79.29242198177305,70.03255605566115,93.78643963717472,60.45785854398844,51.101917876532674,43.42875646581217,55.29395523249824
2026-09-27,EP152026,10,2026-09-28 12:00:00,1 days 12:00:00,36,16.48,-161.63,957.4,109.5,12.33217810775809,151.3204793536204,124.27847898604274,102.89990857833632,141.80758442827735,90.63297733420558,67.59632680520777,50.70752592812772,78.55651622701991,54.40815932547082,42.98959211113515,34.454646789134955,48.20563598501616
2026-09-27,EP152026,10,2026-09-28 18:00:00,1 days 18:00:00,42,17.18,-162.47,943.7,126.1,26.462185413602043,181.55709509498203,152.31048438529902,91.8801762385861,131.858664503906,94.89878006339006,69.86828116181397,53.41505082452797,80.19890770555266,53.86740629064094,44.88584341451719,35.154007819445496,46.03978064809517
2026-09-27,EP152026,10,2026-09-29 00:00:00,2 days 00:00:00,48,17.88,-162.97,945.9,113.4,17.97170388792045,229.9393478333075,204.3444130007364,118.26569530104638,170.15881970171856,105.65214143758324,93.9855030771288,63.20993146451519,87.02523710864203,55.186489659211,46.96078974171407,35.350897527234125,45.13929096195679
2026-09-27,EP152026,10,2026-09-29 06:00:00,2 days 06:00:00,54,19.12,-163.52,942.2,122.6,7.504293071253421,192.71567359702695,200.23222394186865,136.30689471270372,169.4645570251157,86.85627432844221,72.76063423972684,56.16643090212524,70.60148496363527,63.3069000962258,53.96160147152918,42.873511888345,55.218994648752016
2026-09-27,EP152026,10,2026-09-29 12:00:00,2 days 12:00:00,60,20.13,-163.53,960.8,100.7,6.397379721350745,168.1935685245915,144.1372304174873,105.19802685916667,136.82418752570524,80.00711436174714,61.10586274303287,43.06636808583791,65.35317883279927,54.6977607821334,45.70075301708441,34.10198154950005,44.22743986362453
2026-09-27,EP152026,10,2026-09-29 18:00:00,2 days 18:00:00,66,21.01,-163.25,974.5,79.9,32.029182474340644,144.42071530103505,143.0256952307402,136.29857753752464,131.0953554339087,96.51615487554557,93.60395863178316,72.06057431153715,79.08549630584903,59.75184156802823,57.79891401228949,44.244663215792045,51.78074470972541
2026-09-27,EP152026,10,2026-09-30 00:00:00,3 days 00:00:00,72,21.72,-163.26,989.1,64.3,32.968074526149806,184.3106562113825,158.28729533816897,91.67777415539923,150.80759923447135,113.77144293536855,97.84845096056794,66.01019647683601,86.34411227910238,32.968074526149806,10.238933644140104,7.117700024546116,10.158772800419795
2026-09-27,EP152026,10,2026-09-30 06:00:00,3 days 06:00:00,78,21.95,-162.94,986.6,55.1,49.67565804723492,174.6426226583389,197.06606775750663,169.4182300486916,176.3631834606687,110.30322931268076,113.2209668485877,88.7495099288416,92.63722728800026,0.0,0.0,0.0,0.0
2026-09-27,EP152026,10,2026-09-30 12:00:00,3 days 12:00:00,84,22.2,-162.34,991.1,54.7,33.28861178047737,187.52724168765928,170.1353428337236,132.5369929353332,168.63222840826825,33.799721202656976,26.71467117040397,16.846094999729445,25.501174535150437,0.0,0.0,0.0,0.0
2026-09-27,EP152026,10,2026-09-30 18:00:00,3 days 18:00:00,90,22.24,-161.68,994.3,46.5,148.94956932461344,84.23801355917414,148.94956932461344,76.00224600190025,70.99384297554298,0.0,0.0,0.0,0.0,0.0,0.0,0.0,0.0
2026-09-27,EP152026,10,2026-10-01 00:00:00,4 days 00:00:00,96,22.37,-161.27,993.5,41.2,91.48970008845048,67.93012621621723,91.48970008845048,70.51354931692981,53.7887307837249,0.0,0.0,0.0,0.0,0.0,0.0,0.0,0.0
2026-09-27,EP152026,10,2026-10-01 06:00:00,4 days 06:00:00,102,22.06,-161.14,996.0,38.4,141.11368759159436,255.3866307443614,248.41671755296875,234.48673079905416,239.86383152160795,0.0,0.0,0.0,0.0,0.0,0.0,0.0,0.0
2026-09-27,EP152026,10,2026-10-01 12:00:00,4 days 12:00:00,108,22.05,-161.35,1000.5,29.6,101.37662872266898,0.0,0.0,0.0,0.0,0.0,0.0,0.0,0.0,0.0,0.0,0.0,0.0
2026-09-27,EP152026,10,2026-10-01 18:00:00,4 days 18:00:00,114,22.43,-161.94,1001.9,34.1,105.60200475600811,191.04212734459395,133.361002784089,103.15233703353528,160.6025115110947,0.0,0.0,0.0,0.0,0.0,0.0,0.0,0.0
2026-09-27,EP152026,10,2026-10-02 00:00:00,5 days 00:00:00,120,22.66,-162.53,1000.3,33.1,90.93025098450244,0.0,0.0,0.0,0.0,0.0,0.0,0.0,0.0,0.0,0.0,0.0,0.0
2026-09-27,EP152026,10,2026-10-02 06:00:00,5 days 06:00:00,126,22.79,-162.92,1001.8,30.2,79.63023584277434,0.0,0.0,0.0,0.0,0.0,0.0,0.0,0.0,0.0,0.0,0.0,0.0
2026-09-27,EP152026,10,2026-10-02 12:00:00,5 days 12:00:00,132,23.03,-163.3,1002.5,34.9,103.32597070639169,103.32597070639169,0.0,0.0,0.0,0.0,0.0,0.0,0.0,0.0,0.0,0.0,0.0
2026-09-27,EP152026,10,2026-10-02 18:00:00,5 days 18:00:00,138,23.56,-163.7,1001.8,32.4,56.361156296650094,0.0,0.0,0.0,0.0,0.0,0.0,0.0,0.0,0.0,0.0,0.0,0.0
2026-09-27,EP152026,10,2026-10-03 00:00:00,6 days 00:00:00,144,23.82,-164.68,1000.3,37.5,79.3998135449643,79.3998135449643,9.96211508673727,0.0,7.665880102488629,0.0,0.0,0.0,0.0,0.0,0.0,0.0,0.0
2026-09-27,EP152026,10,2026-10-03 06:00:00,6 days 06:00:00,150,23.51,-165.72,996.7,43.5,80.19807907800633,47.43546134310974,39.66877503742781,17.447796362829784,80.19807907800633,0.0,0.0,0.0,0.0,0.0,0.0,0.0,0.0
2026-09-27,EP152026,10,2026-10-03 12:00:00,6 days 12:00:00,156,23.25,-167.3,1001.5,35.3,47.890746046807095,25.309156206076224,0.0,4.177742201832844,47.890746046807095,0.0,0.0,0.0,0.0,0.0,0.0,0.0,0.0
2026-09-27,EP152026,10,2026-10-03 18:00:00,6 days 18:00:00,162,23.02,-168.99,1000.1,37.1,57.245290417008505,57.245290417008505,2.8337261778749223,0.0,1.8025357727538136,0.0,0.0,0.0,0.0,0.0,0.0,0.0,0.0
2026-09-27,EP152026,10,2026-10-04 00:00:00,7 days 00:00:00,168,22.75,-170.9,1004.1,41.3,62.685792861329794,68.83037817552717,52.8317891247308,0.0,32.45307157418626,0.0,0.0,0.0,0.0,0.0,0.0,0.0,0.0
2026-09-27,EP152026,10,2026-10-04 06:00:00,7 days 06:00:00,174,22.51,-172.91,1000.2,48.6,32.15653739145142,126.83361607159964,62.73902993006578,31.188719699799837,117.5378859483178,0.0,0.0,0.0,0.0,0.0,0.0,0.0,0.0
2026-09-27,EP152026,10,2026-10-04 12:00:00,7 days 12:00:00,180,22.6,-174.76,996.7,55.9,45.4917002010648,135.71812639856202,72.80193760432607,61.28973770505265,128.6976358130258,55.43023217492181,33.9381066668366,26.30570942297736,38.166845097539806,0.0,0.0,0.0,0.0
2026-09-27,EP152026,10,2026-10-04 18:00:00,7 days 18:00:00,186,22.9,-176.46,993.5,50.6,19.188416054662696,222.1931567112058,105.94928999126978,86.76068031757706,189.320787984361,56.91681722244888,38.975441648830326,21.594798057966656,36.969341621300856,0.0,0.0,0.0,0.0
2026-09-27,EP152026,10,2026-10-05 00:00:00,8 days 00:00:00,192,23.23,-178.0,992.8,55.3,97.07435636108234,210.32167754374532,144.6134184307441,85.69384050921738,149.10845018148467,97.07435636108234,20.9254633578026,13.186769382012985,19.37031038712408,0.0,0.0,0.0,0.0
2026-09-27,EP152026,10,2026-10-05 06:00:00,8 days 06:00:00,198,23.85,-179.21,975.3,76.4,0.0,184.767135695176,147.85044018888004,94.04789677844828,135.4786993419266,70.09629601174919,55.514473931473816,40.62366903212079,56.83748263558715,22.40424391653248,18.12916599899466,13.430411593005957,19.20492820736452
2026-09-27,EP152026,10,2026-10-05 12:00:00,8 days 12:00:00,204,24.6,179.58,984.6,66.0,16.115049816515963,203.39289809484117,124.09944433443894,98.88393898130752,184.06191028797872,104.27242664514432,80.8055288164291,51.47600563009678,86.5558853058512,16.115049816515963,7.57167421757271,2.288923075815797,11.303759303874816
2026-09-27,EP152026,10,2026-10-05 18:00:00,8 days 18:00:00,210,24.9,178.36,985.2,74.1,36.32888632465746,193.2956458860508,145.7626642998382,116.63232672931176,178.50097871636365,90.81949081478156,68.87254609076416,52.962916209472766,85.59353850337251,43.25957890800567,33.57528432157754,26.208160259209656,38.8576189132437
2026-09-27,EP152026,10,2026-10-06 00:00:00,9 days 00:00:00,216,24.98,176.62,966.2,85.9,27.257438292533607,181.00217711210095,161.88782015751167,70.8373804608882,149.10506162832098,82.01483191650368,73.36907057758981,48.60806642235502,95.2851793476102,56.20280951851146,45.31030461967566,34.49669911435922,46.56721915836988
2026-09-27,EP152026,10,2026-10-06 06:00:00,9 days 06:00:00,222,24.93,175.06,976.4,79.3,18.398978453389844,222.42013521419003,162.60183350374473,112.53122701886484,169.4068161113937,70.96747590573023,42.89395632616447,29.742791982181583,55.09715502433778,32.482971707228444,23.920359712423164,17.902324504312297,27.40906350270889
2026-09-27,EP152026,10,2026-10-06 12:00:00,9 days 12:00:00,228,25.13,173.27,982.7,78.9,48.87235113323549,187.0956065745553,138.79644944904027,91.87851907731336,160.0922211593841,100.83056310408584,69.3206814553103,45.74064334591225,81.87882585193881,53.17244829489832,42.51062618265463,33.1015033968618,44.57641417335653
2026-09-27,EP152026,10,2026-10-06 18:00:00,9 days 18:00:00,234,24.81,171.21,971.3,86.2,2.235867653801052,213.28661348735045,162.64090334947485,84.26546793011251,158.49691042013288,82.93217270785874,59.04019729222928,28.48580553097996,64.03659453386898,42.36273911367616,30.975610052190994,24.27363301057177,34.49451875452713
2026-09-27,EP152026,10,2026-10-07 00:00:00,10 days 00:00:00,240,25.1,168.86,982.9,79.8,20.058059588770067,229.4131872384576,134.05154502409383,97.87279893548008,198.6588220859363,88.3720446916937,58.297927521283874,34.73851370792882,71.80274346288473,42.67442262005824,34.03888648040325,25.257312802843536,35.176063793134446
2026-09-27,EP152026,10,2026-10-07 06:00:00,10 days 06:00:00,246,25.57,166.38,976.9,73.8,0.0,194.97506753165212,109.89605698249976,45.33495930699205,115.86037762160076,79.041229466492,49.28107910702428,26.553438166908244,53.79810050598738,32.37265000927942,23.59775318438686,18.3411464911816,24.98271316401729
2026-09-27,EP152026,10,2026-10-07 12:00:00,10 days 12:00:00,252,26.56,164.21,980.5,78.8,11.990129895946213,202.08913465252965,148.47710912671977,127.9292862107122,189.88413473894013,107.02484297273236,84.155246351563,57.66604315464794,83.42515695218461,49.45025057076295,40.23447727889037,33.83051871275298,40.26273654203783
2026-09-27,EP152026,10,2026-10-07 18:00:00,10 days 18:00:00,258,28.0,161.77,991.7,65.6,45.75910136965382,194.00863095696377,152.93209721588505,66.72978515069553,111.99538048880208,63.89234099428813,50.05704906902327,26.38772778258867,45.75910136965382,0.948854414140346,0.0,0.0,45.75910136965382
2026-09-27,EP152026,10,2026-10-08 00:00:00,11 days 00:00:00,264,29.49,160.02,985.4,63.9,36.48248442822762,145.8817275578657,128.62778492009215,84.87066134430131,119.18339476289292,82.86369010137787,63.88389738910692,49.28265438078167,71.05882031242083,0.0,0.0,0.0,0.0
2026-09-27,EP152026,10,2026-10-08 06:00:00,11 days 06:00:00,270,31.5,159.12,993.5,59.6,22.86106244832889,115.43735582588576,144.23629727936216,100.01087446291773,56.81305870354701,70.06778948139157,65.64229904669101,46.38338369257794,45.44818360529089,0.0,0.0,0.0,0.0
2026-09-27,EP152026,10,2026-10-08 12:00:00,11 days 12:00:00,276,33.68,159.24,987.2,67.7,18.02710394787232,136.68911512770129,150.2427210037202,84.85752812873417,82.56223364964771,47.63833160793233,46.55725390524874,27.50783824864508,29.27941883059465,18.02710394787232,0.4760212084957005,0.0230653053779035,0.2965924983859491
2026-09-27,EP152026,10,2026-10-08 18:00:00,11 days 18:00:00,282,36.19,160.52,981.0,69.9,33.00638954615469,136.5501360471137,136.53829421079786,109.40748382469374,88.6859523954473,75.58209790125623,75.58289547876252,54.555944383639925,51.91141052999633,18.66118127968953,33.00638954615469,14.83424446487211,14.096730383305978
2026-09-27,EP152026,10,2026-10-09 00:00:00,12 days 00:00:00,288,38.48,163.18,988.9,54.4,0.0,88.6858819066963,109.1631288827534,80.52909066351128,33.20574019564603,43.02038649841259,51.909663537217895,38.92438583829069,28.71155618614876,0.0,0.0,0.0,0.0
2026-09-27,EP152026,10,2026-10-09 06:00:00,12 days 06:00:00,294,40.21,167.26,994.5,40.3,55.21306007783841,201.10071776565252,235.3272126770086,216.74344691912177,153.52556638938862,0.0,0.0,0.0,0.0,0.0,0.0,0.0,0.0
2026-09-27,EP152026,10,2026-10-09 12:00:00,12 days 12:00:00,300,41.23,172.88,994.2,39.5,111.0284536011498,244.1716748936334,312.20279372003824,225.8520105877219,213.8130845906064,0.0,0.0,0.0,0.0,0.0,0.0,0.0,0.0
2026-09-27,EP152026,10,2026-10-09 18:00:00,12 days 18:00:00,306,40.9,177.93,994.8,40.9,41.524548560391295,213.8355715295548,293.33416678924385,292.17621876744045,199.9290516565729,0.0,0.0,0.0,0.0,0.0,0.0,0.0,0.0
2026-09-27,EP152026,10,2026-10-10 00:00:00,13 days 00:00:00,312,40.23,-178.58,999.0,36.8,49.20800681038955,19.600498723332308,80.39551792653887,94.9420394215964,16.255422448457793,0.0,0.0,0.0,0.0,0.0,0.0,0.0,0.0
2026-09-27,EP152026,10,2026-10-10 06:00:00,13 days 06:00:00,318,38.97,-174.9,1007.4,29.3,64.30982542298153,0.0,0.0,0.0,0.0,0.0,0.0,0.0,0.0,0.0,0.0,0.0,0.0
2026-09-27,EP162026,10,2026-09-27 00:00:00,0 days 00:00:00,0,20.8,-123.6,975.0,76.0,28.0,167.0,167.0,148.0,185.0,93.0,74.0,74.0,93.0,65.0,46.0,37.0,56.0
2026-09-27,EP162026,10,2026-09-27 06:00:00,0 days 06:00:00,6,21.39,-123.22,989.8,57.2,33.387445635364486,147.57286765901324,135.47906216341403,80.73125410743631,141.1693566935702,84.87613767816458,69.87008832876387,42.178932623781066,63.65549525814384,0.0,0.0,0.0,0.0
2026-09-27,EP162026,10,2026-09-27 12:00:00,0 days 12:00:00,12,21.78,-123.26,994.3,42.8,73.41071869621284,168.7127145541752,169.37875152755984,107.30869269711076,121.53014634528124,0.0,0.0,0.0,0.0,0.0,0.0,0.0,0.0
2026-09-27,EP162026,10,2026-09-27 18:00:00,0 days 18:00:00,18,21.94,-123.13,1002.5,32.2,70.30778349190237,0.0,0.0,0.0,0.0,0.0,0.0,0.0,0.0,0.0,0.0,0.0,0.0
2026-09-27,EP162026,10,2026-09-28 00:00:00,1 days 00:00:00,24,22.13,-123.19,998.8,35.3,75.00747730792833,75.00747730792833,38.67746905895872,35.34184085211699,48.36112786933839,0.0,0.0,0.0,0.0,0.0,0.0,0.0,0.0
2026-09-27,EP162026,10,2026-09-28 06:00:00,1 days 06:00:00,30,21.97,-123.01,1002.2,24.7,111.88621548554732,0.0,0.0,0.0,0.0,0.0,0.0,0.0,0.0,0.0,0.0,0.0,0.0
2026-09-27,EP162026,10,2026-09-28 12:00:00,1 days 12:00:00,36,21.97,-122.75,1003.7,23.2,99.8511965878132,0.0,0.0,0.0,0.0,0.0,0.0,0.0,0.0,0.0,0.0,0.0,0.0
2026-09-27,EP162026,10,2026-09-28 18:00:00,1 days 18:00:00,42,21.84,-122.44,1005.2,29.1,70.33755490930935,0.0,0.0,0.0,0.0,0.0,0.0,0.0,0.0,0.0,0.0,0.0,0.0
2026-09-27,EP162026,10,2026-09-29 00:00:00,2 days 00:00:00,48,21.36,-122.58,1004.4,24.9,62.64162391088973,0.0,0.0,0.0,0.0,0.0,0.0,0.0,0.0,0.0,0.0,0.0,0.0
2026-09-27,EP162026,10,2026-09-29 06:00:00,2 days 06:00:00,54,20.72,-122.65,1007.4,20.5,68.97457243031522,0.0,0.0,0.0,0.0,0.0,0.0,0.0,0.0,0.0,0.0,0.0,0.0
2026-09-27,EP162026,10,2026-09-29 12:00:00,2 days 12:00:00,60,20.32,-122.3,1008.1,19.4,77.84214591148037,0.0,0.0,0.0,0.0,0.0,0.0,0.0,0.0,0.0,0.0,0.0,0.0
2026-09-27,EP162026,10,2026-09-29 18:00:00,2 days 18:00:00,66,19.95,-122.35,1003.8,24.9,61.59794807914191,0.0,0.0,0.0,0.0,0.0,0.0,0.0,0.0,0.0,0.0,0.0,0.0
2026-09-27,EP162026,10,2026-09-30 00:00:00,3 days 00:00:00,72,19.44,-123.2,1007.5,22.5,95.86826805009564,0.0,0.0,0.0,0.0,0.0,0.0,0.0,0.0,0.0,0.0,0.0,0.0
2026-09-27,EP162026,10,2026-09-30 06:00:00,3 days 06:00:00,78,18.5,-123.8,1005.6,23.0,140.36626332413925,0.0,0.0,0.0,0.0,0.0,0.0,0.0,0.0,0.0,0.0,0.0,0.0
2026-09-27,EP172026,10,2026-09-27 00:00:00,0 days 00:00:00,0,19.0,-112.9,946.0,111.0,28.0,259.0,185.0,167.0,185.0,111.0,111.0,93.0,93.0,65.0,65.0,46.0,56.0
2026-09-27,EP172026,10,2026-09-27 06:00:00,0 days 06:00:00,6,19.85,-113.17,948.8,105.7,48.00736054173736,219.57599758717893,217.58210855740805,180.56399826617897,155.93695554498623,90.03187980664478,88.8021980287608,60.85210258960522,67.46246163329204,48.039394124868224,41.86520469534406,30.726547936994702,40.20249600415664
2026-09-27,EP172026,10,2026-09-27 12:00:00,0 days 12:00:00,12,20.7,-113.7,951.3,112.4,12.801767789095145,195.70624955925285,256.9735249068707,148.78778657467575,129.61245702303074,112.58205347082688,106.1573470050482,76.28787358568512,82.73375522559058,60.49361161557034,54.576222550000175,43.37255659119848,51.35817783791798
2026-09-27,EP172026,10,2026-09-27 18:00:00,0 days 18:00:00,18,21.44,-114.18,951.5,115.0,29.736795310789347,195.42849934904552,172.66718912945146,157.30558459517226,149.60966209342996,106.07191546357352,91.48811078624055,75.02730894216222,82.91762616238276,64.2845739759359,58.85178139169184,47.92551917899408,53.70838144117653
2026-09-27,EP172026,10,2026-09-28 00:00:00,1 days 00:00:00,24,22.53,-114.32,942.3,114.3,21.52114466184335,175.39891269944562,220.18766931059267,141.72872621608613,122.0671808615204,67.30557178735853,77.7692697261144,54.79490004541806,46.36893902482694,42.58576256585175,42.26775053062516,34.79489254958672,33.36490688884329
2026-09-27,EP172026,10,2026-09-28 06:00:00,1 days 06:00:00,30,23.26,-114.3,946.4,111.4,22.55767156685336,151.91254500933962,195.78277113861077,137.15020641993297,125.95082293315836,97.91792805511103,98.10742819173412,71.83872734447257,70.7048258869121,57.44462691098912,55.29337167451886,44.30148737592607,48.13549487359856
2026-09-27,EP172026,10,2026-09-28 12:00:00,1 days 12:00:00,36,24.37,-113.8,952.1,105.8,13.881362231433345,173.0029992938134,193.67992199178605,116.8350886298637,140.3269790250202,57.27012906733843,63.068693661105385,36.33548253850126,43.50952247666692,44.46489025154746,39.56655532676376,29.482734981040835,34.92787097933799
2026-09-27,EP172026,10,2026-09-28 18:00:00,1 days 18:00:00,42,25.13,-113.21,970.5,84.7,20.3151201073556,161.9186297481525,147.59057151213474,119.56219737739484,114.48576591318252,107.69891308456948,102.2392415073759,66.42185482371485,76.79823060155965,65.38159703375082,59.99647104618381,44.66911045011501,53.13130414887203
2026-09-27,EP172026,10,2026-09-29 00:00:00,2 days 00:00:00,48,26.14,-112.66,974.5,76.7,22.02849904060895,162.6617349636581,127.45887699619198,69.33303195061785,96.52654977490964,80.43226495574072,73.88662821341904,47.07201637592516,63.58641808013135,36.43396724678746,34.11508218490599,24.12458011963963,29.00307542057044
2026-09-27,EP172026,10,2026-09-29 06:00:00,2 days 06:00:00,54,26.89,-111.8,984.5,58.1,59.18253714838711,125.48070042205934,144.4571670039262,75.11966850005919,92.93560121744504,24.379105069626924,59.18253714838711,18.336233914084985,17.13744370338816,0.0,0.0,0.0,0.0
2026-09-27,EP172026,10,2026-09-29 12:00:00,2 days 12:00:00,60,28.1,-111.25,994.9,42.7,62.53892945473616,101.4883479153635,105.09522025638462,64.76278599236409,74.88261204235131,0.0,0.0,0.0,0.0,0.0,0.0,0.0,0.0
2026-09-27,EP902026,10,2026-09-27 00:00:00,0 days 00:00:00,0,12.0,-98.6,1008.0,25.0,111.0,0.0,0.0,0.0,0.0,0.0,0.0,0.0,0.0,0.0,0.0,0.0,0.0
2026-09-27,EP902026,10,2026-09-27 06:00:00,0 days 06:00:00,6,11.77,-98.49,1005.2,29.7,99.74738396292275,0.0,0.0,0.0,0.0,0.0,0.0,0.0,0.0,0.0,0.0,0.0,0.0
2026-09-27,EP902026,10,2026-09-27 12:00:00,0 days 12:00:00,12,11.85,-98.44,1003.6,35.3,113.40404600260496,113.40404600260496,71.03142950232174,29.55223171042374,60.23595984568061,0.0,0.0,0.0,0.0,0.0,0.0,0.0,0.0
2026-09-27,EP902026,10,2026-09-27 18:00:00,0 days 18:00:00,18,12.27,-98.87,1006.6,36.8,104.34432476369489,104.34432476369489,1.9097800448382145,0.0,10.611904637482866,0.0,0.0,0.0,0.0,0.0,0.0,0.0,0.0
2026-09-27,EP902026,10,2026-09-28 00:00:00,1 days 00:00:00,24,12.7,-99.07,1000.7,41.1,73.18543868104227,206.7704502474623,187.12681946141132,113.7374348934156,143.78353713665376,0.0,0.0,0.0,0.0,0.0,0.0,0.0,0.0
2026-09-27,EP902026,10,2026-09-28 06:00:00,1 days 06:00:00,30,13.2,-99.64,1001.7,46.0,50.12724239616645,138.73735157892932,121.80254093418432,68.11266634757166,100.5471336361257,0.0,0.0,0.0,0.0,0.0,0.0,0.0,0.0
2026-09-27,EP902026,10,2026-09-28 12:00:00,1 days 12:00:00,36,13.85,-100.51,999.1,45.0,99.3218022526822,61.985527947464064,99.3218022526822,46.025759535046106,47.69169402038984,0.0,0.0,0.0,0.0,0.0,0.0,0.0,0.0
2026-09-27,EP902026,10,2026-09-28 18:00:00,1 days 18:00:00,42,14.24,-101.72,1000.8,47.9,54.3536973267353,190.04711003716983,177.78640673223978,120.80824751283455,159.86148997318531,0.0,0.0,0.0,0.0,0.0,0.0,0.0,0.0
2026-09-27,EP902026,10,2026-09-29 00:00:00,2 days 00:00:00,48,14.57,-103.03,992.8,52.6,46.34288073567999,268.7370642261736,241.39084433896377,184.38834203324384,255.96506000289415,46.34288073567999,21.417611847721364,14.77553005145251,24.365792206807885,0.0,0.0,0.0,0.0
2026-09-27,EP902026,10,2026-09-29 06:00:00,2 days 06:00:00,54,15.12,-104.01,990.8,56.7,53.48767882859261,160.0361900948334,199.31902502569017,123.6844558579748,138.9064300104526,96.57623076278615,80.58126322034724,55.66396365186634,71.12421256307215,0.0,0.0,0.0,0.0
2026-09-27,EP902026,10,2026-09-29 12:00:00,2 days 12:00:00,60,15.42,-104.94,983.4,65.8,29.27031821205994,181.0004201846781,179.40130147722255,164.46400182408232,152.79791561526065,101.3825190090335,83.62361100308345,61.32968675818355,83.12038304804005,31.645287310882168,26.188224015556607,20.668172588912192,26.69900600496251
2026-09-27,EP902026,10,2026-09-29 18:00:00,2 days 18:00:00,66,15.99,-106.03,979.8,72.6,3.656231484736957,223.5072752613854,228.0829901651917,173.50484043918618,180.71184097380356,109.58885721136504,94.18122623340894,62.31169764055526,84.79983760375808,32.214205339219326,25.964518627811746,18.470344427126765,24.519335289400264
2026-09-27,EP902026,10,2026-09-30 00:00:00,3 days 00:00:00,72,16.5,-106.62,971.1,81.1,25.445712907341573,203.5039072487456,231.39523837834813,142.48049749828553,143.7259811118539,90.06861243307236,75.37937048411678,39.58908248981264,61.556165780552,26.29814104742397,20.27797592911578,10.49199395246763,18.113199288235087
2026-09-27,EP902026,10,2026-09-30 06:00:00,3 days 06:00:00,78,17.41,-107.35,958.7,103.3,17.20926528269964,214.6566766721728,245.553506357674,179.4216290944511,175.76816796887377,107.08614133038829,92.80434787085986,71.62076413646437,83.97374721090432,64.8819422745011,55.78910850256842,45.71583714180348,56.373130688869615
2026-09-27,EP902026,10,2026-09-30 12:00:00,3 days 12:00:00,84,17.92,-108.15,953.7,108.7,13.315455404266103,210.13354794023937,189.8877851041562,163.3574314409016,179.6507011460718,101.1871262776216,78.13024686292636,62.87648062111487,79.35793522451968,49.945408909465016,40.659430532105695,31.852977944411464,42.5978302482846
2026-09-27,EP902026,10,2026-09-30 18:00:00,3 days 18:00:00,90,18.28,-109.03,943.1,108.0,24.64963765401836,228.0608475624174,192.97843409389785,178.96449422955666,197.5968686802064,111.60267248655316,95.36857328906608,84.01851499915637,97.3519325366925,54.47378782157454,47.484034654190026,39.85336802148531,46.86898748355569
2026-09-27,EP902026,10,2026-10-01 00:00:00,4 days 00:00:00,96,18.63,-109.28,948.0,107.7,0.0,181.639927141036,196.7080221467495,189.63339731701265,160.0386301460901,98.30575795383676,95.99761551583094,81.47562529089612,85.11674421043926,51.32542829669842,47.46274010335321,38.04372905760084,45.241551103935535
2026-09-27,EP902026,10,2026-10-01 06:00:00,4 days 06:00:00,102,18.44,-109.91,949.1,111.8,14.937797748462032,175.10123765923697,206.7297593506181,193.3669007546215,172.2249019492006,102.53465421170114,90.28616135024735,83.619507085641,102.05566727623648,61.3049131340498,49.68011917954604,44.531546780940616,56.61491879041717
2026-09-27,EP902026,10,2026-10-01 12:00:00,4 days 12:00:00,108,18.58,-110.04,961.5,88.8,28.807922706382055,208.6121250228328,204.8711785336282,187.00657794620008,175.24973478233983,89.90219633833487,80.1023273726664,77.49328971675997,76.88650282130769,44.179974001781815,42.37887066926062,36.62833626234553,39.46357864936
2026-09-27,EP902026,10,2026-10-01 18:00:00,4 days 18:00:00,114,18.51,-110.63,963.5,88.7,39.49335020636568,180.9434381387312,225.43242501039964,212.59823931499056,212.41810009907687,98.72157869540922,101.30764760385787,99.7789319809452,101.35876974837272,65.84109706205071,60.23982842447747,57.91983169766968,61.07257566788404
2026-09-27,EP902026,10,2026-10-02 00:00:00,5 days 00:00:00,120,18.85,-110.5,975.9,68.8,11.0799977401632,161.01632985485838,185.75435625937277,177.7420533071903,167.6112976554565,89.13331945254163,91.61335986335008,72.30428624298592,75.66354506327369,28.997210050728757,30.37411350621872,25.27091761613567,25.375397710997674
2026-09-27,EP902026,10,2026-10-02 06:00:00,5 days 06:00:00,126,19.15,-110.17,986.9,51.0,91.88081338865068,201.6681162199178,200.75437534967452,146.4968420575554,159.60081503865194,91.88081338865068,6.734660727929647,0.579874364074243,0.5609600523541083,0.0,0.0,0.0,0.0
2026-09-27,EP902026,10,2026-10-02 12:00:00,5 days 12:00:00,132,19.31,-110.51,993.0,46.8,46.18094086637322,190.96147443793015,208.09297482799175,172.9233774204156,163.1665890758581,0.0,0.0,0.0,0.0,0.0,0.0,0.0,0.0
2026-09-27,EP902026,10,2026-10-02 18:00:00,5 days 18:00:00,138,19.54,-110.32,998.6,35.1,79.56796052596884,31.50730235644815,79.56796052596884,28.745128762999244,9.100099841118018,0.0,0.0,0.0,0.0,0.0,0.0,0.0,0.0
2026-09-27,EP902026,10,2026-10-03 00:00:00,6 days 00:00:00,144,20.04,-110.94,998.9,33.6,62.09395384529709,0.0,0.0,0.0,0.0,0.0,0.0,0.0,0.0,0.0,0.0,0.0,0.0
2026-09-27,EP902026,10,2026-10-03 06:00:00,6 days 06:00:00,150,19.99,-111.83,998.9,31.4,89.62285739417791,0.0,0.0,0.0,0.0,0.0,0.0,0.0,0.0,0.0,0.0,0.0,0.0
2026-09-27,EP902026,10,2026-10-03 12:00:00,6 days 12:00:00,156,20.0,-112.11,998.2,34.2,50.277503468635416,0.0,0.0,50.277503468635416,0.0,0.0,0.0,0.0,0.0,0.0,0.0,0.0,0.0
2026-09-27,EP902026,10,2026-10-03 18:00:00,6 days 18:00:00,162,20.09,-112.56,1000.5,26.7,71.16995415421542,0.0,0.0,0.0,0.0,0.0,0.0,0.0,0.0,0.0,0.0,0.0,0.0
2026-09-27,EP902026,10,2026-10-04 00:00:00,7 days 00:00:00,168,19.81,-112.56,1001.1,29.8,99.59413304484346,0.0,0.0,0.0,0.0,0.0,0.0,0.0,0.0,0.0,0.0,0.0,0.0
2026-09-27,EP902026,10,2026-10-04 06:00:00,7 days 06:00:00,174,19.68,-112.63,1001.3,25.3,122.17085832061798,0.0,0.0,0.0,0.0,0.0,0.0,0.0,0.0,0.0,0.0,0.0,0.0
2026-09-27,EP902026,10,2026-10-04 12:00:00,7 days 12:00:00,180,19.55,-112.45,1000.9,26.8,40.28963221373313,0.0,0.0,0.0,0.0,0.0,0.0,0.0,0.0,0.0,0.0,0.0,0.0
2026-09-27,EP902026,10,2026-10-04 18:00:00,7 days 18:00:00,186,19.73,-112.87,1001.7,34.0,72.46251348953683,0.0,0.0,0.0,0.0,0.0,0.0,0.0,0.0,0.0,0.0,0.0,0.0
2026-09-27,EP902026,10,2026-10-05 00:00:00,8 days 00:00:00,192,19.76,-113.39,1002.3,31.2,71.08322750755161,0.0,0.0,0.0,0.0,0.0,0.0,0.0,0.0,0.0,0.0,0.0,0.0
2026-09-27,EP902026,10,2026-10-05 06:00:00,8 days 06:00:00,198,19.61,-113.9,1001.9,35.5,84.65546381434737,0.3982272827117441,4.800457842020705,84.65546381434737,0.0,0.0,0.0,0.0,0.0,0.0,0.0,0.0,0.0
2026-09-27,EP902026,10,2026-10-05 12:00:00,8 days 12:00:00,204,19.65,-114.57,1000.2,39.2,76.53952465858421,12.195753280727352,76.53952465858421,5.842251779185499,0.0,0.0,0.0,0.0,0.0,0.0,0.0,0.0,0.0
2026-09-27,EP902026,10,2026-10-05 18:00:00,8 days 18:00:00,210,19.8,-115.18,1002.8,31.8,70.55120358705786,0.0,0.0,0.0,0.0,0.0,0.0,0.0,0.0,0.0,0.0,0.0,0.0
2026-09-27,EP902026,10,2026-10-06 00:00:00,9 days 00:00:00,216,20.05,-115.94,1004.8,34.3,75.63855639339543,75.63855639339543,32.75255997618484,28.517121880077607,35.92889709018619,0.0,0.0,0.0,0.0,0.0,0.0,0.0,0.0
2026-09-27,EP902026,10,2026-10-06 06:00:00,9 days 06:00:00,222,19.82,-116.56,1001.4,37.0,69.27244759123244,69.27244759123244,0.0,0.0,0.0,0.0,0.0,0.0,0.0,0.0,0.0,0.0,0.0
2026-09-27,EP902026,10,2026-10-06 12:00:00,9 days 12:00:00,228,20.11,-117.28,999.9,37.8,68.64787735348489,25.153242938938547,68.64787735348489,9.928515631889006,20.328461667114517,0.0,0.0,0.0,0.0,0.0,0.0,0.0,0.0
2026-09-27,EP902026,10,2026-10-06 18:00:00,9 days 18:00:00,234,20.08,-117.96,1001.3,39.8,52.99660389101172,92.35760175252295,91.43672744352364,64.68399915919544,77.61852624658647,0.0,0.0,0.0,0.0,0.0,0.0,0.0,0.0
2026-09-27,EP902026,10,2026-10-07 00:00:00,10 days 00:00:00,240,20.64,-118.86,991.1,53.8,21.715356943053123,130.86350441591816,99.25278093352937,60.36919074123016,111.4486837483753,22.36330489305232,15.440397590399934,5.232844464900045,17.673836826214096,0.0,0.0,0.0,0.0
2026-09-27,EP902026,10,2026-10-07 06:00:00,10 days 06:00:00,246,20.95,-119.77,987.9,62.4,29.306808025495627,91.44058349913595,81.78066083593568,78.15122584654361,93.62051345903146,46.21221070588711,36.46335348149568,24.62080909968665,36.941455326106265,0.0,0.0,0.0,0.0
2026-09-27,EP902026,10,2026-10-07 12:00:00,10 days 12:00:00,252,21.23,-120.71,984.0,68.4,12.039892926160356,75.01220020258948,64.25183291741362,76.49266643612272,100.07590946370216,47.57551801571395,37.45542394364394,31.787006111816112,44.19587620916636,17.489522643939107,13.768008359293445,11.5658953298399,15.769508392301097
2026-09-27,EP902026,10,2026-10-07 18:00:00,10 days 18:00:00,258,21.53,-121.47,987.0,65.0,32.87205489282721,61.523335747135015,68.90245993706749,57.611834582931095,73.95263618791041,40.74674281645151,35.5249310680358,30.48162732534132,37.67061550865166,32.87205489282721,19.257198703017004,15.63246574341709,19.61336853013713
2026-09-27,EP902026,10,2026-10-08 00:00:00,11 days 00:00:00,264,21.82,-122.4,986.2,63.0,45.55989309361334,78.9947147627513,87.93476707379929,75.38303291015009,101.49079465693195,45.55989309361334,33.988369619234575,26.38226294536078,34.994028387450385,0.0,0.0,0.0,0.0
2026-09-27,EP902026,10,2026-10-08 06:00:00,11 days 06:00:00,270,22.17,-123.11,984.1,62.0,14.230358151421306,95.58614415507304,107.52717519417496,67.45514002072119,64.18637618581342,44.04695728304043,38.52113042873159,23.87925033270737,35.81165541255529,0.0,0.0,0.0,0.0
2026-09-27,EP902026,10,2026-10-08 12:00:00,11 days 12:00:00,276,22.38,-123.86,995.8,54.4,10.649248873907167,75.63113621926095,70.29358798321115,53.25999613295292,74.03958535138571,50.38637408715445,45.09243071403628,28.60659496036675,39.28678312852173,0.0,0.0,0.0,0.0
2026-09-27,EP902026,10,2026-10-08 18:00:00,11 days 18:00:00,282,22.85,-124.23,1001.4,43.9,26.254328078494616,135.75786733714426,101.14251093800556,83.69787744444454,113.57568404250496,0.0,0.0,0.0,0.0,0.0,0.0,0.0,0.0
2026-09-27,EP902026,10,2026-10-09 00:00:00,12 days 00:00:00,288,23.14,-124.97,999.6,40.4,40.23306179120638,63.75570322194797,52.44241679310305,34.35229463334948,46.79265502797897,0.0,0.0,0.0,0.0,0.0,0.0,0.0,0.0
2026-09-27,EP902026,10,2026-10-09 06:00:00,12 days 06:00:00,294,23.1,-125.65,1001.4,42.5,25.673162562579943,63.39812408457725,41.18674367000541,26.28206068039484,54.64539347168305,0.0,0.0,0.0,0.0,0.0,0.0,0.0,0.0
2026-09-27,EP902026,10,2026-10-09 12:00:00,12 days 12:00:00,300,23.14,-126.47,1004.2,33.1,62.58405270961238,0.0,0.0,0.0,0.0,0.0,0.0,0.0,0.0,0.0,0.0,0.0,0.0
2026-09-27,EP902026,10,2026-10-09 18:00:00,12 days 18:00:00,306,22.95,-127.06,1005.1,29.4,52.207988150078535,0.0,0.0,0.0,0.0,0.0,0.0,0.0,0.0,0.0,0.0,0.0,0.0
2026-09-27,EP902026,10,2026-10-10 00:00:00,13 days 00:00:00,312,23.04,-127.86,1006.7,28.6,65.06030368050503,0.0,0.0,0.0,0.0,0.0,0.0,0.0,0.0,0.0,0.0,0.0,0.0
2026-09-27,EP902026,10,2026-10-10 06:00:00,13 days 06:00:00,318,22.5,-128.51,1007.0,25.3,51.80739417872349,0.0,0.0,0.0,0.0,0.0,0.0,0.0,0.0,0.0,0.0,0.0,0.0
2026-09-27,EP902026,10,2026-10-10 12:00:00,13 days 12:00:00,324,22.09,-129.49,1008.0,26.1,34.73077188068373,0.0,0.0,0.0,0.0,0.0,0.0,0.0,0.0,0.0,0.0,0.0,0.0
2026-09-27,EP902026,10,2026-10-10 18:00:00,13 days 18:00:00,330,21.63,-130.06,1007.3,23.5,72.759449615461,0.0,0.0,0.0,0.0,0.0,0.0,0.0,0.0,0.0,0.0,0.0,0.0
2026-09-27,EP902026,10,2026-10-11 00:00:00,14 days 00:00:00,336,21.35,-130.46,1005.3,21.1,78.1814756584045,0.0,0.0,0.0,0.0,0.0,0.0,0.0,0.0,0.0,0.0,0.0,0.0
2026-09-27,EP902026,10,2026-10-11 06:00:00,14 days 06:00:00,342,20.69,-131.19,1005.7,23.9,131.92499437303707,0.0,0.0,0.0,0.0,0.0,0.0,0.0,0.0,0.0,0.0,0.0,0.0
2026-09-27,EP902026,10,2026-10-11 12:00:00,14 days 12:00:00,348,20.6,-131.73,1005.8,23.0,80.68662323215054,0.0,0.0,0.0,0.0,0.0,0.0,0.0,0.0,0.0,0.0,0.0,0.0
2026-09-27,EP902026,10,2026-10-11 18:00:00,14 days 18:00:00,354,20.42,-132.43,1006.1,17.9,105.8876471541232,0.0,0.0,0.0,0.0,0.0,0.0,0.0,0.0,0.0,0.0,0.0,0.0
2026-09-27,EP902026,10,2026-10-12 00:00:00,15 days 00:00:00,360,19.94,-132.62,1004.9,24.9,113.94274646244088,0.0,0.0,0.0,0.0,0.0,0.0,0.0,0.0,0.0,0.0,0.0,0.0
2026-09-27,WP252026,10,2026-09-27 00:00:00,0 days 00:00:00,0,24.6,127.6,964.0,89.0,22.0,102.0,121.0,102.0,93.0,,,,,,,,
2026-09-27,WP252026,10,2026-09-27 06:00:00,0 days 06:00:00,6,25.2,128.24,939.6,115.9,16.767960899180224,97.6957035662702,160.28199097753907,115.4842097379032,55.26687334118924,69.2402211134526,91.58577447798297,75.41778424770843,55.26687334118924,42.32826670688601,46.968003734829466,40.466253528802014,37.55813441085709
2026-09-27,WP252026,10,2026-09-27 12:00:00,0 days 12:00:00,12,26.15,128.9,931.2,123.6,25.12128296065885,90.7082773323682,159.33053888028735,111.64399389728896,75.42640683700711,66.37660922138457,78.95765221904821,63.27214301084723,52.98036405384573,35.06638229103373,35.32206615822315,32.133476419733825,30.207557023647496
2026-09-27,WP252026,10,2026-09-27 18:00:00,0 days 18:00:00,18,26.61,129.98,944.4,107.9,8.694104417319082,100.50507443671724,162.11983353074868,144.81057904216237,87.6094689427702,49.99354688264151,62.26312016379672,51.86509358931092,38.244478870474566,27.88260650001959,28.739142546754167,23.520429015881035,22.857404052740364
2026-09-27,WP252026,10,2026-09-28 00:00:00,1 days 00:00:00,24,27.21,130.96,968.3,81.3,22.08071832013377,95.14195237897786,140.51785695371166,98.70051767745484,86.0530655268874,60.27052682285768,77.31169694986852,59.18325090238511,51.556426010945415,40.96615257959763,40.39201870409738,31.15340470244649,31.413965743386427
2026-09-27,WP252026,10,2026-09-28 06:00:00,1 days 06:00:00,30,27.84,131.95,980.1,71.9,31.41732889904391,123.62824736319166,163.27205141203905,130.11199451238917,102.78992242244564,60.38090216909527,72.3949960312774,56.94156498832553,47.86100471571324,31.06730704725381,33.13408122671873,29.620300883308424,25.00290096895867
2026-09-27,WP252026,10,2026-09-28 12:00:00,1 days 12:00:00,36,28.66,133.03,990.3,54.2,41.5852975441437,133.45445025732835,172.55650614361852,122.35189597525137,100.73095116190966,36.09749565741197,43.87763519387052,25.817558843455487,21.933121801829422,0.0,0.0,0.0,0.0
2026-09-27,WP252026,10,2026-09-28 18:00:00,1 days 18:00:00,42,29.23,134.0,987.5,53.8,67.88852005889896,196.4785626034181,233.05578156062347,154.13023296037,128.7876047457919,32.9760651342155,67.88852005889896,23.983075863453,20.8095101201219,0.0,0.0,0.0,0.0
2026-09-27,WP252026,10,2026-09-29 00:00:00,2 days 00:00:00,48,30.25,135.02,999.8,41.1,82.63658329502249,151.17957157560716,172.09161655112507,103.12746296401376,102.26339728050316,0.0,0.0,0.0,0.0,0.0,0.0,0.0,0.0
2026-09-27,WP252026,10,2026-09-29 06:00:00,2 days 06:00:00,54,31.07,136.45,995.0,40.8,93.47311263057205,136.0899802929525,177.5731736627325,135.55706419559448,90.13958529333712,0.0,0.0,0.0,0.0,0.0,0.0,0.0,0.0
2026-09-27,WP252026,10,2026-09-29 12:00:00,2 days 12:00:00,60,32.17,139.18,998.4,42.2,92.50743644587968,61.7847752023758,92.50743644587968,36.62521312665263,28.285957322901805,0.0,0.0,0.0,0.0,0.0,0.0,0.0,0.0
2026-09-27,WP252026,10,2026-09-29 18:00:00,2 days 18:00:00,66,33.44,140.89,995.2,30.8,149.49473364662845,0.0,0.0,0.0,0.0,0.0,0.0,0.0,0.0,0.0,0.0,0.0,0.0
2026-09-27,WP252026,10,2026-09-30 00:00:00,3 days 00:00:00,72,34.97,144.3,996.1,47.5,84.05303198314888,127.7681628476843,180.4015567214552,81.10695537164675,53.1702134020171,0.0,0.0,0.0,0.0,0.0,0.0,0.0,0.0
2026-09-27,WP252026,10,2026-09-30 06:00:00,3 days 06:00:00,78,36.29,147.15,994.7,36.0,163.2878845805783,199.3298036151533,254.93359285210045,206.7666687825165,147.61563662808635,0.0,0.0,0.0,0.0,0.0,0.0,0.0,0.0
2026-09-27,WP252026,10,2026-09-30 12:00:00,3 days 12:00:00,84,36.89,149.69,997.8,35.9,130.84677755577098,23.971093612749268,130.84677755577098,41.81937155973162,32.881717626229005,0.0,0.0,0.0,0.0,0.0,0.0,0.0,0.0
2026-09-27,WP252026,10,2026-09-30 18:00:00,3 days 18:00:00,90,37.28,151.79,996.1,33.1,131.08015836430943,0.0,0.0,0.0,0.0,0.0,0.0,0.0,0.0,0.0,0.0,0.0,0.0
2026-09-27,WP252026,10,2026-10-01 00:00:00,4 days 00:00:00,96,37.39,154.47,998.6,33.2,121.205425513303,0.0,0.0,0.0,0.0,0.0,0.0,0.0,0.0,0.0,0.0,0.0,0.0
2026-09-27,WP252026,10,2026-10-01 06:00:00,4 days 06:00:00,102,38.18,157.32,996.0,30.2,162.30781831159078,0.0,0.0,0.0,0.0,0.0,0.0,0.0,0.0,0.0,0.0,0.0,0.0
2026-09-27,WP252026,10,2026-10-01 12:00:00,4 days 12:00:00,108,38.56,159.35,1005.2,27.2,91.53632625430669,0.0,0.0,0.0,0.0,0.0,0.0,0.0,0.0,0.0,0.0,0.0,0.0
2026-09-27,WP252026,10,2026-10-01 18:00:00,4 days 18:00:00,114,39.46,161.34,998.9,24.9,131.11034431993815,0.0,0.0,0.0,0.0,0.0,0.0,0.0,0.0,0.0,0.0,0.0,0.0
2026-09-27,WP252026,10,2026-10-02 00:00:00,5 days 00:00:00,120,40.12,163.56,1002.3,31.6,82.87267489237856,0.0,0.0,0.0,0.0,0.0,0.0,0.0,0.0,0.0,0.0,0.0,0.0
2026-09-27,WP252026,10,2026-10-02 06:00:00,5 days 06:00:00,126,41.1,166.31,1004.7,29.3,100.7490203951008,0.0,0.0,0.0,0.0,0.0,0.0,0.0,0.0,0.0,0.0,0.0,0.0
2026-09-27,AL062026,11,2026-09-27 00:00:00,0 days 00:00:00,0,29.8,-43.9,1010.0,29.0,56.0,0.0,0.0,0.0,0.0,0.0,0.0,0.0,0.0,0.0,0.0,0.0,0.0
2026-09-27,AL062026,11,2026-09-27 06:00:00,0 days 06:00:00,6,29.65,-44.15,1014.0,23.5,105.34979276415896,0.0,0.0,0.0,0.0,0.0,0.0,0.0,0.0,0.0,0.0,0.0,0.0
2026-09-27,AL062026,11,2026-09-27 12:00:00,0 days 12:00:00,12,29.42,-44.03,1011.6,21.7,62.19884293081137,0.0,0.0,0.0,0.0,0.0,0.0,0.0,0.0,0.0,0.0,0.0,0.0
2026-09-27,AL062026,11,2026-09-27 18:00:00,0 days 18:00:00,18,29.36,-43.81,1009.9,27.4,132.5036577310023,0.0,0.0,0.0,0.0,0.0,0.0,0.0,0.0,0.0,0.0,0.0,0.0
2026-09-27,AL062026,11,2026-09-28 00:00:00,1 days 00:00:00,24,28.77,-44.27,1013.1,25.5,119.30070540892712,0.0,0.0,0.0,0.0,0.0,0.0,0.0,0.0,0.0,0.0,0.0,0.0
2026-09-27,EP152026,11,2026-09-27 00:00:00,0 days 00:00:00,0,16.7,-156.1,972.0,80.0,37.0,241.0,185.0,185.0,241.0,93.0,74.0,93.0,111.0,56.0,46.0,56.0,56.0
2026-09-27,EP152026,11,2026-09-27 06:00:00,0 days 06:00:00,6,16.59,-156.83,965.2,96.9,26.91242756956976,169.81830994390876,139.59125058157386,122.59767060584394,139.77035868238957,75.42004934004186,55.14507612423522,50.83990942319602,71.23703922456271,49.8007167686529,38.20367809751872,29.627141297617406,44.04183603635303
2026-09-27,EP152026,11,2026-09-27 12:00:00,0 days 12:00:00,12,16.02,-157.7,966.6,98.2,47.04994192914728,193.74720996316773,156.1270749991936,152.5474733633563,211.28163773942924,86.13624556642958,74.82733511974459,68.95653705147367,87.90202834850811,64.9149052371867,57.09557114045532,46.82956056743268,56.89538583823219
2026-09-27,EP152026,11,2026-09-27 18:00:00,0 days 18:00:00,18,16.17,-158.55,962.2,103.0,13.90854600510215,202.1917870279285,157.9168009310054,111.49667669888208,208.4112197891927,93.40688864711429,75.5364274278918,59.19570927909996,87.45668320968127,64.20520441511741,53.08603901917636,44.71272596923211,55.99179710276784
2026-09-27,EP152026,11,2026-09-28 00:00:00,1 days 00:00:00,24,16.3,-159.57,964.8,90.7,31.224660710929957,164.6671789928493,127.06060121218673,97.86409176561612,144.47776856122778,84.71797202282698,57.61011618616519,43.6858890935674,73.11907763240421,43.17076536336442,32.75229754205762,27.82630233468384,38.8351062389637
2026-09-27,EP152026,11,2026-09-28 06:00:00,1 days 06:00:00,30,16.64,-160.53,954.6,105.1,26.940659329220075,119.41086650604716,98.71315036920264,108.868971137442,124.51639239724204,76.10437095234356,58.757258201866925,59.74913929005426,73.0297421887668,40.45351319211829,31.776750171975998,28.32318066513908,35.65324173148097
2026-09-27,EP152026,11,2026-09-28 12:00:00,1 days 12:00:00,36,16.86,-161.38,956.3,106.8,26.72657053671522,188.55577988373253,94.00794596478184,91.3771865645253,171.85701099255746,100.37006982448152,60.81725315297435,49.659054528366056,88.45890281885559,55.36260991250492,42.64332858542937,32.1955123743521,48.37279063341189
2026-09-27,EP152026,11,2026-09-28 18:00:00,1 days 18:00:00,42,17.81,-162.28,946.4,116.0,2.694608484049688,170.85847486134418,131.8675299560718,93.24760218564916,111.8086265501093,88.47899082707784,66.05145787242182,55.44051916103124,75.83500734069933,44.24765698368897,32.95242495381042,25.674779090083497,37.75843542150145
2026-09-27,EP152026,11,2026-09-29 00:00:00,2 days 00:00:00,48,19.11,-162.96,942.9,124.4,32.01303197382227,189.43919816768272,98.32738990236622,87.40826563121493,198.2095161028874,79.39305676627114,45.127245649886014,36.1196459260624,72.48413109444525,59.20963202569916,45.127245649886014,36.1196459260624,49.73227266398113
2026-09-27,EP152026,11,2026-09-29 06:00:00,2 days 06:00:00,54,19.61,-163.46,981.5,71.6,12.153750986507802,114.14277049844723,76.33429610396823,54.73566371738616,88.64743176173346,61.07071001134332,52.28447550200367,31.436312850729863,48.58575616739898,22.38690275574413,18.24154168558912,12.125909550268531,17.42175937918307
2026-09-27,EP152026,11,2026-09-29 12:00:00,2 days 12:00:00,60,20.5,-164.01,992.2,62.8,22.2131093219395,145.48904445473218,113.20268561748792,46.21542020396591,120.73809306514798,71.1464894474793,55.015621515235765,30.892269103854044,55.86449342179313,0.0,0.0,0.0,0.0
2026-09-27,EP152026,11,2026-09-29 18:00:00,2 days 18:00:00,66,21.48,-163.7,989.7,54.1,59.284328225641175,162.42628251778424,162.70976213769436,131.07963723943226,155.26260432204637,99.20607037942024,84.67213124008549,63.40868914772619,76.58598626159419,0.0,0.0,0.0,0.0
2026-09-27,EP152026,11,2026-09-30 00:00:00,3 days 00:00:00,72,21.73,-163.73,990.8,53.9,54.41423850803501,138.93265374405658,154.4259183562954,89.4683315936416,116.58082161766748,67.93753878703694,60.10895112303651,39.2020317785094,56.09972406669969,0.0,0.0,0.0,0.0
2026-09-27,EP152026,11,2026-09-30 06:00:00,3 days 06:00:00,78,22.16,-163.1,993.6,55.8,23.26192735032072,189.5044780687183,145.7989561232216,129.26433746524867,180.13711114916237,100.94994831957116,88.88420933888062,64.09463659454218,86.96316285973626,0.0,0.0,0.0,0.0
2026-09-27,EP152026,11,2026-09-30 12:00:00,3 days 12:00:00,84,22.03,-163.4,995.8,52.3,43.1868816702234,142.7477143820413,108.14333288097026,104.22934817764504,147.31436121254893,43.1868816702234,31.361506210458813,24.416598599963265,35.227646531527654,0.0,0.0,0.0,0.0
2026-09-27,EP152026,11,2026-09-30 18:00:00,3 days 18:00:00,90,22.0,-163.49,993.5,47.3,63.78597748047896,149.472836585412,103.31379704454416,91.10667296683464,158.5597482852732,0.0,0.0,0.0,0.0,0.0,0.0,0.0,0.0
2026-09-27,EP152026,11,2026-10-01 00:00:00,4 days 00:00:00,96,21.58,-163.95,998.1,42.5,32.571168783124506,189.20652237442505,116.78943777748192,116.69662960127472,173.8407719798405,0.0,0.0,0.0,0.0,0.0,0.0,0.0,0.0
2026-09-27,EP152026,11,2026-10-01 06:00:00,4 days 06:00:00,102,21.3,-164.43,998.8,42.1,103.82910285155516,149.25524744033586,91.45329730309628,83.23011815785043,137.5145172419566,0.0,0.0,0.0,0.0,0.0,0.0,0.0,0.0
2026-09-27,EP152026,11,2026-10-01 12:00:00,4 days 12:00:00,108,21.2,-165.09,997.7,41.9,97.21612730453354,127.2206362143487,69.03884039452956,54.41944555882155,102.0574428180362,0.0,0.0,0.0,0.0,0.0,0.0,0.0,0.0
2026-09-27,EP152026,11,2026-10-01 18:00:00,4 days 18:00:00,114,21.93,-165.61,997.6,44.1,108.45368776960936,330.9572711105467,235.73045068477688,184.47208889927697,285.6326059480714,0.0,0.0,0.0,0.0,0.0,0.0,0.0,0.0
2026-09-27,EP152026,11,2026-10-02 00:00:00,5 days 00:00:00,120,22.2,-166.32,997.2,45.3,100.26283301530816,233.53116510029983,179.92171128017162,128.71029990983232,217.88129703815625,0.0,0.0,0.0,0.0,0.0,0.0,0.0,0.0
2026-09-27,EP152026,11,2026-10-02 06:00:00,5 days 06:00:00,126,22.41,-167.62,989.0,54.7,75.26732203821236,188.19710347713007,145.9637628135164,118.07130574400122,136.54231576035693,75.26732203821236,1.4074156679988792,4.040651618565662,1.1934649597359444,0.0,0.0,0.0,0.0
2026-09-27,EP152026,11,2026-10-02 12:00:00,5 days 12:00:00,132,22.33,-168.43,993.6,51.7,34.12941218155994,181.37947524563052,169.63450637893027,129.90606687612163,128.340466984837,34.12941218155994,22.22437725009128,15.912083914219206,25.028408168680933,0.0,0.0,0.0,0.0
2026-09-27,EP152026,11,2026-10-02 18:00:00,5 days 18:00:00,138,22.0,-169.49,995.4,53.8,61.44278272363442,191.3371868817713,154.45302272260642,151.9893528755117,180.1290462703351,1.620117346549994,0.0,0.0,61.44278272363442,0.0,0.0,0.0,0.0
2026-09-27,EP152026,11,2026-10-03 00:00:00,6 days 00:00:00,144,21.99,-170.35,988.3,60.0,58.69675259201336,177.43249273837532,120.21911373942478,108.5528127560934,165.0659001690316,10.536065233947962,8.298973775944981,4.73725974080003,58.69675259201336,0.0,0.0,0.0,0.0
2026-09-27,EP152026,11,2026-10-03 06:00:00,6 days 06:00:00,150,21.46,-171.74,993.1,57.6,56.41087243396242,161.11189773827186,86.62997801400061,63.943298231526754,163.3333346884737,92.14977894096808,66.96226936826451,43.47682668916445,75.42728750604272,0.0,0.0,0.0,0.0
2026-09-27,EP152026,11,2026-10-03 12:00:00,6 days 12:00:00,156,21.45,-172.99,987.8,64.4,46.19396244339734,172.5733707803018,103.76820002829592,56.30518896954946,157.51819676641634,82.4932348833378,56.363361242377565,36.14407093506086,64.58382454641581,46.19396244339734,0.0,0.0,4.370884107907903
2026-09-27,EP152026,11,2026-10-03 18:00:00,6 days 18:00:00,162,21.42,-174.36,986.2,69.1,25.738480353418097,167.70186319567975,112.16830592924948,81.41725953674292,144.73754600990617,91.88213827995926,64.12933944608234,40.4996437870623,69.91561432124705,25.738480353418097,3.851458265020181,0.2413018166513838,9.28881658667374
2026-09-27,EP152026,11,2026-10-04 00:00:00,7 days 00:00:00,168,21.66,-175.87,976.4,75.8,14.974229235598196,210.0826726011892,150.64086691492116,104.98706777920202,210.30197742663395,101.66406762044365,78.27841528447065,58.20159236661568,94.09129930068524,54.744865691705215,43.73296712141161,33.76924751162659,46.7751010735615
2026-09-27,EP152026,11,2026-10-04 06:00:00,7 days 06:00:00,174,21.83,-177.63,981.0,76.6,16.16076383026992,191.44400080233004,136.7068116012978,107.85000003199136,194.71959191604543,82.55075027869759,56.33735988076478,40.277821384186495,72.98331715285217,47.15039669393225,36.33635637442838,27.781539010348887,41.35379923532839
2026-09-27,EP152026,11,2026-10-04 12:00:00,7 days 12:00:00,180,22.38,-179.38,974.5,78.3,28.833523820597435,245.23929055755676,203.7754930030952,141.00634914517428,217.7972995002752,109.65943268110576,82.03521492888102,54.771970886230335,90.52097853854345,54.58211096247461,43.1728257339016,32.46824268380454,45.28279483544774
2026-09-27,EP152026,11,2026-10-04 18:00:00,7 days 18:00:00,186,22.71,179.24,972.1,81.1,18.16718926254276,256.45882900588987,223.44648729201785,124.05239323083865,195.41633017704896,95.01252836631198,71.79154041150005,52.76371133043275,76.99682259858668,44.37717144757115,34.82369587658964,25.889825400951253,36.67164955525121
2026-09-27,EP152026,11,2026-10-05 00:00:00,8 days 00:00:00,192,23.26,177.82,969.4,87.6,19.64123424924372,212.57949056463409,173.44343796902086,148.1461857406341,210.05304335876048,115.31867126301292,88.35589801122146,62.680472715671854,94.79438560170736,62.80861457243677,49.67867355750433,38.54028448987978,53.72318873511617
2026-09-27,EP152026,11,2026-10-05 06:00:00,8 days 06:00:00,198,23.71,176.22,971.0,86.8,37.82792763462648,222.37923934293752,155.99611250174814,127.18315736674144,195.93690498742225,111.01692944588552,78.79582476300953,52.61218648586254,92.82560147587066,66.51918220325098,51.15833914357203,39.64599963173343,56.48944233594052
2026-09-27,EP152026,11,2026-10-05 12:00:00,8 days 12:00:00,204,23.63,174.74,967.6,85.2,10.760383707471746,224.2877730682872,178.4991455668249,189.12041208950063,251.6089339668445,88.91401509861487,72.2942462829177,53.93369307645003,83.41964773232124,63.19771361239188,52.48469806439856,41.59508874783276,55.36381087693459
2026-09-27,EP152026,11,2026-10-05 18:00:00,8 days 18:00:00,210,23.92,172.79,963.3,93.4,21.247614785054274,262.5388243143924,179.27412689646414,135.44057564365568,214.785536283459,93.913618284726,69.28044334655453,43.706525766187625,78.74615624225126,48.43193333759034,37.68495041322666,28.88399995130189,41.30344842296502
2026-09-27,EP152026,11,2026-10-06 00:00:00,9 days 00:00:00,216,24.0,170.89,973.4,88.1,22.429864068885443,206.8415630023844,150.5154301181574,124.79477341239212,174.59926582002066,103.40829337865684,80.15916556166323,59.67030494885556,82.06616947706739,52.584150133373306,41.951805905971554,33.18852662265329,42.93351779953428
2026-09-27,EP152026,11,2026-10-06 06:00:00,9 days 06:00:00,222,23.98,169.0,980.6,84.9,38.56085218659655,190.59008417366067,149.0498508631713,89.85655101857924,146.48730117955074,112.2089388442214,65.12217092538981,48.64223939017927,90.47942303800482,53.031556298342025,37.99049699660839,31.24819252642629,44.6522447580985
2026-09-27,EP152026,11,2026-10-06 12:00:00,9 days 12:00:00,228,23.94,167.06,976.7,84.8,24.31212202402421,188.26273174071417,152.38516224970908,93.34742469009495,181.52568005954927,93.6483855453858,55.055975544909145,41.31356137330819,81.15613073269179,42.80333053452232,30.27121444096549,22.970793686101366,34.9276062090921
2026-09-27,EP152026,11,2026-10-06 18:00:00,9 days 18:00:00,234,23.86,165.41,973.8,84.3,12.013090643014152,198.43126639308912,135.63593170185277,122.45882103540362,167.40000907816784,88.0956443836044,60.761427712865725,39.22300203147324,71.074758573483,34.256004254727486,24.24020205422198,18.47288464264864,28.633313757705597
2026-09-27,EP152026,11,2026-10-07 00:00:00,10 days 00:00:00,240,23.76,163.43,975.1,77.0,15.933168406853554,166.50982882821268,127.7839507453292,82.16315677131985,134.35823965410748,73.36597264581746,47.58552424110809,36.82752430591671,69.10893149362505,27.244755332152774,18.992998916465808,14.784521530383266,23.972355073971958
2026-09-27,EP152026,11,2026-10-07 06:00:00,10 days 06:00:00,246,23.39,161.15,968.4,88.8,3.6808023482935823,169.20088761106626,128.0503422413526,95.9331558753604,129.01889450775593,83.95149318122367,59.27287566319888,43.35583029997747,63.17443389688742,38.97718845216366,29.581433317159053,23.349481488825237,32.598117995810185
2026-09-27,EP152026,11,2026-10-07 12:00:00,10 days 12:00:00,252,23.4,159.16,979.2,87.0,14.649495139368463,200.0047763220568,140.18718325461165,80.45220525433692,158.30385413654494,87.63517901578192,59.61844123058575,40.25400562439479,75.7299687281814,35.095498556441186,23.95516597906112,20.343462797925117,29.030368505796392
2026-09-27,EP152026,11,2026-10-07 18:00:00,10 days 18:00:00,258,23.3,156.83,983.3,71.7,33.74770638362702,208.0612350889496,121.1015571408052,79.11476470430262,189.023359831368,103.27560323146643,66.14583421047837,44.16954108221921,90.09432400520382,38.4132075793832,24.11484322734248,17.25911073006222,33.46837918239612
2026-09-27,EP152026,11,2026-10-08 00:00:00,11 days 00:00:00,264,22.91,154.05,983.5,72.4,29.924420405059863,183.32969197132357,100.09092032527197,107.48153960728078,186.0177360555451,100.07971175283276,68.55076994388592,59.24459822719387,96.10955160525548,55.574155775873855,44.497731464006,36.35296316878933,48.76221458225782
2026-09-27,EP152026,11,2026-10-08 06:00:00,11 days 06:00:00,270,22.71,151.74,980.5,80.8,38.49897221031278,251.2800769449628,157.41950177488332,125.44089178629883,201.73749621182645,106.82419983204002,79.11074888962804,63.10369118891911,92.88126959716956,51.03243489303013,41.58468948260626,35.4282519934232,43.9629358348875
2026-09-27,EP152026,11,2026-10-08 12:00:00,11 days 12:00:00,276,22.2,149.32,979.1,71.6,4.909198033752114,174.56323916092185,89.04700724418399,94.36867731163916,181.53269547420612,82.27759332553006,53.1526345041104,40.664070968251295,68.95447714993375,24.659408341854014,13.985462239456876,11.204682355848984,20.738619864502844
2026-09-27,EP152026,11,2026-10-08 18:00:00,11 days 18:00:00,282,22.21,146.74,972.4,79.7,6.2556500561614925,204.5279244218177,150.65849189642466,78.00956940303601,152.38892203591513,96.03546044778489,68.63826884927803,44.77278760805223,79.52486604264405,46.57094569592904,37.18858308840713,27.922587086806395,38.30075847479426
2026-09-27,EP152026,11,2026-10-09 00:00:00,12 days 00:00:00,288,22.19,144.58,980.5,78.0,24.15031531964721,181.980914280003,115.55138828566342,81.18508855523183,152.15294182138075,83.18017778893625,58.58197011515867,40.02072169697338,66.14503529721642,41.31581565758441,33.23710955168028,24.77371997413627,34.269187865141326
2026-09-27,EP152026,11,2026-10-09 06:00:00,12 days 06:00:00,294,22.41,142.3,951.0,109.2,7.988445279658777,221.2185513767093,123.39699586600824,80.74705344490727,179.6226764352395,108.65714066664036,73.66555760053575,51.89453925574628,86.4028572463097,53.34642663533581,42.269607442470594,30.61999824120612,44.02012858322253
2026-09-27,EP152026,11,2026-10-09 12:00:00,12 days 12:00:00,300,22.67,140.68,943.8,120.5,0.0,201.59512640700177,129.7476968579483,91.94587820842956,158.63854184152956,99.56264658721628,61.92950993373094,40.49093076490835,78.48593707855655,48.08606899192444,35.773204275799735,26.454435681715623,41.66324089979497
2026-09-27,EP152026,11,2026-10-09 18:00:00,12 days 18:00:00,306,23.23,138.67,971.9,84.2,34.282841943809416,229.5054121473756,158.58845828626627,129.15454485709833,219.9841229338012,129.46445666681385,93.00716494990044,67.12913616907872,106.09430437692528,68.57266105255803,55.22180745490394,42.64091263706237,58.66739395248946
2026-09-27,EP152026,11,2026-10-10 00:00:00,13 days 00:00:00,312,23.2,137.39,968.0,89.3,6.029862196395925,218.53551706104415,185.77234642957933,153.8207301118166,190.69497392166977,96.77491701518012,80.92907473436651,63.09976853113244,82.75729093564621,52.28655500043874,44.67575201377736,36.83191342185006,46.82527383581533
2026-09-27,EP152026,11,2026-10-10 06:00:00,13 days 06:00:00,318,23.32,136.26,964.6,94.9,7.820002026848286,216.3665428606082,155.69373105258472,133.71545591829727,206.3431643269961,134.50990950839042,99.5532258786541,77.0950780063574,121.37078886947646,73.54827840389748,58.13734663971981,48.00678821440624,65.9153715573529
2026-09-27,EP152026,11,2026-10-10 12:00:00,13 days 12:00:00,324,23.28,135.24,963.0,93.6,42.98108562679707,193.429933471009,95.24716382906752,101.97728005359096,196.0441635531106,106.70390644211408,66.87588616663908,61.06029290167487,93.84807891305444,64.18806721242368,48.14824925837687,40.34159433561848,57.251875890880456
2026-09-27,EP152026,11,2026-10-10 18:00:00,13 days 18:00:00,330,23.04,134.09,962.3,94.5,23.592305931238613,236.80972207343967,148.91728459487672,145.97406305168275,220.5278272557365,124.2689029305538,93.96454377112823,76.0652469152659,107.88966946914395,66.22025503536277,53.99670086281537,44.44609526861791,59.42057103444833
2026-09-27,EP152026,11,2026-10-11 00:00:00,14 days 00:00:00,336,22.49,133.23,947.5,112.2,15.534524353956042,161.6601655309824,133.48839023602437,172.05518685448948,178.41691885769032,87.23336536435676,77.4120300762657,77.61864859379847,92.3986663513381,61.48800865336847,50.91845659432548,42.17025540668892,57.60193857762687
2026-09-27,EP152026,11,2026-10-11 06:00:00,14 days 06:00:00,342,22.08,132.16,956.7,112.8,0.519604207910902,220.9407476827319,123.45211165765042,170.61804125093647,248.87051302405047,110.95775034022935,82.22126997780781,75.92850185290182,108.70693905333056,66.29910475748395,52.98247341470297,44.92644026408829,59.95162234228995
2026-09-27,EP152026,11,2026-10-11 12:00:00,14 days 12:00:00,348,21.55,131.53,951.0,109.5,8.370306366535367,207.9178455951207,113.04572420220816,130.29747841981117,220.0403786951424,73.7058365215513,57.83538132578198,57.34869911999784,88.59632284851634,50.5469787584401,41.89453303940574,37.29503017151028,46.54238486354855
2026-09-27,EP152026,11,2026-10-11 18:00:00,14 days 18:00:00,354,20.87,131.06,967.8,95.6,12.054978937358513,226.3636229556741,151.12434908036457,190.62901192290087,240.49487478150127,95.56515222825875,81.74029180201853,79.4794725607693,101.1740857195698,70.14105737641758,62.19723576875728,55.08756856133203,65.88066428082905
2026-09-27,EP152026,11,2026-10-12 00:00:00,15 days 00:00:00,360,20.4,130.29,959.0,102.1,26.252501138145178,236.78705719551908,151.72912117308186,182.32694633058088,252.8278648223378,128.92320070061493,101.8600352440876,96.81394355758115,126.72322284139808,75.90564565928398,64.01002701764443,55.5902823367437,70.49013538091378
2026-09-27,EP162026,11,2026-09-27 00:00:00,0 days 00:00:00,0,20.8,-123.6,975.0,76.0,28.0,167.0,167.0,148.0,185.0,93.0,74.0,74.0,93.0,65.0,46.0,37.0,56.0
2026-09-27,EP162026,11,2026-09-27 06:00:00,0 days 06:00:00,6,21.55,-123.16,984.7,60.0,24.021320953316405,221.2439780762168,163.97747456209828,104.23502825578548,177.69896726416889,83.20546584346954,63.86861688090208,35.33351565613917,63.77157982371777,0.0,0.0,0.0,0.0
2026-09-27,EP162026,11,2026-09-27 12:00:00,0 days 12:00:00,12,22.14,-123.36,996.8,53.3,46.84535053634824,173.78487867815988,146.85260444685332,86.93517879263891,130.04333180709693,46.84535053634824,28.47055479505929,15.629628331545604,27.507256365536307,0.0,0.0,0.0,0.0
2026-09-27,EP162026,11,2026-09-27 18:00:00,0 days 18:00:00,18,22.56,-123.21,1000.0,36.5,77.66819345429074,62.97033314398172,77.66819345429074,33.44438734868671,45.65629421821811,0.0,0.0,0.0,0.0,0.0,0.0,0.0,0.0
2026-09-27,EP162026,11,2026-09-28 00:00:00,1 days 00:00:00,24,22.63,-122.87,1003.3,30.9,76.32098877033889,0.0,0.0,0.0,0.0,0.0,0.0,0.0,0.0,0.0,0.0,0.0,0.0
2026-09-27,EP162026,11,2026-09-28 06:00:00,1 days 06:00:00,30,22.69,-122.87,1000.5,29.6,100.7178565963238,0.0,0.0,0.0,0.0,0.0,0.0,0.0,0.0,0.0,0.0,0.0,0.0
2026-09-27,EP162026,11,2026-09-28 12:00:00,1 days 12:00:00,36,22.72,-122.67,1003.9,26.7,75.52127842151117,0.0,0.0,0.0,0.0,0.0,0.0,0.0,0.0,0.0,0.0,0.0,0.0
2026-09-27,EP162026,11,2026-09-28 18:00:00,1 days 18:00:00,42,22.18,-122.96,1005.5,24.6,146.52184219709534,0.0,0.0,0.0,0.0,0.0,0.0,0.0,0.0,0.0,0.0,0.0,0.0
2026-09-27,EP162026,11,2026-09-29 00:00:00,2 days 00:00:00,48,21.38,-123.15,1003.5,23.6,109.5338052304952,0.0,0.0,0.0,0.0,0.0,0.0,0.0,0.0,0.0,0.0,0.0,0.0
2026-09-27,EP162026,11,2026-09-29 06:00:00,2 days 06:00:00,54,20.83,-123.04,1002.9,21.6,66.66706365544078,0.0,0.0,0.0,0.0,0.0,0.0,0.0,0.0,0.0,0.0,0.0,0.0
2026-09-27,EP162026,11,2026-09-29 12:00:00,2 days 12:00:00,60,20.38,-123.07,1007.3,20.0,159.67228911274026,0.0,0.0,0.0,0.0,0.0,0.0,0.0,0.0,0.0,0.0,0.0,0.0
2026-09-27,EP162026,11,2026-09-29 18:00:00,2 days 18:00:00,66,19.62,-123.33,1005.5,20.0,142.95169839602494,0.0,0.0,0.0,0.0,0.0,0.0,0.0,0.0,0.0,0.0,0.0,0.0
2026-09-27,EP162026,11,2026-09-30 00:00:00,3 days 00:00:00,72,19.54,-124.26,1007.8,20.0,142.7840138623065,0.0,0.0,0.0,0.0,0.0,0.0,0.0,0.0,0.0,0.0,0.0,0.0
2026-09-27,EP172026,11,2026-09-27 00:00:00,0 days 00:00:00,0,19.0,-112.9,946.0,111.0,28.0,259.0,185.0,167.0,185.0,111.0,111.0,93.0,93.0,65.0,65.0,46.0,56.0
2026-09-27,EP172026,11,2026-09-27 06:00:00,0 days 06:00:00,6,19.8,-113.27,940.5,120.5,3.71336125330261,239.77613161943697,279.7982987844402,177.1539905158482,189.3473066890141,135.98253641127036,128.75988262173462,89.8656814480184,109.45233932338252,78.27394133778533,69.68337167984063,54.61538135055204,66.15662829682418
2026-09-27,EP172026,11,2026-09-27 12:00:00,0 days 12:00:00,12,20.53,-113.7,940.0,123.3,14.223433793859527,186.57537855159728,191.95707091844983,173.9086658099443,184.4728417276657,100.22089466040576,88.73690898685572,70.34742920819002,80.39469435907836,65.61586092148357,57.99796176372368,45.60061093383027,56.4638607326217
2026-09-27,EP172026,11,2026-09-27 18:00:00,0 days 18:00:00,18,21.76,-113.74,943.6,117.5,30.36909651322792,222.817785256978,191.50868853745487,139.94654440219583,187.1356885910237,82.4751605778136,71.62620414281986,53.17519144664708,63.24450077384069,62.75156897984854,56.71779309026762,44.23648070526721,51.76099751010148
2026-09-27,EP172026,11,2026-09-28 00:00:00,1 days 00:00:00,24,22.69,-113.91,941.9,120.8,31.068234383710514,179.65674870282496,193.44518409837556,134.17119554810338,113.31603178959428,87.4722848663898,81.13059669363403,55.48432863581637,58.32034909620888,48.02203198435748,43.00338779367932,32.32744599566298,38.75629040145585
2026-09-27,EP172026,11,2026-09-28 06:00:00,1 days 06:00:00,30,23.44,-113.79,942.8,120.0,4.111333975705676,201.8726316779905,241.0812153399325,179.085295478946,167.66210815418978,110.40265357468168,116.55690318815452,85.28688132116561,80.79579655328496,70.54086046985059,68.96790649199437,57.270673267221326,57.2004384167812
2026-09-27,EP172026,11,2026-09-28 12:00:00,1 days 12:00:00,36,24.6,-113.33,949.2,111.9,35.30924630557543,171.0483365761034,223.1075019497177,162.5526420749554,108.83742109848984,97.40410580913375,107.93115896390611,79.14779266395496,70.672548605321,57.03749969115942,57.08791854236823,44.98699339675028,47.31151322128654
2026-09-27,EP172026,11,2026-09-28 18:00:00,1 days 18:00:00,42,25.41,-112.6,948.3,114.2,16.87833171203919,153.7356479205658,182.23185440764755,136.78428552675012,101.38899201289584,90.97423473806528,95.66238509182838,66.46997340209006,64.4023881433407,55.05883365994034,50.800349672509725,40.24864379424115,44.13742502266149
2026-09-27,EP172026,11,2026-09-29 00:00:00,2 days 00:00:00,48,26.26,-111.98,966.3,95.9,14.36772732408602,284.16094242086865,284.0996670391464,266.4151927216087,253.8262433743796,109.3563954958397,140.266495099886,130.65695362940164,92.03154789474246,70.37323821483648,85.27708542978172,77.02091109878629,63.61473359767541
2026-09-27,EP172026,11,2026-09-29 06:00:00,2 days 06:00:00,54,27.23,-110.61,972.5,79.1,0.0,122.96618059467778,137.75039471825312,124.78994756025396,72.51858161154473,54.55692826334519,76.77571532614888,57.386624364079694,32.770464424142006,34.62207492131063,41.366066571443525,30.50154492063473,28.11934083956595
2026-09-27,EP172026,11,2026-09-29 12:00:00,2 days 12:00:00,60,28.75,-109.58,995.7,39.5,61.972323411773424,65.90536669165425,64.01298682025248,26.14083552362426,32.992752032794485,0.0,0.0,0.0,0.0,0.0,0.0,0.0,0.0
2026-09-27,EP172026,11,2026-09-29 18:00:00,2 days 18:00:00,66,31.08,-107.17,1002.6,27.9,103.7235504517601,0.0,0.0,0.0,0.0,0.0,0.0,0.0,0.0,0.0,0.0,0.0,0.0
2026-09-27,EP902026,11,2026-09-27 00:00:00,0 days 00:00:00,0,12.0,-98.6,1008.0,25.0,111.0,0.0,0.0,0.0,0.0,0.0,0.0,0.0,0.0,0.0,0.0,0.0,0.0
2026-09-27,EP902026,11,2026-09-27 06:00:00,0 days 06:00:00,6,12.07,-98.65,1003.9,30.5,109.48543680619838,0.0,0.0,0.0,0.0,0.0,0.0,0.0,0.0,0.0,0.0,0.0,0.0
2026-09-27,EP902026,11,2026-09-27 12:00:00,0 days 12:00:00,12,12.0,-98.58,1006.4,29.7,63.951985756689936,0.0,0.0,0.0,0.0,0.0,0.0,0.0,0.0,0.0,0.0,0.0,0.0
2026-09-27,EP902026,11,2026-09-27 18:00:00,0 days 18:00:00,18,12.56,-99.1,1000.4,39.1,116.82860525958483,198.647852196274,193.8520248265028,152.75869841023632,184.8448802655239,0.0,0.0,0.0,0.0,0.0,0.0,0.0,0.0
2026-09-27,EP902026,11,2026-09-28 00:00:00,1 days 00:00:00,24,12.36,-99.44,999.7,45.9,94.03818055791314,280.07266261073744,247.90513577403092,208.9215511425436,254.50683567123923,0.0,0.0,0.0,0.0,0.0,0.0,0.0,0.0
2026-09-27,EP902026,11,2026-09-28 06:00:00,1 days 06:00:00,30,12.86,-100.15,997.2,49.2,96.29885175157963,216.5391050816349,203.8127917885616,144.9311142937765,160.17507739886778,0.0,0.0,0.0,0.0,0.0,0.0,0.0,0.0
2026-09-27,EP902026,11,2026-09-28 12:00:00,1 days 12:00:00,36,12.93,-100.92,990.8,57.1,32.51234755466108,182.71397055266567,174.95234110802596,143.79441556891484,154.33240339373006,72.09037352622815,65.7406209890714,40.64676499654641,54.335590556426496,0.0,0.0,0.0,0.0
2026-09-27,EP902026,11,2026-09-28 18:00:00,1 days 18:00:00,42,13.2,-101.89,989.3,59.8,29.350579707047643,230.67350683628024,198.3182842189656,159.46694073205367,196.23125260634535,34.201100146111614,19.02544873528535,5.359084859308052,20.915765492257208,0.0,0.0,0.0,0.0
2026-09-27,EP902026,11,2026-09-29 00:00:00,2 days 00:00:00,48,13.53,-102.95,979.2,62.0,21.176031168405643,302.7401191349145,258.4252248490402,198.68613128841756,279.1438312006576,104.35174405372707,74.07667056672426,48.782177662154936,75.7081707823354,0.0,0.0,0.0,0.0
2026-09-27,EP902026,11,2026-09-29 06:00:00,2 days 06:00:00,54,13.98,-103.77,989.9,60.2,41.96070785806606,158.25533198954886,152.5378723159402,92.86304289548124,119.07854649817187,76.87773903755371,62.96167433025131,37.20491844417002,52.690942673964656,0.0,0.0,0.0,0.0
2026-09-27,EP902026,11,2026-09-29 12:00:00,2 days 12:00:00,60,14.39,-104.66,988.1,60.8,59.65368031794727,201.98889474777704,188.64849401653905,133.6934924495409,172.54592459583236,94.99112952384364,75.209340717708,43.08768969300942,64.55010310188632,0.0,0.0,0.0,0.0
2026-09-27,EP902026,11,2026-09-29 18:00:00,2 days 18:00:00,66,15.15,-105.7,983.1,64.6,61.35981762212103,324.6357968854069,296.6944027528199,254.8741255478377,276.8062250652215,119.99432412939996,100.37155540995892,66.68628440672005,90.6477049924037,61.35981762212103,0.0,0.0,0.0
2026-09-27,EP902026,11,2026-09-30 00:00:00,3 days 00:00:00,72,15.71,-106.67,976.0,79.2,38.22213371661081,284.6691715246837,284.2424843357819,208.75314206540065,251.6086725001959,144.14316356220704,120.91896178582402,96.92078563155368,124.8963834020998,67.262293736805,59.97893755329567,51.62910699814484,59.03666386884941
2026-09-27,EP902026,11,2026-09-30 06:00:00,3 days 06:00:00,78,16.39,-107.27,954.2,102.9,25.67719066170892,271.529843733017,248.1594423452688,215.1567646948302,242.62675190946456,114.39700151568898,107.81683725113136,94.58509613513672,102.96214781443132,68.88793159400728,63.757539530338775,53.77726351169846,59.117719187523214
2026-09-27,EP902026,11,2026-09-30 12:00:00,3 days 12:00:00,84,17.09,-107.69,941.8,114.3,21.5345987759724,231.0311811273912,225.21141703621413,175.69444785711028,178.92984297064197,84.09051178096959,80.15344192594657,58.3143322061631,66.18856311478396,46.39385282224859,41.07166645489529,32.28655793235738,40.18313446672008
2026-09-27,EP902026,11,2026-09-30 18:00:00,3 days 18:00:00,90,17.22,-108.31,949.2,109.7,9.816856700968174,228.6322136470826,231.26530415695743,215.76612926121837,237.50578879313707,101.83752090705184,100.65885468352622,84.91630931124473,96.6484306302691,64.61577284771431,58.37321640258335,49.94856318515247,59.10464546712933
2026-09-27,EP902026,11,2026-10-01 00:00:00,4 days 00:00:00,96,17.64,-108.71,943.3,114.1,16.567822625304387,226.46018894486545,249.9986269106585,213.1403546345573,214.11174393726856,95.32711855906416,94.04020038344174,78.60466024964376,87.7195391723231,58.37829087678477,53.046377589991295,45.08683013694986,53.35503210930369
2026-09-27,EP902026,11,2026-10-01 06:00:00,4 days 06:00:00,102,17.66,-109.23,952.2,102.5,15.851293805418209,202.00026496153805,180.37493104837995,179.8636484728704,241.46985319698436,85.6598058436648,68.12622920839021,60.14720951493018,79.87933542722385,46.62541475082617,38.59102383657319,33.89743149778542,42.17152357005398
2026-09-27,EP902026,11,2026-10-01 12:00:00,4 days 12:00:00,108,17.83,-109.45,970.9,69.7,45.31549548965086,163.67908689942124,193.43678859355717,206.36784887712565,166.44540205928206,91.45651472262398,87.56897675566506,65.15986887933832,72.60522236252655,45.31549548965086,23.18807118263976,16.34066450648652,19.819721045213555
2026-09-27,EP902026,11,2026-10-01 18:00:00,4 days 18:00:00,114,18.14,-109.65,976.9,70.3,52.20511813993144,201.7288902637872,221.73845327069728,197.96413179024808,197.9270070998965,118.57605482239876,113.30811943231672,101.66381164221684,103.79068290923158,52.79617214404222,50.870131399631816,42.36681957330627,46.75562621156169
2026-09-27,EP902026,11,2026-10-02 00:00:00,5 days 00:00:00,120,18.89,-109.95,983.2,59.0,61.12250328346132,186.4517372193239,196.51288665234904,173.67612862382884,173.42280094569665,108.8170179205532,104.76212567623595,79.08800802259671,86.56004181361979,0.0,0.0,0.0,0.0
2026-09-27,EP902026,11,2026-10-02 06:00:00,5 days 06:00:00,126,18.94,-110.32,984.6,54.0,61.93570581895747,230.7307494558684,222.03722761104663,166.6946964594452,186.4248406209417,61.93570581895747,37.30236844644936,23.89086182673362,30.81060054253604,0.0,0.0,0.0,0.0
2026-09-27,EP902026,11,2026-10-02 12:00:00,5 days 12:00:00,132,19.3,-110.6,993.0,46.6,42.87131241942764,158.52370737568003,157.558634319135,128.46552389038197,133.01419534051956,0.0,0.0,0.0,0.0,0.0,0.0,0.0,0.0
2026-09-27,EP902026,11,2026-10-02 18:00:00,5 days 18:00:00,138,19.94,-110.84,993.1,47.0,53.35129818072824,229.7352719758619,225.18141003979417,204.3878732907142,200.7562111891366,0.0,0.0,0.0,0.0,0.0,0.0,0.0,0.0
2026-09-27,EP902026,11,2026-10-03 00:00:00,6 days 00:00:00,144,20.18,-110.92,994.1,41.2,93.48078890398754,119.43540351058174,140.38814844206303,115.97358955666742,108.21951256395135,0.0,0.0,0.0,0.0,0.0,0.0,0.0,0.0
2026-09-27,EP902026,11,2026-10-03 06:00:00,6 days 06:00:00,150,20.51,-111.14,995.5,43.9,80.3032852426277,111.7695255028236,126.8571799162228,108.59644090027422,108.6002897249064,0.0,0.0,0.0,0.0,0.0,0.0,0.0,0.0
2026-09-27,EP902026,11,2026-10-03 12:00:00,6 days 12:00:00,156,20.45,-111.35,992.4,45.6,49.861089139304354,153.7393049193792,152.44728221208285,120.92924540679608,131.56385143000105,0.0,0.0,0.0,0.0,0.0,0.0,0.0,0.0
2026-09-27,EP902026,11,2026-10-03 18:00:00,6 days 18:00:00,162,20.56,-111.36,994.4,45.5,76.45541945042302,178.11418932199612,195.52387797635748,169.4458964457927,160.9536999357646,0.0,0.0,0.0,0.0,0.0,0.0,0.0,0.0
2026-09-27,EP902026,11,2026-10-04 00:00:00,7 days 00:00:00,168,21.05,-111.54,989.4,58.1,76.28986218777987,147.84779149165337,168.66890325485863,111.51879113654894,133.9580420557731,101.69127796257864,83.6934541501617,60.37047931585894,80.21448497450274,0.0,0.0,0.0,0.0
2026-09-27,EP902026,11,2026-10-04 06:00:00,7 days 06:00:00,174,21.33,-111.83,984.3,64.1,27.066085220354463,155.3141964894935,143.56338872094057,107.3293359183615,125.35754989112844,85.3158582044448,67.18118874009883,48.616004086198814,64.28898334923065,27.066085220354463,19.253015054115902,15.147970534596766,20.67218954913244
2026-09-27,EP902026,11,2026-10-04 12:00:00,7 days 12:00:00,180,21.56,-112.37,981.9,68.8,24.41134261604475,140.38540740951908,116.668074953879,91.6430960376548,143.3784081701691,79.3663594010415,59.414547153445085,43.69603287135308,70.05410838751959,34.70807775491369,26.65162026404866,21.81637222945635,30.175397167720817
2026-09-27,EP902026,11,2026-10-04 18:00:00,7 days 18:00:00,186,21.78,-112.91,975.5,79.8,14.978361140148149,139.17190055200973,136.17699891177193,108.08069711941046,109.3262182052013,62.58258887889548,50.50085407922511,41.22704095372895,51.150721020591625,21.727964058567967,17.340630340111943,13.712680317855806,19.28278694661117
2026-09-27,EP902026,11,2026-10-05 00:00:00,8 days 00:00:00,192,22.08,-113.6,968.4,86.7,10.588996385724007,118.2996385723916,153.5158153888554,108.41519901316758,112.30802275896566,66.03560022964153,58.762820140622,43.66968820696421,51.14432443429951,31.395418543004084,26.50693270985436,21.973570490391147,26.746883379487063
2026-09-27,EP902026,11,2026-10-05 06:00:00,8 days 06:00:00,198,22.32,-114.35,979.4,75.9,22.103694669573624,115.4204445868978,121.239740162356,116.16879579627611,121.23225465930628,67.47543027401613,53.84164551792742,41.93716595202617,60.64045768433013,36.92371698910751,29.392340012904175,24.1594579114931,33.073651560267535
2026-09-27,EP902026,11,2026-10-05 12:00:00,8 days 12:00:00,204,22.67,-115.36,982.2,68.3,30.8075719217109,183.1096720382404,150.43672899555543,129.41563901992916,176.2784436842343,76.47659216631327,60.60689005972051,45.954338522531046,68.34884191831577,30.8075719217109,22.04838747415393,16.74525715425421,25.803019141684278
2026-09-27,EP902026,11,2026-10-05 18:00:00,8 days 18:00:00,210,22.69,-116.74,981.6,71.3,30.57565777072824,205.37375654052084,151.70053545113478,102.08904767923764,182.70518974571812,63.13728550546796,45.8606049747699,28.84621453952616,48.131602151378615,2.5551202576879497,0.0,0.0,30.57565777072824
2026-09-27,EP902026,11,2026-10-06 00:00:00,9 days 00:00:00,216,22.96,-117.74,984.2,63.3,14.483816942687795,177.43466520303826,143.19601276199722,105.24926590785256,158.51695525445882,87.16854130357257,62.87121223663658,40.86324149003365,67.4808743145218,0.0,0.0,0.0,0.0
2026-09-27,EP902026,11,2026-10-06 06:00:00,9 days 06:00:00,222,23.0,-118.8,987.2,53.0,28.759933824961813,146.24137552803575,122.57063437101311,90.93755620925396,146.07805545827247,73.21564052772844,51.1268299112927,37.4656967801255,56.15762578166627,0.0,0.0,0.0,0.0
2026-09-27,EP902026,11,2026-10-06 12:00:00,9 days 12:00:00,228,23.09,-119.97,979.8,69.3,26.77469311500465,157.97133989527447,120.97031680564146,114.09349058281782,170.13073030470832,74.84454809582394,58.15357972273591,42.58959503093479,66.0640569453833,26.77469311500465,4.515492881216083,1.4941995398860826,10.719032002821166
2026-09-27,EP902026,11,2026-10-06 18:00:00,9 days 18:00:00,234,23.44,-121.01,983.6,66.4,32.01634300012711,136.49626742648297,131.0821220513726,108.95208839236876,129.78235562720238,73.05209414120782,60.76594200972613,44.940219093330825,61.24423386082299,32.01634300012711,14.033214896507872,10.634637516775657,18.08611926824221
2026-09-27,EP902026,11,2026-10-07 00:00:00,10 days 00:00:00,240,23.64,-122.09,985.8,61.9,27.26619551919177,118.25802505621137,103.95641206982732,116.1598836450022,136.39309404554174,71.0943210048473,55.92040286317442,47.19583641514531,62.33164992778978,0.0,0.0,0.0,0.0
2026-09-27,EP902026,11,2026-10-07 06:00:00,10 days 06:00:00,246,23.78,-123.33,998.5,42.6,45.56322113740842,164.91452983799752,125.24509592789934,75.69706937131508,130.98887955870953,0.0,0.0,0.0,0.0,0.0,0.0,0.0,0.0
2026-09-27,EP902026,11,2026-10-07 12:00:00,10 days 12:00:00,252,23.94,-124.01,998.3,46.1,16.3313233595633,161.1713109222464,128.68932266434257,98.88174553747902,127.64844963711217,0.0,0.0,0.0,0.0,0.0,0.0,0.0,0.0
2026-09-27,EP902026,11,2026-10-07 18:00:00,10 days 18:00:00,258,24.38,-125.3,1000.4,35.4,93.04403035819033,93.04403035819033,15.402180320643492,3.043643554511512,7.754967862582937,0.0,0.0,0.0,0.0,0.0,0.0,0.0,0.0
2026-09-27,EP902026,11,2026-10-08 00:00:00,11 days 00:00:00,264,24.59,-126.02,1002.0,31.5,67.28591383072185,0.0,0.0,0.0,0.0,0.0,0.0,0.0,0.0,0.0,0.0,0.0,0.0
2026-09-27,EP902026,11,2026-10-08 06:00:00,11 days 06:00:00,270,25.04,-126.59,1003.5,27.9,75.70470476872536,0.0,0.0,0.0,0.0,0.0,0.0,0.0,0.0,0.0,0.0,0.0,0.0
2026-09-27,EP902026,11,2026-10-08 12:00:00,11 days 12:00:00,276,25.3,-127.19,1005.6,23.6,76.34690949694925,0.0,0.0,0.0,0.0,0.0,0.0,0.0,0.0,0.0,0.0,0.0,0.0
2026-09-27,EP902026,11,2026-10-08 18:00:00,11 days 18:00:00,282,25.46,-127.82,1006.8,22.0,111.13328208653256,0.0,0.0,0.0,0.0,0.0,0.0,0.0,0.0,0.0,0.0,0.0,0.0
2026-09-27,EP902026,11,2026-10-09 00:00:00,12 days 00:00:00,288,25.75,-128.02,1006.6,22.8,79.30596538664955,0.0,0.0,0.0,0.0,0.0,0.0,0.0,0.0,0.0,0.0,0.0,0.0
2026-09-27,EP902026,11,2026-10-09 06:00:00,12 days 06:00:00,294,26.28,-128.24,1009.0,17.4,173.4341599857721,0.0,0.0,0.0,0.0,0.0,0.0,0.0,0.0,0.0,0.0,0.0,0.0
2026-09-27,EP902026,11,2026-10-09 12:00:00,12 days 12:00:00,300,26.5,-128.14,1007.7,19.7,166.45877441722655,0.0,0.0,0.0,0.0,0.0,0.0,0.0,0.0,0.0,0.0,0.0,0.0
2026-09-27,EP902026,11,2026-10-09 18:00:00,12 days 18:00:00,306,26.28,-128.04,1006.8,21.4,113.47968918041886,0.0,0.0,0.0,0.0,0.0,0.0,0.0,0.0,0.0,0.0,0.0,0.0
2026-09-27,EP902026,11,2026-10-10 00:00:00,13 days 00:00:00,312,26.61,-128.08,1007.7,18.4,127.27841209080516,0.0,0.0,0.0,0.0,0.0,0.0,0.0,0.0,0.0,0.0,0.0,0.0
2026-09-27,EP902026,11,2026-10-10 06:00:00,13 days 06:00:00,318,27.01,-128.29,1007.3,17.0,137.14736675765377,0.0,0.0,0.0,0.0,0.0,0.0,0.0,0.0,0.0,0.0,0.0,0.0
2026-09-27,WP252026,11,2026-09-27 00:00:00,0 days 00:00:00,0,24.6,127.6,964.0,89.0,22.0,102.0,121.0,102.0,93.0,,,,,,,,
2026-09-27,WP252026,11,2026-09-27 06:00:00,0 days 06:00:00,6,25.5,128.14,943.4,115.3,16.173791743254014,175.00785533733688,211.75393002447615,135.17958927427935,84.30740698495902,88.11182506575688,99.02535445604326,77.07541045186395,60.77505124685149,49.48620883903936,52.00502290363579,44.9307869115994,40.976068422271055
2026-09-27,WP252026,11,2026-09-27 12:00:00,0 days 12:00:00,12,26.1,129.29,940.5,117.0,11.905859276547062,126.8164830339415,196.97495035721172,152.40573647004192,105.03136381802378,60.090249108837895,81.32301470838081,61.43638016774133,43.92660522486379,39.018763989802025,40.35376587562624,34.67582629802234,33.32284466663768
2026-09-27,WP252026,11,2026-09-27 18:00:00,0 days 18:00:00,18,26.67,130.03,961.5,88.5,14.298042944920972,111.82475802386072,126.96581728634104,86.86053865005606,75.9229893269762,60.74509033733305,60.642481177428046,37.87619998294076,48.10778558856799,37.33995030053848,31.680023824663216,25.09294905732717,27.3093734154246
2026-09-27,WP252026,11,2026-09-28 00:00:00,1 days 00:00:00,24,27.31,130.97,982.1,74.6,30.934546085031247,94.1647650432702,123.79179357977496,131.36210340369755,84.47953657625865,54.41729668183964,57.37741997641627,45.27788362293583,38.56877557459063,30.934546085031247,18.44102391724823,12.255743379646226,15.392272262321232
2026-09-27,WP252026,11,2026-09-28 06:00:00,1 days 06:00:00,30,27.85,131.61,987.8,59.5,45.862831621186,111.43377222334324,153.57340198097637,112.51485645023465,84.9716476939281,68.81205267715993,73.5001135001502,55.01369428438696,56.964522387325125,0.0,0.0,0.0,0.0
2026-09-27,WP252026,11,2026-09-28 12:00:00,1 days 12:00:00,36,27.93,132.61,993.5,52.1,36.82764641354602,135.41998204033897,145.22994425940124,98.95033691789072,103.43729193086024,63.80946665415552,61.71603284978824,42.44175773873799,47.777759498306125,0.0,0.0,0.0,0.0
2026-09-27,WP252026,11,2026-09-28 18:00:00,1 days 18:00:00,42,28.85,133.34,996.4,46.3,80.09167064534904,187.2661665769574,207.0291385126966,133.00152735543452,132.62082326520976,0.0,0.0,0.0,0.0,0.0,0.0,0.0,0.0
2026-09-27,WP252026,11,2026-09-29 00:00:00,2 days 00:00:00,48,29.56,134.24,998.2,41.1,108.60735347239864,108.60735347239864,55.31879799294472,14.714180596976965,32.15035548158713,0.0,0.0,0.0,0.0,0.0,0.0,0.0,0.0
2026-09-27,WP252026,11,2026-09-29 06:00:00,2 days 06:00:00,54,30.21,135.24,995.7,39.4,136.8781886333515,112.69929907391143,136.8781886333515,76.457322407141,61.49249152108232,0.0,0.0,0.0,0.0,0.0,0.0,0.0,0.0
2026-09-27,WP252026,11,2026-09-29 12:00:00,2 days 12:00:00,60,30.37,136.65,999.0,34.4,90.36506069913156,31.01641805341748,90.36506069913156,8.584714612744268,16.817848469908093,0.0,0.0,0.0,0.0,0.0,0.0,0.0,0.0
2026-09-27,WP252026,11,2026-09-29 18:00:00,2 days 18:00:00,66,31.37,138.26,1000.5,32.3,139.13190117340196,0.0,0.0,0.0,0.0,0.0,0.0,0.0,0.0,0.0,0.0,0.0,0.0
2026-09-27,WP252026,11,2026-09-30 00:00:00,3 days 00:00:00,72,31.72,140.37,1000.7,33.3,83.65278658976226,0.0,0.0,0.0,0.0,0.0,0.0,0.0,0.0,0.0,0.0,0.0,0.0
2026-09-27,WP252026,11,2026-09-30 06:00:00,3 days 06:00:00,78,32.44,141.54,999.3,33.4,83.3068499623555,0.0,0.0,0.0,0.0,0.0,0.0,0.0,0.0,0.0,0.0,0.0,0.0
2026-09-27,WP252026,11,2026-09-30 12:00:00,3 days 12:00:00,84,33.31,143.11,1000.7,35.6,59.09338464231309,59.09338464231309,0.0,0.0,0.0,0.0,0.0,0.0,0.0,0.0,0.0,0.0,0.0
2026-09-27,WP252026,11,2026-09-30 18:00:00,3 days 18:00:00,90,33.97,144.22,1004.1,23.6,165.44903577406876,0.0,0.0,0.0,0.0,0.0,0.0,0.0,0.0,0.0,0.0,0.0,0.0
2026-09-27,WP252026,11,2026-10-01 00:00:00,4 days 00:00:00,96,34.68,145.83,1005.3,26.6,139.04690388387596,0.0,0.0,0.0,0.0,0.0,0.0,0.0,0.0,0.0,0.0,0.0,0.0
2026-09-27,WP252026,11,2026-10-01 06:00:00,4 days 06:00:00,102,36.47,147.91,998.6,29.8,72.83830381346752,0.0,0.0,0.0,0.0,0.0,0.0,0.0,0.0,0.0,0.0,0.0,0.0
2026-09-27,WP252026,11,2026-10-01 12:00:00,4 days 12:00:00,108,38.19,150.26,1001.1,33.1,83.83733666265535,0.0,0.0,0.0,0.0,0.0,0.0,0.0,0.0,0.0,0.0,0.0,0.0
2026-09-27,WP252026,11,2026-10-01 18:00:00,4 days 18:00:00,114,40.48,153.71,994.1,39.8,187.2279836238885,91.7967819401099,187.2279836238885,67.33593821091586,34.68731086626318,0.0,0.0,0.0,0.0,0.0,0.0,0.0,0.0
2026-09-27,WP252026,11,2026-10-02 00:00:00,5 days 00:00:00,120,42.38,156.97,996.8,36.0,136.8774935064506,122.24106082719597,186.0012309646653,130.2794987915617,70.41436100179483,0.0,0.0,0.0,0.0,0.0,0.0,0.0,0.0
2026-09-27,WP252026,11,2026-10-02 06:00:00,5 days 06:00:00,126,44.06,160.49,993.3,37.7,80.36968321280835,48.56433835577138,90.84957695049336,24.47643316228318,0.0,0.0,0.0,0.0,0.0,0.0,0.0,0.0,0.0
2026-09-27,AL062026,12,2026-09-27 00:00:00,0 days 00:00:00,0,29.8,-43.9,1010.0,29.0,56.0,0.0,0.0,0.0,0.0,0.0,0.0,0.0,0.0,0.0,0.0,0.0,0.0
2026-09-27,AL062026,12,2026-09-27 06:00:00,0 days 06:00:00,6,29.38,-44.0,1009.4,26.3,118.76696113219116,0.0,0.0,0.0,0.0,0.0,0.0,0.0,0.0,0.0,0.0,0.0,0.0
2026-09-27,AL062026,12,2026-09-27 12:00:00,0 days 12:00:00,12,29.66,-42.92,1009.9,26.6,123.4317542620404,0.0,0.0,0.0,0.0,0.0,0.0,0.0,0.0,0.0,0.0,0.0,0.0
2026-09-27,AL062026,12,2026-09-27 18:00:00,0 days 18:00:00,18,28.0,-43.94,1010.5,24.0,87.6790131596278,0.0,0.0,0.0,0.0,0.0,0.0,0.0,0.0,0.0,0.0,0.0,0.0
2026-09-27,AL062026,12,2026-09-28 00:00:00,1 days 00:00:00,24,28.47,-43.89,1012.0,22.8,93.23344918260612,0.0,0.0,0.0,0.0,0.0,0.0,0.0,0.0,0.0,0.0,0.0,0.0
2026-09-27,AL062026,12,2026-09-28 06:00:00,1 days 06:00:00,30,28.23,-44.05,1009.9,26.0,60.49417772828568,0.0,0.0,0.0,0.0,0.0,0.0,0.0,0.0,0.0,0.0,0.0,0.0
2026-09-27,EP152026,12,2026-09-27 00:00:00,0 days 00:00:00,0,16.7,-156.1,972.0,80.0,37.0,241.0,185.0,185.0,241.0,93.0,74.0,93.0,111.0,56.0,46.0,56.0,56.0
2026-09-27,EP152026,12,2026-09-27 06:00:00,0 days 06:00:00,6,16.62,-156.91,953.0,105.9,12.347575170871387,180.60190329087743,160.6562532413679,179.32535603157842,207.53927223969583,88.12288651647918,82.02779325169811,81.08423812725025,91.49902533374744,61.4640929479595,53.51387272013851,47.78613030499196,57.17247522822162
2026-09-27,EP152026,12,2026-09-27 12:00:00,0 days 12:00:00,12,16.27,-157.5,951.1,112.2,23.97455271641518,169.1149725355956,160.45920059043664,170.94614060382753,188.7135384768084,105.95168103764055,78.92381317577484,72.06817657517837,94.06598377180812,59.96121424596245,47.435578926531,39.69273117491623,57.11475052527191
2026-09-27,EP152026,12,2026-09-27 18:00:00,0 days 18:00:00,18,15.89,-158.82,945.8,115.7,16.615314038428068,169.9219999451438,128.68959635053693,132.65952447290408,171.83933267064526,88.6922353700476,76.77118502861319,76.28496969745234,90.72595756124754,54.76057492462021,48.70306149553453,43.48635317232496,49.61803407987605
2026-09-27,EP152026,12,2026-09-28 00:00:00,1 days 00:00:00,24,16.03,-159.47,934.3,126.5,5.256850309595205,155.35369341569967,142.04129151975985,146.8567331159696,145.9995852524159,79.76123736591683,67.0919435259699,64.30470039112427,78.12339551861666,54.11863100149567,40.510830305933325,33.93236776240793,48.22533514595606
2026-09-27,EP152026,12,2026-09-28 06:00:00,1 days 06:00:00,30,16.47,-160.63,940.1,123.2,14.38416959039337,211.94465038894583,192.90762039772025,159.2265333371276,179.07688204153885,103.14718434220453,90.87797319411752,75.79857698958016,92.61827574711626,58.77644700547907,49.9249567588012,41.0557749049556,54.47504016836552
2026-09-27,EP152026,12,2026-09-28 12:00:00,1 days 12:00:00,36,16.93,-161.51,933.8,125.2,0.0,233.15874446962533,166.17799437664596,147.54328768074302,212.30920500278063,110.01743653513992,84.11513984776198,62.06455758239052,95.01598741535864,64.49262063704055,51.83137393084235,41.847855208776565,57.53552554978303
2026-09-27,EP152026,12,2026-09-28 18:00:00,1 days 18:00:00,42,17.82,-162.21,959.4,107.3,26.496137988124215,177.8236205454641,165.04160143762886,102.84096569079668,121.9348920431026,102.00411147603576,81.32649721810952,59.05239786161775,85.77400570809448,58.4586857710874,48.29880806151888,37.204045225946885,50.82441454331905
2026-09-27,EP152026,12,2026-09-29 00:00:00,2 days 00:00:00,48,18.86,-163.05,941.4,121.4,3.85582389084567,233.1649239239664,216.97020577982929,138.28755372495448,206.51136260196745,113.1277052967066,93.79743595975263,64.51930303354169,90.01057855724093,67.85428118809727,58.10632923663178,44.5028487007761,56.89968487268845
2026-09-27,EP152026,12,2026-09-29 06:00:00,2 days 06:00:00,54,20.09,-163.35,962.8,100.8,6.114475367791979,173.6732281707956,180.1375679638613,118.30809051567064,135.10138588605224,95.03762267825824,80.12895919326505,51.70157288344758,67.71694914468003,55.90422436344227,45.57599418785283,33.77054230214529,45.16995858181988
2026-09-27,EP152026,12,2026-09-29 12:00:00,2 days 12:00:00,60,21.34,-163.94,969.0,86.1,17.510151049796463,183.37273297608468,160.55499740507528,105.00923366442156,127.88638272675836,93.74958474590372,78.42440882956704,54.767000838892486,74.5748805203444,47.06420099685813,40.90852988036955,30.034381722889915,38.6448741301281
2026-09-27,EP152026,12,2026-09-29 18:00:00,2 days 18:00:00,66,22.05,-163.98,978.2,78.1,19.375310972234303,221.30876095338252,159.2826775673251,144.15803113411653,205.74894588648203,109.13507291739133,84.57885382977136,58.972509853748576,89.5802755831493,51.44181560842921,42.49045697077376,32.55177883713679,42.00468662204136
2026-09-27,EP152026,12,2026-09-30 00:00:00,3 days 00:00:00,72,22.73,-164.49,980.0,65.7,52.89998153306404,233.3549307448788,166.26036527620016,132.09337008107076,176.22604104083962,122.39748142611752,94.00960923607394,69.52265829798603,99.09563280878152,52.89998153306404,13.2485949439044,8.392300880133622,11.847831544538051
2026-09-27,EP152026,12,2026-09-30 06:00:00,3 days 06:00:00,78,23.35,-164.87,984.5,58.4,79.20412108291187,190.67653099733,144.59367676352642,137.99930914586207,190.2445275758667,103.83763224249024,79.97305766382547,65.25418372564984,83.03982287889977,0.0,0.0,0.0,0.0
2026-09-27,EP152026,12,2026-09-30 12:00:00,3 days 12:00:00,84,23.28,-165.73,985.1,54.0,68.22428804719056,201.54909542394148,160.96527721901657,132.76858754701254,194.87090571711903,68.22428804719056,38.62266024491592,29.52671852658113,41.90597699680865,0.0,0.0,0.0,0.0
2026-09-27,EP152026,12,2026-09-30 18:00:00,3 days 18:00:00,90,22.71,-166.33,990.0,51.6,51.85952942900125,195.54428810997865,157.16951998589374,143.42628100688674,179.64097515581386,111.12046066944949,89.17128435655025,68.57783600122754,89.86118050221035,0.0,0.0,0.0,0.0
2026-09-27,EP152026,12,2026-10-01 00:00:00,4 days 00:00:00,96,22.35,-166.77,991.2,56.0,59.40624390394805,144.75147815207924,102.39256593097264,129.73746048698047,196.96584052566843,98.55333696614184,82.19107408277114,63.08321014334277,85.2753626344466,0.0,0.0,0.0,0.0
2026-09-27,EP152026,12,2026-10-01 06:00:00,4 days 06:00:00,102,22.23,-167.49,993.6,54.1,40.597337421027184,235.24753680396583,178.95024228532097,153.03420624320677,207.37453735885515,47.79949425185351,31.109805880318152,24.122463430476543,35.336793065418675,0.0,0.0,0.0,0.0
2026-09-27,EP152026,12,2026-10-01 12:00:00,4 days 12:00:00,108,22.22,-168.17,989.9,45.2,62.21880534866982,199.8563149130956,165.47824035763188,120.55171503570952,140.5389210976677,0.0,0.0,0.0,0.0,0.0,0.0,0.0,0.0
2026-09-27,EP152026,12,2026-10-01 18:00:00,4 days 18:00:00,114,22.55,-168.71,990.9,52.9,83.06133465585714,211.6007778086175,161.2290699609113,141.82359031057618,182.41803930551265,83.06133465585714,29.51531042558065,18.1249802153499,27.68540544745389,0.0,0.0,0.0,0.0
2026-09-27,EP152026,12,2026-10-02 00:00:00,5 days 00:00:00,120,22.97,-169.17,994.2,45.6,108.79546373106726,206.2007774358988,181.71710704619304,163.9988689978199,178.43065644046374,0.0,0.0,0.0,0.0,0.0,0.0,0.0,0.0
2026-09-27,EP152026,12,2026-10-02 06:00:00,5 days 06:00:00,126,23.35,-169.77,992.5,50.0,82.14535566121106,249.12647542825152,209.15973319008435,179.21806845915762,238.22093902758024,0.0,0.0,0.0,0.0,0.0,0.0,0.0,0.0
2026-09-27,EP152026,12,2026-10-02 12:00:00,5 days 12:00:00,132,23.43,-170.2,994.2,42.9,61.463564005993625,117.0147589612601,122.5371863980526,104.12424567203315,105.18238729761292,0.0,0.0,0.0,0.0,0.0,0.0,0.0,0.0
2026-09-27,EP152026,12,2026-10-02 18:00:00,5 days 18:00:00,138,23.12,-170.88,996.7,49.6,66.06201887749393,166.46787378815137,128.88253450098216,109.60570246959576,142.30623916274303,0.0,0.0,0.0,0.0,0.0,0.0,0.0,0.0
2026-09-27,EP152026,12,2026-10-03 00:00:00,6 days 00:00:00,144,22.78,-171.42,991.3,49.9,63.235076946003176,228.1170929028118,193.9064811455088,178.3594099143886,220.52972949751492,0.0,0.0,0.0,0.0,0.0,0.0,0.0,0.0
2026-09-27,EP152026,12,2026-10-03 06:00:00,6 days 06:00:00,150,22.47,-172.57,989.3,58.4,48.26152289981144,235.7114974332208,165.67013531862835,127.61662902161106,239.34429548213075,94.9676807545448,71.55068533615474,53.54058753045297,81.05997083294733,0.0,0.0,0.0,0.0
2026-09-27,EP152026,12,2026-10-03 12:00:00,6 days 12:00:00,156,21.95,-174.11,982.9,70.6,53.27063518364904,232.2214052256444,150.23527809121703,116.34591073596468,207.57292099029743,109.62684635177834,77.24838942779843,55.93404907418135,94.30811228007455,53.27063518364904,17.96370254916844,12.413412055566884,25.88912100765554
2026-09-27,EP152026,12,2026-10-03 18:00:00,6 days 18:00:00,162,21.86,-175.99,975.6,83.6,38.901729711107095,240.3911919207968,190.43939171210883,143.7673500321934,219.0299788525461,120.69377052404226,99.10164324022652,75.60590648281395,106.35976760824803,57.076461749353896,46.86756051197937,39.233061019787954,49.75181030666669
2026-09-27,EP152026,12,2026-10-04 00:00:00,7 days 00:00:00,168,21.99,-178.05,971.9,83.8,22.563234369142528,178.76797058886285,124.15616445912389,95.93005154175772,157.1547685998192,96.00386262027888,64.65209103155904,49.2037799038543,83.52025996738014,48.582865305528266,35.47816421582704,29.55166924582373,43.81984355608783
2026-09-27,EP152026,12,2026-10-04 06:00:00,7 days 06:00:00,174,22.11,179.39,966.2,88.8,22.566378433068323,216.20742926068365,152.9699559454582,115.83047177227618,194.40721908986663,98.60800418529128,70.93025091936019,55.37555818497698,85.29099987888515,51.432255348040826,40.92476652968374,32.63484936563017,43.703020068021374
2026-09-27,EP152026,12,2026-10-04 12:00:00,7 days 12:00:00,180,22.48,177.97,968.1,99.2,31.300111302520342,254.24387536160043,174.85329336275402,133.56474989324337,240.55875384066667,130.47992180795902,108.7573564895032,80.1922035198678,114.61560320317072,75.29775998561875,61.02685861803086,48.01248851909138,65.03717057771735
2026-09-27,EP152026,12,2026-10-04 18:00:00,7 days 18:00:00,186,23.53,176.13,972.0,82.6,34.01737857800461,281.7283989148184,184.99350421603123,132.97051816606705,249.86970204793624,124.29977930435297,95.07668290474145,67.67520039012649,108.26599774273387,63.00001858446405,51.05735724734546,38.81514515988766,54.87495645979156
2026-09-27,EP152026,12,2026-10-05 00:00:00,8 days 00:00:00,192,24.4,174.47,970.2,89.0,5.361427243134049,228.77764554352808,174.8378476285636,151.97090897185228,203.8318183495269,122.14060223155204,104.37618211080895,73.79287682296227,101.66592819132302,60.28722211363173,50.056457212699456,35.44394188769803,51.89801282835546
2026-09-27,EP152026,12,2026-10-05 06:00:00,8 days 06:00:00,198,25.36,172.74,968.7,83.6,6.656260874149794,234.9824684815498,231.1333070276807,141.2260996168815,167.47431161278342,104.17641740698542,83.15819544344575,48.26340739403861,75.42439036621039,39.58303486009429,31.632638326564063,22.88268643992285,33.81753114218384
2026-09-27,EP152026,12,2026-10-05 12:00:00,8 days 12:00:00,204,26.55,171.35,972.4,75.6,21.411454528576733,241.13272200979875,162.84010685371223,151.48111392176634,226.8815712058606,118.85500996061916,102.64964909569564,69.36599362161594,95.36604093807811,51.778720473071125,43.45740284964958,30.8721061565443,42.373617798730905
2026-09-27,EP152026,12,2026-10-05 18:00:00,8 days 18:00:00,210,27.51,170.23,977.0,76.5,14.841553124751885,210.69022227730235,217.36243549539333,153.42690553071884,177.25051122152055,117.60542175235844,96.55634009096414,59.19544392271351,88.20095807630754,54.14527559722127,43.97782341631973,30.94662869674531,44.31313878536295
2026-09-27,EP152026,12,2026-10-06 00:00:00,9 days 00:00:00,216,28.28,169.28,981.2,66.8,50.96851933047021,206.00123666022057,156.1392928437658,117.08860480084188,187.34516371133608,101.00585489385227,82.91651872402447,50.55692229643294,77.86225300239738,50.96851933047021,15.50238655663762,8.170315332959902,17.885051273913323
2026-09-27,EP152026,12,2026-10-06 06:00:00,9 days 06:00:00,222,29.23,168.88,990.8,60.4,30.504748415769196,235.21039972011852,185.660076782456,104.21296111609368,168.10580044311618,136.15086927219943,110.31523574379698,72.42687158677109,106.44317104518848,0.0,0.0,0.0,0.0
2026-09-27,EP152026,12,2026-10-06 12:00:00,9 days 12:00:00,228,29.6,168.26,985.5,68.0,54.73851518670518,228.93690328487912,222.41016714466423,116.84496342281676,207.77776725844265,126.77187785938352,103.93424494828992,73.92795139936351,122.57230357568372,58.80615660622817,43.19598175209421,33.463304670999406,50.90939789017119
2026-09-27,EP152026,12,2026-10-06 18:00:00,9 days 18:00:00,234,30.15,167.47,985.6,58.2,83.59813999834887,298.8068943898397,190.54115830554656,160.64457105812107,281.3516485435557,183.3846510905505,142.94132523371582,106.74037149834568,152.58104622352494,0.0,0.0,0.0,0.0
2026-09-27,EP152026,12,2026-10-07 00:00:00,10 days 00:00:00,240,30.91,166.44,990.7,59.6,53.04753646900576,231.0533048598184,175.6161570060737,110.13181635801348,158.3539889551132,67.11960268740575,53.34331903729705,29.78477658790375,43.37895857044209,0.0,0.0,0.0,0.0
2026-09-27,EP152026,12,2026-10-07 06:00:00,10 days 06:00:00,246,31.77,165.54,991.4,50.7,117.2559734420658,243.51300393993617,188.1899323231827,131.4274701031934,202.95008527761027,117.2559734420658,27.99054635336485,15.16772749663724,28.4924782422115,0.0,0.0,0.0,0.0
2026-09-27,EP152026,12,2026-10-07 12:00:00,10 days 12:00:00,252,32.07,165.26,992.6,48.7,65.05829091928146,174.8165608130161,179.93745194568612,112.45222284635744,130.39854917689738,0.0,0.0,0.0,0.0,0.0,0.0,0.0,0.0
2026-09-27,EP152026,12,2026-10-07 18:00:00,10 days 18:00:00,258,32.85,164.96,995.7,50.2,76.81438029758206,157.9954682191801,163.02977187929457,123.58051691907384,109.006611261805,1.556481693386382,76.81438029758206,0.0,0.0,0.0,0.0,0.0,0.0
2026-09-27,EP152026,12,2026-10-08 00:00:00,11 days 00:00:00,264,33.41,164.96,999.4,40.9,32.556133280523525,59.42252815741144,37.55490798684764,14.236516661004256,27.620867675573507,0.0,0.0,0.0,0.0,0.0,0.0,0.0,0.0
2026-09-27,EP152026,12,2026-10-08 06:00:00,11 days 06:00:00,270,34.12,166.22,1001.3,40.3,70.78371991187748,108.94864638268204,99.55645741483384,52.03574546508278,51.34949814479985,0.0,0.0,0.0,0.0,0.0,0.0,0.0,0.0
2026-09-27,EP152026,12,2026-10-08 12:00:00,11 days 12:00:00,276,34.39,167.55,1000.8,34.5,68.59982502110711,73.20791341417356,102.72650971291546,61.27768154192876,40.08065074374685,0.0,0.0,0.0,0.0,0.0,0.0,0.0,0.0
2026-09-27,EP152026,12,2026-10-08 18:00:00,11 days 18:00:00,282,34.86,168.86,1007.2,31.6,63.01713919764804,0.0,0.0,0.0,0.0,0.0,0.0,0.0,0.0,0.0,0.0,0.0,0.0
2026-09-27,EP152026,12,2026-10-09 00:00:00,12 days 00:00:00,288,35.39,171.28,998.8,34.8,165.40978354992274,26.431655393619344,165.40978354992274,21.183470551899127,30.019418343333868,0.0,0.0,0.0,0.0,0.0,0.0,0.0,0.0
2026-09-27,EP152026,12,2026-10-09 06:00:00,12 days 06:00:00,294,35.46,173.31,1001.3,33.7,73.50259385891925,0.0,0.0,0.0,0.0,0.0,0.0,0.0,0.0,0.0,0.0,0.0,0.0
2026-09-27,EP152026,12,2026-10-09 12:00:00,12 days 12:00:00,300,35.75,175.37,1004.1,27.4,118.38338813247525,0.0,0.0,0.0,0.0,0.0,0.0,0.0,0.0,0.0,0.0,0.0,0.0
2026-09-27,EP152026,12,2026-10-09 18:00:00,12 days 18:00:00,306,36.16,178.45,1001.5,21.3,121.2638098974312,0.0,0.0,0.0,0.0,0.0,0.0,0.0,0.0,0.0,0.0,0.0,0.0
2026-09-27,EP152026,12,2026-10-10 00:00:00,13 days 00:00:00,312,37.21,-178.63,1010.3,28.7,127.00407848569785,0.0,0.0,0.0,0.0,0.0,0.0,0.0,0.0,0.0,0.0,0.0,0.0
2026-09-27,EP152026,12,2026-10-10 06:00:00,13 days 06:00:00,318,36.65,-175.56,1005.2,22.4,104.99691850016929,0.0,0.0,0.0,0.0,0.0,0.0,0.0,0.0,0.0,0.0,0.0,0.0
2026-09-27,EP152026,12,2026-10-10 12:00:00,13 days 12:00:00,324,36.11,-171.74,1009.6,34.4,104.989609234186,0.0,104.989609234186,0.0,0.0,0.0,0.0,0.0,0.0,0.0,0.0,0.0,0.0
2026-09-27,EP162026,12,2026-09-27 00:00:00,0 days 00:00:00,0,20.8,-123.6,975.0,76.0,28.0,167.0,167.0,148.0,185.0,93.0,74.0,74.0,93.0,65.0,46.0,37.0,56.0
2026-09-27,EP162026,12,2026-09-27 06:00:00,0 days 06:00:00,6,21.35,-123.29,986.2,60.2,50.81163174592537,235.4824451247761,190.6926571655443,138.94651251095607,222.77270121158108,88.39300994673731,70.92674588636957,44.0046288204627,74.13260622319345,0.0,0.0,0.0,0.0
2026-09-27,EP162026,12,2026-09-27 12:00:00,0 days 12:00:00,12,21.93,-123.3,1000.9,43.2,77.0053871164196,108.24916225012946,92.58068582234571,75.60639403553441,90.53357818280564,0.0,0.0,0.0,0.0,0.0,0.0,0.0,0.0
2026-09-27,EP162026,12,2026-09-27 18:00:00,0 days 18:00:00,18,22.19,-123.2,1000.5,34.4,105.32110208204064,0.1563117893299672,105.32110208204064,15.329772014499872,0.0,0.0,0.0,0.0,0.0,0.0,0.0,0.0,0.0
2026-09-27,EP162026,12,2026-09-28 00:00:00,1 days 00:00:00,24,21.88,-123.22,1000.9,33.1,118.68046748369602,0.0,0.0,0.0,0.0,0.0,0.0,0.0,0.0,0.0,0.0,0.0,0.0
2026-09-27,EP162026,12,2026-09-28 06:00:00,1 days 06:00:00,30,21.72,-122.55,1005.6,23.1,77.89505212823178,0.0,0.0,0.0,0.0,0.0,0.0,0.0,0.0,0.0,0.0,0.0,0.0
2026-09-27,EP162026,12,2026-09-28 12:00:00,1 days 12:00:00,36,21.68,-122.71,1005.2,30.8,111.82606596045036,0.0,0.0,0.0,0.0,0.0,0.0,0.0,0.0,0.0,0.0,0.0,0.0
2026-09-27,EP162026,12,2026-09-28 18:00:00,1 days 18:00:00,42,20.96,-122.3,1005.0,25.9,120.90651126206389,0.0,0.0,0.0,0.0,0.0,0.0,0.0,0.0,0.0,0.0,0.0,0.0
2026-09-27,EP162026,12,2026-09-29 00:00:00,2 days 00:00:00,48,20.74,-121.68,1005.4,24.1,58.20478919009798,0.0,0.0,0.0,0.0,0.0,0.0,0.0,0.0,0.0,0.0,0.0,0.0
2026-09-27,EP162026,12,2026-09-29 06:00:00,2 days 06:00:00,54,20.41,-121.39,1006.6,22.4,177.02580999676215,0.0,0.0,0.0,0.0,0.0,0.0,0.0,0.0,0.0,0.0,0.0,0.0
2026-09-27,EP162026,12,2026-09-29 12:00:00,2 days 12:00:00,60,20.02,-121.39,1005.2,25.8,123.30797604053068,0.0,0.0,0.0,0.0,0.0,0.0,0.0,0.0,0.0,0.0,0.0,0.0
2026-09-27,EP162026,12,2026-09-29 18:00:00,2 days 18:00:00,66,19.59,-121.14,1005.4,21.1,100.53051554577988,0.0,0.0,0.0,0.0,0.0,0.0,0.0,0.0,0.0,0.0,0.0,0.0
2026-09-27,EP162026,12,2026-09-30 00:00:00,3 days 00:00:00,72,19.18,-121.45,1004.6,22.5,98.874264078241,0.0,0.0,0.0,0.0,0.0,0.0,0.0,0.0,0.0,0.0,0.0,0.0
2026-09-27,EP162026,12,2026-09-30 06:00:00,3 days 06:00:00,78,19.06,-121.53,1005.9,18.6,100.36740122603628,0.0,0.0,0.0,0.0,0.0,0.0,0.0,0.0,0.0,0.0,0.0,0.0
2026-09-27,EP172026,12,2026-09-27 00:00:00,0 days 00:00:00,0,19.0,-112.9,946.0,111.0,28.0,259.0,185.0,167.0,185.0,111.0,111.0,93.0,93.0,65.0,65.0,46.0,56.0
2026-09-27,EP172026,12,2026-09-27 06:00:00,0 days 06:00:00,6,19.73,-113.17,947.0,109.9,12.954025461281802,220.0876774706093,223.0475618669792,159.40936283481906,200.9609994023081,106.08685354531492,98.940574360951,73.9121317447967,83.43778714140068,69.98692673706539,61.62723022358532,48.986825179248775,60.30103269409644
2026-09-27,EP172026,12,2026-09-27 12:00:00,0 days 12:00:00,12,20.63,-113.9,942.9,114.1,18.35544310265608,168.0485524545254,197.61309342653556,148.41398546735948,145.7132319527226,104.79920123654472,97.58370163029872,72.7962920629889,80.28620695518039,58.65664210605946,51.62103830778007,40.53444765687543,49.90866122283954
2026-09-27,EP172026,12,2026-09-27 18:00:00,0 days 18:00:00,18,21.47,-114.03,940.7,118.3,14.19269265584592,202.5002159533877,211.06909818620124,163.5441357646427,154.3179220187943,104.29939985127696,87.54718667120568,66.64539077170872,84.12799302244223,55.00795886253818,46.36638266662534,35.433936588486674,45.4906945844364
2026-09-27,EP172026,12,2026-09-28 00:00:00,1 days 00:00:00,24,22.57,-114.2,940.4,122.7,9.721631256009983,185.7072736112988,206.7259207662696,151.5426131249268,151.7937909078753,109.32447923295548,99.19908400304251,68.12670640919274,81.38397557276761,62.58610329875957,54.268411044204825,41.62353547025048,51.14321308386943
2026-09-27,EP172026,12,2026-09-28 06:00:00,1 days 06:00:00,30,23.52,-114.25,944.9,121.9,26.485366777170544,238.0658660038344,264.8589849785133,164.2174004804737,140.58572380030353,102.42599335183384,101.87692802573164,69.74448708345422,60.41183273164117,45.54215806737839,44.16244020070236,33.119386113036875,34.9015230587308
2026-09-27,EP172026,12,2026-09-28 12:00:00,1 days 12:00:00,36,24.45,-114.11,941.2,120.7,20.063051403856647,162.11877848062295,218.82797194066853,146.41402103209808,101.65653407123102,84.96698950446125,93.64833586508436,70.29959290889171,60.221000223015295,53.12400136842298,51.92973871454687,40.78980654216,44.33812224724406
2026-09-27,EP172026,12,2026-09-28 18:00:00,1 days 18:00:00,42,25.49,-113.57,957.3,99.7,19.89035559237136,176.7049934407181,205.8347142878346,159.4249491309667,134.7366842846701,83.79995641745158,81.8094520718926,59.03388974130787,60.037249743984745,51.33845976327487,47.08189997317319,36.95815560253688,42.00097088653269
2026-09-27,EP172026,12,2026-09-29 00:00:00,2 days 00:00:00,48,26.18,-112.71,968.7,88.6,13.20866170937894,208.66335324843945,213.07912036085372,161.70470408252768,169.19500727156958,102.29657062538963,106.66749903237168,75.86332115379139,70.7337378667976,53.87262245387242,51.64496513102743,42.64347586102775,41.05055371109283
2026-09-27,EP172026,12,2026-09-29 06:00:00,2 days 06:00:00,54,27.47,-111.49,978.3,68.8,0.0,126.25584560176183,126.12035787974958,117.59487084764017,60.30623646706808,62.00846999461575,73.89311812948634,51.829862482748304,34.440225991556666,37.587391056956434,40.66552707804934,29.259919350194508,29.710449973863675
2026-09-27,EP172026,12,2026-09-29 12:00:00,2 days 12:00:00,60,29.05,-110.49,996.7,38.1,6.311035756784872,56.98458379724785,40.66894619376265,17.567388471142145,0.0,0.0,0.0,0.0,0.0,0.0,0.0,0.0,0.0
2026-09-27,EP902026,12,2026-09-27 00:00:00,0 days 00:00:00,0,12.0,-98.6,1008.0,25.0,111.0,0.0,0.0,0.0,0.0,0.0,0.0,0.0,0.0,0.0,0.0,0.0,0.0
2026-09-27,EP902026,12,2026-09-27 06:00:00,0 days 06:00:00,6,11.87,-98.06,1005.5,26.9,96.57447898601674,0.0,0.0,0.0,0.0,0.0,0.0,0.0,0.0,0.0,0.0,0.0,0.0
2026-09-27,EP902026,12,2026-09-27 12:00:00,0 days 12:00:00,12,11.88,-98.51,1002.8,38.1,87.12004552163211,98.58980569881156,74.84204679338146,52.65212263647781,79.70226727758418,0.0,0.0,0.0,0.0,0.0,0.0,0.0,0.0
2026-09-27,EP902026,12,2026-09-27 18:00:00,0 days 18:00:00,18,12.56,-99.07,1002.0,48.0,76.60352937745544,205.6126979890747,190.15264961855556,160.79713158082666,197.17535136869455,0.0,0.0,0.0,0.0,0.0,0.0,0.0,0.0
2026-09-27,EP902026,12,2026-09-28 00:00:00,1 days 00:00:00,24,12.6,-99.77,999.7,47.5,83.62610004283351,223.8938100575175,206.90283719048736,166.76194239308498,196.9236393970812,0.0,0.0,0.0,0.0,0.0,0.0,0.0,0.0
2026-09-27,EP902026,12,2026-09-28 06:00:00,1 days 06:00:00,30,13.05,-100.25,998.3,49.9,65.91850051336101,208.516707351978,192.7605664759966,147.26150162107405,179.68327489539092,0.0,0.0,0.0,0.0,0.0,0.0,0.0,0.0
2026-09-27,EP902026,12,2026-09-28 12:00:00,1 days 12:00:00,36,13.21,-100.67,997.0,45.3,85.79682563733974,158.7597423354031,136.62741702118245,117.54967979340752,132.1543762834706,0.0,0.0,0.0,0.0,0.0,0.0,0.0,0.0
2026-09-27,EP902026,12,2026-09-28 18:00:00,1 days 18:00:00,42,13.85,-101.67,999.3,44.3,118.19055932631632,118.19055932631632,66.50798573995027,38.57794378393384,55.89902848339089,0.0,0.0,0.0,0.0,0.0,0.0,0.0,0.0
2026-09-27,EP902026,12,2026-09-29 00:00:00,2 days 00:00:00,48,14.57,-102.38,995.6,46.9,64.9655804643431,187.95660486675652,155.09687917803572,90.78829569262142,137.20826723448957,0.0,0.0,0.0,0.0,0.0,0.0,0.0,0.0
2026-09-27,EP902026,12,2026-09-29 06:00:00,2 days 06:00:00,54,15.1,-103.39,994.6,50.6,121.69366031970488,190.3558271934161,182.9784993427598,110.39500576276431,139.70519814194842,0.9642138604692164,0.98240947771222,0.0,121.69366031970488,0.0,0.0,0.0,0.0
2026-09-27,EP902026,12,2026-09-29 12:00:00,2 days 12:00:00,60,15.26,-104.45,993.4,50.0,54.94062433955117,193.23190437401576,155.2942603327851,123.70472986206342,156.3126863985608,0.0,0.0,0.0,0.0,0.0,0.0,0.0,0.0
2026-09-27,EP902026,12,2026-09-29 18:00:00,2 days 18:00:00,66,15.99,-105.64,995.7,48.3,79.48078216055302,183.87990154598776,175.74362693733406,117.5256733378115,137.20610382213454,0.0,0.0,0.0,0.0,0.0,0.0,0.0,0.0
2026-09-27,EP902026,12,2026-09-30 00:00:00,3 days 00:00:00,72,16.89,-106.33,992.1,52.8,35.54299494975113,175.44255915090295,181.3312086759292,129.00276240758717,154.22967727976442,60.44502674253124,54.33695666066162,33.41718671533942,42.7110563409714,0.0,0.0,0.0,0.0
2026-09-27,EP902026,12,2026-09-30 06:00:00,3 days 06:00:00,78,17.21,-106.94,983.8,63.5,47.078151310094896,199.27340069349907,189.6156141844304,134.24739329867592,180.4129760247964,124.87362999019643,95.10865886934036,57.91137133602322,91.89733567861174,0.0,0.0,0.0,0.0
2026-09-27,EP902026,12,2026-09-30 12:00:00,3 days 12:00:00,84,17.66,-107.79,978.0,76.8,20.87939362415493,173.5838342741164,183.87612931658265,170.21524528673837,154.68693816860946,106.06166209180724,89.16334028778144,69.2709853620207,85.86006255131127,34.657683661492186,28.76138785141436,23.744870527068706,30.35566721114941
2026-09-27,EP902026,12,2026-09-30 18:00:00,3 days 18:00:00,90,18.35,-108.64,983.8,67.0,25.590114545767417,154.01526382847294,161.61238773191295,121.15573854270474,135.83542707034974,71.02499079719021,65.86482407608031,41.638294353376494,47.51514021212214,25.590114545767417,0.1232019645669268,0.0,0.0
2026-09-27,EP902026,12,2026-10-01 00:00:00,4 days 00:00:00,96,18.73,-109.22,979.0,67.1,12.951979851482214,161.21827996005726,184.01312421806327,145.26754781407922,133.42735707209144,73.92246656441606,71.6209955478524,52.6401967956652,61.157227489741935,35.38114597351105,31.306367718749478,25.906077559634983,28.850862523359865
2026-09-27,EP902026,12,2026-10-01 06:00:00,4 days 06:00:00,102,18.63,-109.83,981.2,65.3,33.66077390765925,142.83018875529118,170.22247590149982,122.6139982551424,109.27920911418988,77.71846607117976,72.24711526092193,49.83885049211823,61.04665983178583,33.66077390765925,6.567960011600882,5.096671118229445,8.316170199512651
2026-09-27,EP902026,12,2026-10-01 12:00:00,4 days 12:00:00,108,18.88,-110.22,982.9,57.6,37.37088787185871,128.20037323346557,150.3047063139041,129.92208111627156,102.58477293840689,80.05651292943334,72.0122033383837,51.506266608345896,65.57024238969788,0.0,0.0,0.0,0.0
2026-09-27,EP902026,12,2026-10-01 18:00:00,4 days 18:00:00,114,18.79,-110.72,992.0,49.2,25.844187807215896,92.43521174083185,103.87612170886504,113.6965855687838,98.0875945370615,0.0,0.0,0.0,0.0,0.0,0.0,0.0,0.0
2026-09-27,EP902026,12,2026-10-02 00:00:00,5 days 00:00:00,120,18.61,-111.41,988.4,53.7,37.17929545030755,87.46068342535533,108.22882555873278,123.1375156380834,113.078292825625,69.7730211430639,66.5176734731354,49.00115669266342,61.255531108441446,0.0,0.0,0.0,0.0
2026-09-27,EP902026,12,2026-10-02 06:00:00,5 days 06:00:00,126,18.59,-111.67,993.0,54.3,61.22278528510961,137.6558003947597,140.81557944580862,125.34301121738856,129.27155511094034,18.6264909127434,61.22278528510961,14.70132642587405,13.672738558326229,0.0,0.0,0.0,0.0
2026-09-27,EP902026,12,2026-10-02 12:00:00,5 days 12:00:00,132,18.24,-112.01,991.4,56.3,29.194996345757964,110.637369558637,132.37574186868017,151.80430381784683,109.32781733516497,55.237702164797874,48.01783063406518,40.93450420181635,38.30879645534401,0.0,0.0,0.0,0.0
2026-09-27,EP902026,12,2026-10-02 18:00:00,5 days 18:00:00,138,18.05,-112.45,992.1,57.5,32.07482360717442,112.7906163442444,110.5927413417019,102.23871466429333,112.24905790471,70.8826973811342,61.950025978484746,46.47933177697245,55.342308290098345,0.0,0.0,0.0,0.0
2026-09-27,EP902026,12,2026-10-03 00:00:00,6 days 00:00:00,144,17.67,-112.55,994.8,53.1,36.97222026970064,119.8842020703284,128.0506341030623,124.27252762857496,131.5637918767361,60.46331259150381,53.383158794356746,35.872457421092776,46.01492518729492,0.0,0.0,0.0,0.0
2026-09-27,EP902026,12,2026-10-03 06:00:00,6 days 06:00:00,150,17.52,-112.42,994.2,51.2,33.66406507043872,119.40261037610416,106.22379881069436,115.12320335950228,128.54932173806586,55.54218844752068,47.55072809094447,32.50879956660658,44.771638722336895,0.0,0.0,0.0,0.0
2026-09-27,EP902026,12,2026-10-03 12:00:00,6 days 12:00:00,156,17.29,-112.5,990.3,56.2,34.80115705940982,103.56717061196233,101.76809090559628,93.39455906686798,103.83229484763304,44.19159932126157,40.73508292192089,26.36687020575821,34.99616672389255,0.0,0.0,0.0,0.0
2026-09-27,EP902026,12,2026-10-03 18:00:00,6 days 18:00:00,162,16.9,-112.53,994.0,56.1,40.63875004260845,123.93984965567164,124.15133993363668,126.69512080554472,136.42403970091152,45.57963309641883,39.15701339383065,24.482200274986155,34.76930815369877,0.0,0.0,0.0,0.0
2026-09-27,EP902026,12,2026-10-04 00:00:00,7 days 00:00:00,168,16.97,-112.13,989.3,55.6,63.45729430552687,235.28685293746543,258.0034363753598,222.9368597065049,215.14914957055615,70.5021863009562,72.2743841096821,53.83771877122607,54.49705906041051,0.0,0.0,0.0,0.0
2026-09-27,EP902026,12,2026-10-04 06:00:00,7 days 06:00:00,174,17.07,-111.54,991.7,60.4,50.24685582384697,180.31434995007703,208.42893418485363,174.70602502398657,147.2057339623185,113.76723265126684,108.847519295357,73.92004602314822,83.43350714993979,0.0,0.0,0.0,0.0
2026-09-27,EP902026,12,2026-10-04 12:00:00,7 days 12:00:00,180,17.48,-111.17,987.4,65.7,60.11932192144167,148.69538850206652,163.57737125005997,122.5275245617081,110.24134326364606,77.3355424790957,74.5263790316805,54.35693181217428,56.27775067702095,7.381925306434443,60.11932192144167,5.960266637844409,5.658696207461922
2026-09-27,EP902026,12,2026-10-04 18:00:00,7 days 18:00:00,186,17.58,-110.96,979.1,75.8,26.987650105960483,176.77128443592756,200.8641752966123,195.05456868054895,171.8209071457186,91.1316950888795,104.2751273020749,85.96545384777983,78.00794028869495,62.90423055877568,61.612410716677005,53.6249482138162,53.73182525867696
2026-09-27,EP902026,12,2026-10-05 00:00:00,8 days 00:00:00,192,18.12,-110.62,979.9,70.5,36.33639628362582,151.99170930114713,203.24323554521357,163.73022627662442,131.62406431631763,76.78493118453817,83.81151949039331,68.18118583439372,59.07216463693251,36.14075151558694,37.73471669330648,31.04074752849253,31.323632110078147
2026-09-27,EP902026,12,2026-10-05 06:00:00,8 days 06:00:00,198,18.47,-110.08,981.2,62.9,46.677387111158296,157.3323528440135,198.1958447739477,155.54657343064014,124.11484780227023,73.15371004765429,85.19787433091066,62.66965840919877,56.7576353127735,0.0,0.0,0.0,0.0
2026-09-27,EP902026,12,2026-10-05 12:00:00,8 days 12:00:00,204,18.77,-110.17,986.4,56.6,48.72901151272386,151.76683199610238,206.0295137359994,165.53470489585493,139.91759392738695,121.24124504208744,119.31299651260905,88.80163198075337,93.68399031767456,0.0,0.0,0.0,0.0
2026-09-27,EP902026,12,2026-10-05 18:00:00,8 days 18:00:00,210,19.37,-110.38,989.9,52.3,47.88604956654992,222.6933285013773,231.05830588521533,133.57107472897684,183.8583981973648,64.38118228333268,54.286910432299365,31.626458348830564,43.967991804517744,0.0,0.0,0.0,0.0
2026-09-27,EP902026,12,2026-10-06 00:00:00,9 days 00:00:00,216,19.93,-110.84,987.5,56.2,49.09241793739467,249.31197377167416,265.7896289427089,148.6836760292563,187.8109024047538,93.25200100470786,81.31409140641308,50.38420923549367,67.41474268879853,0.0,0.0,0.0,0.0
2026-09-27,EP902026,12,2026-10-06 06:00:00,9 days 06:00:00,222,20.34,-111.57,979.0,64.3,31.38863364536919,190.74882434782091,188.372346851762,134.70313021791932,156.50143670219254,84.74505431488961,76.80201703742136,54.95852156782753,70.49182770346795,31.38863364536919,18.106512436631817,15.20688420888173,19.56275723869259
2026-09-27,EP902026,12,2026-10-06 12:00:00,9 days 12:00:00,228,20.71,-112.4,980.1,68.6,41.57845355851016,208.35804737449408,158.0037889710031,108.54710930973287,188.6225116705898,100.684704627447,71.7057424389985,52.71443943272434,83.63246089846409,41.57845355851016,31.343417544976266,22.58214375704899,32.856771773606454
2026-09-27,EP902026,12,2026-10-06 18:00:00,9 days 18:00:00,234,21.12,-113.35,986.6,59.8,25.63643004467168,170.1729146554934,112.04287704821296,84.8374205776948,167.15742480868028,74.21194872417968,57.41233307920084,41.46373631889312,61.19656247764763,0.0,0.0,0.0,0.0
2026-09-27,EP902026,12,2026-10-07 00:00:00,10 days 00:00:00,240,21.27,-114.4,995.5,56.4,39.085069039707605,215.52513978248112,143.80015507605185,85.86053261656195,188.4286107338619,133.0802156032114,102.30138514283954,71.24828477510846,104.0564019190652,0.0,0.0,0.0,0.0
2026-09-27,EP902026,12,2026-10-07 06:00:00,10 days 06:00:00,246,21.31,-115.37,991.4,45.2,51.82514066745307,216.7437431029457,161.52937473809243,108.0143835714423,190.5381363802653,0.0,0.0,0.0,0.0,0.0,0.0,0.0,0.0
2026-09-27,EP902026,12,2026-10-07 12:00:00,10 days 12:00:00,252,21.66,-116.66,990.5,51.7,86.97919092628891,213.60097085725548,184.6774918440576,108.89513711759987,176.67270041808646,86.97919092628891,14.28553324931382,4.54595241736038,16.720356421171083,0.0,0.0,0.0,0.0
2026-09-27,EP902026,12,2026-10-07 18:00:00,10 days 18:00:00,258,22.27,-117.94,992.4,54.4,45.27823317771981,178.95778655605147,126.9660805784166,92.42483086442854,184.05849267053168,119.90335979225064,96.45016842047522,65.69167495917517,103.38300371606717,0.0,0.0,0.0,0.0
2026-09-27,EP902026,12,2026-10-08 00:00:00,11 days 00:00:00,264,22.78,-119.21,993.7,46.0,23.8632524721222,227.27136352325212,141.0444460568677,92.59566591303933,167.97353336123263,0.0,0.0,0.0,0.0,0.0,0.0,0.0,0.0
2026-09-27,EP902026,12,2026-10-08 06:00:00,11 days 06:00:00,270,22.98,-120.2,997.2,45.4,57.67012885900485,152.64139422973108,120.11014168275769,113.69392351238642,122.34433115339644,0.0,0.0,0.0,0.0,0.0,0.0,0.0,0.0
2026-09-27,EP902026,12,2026-10-08 12:00:00,11 days 12:00:00,276,23.44,-121.27,1000.3,41.5,28.546737787832285,132.81123468149775,82.16879266718486,64.62033000055672,101.75400817340382,0.0,0.0,0.0,0.0,0.0,0.0,0.0,0.0
2026-09-27,EP902026,12,2026-10-08 18:00:00,11 days 18:00:00,282,23.67,-122.07,1002.0,33.3,85.86083544478346,0.0,0.0,0.0,0.0,0.0,0.0,0.0,0.0,0.0,0.0,0.0,0.0
2026-09-27,EP902026,12,2026-10-09 00:00:00,12 days 00:00:00,288,23.85,-122.66,999.4,38.1,65.71299053718144,85.40995316516546,52.86768143663562,40.49176130983346,64.48646366758476,0.0,0.0,0.0,0.0,0.0,0.0,0.0,0.0
2026-09-27,EP902026,12,2026-10-09 06:00:00,12 days 06:00:00,294,24.18,-123.42,1004.0,31.7,137.51810530425206,0.0,0.0,0.0,0.0,0.0,0.0,0.0,0.0,0.0,0.0,0.0,0.0
2026-09-27,EP902026,12,2026-10-09 12:00:00,12 days 12:00:00,300,24.5,-123.8,1004.6,30.6,122.63091962918412,0.0,0.0,0.0,0.0,0.0,0.0,0.0,0.0,0.0,0.0,0.0,0.0
2026-09-27,EP902026,12,2026-10-09 18:00:00,12 days 18:00:00,306,24.8,-123.99,1003.7,28.5,151.5250911440731,0.0,0.0,0.0,0.0,0.0,0.0,0.0,0.0,0.0,0.0,0.0,0.0
2026-09-27,EP902026,12,2026-10-10 00:00:00,13 days 00:00:00,312,25.05,-124.19,1001.7,28.9,57.065024103414,0.0,0.0,0.0,0.0,0.0,0.0,0.0,0.0,0.0,0.0,0.0,0.0
2026-09-27,EP902026,12,2026-10-10 06:00:00,13 days 06:00:00,318,25.45,-124.0,1003.8,26.4,98.6918061422647,0.0,0.0,0.0,0.0,0.0,0.0,0.0,0.0,0.0,0.0,0.0,0.0
2026-09-27,EP902026,12,2026-10-10 12:00:00,13 days 12:00:00,324,25.74,-123.81,1003.9,29.8,66.61641860204026,0.0,0.0,0.0,0.0,0.0,0.0,0.0,0.0,0.0,0.0,0.0,0.0
2026-09-27,EP902026,12,2026-10-10 18:00:00,13 days 18:00:00,330,26.24,-123.43,1002.7,24.5,135.8948011438396,0.0,0.0,0.0,0.0,0.0,0.0,0.0,0.0,0.0,0.0,0.0,0.0
2026-09-27,EP902026,12,2026-10-11 00:00:00,14 days 00:00:00,336,27.25,-122.77,1002.4,29.3,57.12519220072273,0.0,0.0,0.0,0.0,0.0,0.0,0.0,0.0,0.0,0.0,0.0,0.0
2026-09-27,EP902026,12,2026-10-11 06:00:00,14 days 06:00:00,342,27.92,-122.18,1001.0,33.8,109.47182500107596,0.0,0.0,0.0,0.0,0.0,0.0,0.0,0.0,0.0,0.0,0.0,0.0
2026-09-27,EP902026,12,2026-10-11 12:00:00,14 days 12:00:00,348,28.87,-121.57,999.7,30.0,105.7615698884332,0.0,0.0,0.0,0.0,0.0,0.0,0.0,0.0,0.0,0.0,0.0,0.0
2026-09-27,EP902026,12,2026-10-11 18:00:00,14 days 18:00:00,354,31.08,-120.68,1000.9,34.6,131.4588541964215,131.4588541964215,1.8516261355989911,0.0,0.0,0.0,0.0,0.0,0.0,0.0,0.0,0.0,0.0
2026-09-27,WP252026,12,2026-09-27 00:00:00,0 days 00:00:00,0,24.6,127.6,964.0,89.0,22.0,102.0,121.0,102.0,93.0,,,,,,,,
2026-09-27,WP252026,12,2026-09-27 06:00:00,0 days 06:00:00,6,25.39,128.04,945.8,107.7,20.685032395280537,145.83195423580702,178.04808754111062,171.33323951375294,120.67520193591932,77.42641612584572,91.49261923967168,72.60554482773927,59.86853571888824,43.55353950288207,46.959764008812776,40.99958192171383,36.1639592712561
2026-09-27,WP252026,12,2026-09-27 12:00:00,0 days 12:00:00,12,25.72,128.96,961.2,92.9,20.251456315906808,130.58606976916644,170.92117808503872,154.31207794007196,121.47033030817693,62.70845923775721,77.62151134329451,61.21858458924157,46.19362469835869,29.223515261953597,31.618794711518262,27.58757281805606,24.42321330326172
2026-09-27,WP252026,12,2026-09-27 18:00:00,0 days 18:00:00,18,26.18,129.77,967.7,81.1,41.33842413141887,142.2766699126553,152.76889799134506,139.89347874895304,117.365375031657,88.28171234363467,79.79727667554992,60.02632837683927,64.05611659345296,44.70525022819983,39.97955688068326,32.72632157836644,35.82427878738141
2026-09-27,WP252026,12,2026-09-28 00:00:00,1 days 00:00:00,24,27.14,130.87,987.2,70.8,39.00395721282544,75.32079036813701,104.89981734066517,68.15918294633741,72.83473072335701,54.20850594999232,60.63585267140752,37.78447348349451,38.5211011220334,39.00395721282544,11.33406948804781,5.8892029012970255,7.24231512081602
2026-09-27,WP252026,12,2026-09-28 06:00:00,1 days 06:00:00,30,27.29,131.93,980.4,66.7,39.312978408979895,123.92329637314224,163.56160792126718,115.21322109208788,85.90949771970446,64.87893720840717,74.67419650276636,49.1772947493842,49.011146123077744,23.77238520854445,39.312978408979895,19.312705567662917,18.908953286644916
2026-09-27,WP252026,12,2026-09-28 12:00:00,1 days 12:00:00,36,27.83,132.71,988.7,60.0,43.38767991948012,137.6226940565054,198.94295059792967,123.63445545619888,114.35907447789543,47.29294951880481,47.79947756101622,29.868437218385857,34.72201988961811,0.0,0.0,0.0,0.0
2026-09-27,WP252026,12,2026-09-28 18:00:00,1 days 18:00:00,42,28.45,133.48,990.6,50.4,28.126577481128965,165.7133946236467,161.50145809979836,101.34873995796453,135.87429963781273,52.94097716772693,47.033109721306346,30.973608600982445,36.94987292955231,0.0,0.0,0.0,0.0
2026-09-27,WP252026,12,2026-09-29 00:00:00,2 days 00:00:00,48,29.09,134.05,995.9,43.2,47.3525421890886,123.96686340660136,124.57410543830804,69.20993024892115,85.71220620370889,0.0,0.0,0.0,0.0,0.0,0.0,0.0,0.0
2026-09-27,WP252026,12,2026-09-29 06:00:00,2 days 06:00:00,54,29.79,135.38,998.7,40.2,80.08777755270938,157.37092179141797,203.6395071717448,151.95027188942356,131.48476118283983,0.0,0.0,0.0,0.0,0.0,0.0,0.0,0.0
2026-09-27,WP252026,12,2026-09-29 12:00:00,2 days 12:00:00,60,30.47,136.72,997.7,38.4,59.90802875778368,55.47726427737656,73.35551975631427,33.627883994923266,42.90196077249396,0.0,0.0,0.0,0.0,0.0,0.0,0.0,0.0
2026-09-27,WP252026,12,2026-09-29 18:00:00,2 days 18:00:00,66,31.39,137.94,997.9,37.8,91.82431203140814,80.9331710021051,99.47239349049602,50.25762230728142,49.750783646234375,0.0,0.0,0.0,0.0,0.0,0.0,0.0,0.0
2026-09-27,WP252026,12,2026-09-30 00:00:00,3 days 00:00:00,72,32.49,139.89,997.1,38.2,91.88977277696137,28.230685151399413,91.88977277696137,29.451760210898456,12.02927109395803,0.0,0.0,0.0,0.0,0.0,0.0,0.0,0.0
2026-09-27,WP252026,12,2026-09-30 06:00:00,3 days 06:00:00,78,33.05,141.93,997.5,37.7,154.2319799670206,348.8034663972078,354.6633985225475,255.847342168216,294.4253430599672,0.0,0.0,0.0,0.0,0.0,0.0,0.0,0.0
2026-09-27,WP252026,12,2026-09-30 12:00:00,3 days 12:00:00,84,33.64,143.36,997.0,35.9,119.40450863862918,173.756363281782,176.69153616180645,128.2139476344131,134.8594390718133,0.0,0.0,0.0,0.0,0.0,0.0,0.0,0.0
2026-09-27,WP252026,12,2026-09-30 18:00:00,3 days 18:00:00,90,34.66,145.11,999.1,30.9,105.58708666470584,0.0,0.0,0.0,0.0,0.0,0.0,0.0,0.0,0.0,0.0,0.0,0.0
2026-09-27,WP252026,12,2026-10-01 00:00:00,4 days 00:00:00,96,35.6,146.69,1002.1,29.9,149.5755953099698,0.0,0.0,0.0,0.0,0.0,0.0,0.0,0.0,0.0,0.0,0.0,0.0
2026-09-27,WP252026,12,2026-10-01 06:00:00,4 days 06:00:00,102,36.48,147.82,1005.0,30.1,50.55902279094163,0.0,0.0,0.0,0.0,0.0,0.0,0.0,0.0,0.0,0.0,0.0,0.0
2026-09-27,WP252026,12,2026-10-01 12:00:00,4 days 12:00:00,108,38.34,149.39,1003.5,33.7,128.16267268191953,0.0,0.0,0.0,0.0,0.0,0.0,0.0,0.0,0.0,0.0,0.0,0.0
2026-09-27,WP252026,12,2026-10-01 18:00:00,4 days 18:00:00,114,39.83,152.09,1002.9,32.7,107.1054741024821,0.0,0.0,0.0,0.0,0.0,0.0,0.0,0.0,0.0,0.0,0.0,0.0
2026-09-27,WP252026,12,2026-10-02 00:00:00,5 days 00:00:00,120,41.62,155.44,997.4,26.5,100.366578249323,0.0,0.0,0.0,0.0,0.0,0.0,0.0,0.0,0.0,0.0,0.0,0.0
2026-09-27,WP252026,12,2026-10-02 06:00:00,5 days 06:00:00,126,43.73,159.35,998.1,38.3,158.93764351137543,45.74271910669131,158.93764351137543,38.287739727138046,9.07364182046024,0.0,0.0,0.0,0.0,0.0,0.0,0.0,0.0
2026-09-27,AL062026,13,2026-09-27 00:00:00,0 days 00:00:00,0,29.8,-43.9,1010.0,29.0,56.0,0.0,0.0,0.0,0.0,0.0,0.0,0.0,0.0,0.0,0.0,0.0,0.0
2026-09-27,AL062026,13,2026-09-27 06:00:00,0 days 06:00:00,6,29.81,-43.97,1013.0,26.7,60.45417324832596,0.0,0.0,0.0,0.0,0.0,0.0,0.0,0.0,0.0,0.0,0.0,0.0
2026-09-27,AL062026,13,2026-09-27 12:00:00,0 days 12:00:00,12,29.7,-43.87,1010.4,26.9,138.39159896393429,0.0,0.0,0.0,0.0,0.0,0.0,0.0,0.0,0.0,0.0,0.0,0.0
2026-09-27,AL062026,13,2026-09-27 18:00:00,0 days 18:00:00,18,29.23,-43.53,1010.2,23.0,97.79479650133696,0.0,0.0,0.0,0.0,0.0,0.0,0.0,0.0,0.0,0.0,0.0,0.0
2026-09-27,AL062026,13,2026-09-28 00:00:00,1 days 00:00:00,24,28.47,-43.64,1011.9,24.2,129.1718137167336,0.0,0.0,0.0,0.0,0.0,0.0,0.0,0.0,0.0,0.0,0.0,0.0
2026-09-27,AL062026,13,2026-09-28 06:00:00,1 days 06:00:00,30,28.01,-44.0,1012.6,30.7,75.9453269200494,0.0,0.0,0.0,0.0,0.0,0.0,0.0,0.0,0.0,0.0,0.0,0.0
2026-09-27,AL062026,13,2026-09-28 12:00:00,1 days 12:00:00,36,27.1,-44.3,1011.6,27.5,109.65851244198346,0.0,0.0,0.0,0.0,0.0,0.0,0.0,0.0,0.0,0.0,0.0,0.0
2026-09-27,AL062026,13,2026-09-28 18:00:00,1 days 18:00:00,42,26.75,-44.91,1011.8,20.2,140.49111218384348,0.0,0.0,0.0,0.0,0.0,0.0,0.0,0.0,0.0,0.0,0.0,0.0
2026-09-27,AL062026,13,2026-09-29 00:00:00,2 days 00:00:00,48,26.01,-46.2,1012.2,22.1,86.32094597612414,0.0,0.0,0.0,0.0,0.0,0.0,0.0,0.0,0.0,0.0,0.0,0.0
2026-09-27,EP152026,13,2026-09-27 00:00:00,0 days 00:00:00,0,16.7,-156.1,972.0,80.0,37.0,241.0,185.0,185.0,241.0,93.0,74.0,93.0,111.0,56.0,46.0,56.0,56.0
2026-09-27,EP152026,13,2026-09-27 06:00:00,0 days 06:00:00,6,16.43,-156.72,966.3,96.5,15.59639553503044,140.89129870945283,130.48170002620623,142.1525458343433,134.25301802393943,75.93657091621611,69.75193965554809,68.81152893602365,76.52329800263448,50.43456520472006,43.6018277804568,38.19452995805506,45.56821913720387
2026-09-27,EP152026,13,2026-09-27 12:00:00,0 days 12:00:00,12,16.24,-157.62,961.6,99.6,7.579533566875508,163.12708990822836,138.27424354686764,128.73612954560707,154.2465052063995,85.49400633828552,75.35943447863755,60.16841094319349,81.7939632326518,54.31461850994425,44.38342222260414,36.88308045027442,48.92117589731089
2026-09-27,EP152026,13,2026-09-27 18:00:00,0 days 18:00:00,18,16.01,-158.29,942.1,120.9,31.175227489246595,158.99935041010465,92.71374808416,82.13594186717035,155.35404392709756,72.97058615973947,48.375785824485774,46.07440726738105,69.99923617851857,51.10046446228176,41.00537895637757,35.07341671699561,47.57097145275157
2026-09-27,EP152026,13,2026-09-28 00:00:00,1 days 00:00:00,24,15.95,-159.27,948.4,108.6,0.0,124.06956016960102,118.72515693670036,94.09675788259682,115.40040965835034,69.87525396886227,57.59329651712463,55.28053190899024,70.80374764313262,51.88737358734426,41.173195651027285,35.26978164089496,46.836549884060176
2026-09-27,EP152026,13,2026-09-28 06:00:00,1 days 06:00:00,30,16.31,-160.41,958.9,100.3,46.94872909398469,181.1674648858788,151.53130302912496,139.30752770575828,184.0092494291074,104.378688594682,83.83435702120866,70.87043986708602,98.96979199794544,73.99100602597147,63.05577658782365,51.74702508409531,66.0122076629511
2026-09-27,EP152026,13,2026-09-28 12:00:00,1 days 12:00:00,36,16.65,-161.41,946.3,118.4,12.035112148418662,153.29948774500355,83.89579059486054,110.47613499271988,150.174779682627,68.4216354563543,45.945197001596014,38.64388178982672,65.91333136578328,38.96200959107401,29.417054361690067,24.094817180266148,33.367093159200195
2026-09-27,EP152026,13,2026-09-28 18:00:00,1 days 18:00:00,42,17.4,-162.19,942.3,118.9,20.274685827849723,155.2788897952936,154.21031195011483,147.54304996910724,127.64802420461828,95.46944187969058,80.27712666713876,67.07718483759886,83.69695955358239,51.15874087484696,43.44651504788328,33.93092797973614,46.16388441545368
2026-09-27,EP152026,13,2026-09-29 00:00:00,2 days 00:00:00,48,18.13,-162.67,955.7,108.2,12.275643304813926,171.11084634590503,152.46139921845884,127.6146891944915,166.4996610893405,92.86601257337044,77.7294242869686,56.81462504925876,76.66536428367252,58.03847593994746,48.10833855362762,38.23420389653985,47.64581245489249
2026-09-27,EP152026,13,2026-09-29 06:00:00,2 days 06:00:00,54,19.22,-162.73,953.8,109.8,19.123078029030538,259.426563079615,253.21395922640096,210.2277192147017,243.2074873478588,148.10143190227657,134.44978221853802,100.66371597462653,117.12657682323945,88.1417981359575,79.96872740528933,61.33500556273285,72.68504924766017
2026-09-27,EP152026,13,2026-09-29 12:00:00,2 days 12:00:00,60,20.21,-163.01,961.6,102.3,30.226569070401226,189.29129600727737,187.81140918675703,72.58145569147064,128.1851881241323,72.84482479873196,68.84173180656975,47.32998136076013,63.41908312531211,53.58745333099695,49.32668385523087,38.7286526097254,42.67464793479144
2026-09-27,EP152026,13,2026-09-29 18:00:00,2 days 18:00:00,66,21.06,-162.92,968.7,85.8,11.018080341820934,285.63385275569834,224.31939571046664,177.86485007780064,241.36736226154983,147.9660141934546,126.15095505936073,97.56208012055572,114.10859892802776,91.96924987413294,86.27274572229025,67.27229817662352,79.14103438406592
2026-09-27,EP152026,13,2026-09-30 00:00:00,3 days 00:00:00,72,22.1,-162.68,978.2,81.7,27.20129088752055,195.11608208036017,197.78469881460651,143.962248079256,162.66570696833742,117.29659673536962,101.95898047463328,74.31681786217098,86.18218757569367,61.174458706139646,52.553108465568656,39.36601137981015,50.37617945839048
2026-09-27,EP152026,13,2026-09-30 06:00:00,3 days 06:00:00,78,22.75,-162.61,987.7,65.0,46.945160116339565,211.5278928007253,158.06309735858636,122.7400441541069,189.93830020763076,118.02026343812337,99.23909149585056,77.33036240500601,101.64960952057584,46.945160116339565,19.079364277344048,16.256345531225584,21.4288288494596
2026-09-27,EP152026,13,2026-09-30 12:00:00,3 days 12:00:00,84,22.85,-162.61,989.2,61.2,78.60903354619796,252.78613304092005,211.52543387743407,178.4668764898261,224.41206396985223,78.60903354619796,53.63888819647586,39.93960039367742,52.81490978248174,0.0,0.0,0.0,0.0
2026-09-27,EP152026,13,2026-09-30 18:00:00,3 days 18:00:00,90,22.93,-162.75,986.4,53.9,75.51212412632958,241.24985559633024,176.51463598557166,153.0101512670608,249.86957093806268,113.88028724422657,96.01114980145394,70.8946821245554,94.4902760689065,0.0,0.0,0.0,0.0
2026-09-27,EP152026,13,2026-10-01 00:00:00,4 days 00:00:00,96,22.63,-163.02,993.5,48.2,81.61394508806343,251.41701428095132,197.0953426731352,189.79892826027495,245.6827616219529,0.0,0.0,0.0,0.0,0.0,0.0,0.0,0.0
2026-09-27,EP152026,13,2026-10-01 06:00:00,4 days 06:00:00,102,22.45,-163.46,994.1,44.4,105.76969327610796,248.16059753147945,191.13963518414027,185.4496042703078,245.91923441002444,0.0,0.0,0.0,0.0,0.0,0.0,0.0,0.0
2026-09-27,EP152026,13,2026-10-01 12:00:00,4 days 12:00:00,108,22.33,-164.25,997.8,40.4,135.0504536021768,197.08649914384824,142.61962910151783,114.78103421548128,158.78660933159028,0.0,0.0,0.0,0.0,0.0,0.0,0.0,0.0
2026-09-27,EP152026,13,2026-10-01 18:00:00,4 days 18:00:00,114,22.71,-164.85,997.4,42.6,114.43540840848242,206.66782509859465,155.51196961891327,116.74339608041616,169.2385690272523,0.0,0.0,0.0,0.0,0.0,0.0,0.0,0.0
2026-09-27,EP152026,13,2026-10-02 00:00:00,5 days 00:00:00,120,23.2,-165.75,989.1,46.3,75.88458303614016,195.20003821460816,165.92312628657203,114.5613170680908,147.46274233472604,0.0,0.0,0.0,0.0,0.0,0.0,0.0,0.0
2026-09-27,EP152026,13,2026-10-02 06:00:00,5 days 06:00:00,126,23.81,-167.1,991.9,43.9,93.70907577276893,298.1181627353804,258.00397409984146,209.8099888517074,236.78525229029208,0.0,0.0,0.0,0.0,0.0,0.0,0.0,0.0
2026-09-27,EP152026,13,2026-10-02 12:00:00,5 days 12:00:00,132,24.13,-168.25,995.5,46.0,103.08106154366496,178.9271717096416,160.20537156839146,106.25210254261115,129.695200813282,0.0,0.0,0.0,0.0,0.0,0.0,0.0,0.0
2026-09-27,EP152026,13,2026-10-02 18:00:00,5 days 18:00:00,138,24.18,-169.36,990.3,52.7,31.996399895167023,128.451645721267,84.7411413717316,59.95383140296981,94.25643590546449,31.996399895167023,0.0,0.0,0.0,0.0,0.0,0.0,0.0
2026-09-27,EP152026,13,2026-10-03 00:00:00,6 days 00:00:00,144,24.05,-171.07,995.7,50.9,80.63343272877736,330.3258651355028,257.45975129462425,227.9194010536521,305.84975983295715,80.63343272877736,10.07312953912523,5.389181162629502,18.64091424317585,0.0,0.0,0.0,0.0
2026-09-27,EP152026,13,2026-10-03 06:00:00,6 days 06:00:00,150,24.05,-172.35,989.0,56.5,93.14798420028372,260.68915625978366,202.6043583137416,151.538035455581,220.35744942324013,93.14798420028372,7.7908418852543,2.6861143441155417,11.429728127278633,0.0,0.0,0.0,0.0
2026-09-27,EP152026,13,2026-10-03 12:00:00,6 days 12:00:00,156,24.09,-173.81,993.4,51.5,75.98516236634866,208.56442299681484,159.07354942607898,85.10011378151556,152.9545897659819,75.98516236634866,6.612718959119534,2.337241631490828,8.879034126523992,0.0,0.0,0.0,0.0
2026-09-27,EP152026,13,2026-10-03 18:00:00,6 days 18:00:00,162,24.33,-175.55,991.2,49.5,52.49408928390972,259.2498795593856,179.26372153422767,125.2693822839134,206.37391569412196,0.0,0.0,0.0,0.0,0.0,0.0,0.0,0.0
2026-09-27,EP152026,13,2026-10-04 00:00:00,7 days 00:00:00,168,24.57,-177.08,992.0,46.9,29.46042274252146,230.23544701423475,143.1776909817989,91.26642419192405,190.73539217525217,0.0,0.0,0.0,0.0,0.0,0.0,0.0,0.0
2026-09-27,EP152026,13,2026-10-04 06:00:00,7 days 06:00:00,174,25.0,-178.55,987.8,63.2,23.421094109360723,261.82420997169584,167.57050125871342,118.99720542937638,218.26481098684712,84.97131864365855,60.98989399898045,43.987657116487725,71.6539563760856,0.0,0.0,0.0,0.0
2026-09-27,EP152026,13,2026-10-04 12:00:00,7 days 12:00:00,180,25.76,179.84,988.9,59.5,29.415681991441677,209.82907788487108,160.69926679452524,99.37818305910992,190.6596070939488,117.37432994702074,93.18151756387132,60.2336491398419,85.72410820575236,0.0,0.0,0.0,0.0
2026-09-27,EP152026,13,2026-10-04 18:00:00,7 days 18:00:00,186,26.21,178.5,986.1,62.9,89.25919497394395,235.20756370641112,194.9552216966888,131.63996994843964,169.30457057544456,89.25919497394395,60.55593195540441,40.59391218405372,50.54510283848635,0.0,0.0,0.0,0.0
2026-09-27,EP152026,13,2026-10-05 00:00:00,8 days 00:00:00,192,26.66,177.26,990.0,58.4,30.29072114483243,174.4175753305617,148.5000726106308,76.14853504691924,129.97991057738147,58.670722577912414,46.46168633318037,25.453914925677108,37.53372656318162,0.0,0.0,0.0,0.0
2026-09-27,EP152026,13,2026-10-05 06:00:00,8 days 06:00:00,198,27.19,176.4,992.2,56.2,26.941476802081954,184.03998538644356,145.03661628681732,62.21557394761949,121.24567062315072,32.946919160170935,25.464521551527724,6.463677274101139,20.00796685845254,0.0,0.0,0.0,0.0
2026-09-27,EP152026,13,2026-10-05 12:00:00,8 days 12:00:00,204,27.85,175.13,995.8,49.0,51.35480946049056,189.3720889198229,135.34858716053964,72.65137833076552,150.70914660354376,0.0,0.0,0.0,0.0,0.0,0.0,0.0,0.0
2026-09-27,EP152026,13,2026-10-05 18:00:00,8 days 18:00:00,210,28.79,174.01,1001.0,43.4,57.059984284049136,225.01500898412468,145.5968350423071,99.06370854303796,168.13820418807188,0.0,0.0,0.0,0.0,0.0,0.0,0.0,0.0
2026-09-27,EP152026,13,2026-10-06 00:00:00,9 days 00:00:00,216,29.84,172.83,999.8,39.6,33.85378858524905,170.36199301151555,118.19833216100233,82.39740058063444,122.50314002817048,0.0,0.0,0.0,0.0,0.0,0.0,0.0,0.0
2026-09-27,EP152026,13,2026-10-06 06:00:00,9 days 06:00:00,222,30.96,171.99,1004.0,36.1,87.45470617557669,87.45470617557669,14.310136133403104,0.0,5.630661876684329,0.0,0.0,0.0,0.0,0.0,0.0,0.0,0.0
2026-09-27,EP152026,13,2026-10-06 12:00:00,9 days 12:00:00,228,32.43,171.36,1006.2,30.6,69.10851081372117,0.0,0.0,0.0,0.0,0.0,0.0,0.0,0.0,0.0,0.0,0.0,0.0
2026-09-27,EP152026,13,2026-10-06 18:00:00,9 days 18:00:00,234,33.57,171.16,1006.8,28.4,133.27871714325374,0.0,0.0,0.0,0.0,0.0,0.0,0.0,0.0,0.0,0.0,0.0,0.0
2026-09-27,EP152026,13,2026-10-07 00:00:00,10 days 00:00:00,240,34.96,171.5,1007.8,20.8,88.56083349461846,0.0,0.0,0.0,0.0,0.0,0.0,0.0,0.0,0.0,0.0,0.0,0.0
2026-09-27,EP162026,13,2026-09-27 00:00:00,0 days 00:00:00,0,20.8,-123.6,975.0,76.0,28.0,167.0,167.0,148.0,185.0,93.0,74.0,74.0,93.0,65.0,46.0,37.0,56.0
2026-09-27,EP162026,13,2026-09-27 06:00:00,0 days 06:00:00,6,21.48,-123.41,985.3,53.2,35.79959819331307,175.0781532731934,171.7936175856496,101.85664899786865,150.02535303246557,40.008957585570045,39.34381115380367,17.328618998681534,35.81095141923563,0.0,0.0,0.0,0.0
2026-09-27,EP162026,13,2026-09-27 12:00:00,0 days 12:00:00,12,21.94,-123.37,991.2,42.5,92.07069228955424,124.27157971663168,141.68375595373914,92.32325277008314,84.63768020634218,0.0,0.0,0.0,0.0,0.0,0.0,0.0,0.0
2026-09-27,EP162026,13,2026-09-27 18:00:00,0 days 18:00:00,18,22.6,-123.26,1000.3,40.0,33.86947676369982,109.4837402606022,93.01360171478608,59.55157010309267,85.98706362111443,0.0,0.0,0.0,0.0,0.0,0.0,0.0,0.0
2026-09-27,EP162026,13,2026-09-28 00:00:00,1 days 00:00:00,24,22.46,-123.07,1000.4,40.3,117.28170050042374,155.7288786593367,161.58402010547854,132.29097802548537,133.8694926873845,0.0,0.0,0.0,0.0,0.0,0.0,0.0,0.0
2026-09-27,EP162026,13,2026-09-28 06:00:00,1 days 06:00:00,30,22.37,-122.91,1007.3,27.7,86.97852213185301,0.0,0.0,0.0,0.0,0.0,0.0,0.0,0.0,0.0,0.0,0.0,0.0
2026-09-27,EP162026,13,2026-09-28 12:00:00,1 days 12:00:00,36,22.31,-122.98,1002.3,21.6,92.23187596469784,0.0,0.0,0.0,0.0,0.0,0.0,0.0,0.0,0.0,0.0,0.0,0.0
2026-09-27,EP162026,13,2026-09-28 18:00:00,1 days 18:00:00,42,21.89,-122.83,1004.3,25.6,75.55104630753445,0.0,0.0,0.0,0.0,0.0,0.0,0.0,0.0,0.0,0.0,0.0,0.0
2026-09-27,EP162026,13,2026-09-29 00:00:00,2 days 00:00:00,48,21.31,-122.53,1002.0,26.9,67.48245887405156,0.0,0.0,0.0,0.0,0.0,0.0,0.0,0.0,0.0,0.0,0.0,0.0
2026-09-27,EP162026,13,2026-09-29 06:00:00,2 days 06:00:00,54,20.82,-122.67,1004.8,21.9,144.99694228299472,0.0,0.0,0.0,0.0,0.0,0.0,0.0,0.0,0.0,0.0,0.0,0.0
2026-09-27,EP162026,13,2026-09-29 12:00:00,2 days 12:00:00,60,20.47,-122.77,1006.4,23.8,69.41555943648157,0.0,0.0,0.0,0.0,0.0,0.0,0.0,0.0,0.0,0.0,0.0,0.0
2026-09-27,EP162026,13,2026-09-29 18:00:00,2 days 18:00:00,66,20.15,-122.86,1005.4,23.9,129.5144349912187,0.0,0.0,0.0,0.0,0.0,0.0,0.0,0.0,0.0,0.0,0.0,0.0
2026-09-27,EP162026,13,2026-09-30 00:00:00,3 days 00:00:00,72,19.05,-123.52,1006.3,18.4,105.04858219373632,0.0,0.0,0.0,0.0,0.0,0.0,0.0,0.0,0.0,0.0,0.0,0.0
2026-09-27,EP162026,13,2026-09-30 06:00:00,3 days 06:00:00,78,18.98,-124.63,1006.7,18.2,99.93515717209976,0.0,0.0,0.0,0.0,0.0,0.0,0.0,0.0,0.0,0.0,0.0,0.0
2026-09-27,EP162026,13,2026-09-30 12:00:00,3 days 12:00:00,84,18.52,-126.12,1006.2,22.1,112.68821576614192,0.0,0.0,0.0,0.0,0.0,0.0,0.0,0.0,0.0,0.0,0.0,0.0
2026-09-27,EP172026,13,2026-09-27 00:00:00,0 days 00:00:00,0,19.0,-112.9,946.0,111.0,28.0,259.0,185.0,167.0,185.0,111.0,111.0,93.0,93.0,65.0,65.0,46.0,56.0
2026-09-27,EP172026,13,2026-09-27 06:00:00,0 days 06:00:00,6,19.76,-113.28,942.5,116.7,11.472477779366187,226.3942170293739,234.68240918318992,156.88393137008825,165.22912636302237,121.67095753068448,110.78281022579633,80.7448927772634,95.5645143241012,66.85432695796317,57.189127844362815,45.3035741849036,56.141599882068704
2026-09-27,EP172026,13,2026-09-27 12:00:00,0 days 12:00:00,12,20.7,-113.67,960.2,99.3,19.61587110151295,212.2945684112416,224.1317787025984,156.23915844709308,153.57943533153195,127.4772584446764,101.42964422983997,64.92738942811553,90.95767585922836,76.02502367657696,63.43709685829892,47.39620427133957,61.01475341425659
2026-09-27,EP172026,13,2026-09-27 18:00:00,0 days 18:00:00,18,21.85,-114.03,942.9,115.6,32.06672236437794,214.0532589010481,185.77383288599407,118.06088323529592,170.40176910860828,65.96954329770642,56.80700975844184,34.10975682770618,46.83752228612366,46.16628770639591,43.29678086017793,33.39780269719938,39.19910785074353
2026-09-27,EP172026,13,2026-09-28 00:00:00,1 days 00:00:00,24,22.63,-114.01,955.3,108.1,4.27392782974367,189.50449946179947,226.30820150933263,132.73518068366633,138.92126181524335,108.46836197174184,107.40522256757144,69.14268872309518,80.48572071268603,61.91650286938874,56.20289039998438,41.99389431976955,48.80339461054703
2026-09-27,EP172026,13,2026-09-28 06:00:00,1 days 06:00:00,30,23.36,-114.05,943.6,115.8,22.808790701752912,107.69425054424244,146.03529231954735,88.73035341196476,76.4837017163934,68.19782761139174,72.34176060842799,50.98238645882682,44.85350112290993,38.47809189501305,36.76752214349136,30.294147041599857,32.55382616578778
2026-09-27,EP172026,13,2026-09-28 12:00:00,1 days 12:00:00,36,24.28,-113.74,953.2,108.8,22.66256755994232,77.49911343133982,149.3330750716516,113.2187627034962,76.96141877713963,54.93166856805372,66.41777109910049,57.70736892081614,46.08500484075194,32.19080987355406,33.209911975889376,26.46709322143631,27.73267499104448
2026-09-27,EP172026,13,2026-09-28 18:00:00,1 days 18:00:00,42,24.93,-113.07,958.6,98.3,33.49011441926819,158.79661359175125,156.17977088850313,130.64849790519287,110.42770312983237,74.2417554508037,74.41388134955625,58.62180036767062,64.44506627435612,40.61646564113003,35.87924349712928,29.871568716028705,33.94714113730015
2026-09-27,EP172026,13,2026-09-29 00:00:00,2 days 00:00:00,48,25.93,-112.12,971.2,83.6,18.46570650985021,185.77705603084576,146.09472759525528,108.25280081730996,112.70143536744436,80.99668747544537,66.5671612254014,45.66926528421597,48.76031090535484,38.54985546564024,38.28264487451675,27.257746415834983,33.07294828843687
2026-09-27,EP172026,13,2026-09-29 06:00:00,2 days 06:00:00,54,26.87,-111.06,985.5,55.6,36.76385094817165,122.58455981877626,143.7352581534911,67.40621449218071,81.02097136458431,62.79098008044241,64.53385067208642,35.78902024556648,49.840046946356935,0.0,0.0,0.0,0.0
2026-09-27,EP172026,13,2026-09-29 12:00:00,2 days 12:00:00,60,28.65,-110.65,997.2,36.2,54.592562228775165,19.085426180553146,54.592562228775165,0.0,0.0,0.0,0.0,0.0,0.0,0.0,0.0,0.0,0.0
2026-09-27,EP902026,13,2026-09-27 00:00:00,0 days 00:00:00,0,12.0,-98.6,1008.0,25.0,111.0,0.0,0.0,0.0,0.0,0.0,0.0,0.0,0.0,0.0,0.0,0.0,0.0
2026-09-27,EP902026,13,2026-09-27 06:00:00,0 days 06:00:00,6,11.88,-98.69,1005.9,28.9,108.53447234027864,0.0,0.0,0.0,0.0,0.0,0.0,0.0,0.0,0.0,0.0,0.0,0.0
2026-09-27,EP902026,13,2026-09-27 12:00:00,0 days 12:00:00,12,12.33,-98.65,1003.4,35.5,91.89170636851938,91.89170636851938,27.54681309343881,15.166326445885666,30.72594523653884,0.0,0.0,0.0,0.0,0.0,0.0,0.0,0.0
2026-09-27,EP902026,13,2026-09-27 18:00:00,0 days 18:00:00,18,12.18,-99.17,1003.6,36.3,68.7221802874327,69.3900066491801,46.32109916236203,23.77330492896412,45.29263055362293,0.0,0.0,0.0,0.0,0.0,0.0,0.0,0.0
2026-09-27,EP902026,13,2026-09-28 00:00:00,1 days 00:00:00,24,12.5,-99.72,999.8,38.7,68.3582281470795,117.47578977301234,107.88638086160164,68.16065917571183,87.09887767788283,0.0,0.0,0.0,0.0,0.0,0.0,0.0,0.0
2026-09-27,EP902026,13,2026-09-28 06:00:00,1 days 06:00:00,30,12.77,-100.3,1002.3,39.9,71.28028790004964,71.28028790004964,37.52789850199633,33.13214511268937,29.73500999564903,0.0,0.0,0.0,0.0,0.0,0.0,0.0,0.0
2026-09-27,EP902026,13,2026-09-28 12:00:00,1 days 12:00:00,36,13.26,-100.9,999.5,47.2,88.17442352087838,273.5535360917306,270.97130783392134,206.7075419929577,218.38850973556032,0.0,0.0,0.0,0.0,0.0,0.0,0.0,0.0
2026-09-27,EP902026,13,2026-09-28 18:00:00,1 days 18:00:00,42,14.17,-101.83,1004.3,49.8,103.45332144393882,358.18173664686424,294.25545278460163,231.34244510848637,334.648777363195,0.0,0.0,0.0,0.0,0.0,0.0,0.0,0.0
2026-09-27,EP902026,13,2026-09-29 00:00:00,2 days 00:00:00,48,14.24,-103.29,998.0,46.4,79.40059370226072,247.79044232615504,202.66813265175463,160.0780106703079,200.846928948284,0.0,0.0,0.0,0.0,0.0,0.0,0.0,0.0
2026-09-27,EP902026,13,2026-09-29 06:00:00,2 days 06:00:00,54,14.69,-104.26,995.5,48.7,101.69070848398776,222.2301960958137,219.387156668098,166.95755214571307,186.50380357610493,0.0,0.0,0.0,0.0,0.0,0.0,0.0,0.0
2026-09-27,EP902026,13,2026-09-29 12:00:00,2 days 12:00:00,60,14.99,-104.98,993.4,51.9,63.035315781328826,162.21575489623893,140.58945579775607,93.17947005383868,137.83865459510787,63.035315781328826,0.0,0.0,0.0,0.0,0.0,0.0,0.0
2026-09-27,EP902026,13,2026-09-29 18:00:00,2 days 18:00:00,66,15.48,-106.4,987.3,62.4,57.898430999977656,224.91992510008595,228.10637441319463,216.170500129213,235.30397550187507,118.1727455556816,104.82055595978434,83.28268226004835,100.98047345404754,0.0,0.0,0.0,0.0
2026-09-27,EP902026,13,2026-09-30 00:00:00,3 days 00:00:00,72,16.07,-106.75,989.0,60.0,51.222761564482994,221.44385066372416,216.7362505164629,128.51507868123915,171.4552945625514,119.91051507689971,98.48575182137016,60.369747410184026,82.94673984176085,0.0,0.0,0.0,0.0
2026-09-27,EP902026,13,2026-09-30 06:00:00,3 days 06:00:00,78,16.76,-107.21,989.6,60.0,54.81974102342926,200.3855979666103,202.26569537821013,147.55537076021335,166.61863952383464,115.16470482092868,102.53224377571524,72.45404369744978,83.60158433906685,0.0,0.0,0.0,0.0
2026-09-27,EP902026,13,2026-09-30 12:00:00,3 days 12:00:00,84,17.76,-108.0,988.5,60.3,67.67432754986581,184.6657639102924,173.2300567950778,99.58456345256342,145.6943826848427,67.67432754986581,35.42226760932716,17.34715606268216,27.67699249280848,0.0,0.0,0.0,0.0
2026-09-27,EP902026,13,2026-09-30 18:00:00,3 days 18:00:00,90,18.18,-108.64,975.8,74.5,17.459675465018428,168.74729967879333,171.71943679528172,138.76097173160656,138.43693257158867,80.49858551922011,69.24670853920883,51.70785925604031,65.60184363329311,34.24388880866724,28.387133561483232,21.810561590673775,28.56221998921563
2026-09-27,EP902026,13,2026-10-01 00:00:00,4 days 00:00:00,96,18.71,-109.14,979.3,70.3,32.59749705310157,177.6817372280677,174.91064317335147,134.1451425293717,153.9324305762297,84.58770456823453,70.90540450398623,50.8904662925794,66.4876498378837,32.59749705310157,22.138582137397627,16.10454413410256,22.43709676551784
2026-09-27,EP902026,13,2026-10-01 06:00:00,4 days 06:00:00,102,18.64,-109.74,967.0,83.4,20.966506114051302,117.1951122358245,169.53688873082132,146.16377938905987,135.20182070129238,73.81774830856166,71.79796135443152,64.23846464058593,65.90244343949452,37.39090672297499,34.20659486105137,29.288810749038458,33.97337117091216
2026-09-27,EP902026,13,2026-10-01 12:00:00,4 days 12:00:00,108,18.49,-109.8,982.8,66.0,53.73768269552712,169.71062423269225,174.29081849727442,165.48497408694408,148.02259305551908,81.44505226411849,78.88131088620585,67.09739893654515,71.41847516148015,53.73768269552712,24.67098998820355,22.042622350087598,24.13782355114633
2026-09-27,EP902026,13,2026-10-01 18:00:00,4 days 18:00:00,114,18.44,-109.83,982.1,68.0,25.811863103556647,135.2814137697117,135.24332807793343,131.0821746874007,133.81882483765656,72.45642702704791,69.16111784705375,58.48806918487848,58.494504253665085,29.571925255202373,28.289259211569806,23.870992362577407,25.587574630206014
2026-09-27,EP902026,13,2026-10-02 00:00:00,5 days 00:00:00,120,18.48,-109.69,984.4,66.2,40.79110801443889,189.64474300536443,214.17624045351693,205.12829960538895,165.889526362771,104.53836721448944,106.30541965892012,93.54643116338995,84.76916477893616,43.27720756854748,41.75485602556603,38.23447312057101,36.30130308223205
2026-09-27,EP902026,13,2026-10-02 06:00:00,5 days 06:00:00,126,18.77,-109.73,975.7,72.4,44.96307285219146,148.8490700786965,204.43185801074827,141.04645206981849,114.69930422250836,66.96958755418694,70.56338105109617,50.24523878747769,47.66691904738593,44.96307285219146,25.637288545940507,21.51713977575417,20.73313675781897
2026-09-27,EP902026,13,2026-10-02 12:00:00,5 days 12:00:00,132,18.91,-109.51,979.4,67.4,36.78645989157411,135.34067327915778,168.87294395987445,148.54154478306958,116.613625222201,75.0271967295158,76.50711035154376,62.73385119094693,59.90716896548477,36.78645989157411,30.87075457762395,29.154465831286533,29.92745009577168
2026-09-27,EP902026,13,2026-10-02 18:00:00,5 days 18:00:00,138,19.07,-109.39,986.8,49.2,37.71297466346732,128.05106140686257,145.2206538244645,108.33783733148448,83.9954093390188,0.0,0.0,0.0,0.0,0.0,0.0,0.0,0.0
2026-09-27,EP902026,13,2026-10-03 00:00:00,6 days 00:00:00,144,19.44,-109.44,990.0,53.2,89.10557231364919,161.1199786178941,201.98275370145544,153.11441943186273,131.22867826593296,6.485521780291442,89.10557231364919,4.09847168601157,3.381901955268355,0.0,0.0,0.0,0.0
2026-09-27,EP902026,13,2026-10-03 06:00:00,6 days 06:00:00,150,19.61,-109.62,989.3,52.4,54.164818143032605,161.2294600316928,168.2027570652438,141.5266658293902,145.4627908827815,55.233660132907374,51.0536587063318,33.733272095067065,40.754851816302136,0.0,0.0,0.0,0.0
2026-09-27,EP902026,13,2026-10-03 12:00:00,6 days 12:00:00,156,19.56,-109.83,989.6,50.9,49.230894462415165,165.74536702991696,169.02140389774166,126.20722553350772,134.42594888338738,59.36097858029213,49.127148332967536,33.660210048173255,44.89955247351215,0.0,0.0,0.0,0.0
2026-09-27,EP902026,13,2026-10-03 18:00:00,6 days 18:00:00,162,19.55,-109.98,991.3,58.0,53.45807009994479,158.3515755640832,175.12113173915532,136.3387782168041,139.15397742671018,66.2895224892581,64.00712970751428,43.91689061173341,50.10240240986434,0.0,0.0,0.0,0.0
2026-09-27,EP902026,13,2026-10-04 00:00:00,7 days 00:00:00,168,19.93,-110.11,981.3,60.9,46.220113858912754,137.1375271670317,214.51584228923844,132.54444836845585,117.45312715195077,93.61707342945613,89.50628255424152,62.42464455684328,67.4477979659618,0.0,0.0,0.0,0.0
2026-09-27,EP902026,13,2026-10-04 06:00:00,7 days 06:00:00,174,20.42,-110.44,983.9,63.1,48.216519018580186,144.7211061877248,169.12175974869285,114.15607005806976,115.89809275798564,84.88029344799168,74.57840931126754,53.3642526222263,58.13855324293513,0.0,0.0,0.0,0.0
2026-09-27,EP902026,13,2026-10-04 12:00:00,7 days 12:00:00,180,20.3,-110.95,983.5,62.4,32.26457795885496,169.68368107537094,178.41387708227188,126.60497044425472,157.5555111491454,98.73351835600012,80.76089663301502,57.69851981001497,77.72760867503371,0.0,0.0,0.0,0.0
2026-09-27,EP902026,13,2026-10-04 18:00:00,7 days 18:00:00,186,20.38,-111.52,982.6,66.6,31.496369708275665,202.6917609342845,207.32734652233057,136.2030330151597,167.77919949672014,102.38026444199431,84.2110841532749,58.61224240401657,75.2647276955513,2.15024663841534,0.0,0.0,31.496369708275665
2026-09-27,EP902026,13,2026-10-05 00:00:00,8 days 00:00:00,192,20.63,-111.99,972.6,74.2,15.750388114437072,160.58678777674243,185.47699410986505,134.10972783272197,121.60749847265603,76.89791041237456,66.42153388149211,47.36941609437388,57.98624950192257,25.28263336021017,21.97596772165258,16.377908490680685,21.42738776893934
2026-09-27,EP902026,13,2026-10-05 06:00:00,8 days 06:00:00,198,20.79,-112.59,975.8,76.3,25.7648281007705,142.65976720894832,157.09117700521892,132.30929413037484,133.88396364065557,75.43874155443518,67.57065336874984,52.12281182337665,67.87755202906555,30.39512318179004,24.20453498586812,20.59156060787268,27.49826220506065
2026-09-27,EP902026,13,2026-10-05 12:00:00,8 days 12:00:00,204,20.71,-113.02,987.0,69.9,26.121462033645987,136.0684252840734,145.22761695054848,128.18619210245907,121.27316671491576,76.89717320077773,61.104526314834544,46.30581360074156,67.30250331335822,27.74083334422038,23.179290452227995,18.007516982302086,25.689222369228403
2026-09-27,EP902026,13,2026-10-05 18:00:00,8 days 18:00:00,210,21.12,-113.74,966.7,87.0,29.37423811724449,202.6850337541297,210.21931466586176,148.71153530367462,204.15784945907427,104.32645066031304,84.69072587298317,58.33189325981928,87.15591527958676,54.45561663981886,44.659450869312224,34.56258128224696,46.44306262881493
2026-09-27,EP902026,13,2026-10-06 00:00:00,9 days 00:00:00,216,21.35,-114.61,970.8,86.3,27.383611817726887,157.00809022690555,154.2745869157825,141.93500069754737,175.41923014428903,74.04030299053375,64.14486675719127,53.27568940434139,69.9826021866229,47.41057906821561,40.701066732767686,34.4421931031718,44.19495420471776
2026-09-27,EP902026,13,2026-10-06 06:00:00,9 days 06:00:00,222,21.35,-115.37,973.6,78.9,8.477759166816746,144.43613194859572,117.39334012568406,109.7417728530736,154.94199097757974,56.03390260824655,42.667949606461626,37.994229675769546,53.64987273723867,28.14424643157782,24.62782677569492,21.08566386684106,26.437365274876058
2026-09-27,EP902026,13,2026-10-06 12:00:00,9 days 12:00:00,228,21.22,-116.14,968.2,92.1,24.296084558065616,188.48773508868945,184.06307142904492,164.10674159918835,195.18681562235247,92.98300910478645,77.418244124573,68.41636438791568,86.09075523406528,57.08341038510284,48.97268670169197,40.65780212187721,51.16136927253342
2026-09-27,EP902026,13,2026-10-06 18:00:00,9 days 18:00:00,234,21.24,-117.04,970.2,88.0,32.05045901433893,201.20250738423383,143.58042681497597,129.70404261747666,201.49880781852116,84.47306703562624,62.64242041961019,52.51514353076186,82.61418787236231,51.04783677528454,41.85183391720001,34.647176979435294,46.1350512170376
2026-09-27,EP902026,13,2026-10-07 00:00:00,10 days 00:00:00,240,21.39,-117.66,960.8,98.6,11.98824653499234,133.04042014034698,124.48318738637246,141.86072989330435,142.56255765446053,76.19252808473681,62.47764282540446,54.43459732499469,69.21106642596729,43.631134660081855,35.87930716816974,29.280944111530435,39.90216112557028
2026-09-27,EP902026,13,2026-10-07 06:00:00,10 days 06:00:00,246,21.44,-118.44,967.5,95.2,28.02254565862492,232.7461146887274,164.339464244174,168.33543292736795,219.00749282991865,97.8640507957939,75.6999039507117,65.72399265619904,93.77570672612114,52.70047068077923,43.3926920705799,33.873154792984494,50.754345151496125
2026-09-27,EP902026,13,2026-10-07 12:00:00,10 days 12:00:00,252,21.64,-119.18,969.2,91.5,30.78650076470777,172.7667047395188,130.70920982328886,150.714966113088,187.93764632121764,99.89830234258554,77.88566772040392,71.63708181921204,94.62323941222046,56.68234387225906,49.25105194030464,40.44253871567823,50.962286149833645
2026-09-27,EP902026,13,2026-10-07 18:00:00,10 days 18:00:00,258,21.68,-119.85,966.0,81.6,30.13844092238864,218.6899111532211,180.02957909959892,162.8909318422169,212.97785751245829,102.41353958742656,80.31855953387993,69.66566590843316,93.98983620431976,64.6496229949525,56.89379543518774,49.446328816913855,57.63887583623182
2026-09-27,EP902026,13,2026-10-08 00:00:00,11 days 00:00:00,264,21.94,-120.34,976.1,78.3,21.65043285265949,143.2477266989681,155.22398238736514,164.7830300989931,165.644346721293,89.15408829098533,72.95875421672054,65.60090146785456,82.38223239874151,49.81793299551214,42.05413273252145,34.71031249916473,45.116468709579294
2026-09-27,EP902026,13,2026-10-08 06:00:00,11 days 06:00:00,270,22.22,-121.17,972.5,83.0,37.22883332398954,188.2476388478844,156.60667350988018,133.8962137950601,188.8059607814872,80.2153313164164,73.60808898509036,65.1784126516521,80.41485643020395,48.115206090632896,42.38805361032746,35.91328239771905,42.58190613288046
2026-09-27,EP902026,13,2026-10-08 12:00:00,11 days 12:00:00,276,22.51,-121.6,981.1,61.0,51.37064257870165,175.38043750281463,171.18964975146767,149.11030155756856,181.59022657655788,94.79027763809268,76.26605481711444,52.83799640049623,76.50333463427735,0.0,0.0,0.0,0.0
2026-09-27,EP902026,13,2026-10-08 18:00:00,11 days 18:00:00,282,22.76,-122.04,987.4,63.9,25.495495928270312,120.65926530794684,102.4940976017208,142.56005813964563,120.84367569335248,83.44746215873117,71.24821802860299,54.73771332974058,74.56605876142966,0.0,0.0,0.0,0.0
2026-09-27,EP902026,13,2026-10-09 00:00:00,12 days 00:00:00,288,23.17,-122.58,990.0,51.9,28.504375010749072,209.3527477854084,154.20838447003248,123.12012909660784,187.9482959685007,70.99542446570474,55.90752543632261,40.66543782031229,59.53807936635008,0.0,0.0,0.0,0.0
2026-09-27,EP902026,13,2026-10-09 06:00:00,12 days 06:00:00,294,23.43,-123.03,999.8,48.1,45.50803221952435,173.6882450050034,120.82843464364235,92.68130914998278,144.8419356538211,0.0,0.0,0.0,0.0,0.0,0.0,0.0,0.0
2026-09-27,EP902026,13,2026-10-09 12:00:00,12 days 12:00:00,300,23.62,-123.46,996.6,40.4,88.16276799908164,113.58256511539552,95.86081683587588,58.51194484175176,95.10056863212436,0.0,0.0,0.0,0.0,0.0,0.0,0.0,0.0
2026-09-27,EP902026,13,2026-10-09 18:00:00,12 days 18:00:00,306,23.92,-124.15,1003.5,36.7,75.38748226972484,173.79369984189273,144.655399334484,138.17565949389365,157.63630072163295,0.0,0.0,0.0,0.0,0.0,0.0,0.0,0.0
2026-09-27,EP902026,13,2026-10-10 00:00:00,13 days 00:00:00,312,23.9,-124.47,1003.1,35.7,49.04354701825142,42.13374068809003,33.03023357975914,54.835151158981816,64.17250557104053,0.0,0.0,0.0,0.0,0.0,0.0,0.0,0.0
2026-09-27,EP902026,13,2026-10-10 06:00:00,13 days 06:00:00,318,24.02,-125.12,1003.3,29.5,67.5698922453688,0.0,0.0,0.0,0.0,0.0,0.0,0.0,0.0,0.0,0.0,0.0,0.0
2026-09-27,EP902026,13,2026-10-10 12:00:00,13 days 12:00:00,324,23.82,-125.58,1005.2,28.3,53.00670421689922,0.0,0.0,0.0,0.0,0.0,0.0,0.0,0.0,0.0,0.0,0.0,0.0
2026-09-27,EP902026,13,2026-10-10 18:00:00,13 days 18:00:00,330,24.05,-126.24,1006.2,29.3,55.8575482585288,0.0,0.0,0.0,0.0,0.0,0.0,0.0,0.0,0.0,0.0,0.0,0.0
2026-09-27,EP902026,13,2026-10-11 00:00:00,14 days 00:00:00,336,24.34,-127.06,1006.7,29.3,82.646103463938,0.0,0.0,0.0,0.0,0.0,0.0,0.0,0.0,0.0,0.0,0.0,0.0
2026-09-27,EP902026,13,2026-10-11 06:00:00,14 days 06:00:00,342,24.35,-127.74,1005.9,28.3,112.6857859724453,0.0,0.0,0.0,0.0,0.0,0.0,0.0,0.0,0.0,0.0,0.0,0.0
2026-09-27,EP902026,13,2026-10-11 12:00:00,14 days 12:00:00,348,24.6,-128.38,1005.3,28.4,71.04961669769546,0.0,0.0,0.0,0.0,0.0,0.0,0.0,0.0,0.0,0.0,0.0,0.0
2026-09-27,EP902026,13,2026-10-11 18:00:00,14 days 18:00:00,354,24.92,-129.51,1005.9,28.7,75.63700860636936,0.0,0.0,0.0,0.0,0.0,0.0,0.0,0.0,0.0,0.0,0.0,0.0
2026-09-27,EP902026,13,2026-10-12 00:00:00,15 days 00:00:00,360,25.18,-131.09,1006.6,31.3,40.94459069267245,0.0,0.0,0.0,0.0,0.0,0.0,0.0,0.0,0.0,0.0,0.0,0.0
2026-09-27,WP252026,13,2026-09-27 00:00:00,0 days 00:00:00,0,24.6,127.6,964.0,89.0,22.0,102.0,121.0,102.0,93.0,,,,,,,,
2026-09-27,WP252026,13,2026-09-27 06:00:00,0 days 06:00:00,6,25.36,128.19,951.8,109.8,30.852446098148697,114.15433749956532,162.86489918131667,118.55784813601858,87.97226181572708,52.71275851219795,77.34409933626904,60.52891849044703,42.46048603355795,34.522354257314376,39.23641520094728,35.16819639923287,28.14843985340861
2026-09-27,WP252026,13,2026-09-27 12:00:00,0 days 12:00:00,12,25.83,129.14,943.2,111.2,4.092507572658839,115.7506901324615,166.92876751834052,123.2869270537645,87.88987059094708,49.757871385606336,69.91160048060615,57.48008615874057,48.5947254210145,29.760090533525982,34.3085730483302,32.34520212549289,26.239569079107056
2026-09-27,WP252026,13,2026-09-27 18:00:00,0 days 18:00:00,18,26.76,130.01,956.9,88.9,0.4889768257082565,101.95582410394576,175.8112152443839,116.83067717619832,55.55702486612677,60.60490406078188,76.98309806000208,54.45072564906499,43.3008686744094,33.98582748775925,33.23541375663196,28.068019111828583,26.838837853231503
2026-09-27,WP252026,13,2026-09-28 00:00:00,1 days 00:00:00,24,27.37,130.8,979.3,73.5,20.941832065553008,114.98579886777082,154.69473711730538,114.53135734217229,83.43722195978378,61.64419229117008,70.89485229941468,54.27533346656384,49.51993937213416,27.243838441132183,26.82668136775384,22.69466282399273,21.106254154007093
2026-09-27,WP252026,13,2026-09-28 06:00:00,1 days 06:00:00,30,27.98,131.65,983.0,55.9,30.01125858212589,73.25678112435648,126.1253589135105,75.65535058169748,48.92027837276194,68.64085792749033,73.39893371349139,44.76813297420063,48.37203992318398,0.0,0.0,0.0,0.0
2026-09-27,WP252026,13,2026-09-28 12:00:00,1 days 12:00:00,36,28.37,132.87,988.9,61.0,31.701563500174277,107.77092243647326,151.63328504938102,99.45760589927112,100.96679462634592,48.87462406588094,48.23842384460377,25.160771022048152,36.88663081848996,0.0,0.0,0.0,0.0
2026-09-27,WP252026,13,2026-09-28 18:00:00,1 days 18:00:00,42,29.06,133.85,991.3,51.2,119.5766879953001,141.59794960010026,178.91502913453752,109.9209266943398,93.61489308929488,119.5766879953001,7.59170699659741,3.675467319354096,4.793587047609267,0.0,0.0,0.0,0.0
2026-09-27,WP252026,13,2026-09-29 00:00:00,2 days 00:00:00,48,29.88,135.21,997.7,37.8,78.32502309922035,40.31986853111352,78.32502309922035,25.84616650189278,26.27793140580743,0.0,0.0,0.0,0.0,0.0,0.0,0.0,0.0
2026-09-27,WP252026,13,2026-09-29 06:00:00,2 days 06:00:00,54,30.6,136.66,999.9,38.8,123.71166287419165,208.75351712373225,235.25766185779588,171.85520400356953,155.4461221569571,0.0,0.0,0.0,0.0,0.0,0.0,0.0,0.0
2026-09-27,WP252026,13,2026-09-29 12:00:00,2 days 12:00:00,60,31.37,138.52,1001.0,34.0,64.10951453238428,0.0,0.0,0.0,0.0,0.0,0.0,0.0,0.0,0.0,0.0,0.0,0.0
2026-09-27,WP252026,13,2026-09-29 18:00:00,2 days 18:00:00,66,32.43,140.35,999.7,39.5,142.14753913378803,319.6585495402695,338.8364112222956,240.82796316561104,255.80536899806808,0.0,0.0,0.0,0.0,0.0,0.0,0.0,0.0
2026-09-27,WP252026,13,2026-09-30 00:00:00,3 days 00:00:00,72,33.75,143.23,995.6,35.6,110.83792017737234,57.79427586178263,110.83792017737234,18.413356841670023,27.92172100372986,0.0,0.0,0.0,0.0,0.0,0.0,0.0,0.0
2026-09-27,WP252026,13,2026-09-30 06:00:00,3 days 06:00:00,78,34.81,145.92,997.0,42.9,66.77555226251374,146.223442204175,175.140030613232,96.45046087561786,115.67008391834936,0.0,0.0,0.0,0.0,0.0,0.0,0.0,0.0
2026-09-27,WP252026,13,2026-09-30 12:00:00,3 days 12:00:00,84,35.65,148.34,995.7,40.9,119.2891046898092,208.58250918408524,254.66064967086533,208.0955521281647,158.91695658263092,0.0,0.0,0.0,0.0,0.0,0.0,0.0,0.0
2026-09-27,WP252026,13,2026-09-30 18:00:00,3 days 18:00:00,90,36.25,150.59,992.5,45.2,130.34191002093922,51.61091183660198,130.34191002093922,91.11182266258294,30.317341195522783,0.0,0.0,0.0,0.0,0.0,0.0,0.0,0.0
2026-09-27,WP252026,13,2026-10-01 00:00:00,4 days 00:00:00,96,36.95,152.48,995.0,36.5,90.58848422104144,105.4660071488238,109.26530747526328,92.54180178959795,79.51115384671508,0.0,0.0,0.0,0.0,0.0,0.0,0.0,0.0
2026-09-27,WP252026,13,2026-10-01 06:00:00,4 days 06:00:00,102,37.9,154.68,999.4,30.0,83.62303678367952,0.0,0.0,0.0,0.0,0.0,0.0,0.0,0.0,0.0,0.0,0.0,0.0
2026-09-27,WP252026,13,2026-10-01 12:00:00,4 days 12:00:00,108,38.82,156.63,1003.2,27.3,168.77252891394926,0.0,0.0,0.0,0.0,0.0,0.0,0.0,0.0,0.0,0.0,0.0,0.0
2026-09-27,WP252026,13,2026-10-01 18:00:00,4 days 18:00:00,114,39.43,159.25,1001.0,28.6,93.6581757611184,0.0,0.0,0.0,0.0,0.0,0.0,0.0,0.0,0.0,0.0,0.0,0.0
2026-09-27,WP252026,13,2026-10-02 00:00:00,5 days 00:00:00,120,40.38,161.74,1003.8,25.8,109.84140233140128,0.0,0.0,0.0,0.0,0.0,0.0,0.0,0.0,0.0,0.0,0.0,0.0
2026-09-27,AL062026,14,2026-09-27 00:00:00,0 days 00:00:00,0,29.8,-43.9,1010.0,29.0,56.0,0.0,0.0,0.0,0.0,0.0,0.0,0.0,0.0,0.0,0.0,0.0,0.0
2026-09-27,AL062026,14,2026-09-27 06:00:00,0 days 06:00:00,6,29.67,-43.91,1011.7,26.4,87.58414024703234,0.0,0.0,0.0,0.0,0.0,0.0,0.0,0.0,0.0,0.0,0.0,0.0
2026-09-27,AL062026,14,2026-09-27 12:00:00,0 days 12:00:00,12,29.48,-44.11,1011.9,27.3,104.76207630884969,0.0,0.0,0.0,0.0,0.0,0.0,0.0,0.0,0.0,0.0,0.0,0.0
2026-09-27,AL062026,14,2026-09-27 18:00:00,0 days 18:00:00,18,29.05,-44.16,1011.0,22.1,124.57290791305316,0.0,0.0,0.0,0.0,0.0,0.0,0.0,0.0,0.0,0.0,0.0,0.0
2026-09-27,AL062026,14,2026-09-28 00:00:00,1 days 00:00:00,24,28.7,-43.71,1008.6,28.9,101.15928413134614,0.0,0.0,0.0,0.0,0.0,0.0,0.0,0.0,0.0,0.0,0.0,0.0
2026-09-27,AL062026,14,2026-09-28 06:00:00,1 days 06:00:00,30,28.83,-44.3,1012.0,24.8,129.6696387834935,0.0,0.0,0.0,0.0,0.0,0.0,0.0,0.0,0.0,0.0,0.0,0.0
2026-09-27,EP152026,14,2026-09-27 00:00:00,0 days 00:00:00,0,16.7,-156.1,972.0,80.0,37.0,241.0,185.0,185.0,241.0,93.0,74.0,93.0,111.0,56.0,46.0,56.0,56.0
2026-09-27,EP152026,14,2026-09-27 06:00:00,0 days 06:00:00,6,16.4,-156.89,972.3,86.9,24.82235485611343,183.24262840483905,174.09556541314538,176.9191573141345,186.5386404573906,85.08202354924387,76.57695414686106,75.8491809661067,87.1238604319488,50.96145864866439,43.447393400963385,39.03955471680047,47.82398309969107
2026-09-27,EP152026,14,2026-09-27 12:00:00,0 days 12:00:00,12,16.16,-157.7,956.3,101.9,29.745608326031288,188.00404160376308,103.53753347889852,120.98769823824762,196.3599171646069,92.05096755124146,69.08381969702043,65.08093730639419,92.97985560363396,52.27651822618407,43.74366253016933,40.47992944863887,48.638223131629616
2026-09-27,EP152026,14,2026-09-27 18:00:00,0 days 18:00:00,18,15.94,-158.55,951.4,105.4,18.073151815854192,141.73808748574822,125.87155886986145,126.56675706558852,172.93208393416757,76.85839676317707,59.192412638360565,59.32973411001039,79.7566814576656,47.94081959914479,37.639067565903694,32.53398134004456,44.82872035047368
2026-09-27,EP152026,14,2026-09-28 00:00:00,1 days 00:00:00,24,15.85,-159.73,953.2,110.5,28.29830836420924,187.8554632386213,143.27613321717004,128.99775774672443,195.70272358610916,88.34631255503012,71.88225771683021,54.53164533177784,87.10114678607778,49.61625206040164,39.44504245885236,30.574006830258448,43.725992153257806
2026-09-27,EP152026,14,2026-09-28 06:00:00,1 days 06:00:00,30,16.22,-160.69,955.0,107.1,17.5794485677488,154.8210659378737,138.0180242241251,132.6406780980294,161.7381788109549,89.9756982243818,72.84610598805664,60.47886955874828,79.27744885559237,53.10972145239073,43.78684347843004,36.190699339095566,47.90969168244086
2026-09-27,EP152026,14,2026-09-28 12:00:00,1 days 12:00:00,36,16.77,-161.51,942.0,121.0,3.605452483538784,186.69292178363528,151.50850636510046,95.3052053060268,148.59041289376722,95.0120969499237,72.50003013152178,58.18647269032699,77.97278018936527,47.14256806553362,37.03865592515489,31.02140291006825,41.7607700802898
2026-09-27,EP152026,14,2026-09-28 18:00:00,1 days 18:00:00,42,17.37,-162.35,942.6,120.0,13.63352432179106,195.108890226613,153.87589848712076,153.11282150826503,194.16410758732843,107.02248618927888,84.46815466599378,66.55823170680154,95.095426465255,68.09290159014785,56.46355108807075,43.65327334795899,59.26450369060191
2026-09-27,EP152026,14,2026-09-29 00:00:00,2 days 00:00:00,48,18.31,-162.72,934.9,129.2,3.85239432418274,252.3887575279169,240.90886356852604,169.0598488574883,222.2813865900844,99.376585094465,88.8111046885424,68.50267935638502,80.62090068981433,75.010753025361,65.213754111014,54.61590079440976,62.11188388947693
2026-09-27,EP152026,14,2026-09-29 06:00:00,2 days 06:00:00,54,19.18,-163.05,953.4,115.2,8.372149015853438,244.2561451072529,234.0834884809301,152.48538433653812,207.43452959819524,128.14538850135432,115.67664074027108,77.32134266310845,97.2903202869138,71.66766997972343,62.24537661172496,46.73886534232645,59.03975192214216
2026-09-27,EP152026,14,2026-09-29 12:00:00,2 days 12:00:00,60,19.97,-163.1,971.5,88.5,22.606023911690443,213.6746373699168,192.17497602025253,134.78206830675532,155.35144524170846,105.54806372622886,83.52305894408386,52.98310052754181,78.35069097672022,53.77146211032979,45.0593801480488,31.183342551217763,44.719738972117625
2026-09-27,EP152026,14,2026-09-29 18:00:00,2 days 18:00:00,66,20.97,-162.98,973.4,83.2,26.358823889913342,176.80331377328272,175.15283507932313,129.25065192697696,128.74445391477175,96.86804792298484,80.97844874078599,54.56556327840813,74.38010722041219,47.55806313811183,40.22162488121028,28.37814086393081,39.67762078394455
2026-09-27,EP152026,14,2026-09-30 00:00:00,3 days 00:00:00,72,21.85,-162.9,971.5,79.8,10.981322297965413,224.21068537060023,227.8376071336783,146.08613499589643,219.65155368650608,112.14147509499148,108.36841057810344,74.01606793156323,94.4044799648743,65.43365356959424,59.58707595631572,45.98345082773409,52.3363143271726
2026-09-27,EP152026,14,2026-09-30 06:00:00,3 days 06:00:00,78,22.27,-162.55,980.1,75.0,41.3997973732241,196.74874403611236,155.2548502164823,146.72667390063685,199.21723672156145,107.370063098549,96.1618687904228,81.1672356572651,89.7350171064727,48.19337756223688,48.03453321396951,39.87460126775117,40.99770237965284
2026-09-27,EP152026,14,2026-09-30 12:00:00,3 days 12:00:00,84,22.64,-162.6,984.1,65.0,52.82699637497291,203.00764606647715,199.0287199891397,155.75770682585664,200.3522250749537,118.22585205869342,103.9117515317384,81.82280825207073,104.81522581407484,52.82699637497291,36.89939947301856,29.520590137907654,37.3098631979022
2026-09-27,EP152026,14,2026-09-30 18:00:00,3 days 18:00:00,90,22.57,-162.24,982.8,62.2,45.25381972664681,170.63048242125285,171.0896976210787,142.17635962785204,141.3263470258281,79.38319943938075,69.87981644386457,55.39925883332237,64.1327427795436,0.0,0.0,0.0,0.0
2026-09-27,EP152026,14,2026-10-01 00:00:00,4 days 00:00:00,96,22.35,-162.25,987.7,53.1,91.21660639065874,232.79085027559563,198.84543239294703,197.0154677895539,257.83674505347153,99.22822977441524,83.03864671676286,64.54589647738669,83.59287430999552,0.0,0.0,0.0,0.0
2026-09-27,EP152026,14,2026-10-01 06:00:00,4 days 06:00:00,102,22.34,-162.33,990.7,51.4,88.10457805281243,225.03110723811935,185.49392282730983,172.1074625981841,226.8902422896083,88.10457805281243,38.946734111661286,25.97180842558221,39.950116907877714,0.0,0.0,0.0,0.0
2026-09-27,EP152026,14,2026-10-01 12:00:00,4 days 12:00:00,108,22.41,-162.98,994.8,45.5,149.36753807647355,448.5446826450138,332.40682768743534,286.6228725675904,402.34587391772345,0.0,0.0,0.0,0.0,0.0,0.0,0.0,0.0
2026-09-27,EP152026,14,2026-10-01 18:00:00,4 days 18:00:00,114,22.79,-163.45,990.6,43.9,81.03479656387105,267.66169463835644,198.4999967053771,160.2176755259154,195.55004971247345,0.0,0.0,0.0,0.0,0.0,0.0,0.0,0.0
2026-09-27,EP152026,14,2026-10-02 00:00:00,5 days 00:00:00,120,22.93,-164.22,992.8,52.1,98.39255054909204,229.51598024180785,193.4900067056764,146.27458899122976,192.0008760225556,98.39255054909204,15.902306375557078,7.927898685209753,17.265294281702122,0.0,0.0,0.0,0.0
2026-09-27,EP152026,14,2026-10-02 06:00:00,5 days 06:00:00,126,23.3,-165.13,992.6,49.3,105.43188124137548,321.967646863282,282.6644199029291,214.60692491024804,267.62213328989753,0.0,0.0,0.0,0.0,0.0,0.0,0.0,0.0
2026-09-27,EP152026,14,2026-10-02 12:00:00,5 days 12:00:00,132,23.94,-166.05,990.5,49.2,77.88016945581165,281.9033005713308,225.78517560055644,147.1935232151742,242.47545426315872,0.0,0.0,0.0,0.0,0.0,0.0,0.0,0.0
2026-09-27,EP152026,14,2026-10-02 18:00:00,5 days 18:00:00,138,24.15,-167.27,986.0,51.5,84.56175355230826,374.4157675124802,266.1049955188984,214.6488496253224,340.57895268524555,126.8315777591576,101.2772621541586,78.8508120008975,109.18659192234172,0.0,0.0,0.0,0.0
2026-09-27,EP152026,14,2026-10-03 00:00:00,6 days 00:00:00,144,23.98,-168.2,977.3,61.3,32.41002952691784,210.8334450099776,179.58766955350904,135.48022776492786,175.94872698757726,104.87517061089504,83.51177348330577,60.261165162835255,92.73760404129932,0.0,0.0,0.0,0.0
2026-09-27,EP152026,14,2026-10-03 06:00:00,6 days 06:00:00,150,23.76,-169.64,975.4,80.2,32.14018130143526,261.44535115074893,186.2119811210573,169.63805045649144,266.87537384345114,125.53316915069354,99.472621221339,83.01885426613387,120.38278482425602,59.26010617342132,46.36496638669257,39.96216881427759,51.79833169899439
2026-09-27,EP152026,14,2026-10-03 12:00:00,6 days 12:00:00,156,23.39,-171.28,966.8,94.0,11.318345825711262,251.26925056540557,173.50994451104165,109.21593457874206,203.9082450666487,98.72069721925564,66.9952167453244,48.90216878033994,83.76876208608209,41.2182970940861,30.35274903728337,22.96023997137527,38.00891009637351
2026-09-27,EP152026,14,2026-10-03 18:00:00,6 days 18:00:00,162,23.28,-172.94,978.8,82.4,25.83504193041932,203.8786632237696,162.50389776804153,136.96943423666724,206.7579346116408,107.10256129994062,85.70060989049603,66.24150565004368,98.17381252052768,49.50562129718976,38.93221243433751,32.204959599182715,44.80058374716651
2026-09-27,EP152026,14,2026-10-04 00:00:00,7 days 00:00:00,168,23.41,-174.77,979.2,79.9,20.886194769016065,241.11379132158157,179.78231335523205,131.41408968813377,233.8643568607853,103.80253863345544,87.02699471637848,68.24071676464021,96.80535277254936,66.61047075459828,55.58724320684043,43.81152646628593,57.9239063553063
2026-09-27,EP152026,14,2026-10-04 06:00:00,7 days 06:00:00,174,23.89,-176.82,973.1,90.0,27.44150649270415,251.32842020619276,177.98916067826843,126.53483717220524,225.268868782985,133.9679147361075,104.047484986099,79.27020379434896,120.26606589774671,87.38147893008173,71.35092312865504,56.16282435083997,75.52638459294053
2026-09-27,EP152026,14,2026-10-04 12:00:00,7 days 12:00:00,180,24.41,-178.9,972.5,86.2,20.456018351829577,288.31647772010604,217.80519254485773,152.93269937358616,247.97989578044215,139.50997357042684,110.30224929409758,70.73808301868934,121.0734270531664,83.99072955936663,66.20691748289491,48.401333772507385,71.67852628139545
2026-09-27,EP152026,14,2026-10-04 18:00:00,7 days 18:00:00,186,25.39,178.82,952.8,106.7,11.940550186994386,303.9199207981643,275.1040924876529,176.67811786560208,233.69360269831395,146.5999187191693,130.9610327554563,91.30114613421637,117.2857823864012,79.18347287758297,67.77020213466005,51.29033078735967,67.5655005795353
2026-09-27,EP152026,14,2026-10-05 00:00:00,8 days 00:00:00,192,25.86,177.11,962.4,97.1,22.7798691205346,287.8729137904993,257.2066284701353,185.03277887624773,237.0580058506663,159.76545128920347,135.27236275248143,97.09647499461067,131.57246546998687,87.56295002315836,76.62266568900179,57.060607663100384,75.30770455336891
2026-09-27,EP152026,14,2026-10-05 06:00:00,8 days 06:00:00,198,26.45,175.68,963.2,91.4,17.660528474539653,278.0295527720004,193.1078796547593,152.22299231144575,223.6078552041362,150.5813612843668,115.23089458707564,84.97234692039817,130.07870967252222,76.42847478580435,62.23022292029784,45.63638468539611,66.58013754333602
2026-09-27,EP152026,14,2026-10-05 12:00:00,8 days 12:00:00,204,27.09,173.97,965.5,88.5,39.25357081502512,293.1624581472897,230.0857795784277,203.0540806509207,264.099457102524,149.62536444744865,121.344309993161,83.61367825218827,125.05937950712928,80.60375147267041,64.85850001766153,48.64372468216072,69.08536334988207
2026-09-27,EP152026,14,2026-10-05 18:00:00,8 days 18:00:00,210,27.37,172.14,972.5,77.3,26.618302101517884,262.54399198957367,235.94843474934885,175.5533618205577,214.7351085774685,109.66513516843564,87.79445511034686,55.990402273192615,83.26305142915953,33.07275600909679,23.9113256833557,16.119847268837887,28.217534615069027
2026-09-27,EP152026,14,2026-10-06 00:00:00,9 days 00:00:00,216,27.87,170.51,971.8,90.2,26.52189285870396,279.7341359660937,245.1863128629867,154.2078230514815,228.43479683218547,135.1091226359086,109.18048092667134,72.30004547652692,110.5077230562169,71.98850462314371,60.41074077149139,46.81706574522144,60.34921630432591
2026-09-27,EP152026,14,2026-10-06 06:00:00,9 days 06:00:00,222,28.32,168.9,973.3,81.9,32.38869600411999,277.6095279060561,234.744482518374,146.99986792962108,222.17936520746483,114.13375698863604,97.03074548664178,56.87537994399649,86.72751905061139,48.74745597226615,38.75426181454077,29.11049943473178,38.98059572090051
2026-09-27,EP152026,14,2026-10-06 12:00:00,9 days 12:00:00,228,28.8,167.17,983.6,71.4,29.905427641194077,267.4548865543593,180.71293682956852,97.01877477773547,217.34065481736343,124.86780628738634,87.30652304156777,55.22392659765883,95.47833164177176,53.97295105430294,40.95119044023201,29.99705283860285,43.31355276838299
2026-09-27,EP152026,14,2026-10-06 18:00:00,9 days 18:00:00,234,29.07,165.28,976.3,80.4,28.22393647269594,271.5951881668903,189.85310056329885,140.10979080227665,216.6217260367634,120.45338385861824,94.89503799538409,61.24202815526328,95.799069574667,62.705413632053705,51.71620693887255,37.79790049034528,52.36378350597093
2026-09-27,EP152026,14,2026-10-07 00:00:00,10 days 00:00:00,240,29.54,163.42,973.6,80.8,21.050044246450074,244.22481268131332,168.93022570517434,103.09705733385842,191.8282823312124,95.49894541150633,71.15262222598258,39.959686854085255,70.3839254463814,42.08662998476089,32.036641261340435,22.95747009779231,33.014877703416715
2026-09-27,EP152026,14,2026-10-07 06:00:00,10 days 06:00:00,246,30.66,161.65,971.3,78.6,32.066249381890174,234.37363920178757,184.7310828624085,124.13992233431254,174.14628921189694,114.27863945274258,92.07995900936146,58.68525258774295,88.18393979995112,58.57732386212607,49.60487805001182,37.206361138141055,47.13307496229761
2026-09-27,EP152026,14,2026-10-07 12:00:00,10 days 12:00:00,252,31.95,159.97,978.9,73.9,45.17553205140364,272.41434792247514,213.75940608398943,152.81718187896777,211.11279590048184,126.4051710744186,99.14324837669984,63.89776212192008,91.35550744399464,46.12230943098479,37.93483699332788,28.573167435900395,36.952916807910526
2026-09-27,EP152026,14,2026-10-07 18:00:00,10 days 18:00:00,258,33.54,159.07,980.0,72.4,31.731210443011683,192.3125739137204,194.7384074688637,118.86555343234237,128.39796010264834,103.36645902262892,95.39120354084412,59.256490910491536,72.9091896218219,36.47527095687625,31.379655559253173,22.21080382045123,27.90385011810684
2026-09-27,EP152026,14,2026-10-08 00:00:00,11 days 00:00:00,264,35.71,159.02,977.7,66.7,0.0,185.40534969802047,222.77713360360303,110.9638529313878,105.27877638940048,79.95950304769144,76.93518240735978,43.74507538587915,49.00884608943625,0.0,0.0,0.0,0.0
2026-09-27,EP152026,14,2026-10-08 06:00:00,11 days 06:00:00,270,37.62,160.42,986.6,52.3,50.70070948420776,162.8715176439547,210.8730520317349,150.90166377357792,128.6610812122589,97.97114803627989,110.63062712900626,74.9220320062793,67.96975988710352,0.0,0.0,0.0,0.0
2026-09-27,EP152026,14,2026-10-08 12:00:00,11 days 12:00:00,276,39.73,162.35,990.4,46.5,64.04405484753863,182.66410842003572,245.088622776384,176.38595978328226,85.2053379065751,0.0,0.0,0.0,0.0,0.0,0.0,0.0,0.0
2026-09-27,EP152026,14,2026-10-08 18:00:00,11 days 18:00:00,282,41.22,166.01,992.0,40.3,111.607021915348,124.33098711568346,204.27188026298245,99.08314925076591,76.52216815731208,0.0,0.0,0.0,0.0,0.0,0.0,0.0,0.0
2026-09-27,EP152026,14,2026-10-09 00:00:00,12 days 00:00:00,288,42.06,169.3,998.0,35.4,7.802375160176098,96.0822812928939,161.3558672830785,99.60229493608684,68.2827997991362,0.0,0.0,0.0,0.0,0.0,0.0,0.0,0.0
2026-09-27,EP152026,14,2026-10-09 06:00:00,12 days 06:00:00,294,42.78,171.73,996.7,29.9,100.10601215991926,0.0,0.0,0.0,0.0,0.0,0.0,0.0,0.0,0.0,0.0,0.0,0.0
2026-09-27,EP152026,14,2026-10-09 12:00:00,12 days 12:00:00,300,43.89,173.7,1004.1,23.5,98.59784088539044,0.0,0.0,0.0,0.0,0.0,0.0,0.0,0.0,0.0,0.0,0.0,0.0
2026-09-27,EP152026,14,2026-10-09 18:00:00,12 days 18:00:00,306,45.15,169.87,986.9,46.4,121.97942964084268,92.26907346273872,146.15556740439706,78.7221117572806,48.05724954237212,0.0,0.0,0.0,0.0,0.0,0.0,0.0,0.0
2026-09-27,EP152026,14,2026-10-10 00:00:00,13 days 00:00:00,312,47.75,171.13,986.5,43.3,117.42989115820164,271.54459196901195,352.98857214067806,292.6023483933495,228.5401970080757,0.0,0.0,0.0,0.0,0.0,0.0,0.0,0.0
2026-09-27,EP162026,14,2026-09-27 00:00:00,0 days 00:00:00,0,20.8,-123.6,975.0,76.0,28.0,167.0,167.0,148.0,185.0,93.0,74.0,74.0,93.0,65.0,46.0,37.0,56.0
2026-09-27,EP162026,14,2026-09-27 06:00:00,0 days 06:00:00,6,21.46,-123.4,992.3,59.3,78.74904550455844,218.23085516694147,254.7345796110528,176.5696281953952,196.6021660225579,42.56185262005409,78.74904550455844,25.583716474595565,34.75701324686946,0.0,0.0,0.0,0.0
2026-09-27,EP162026,14,2026-09-27 12:00:00,0 days 12:00:00,12,21.7,-123.14,993.0,47.0,27.82511217189105,90.14541735019264,110.61720182254687,91.27273542401235,83.24811261763926,0.0,0.0,0.0,0.0,0.0,0.0,0.0,0.0
2026-09-27,EP162026,14,2026-09-27 18:00:00,0 days 18:00:00,18,22.26,-122.92,998.8,40.6,102.42895883967304,87.77121132696473,104.91802126179051,67.59578933324212,53.40693949698299,0.0,0.0,0.0,0.0,0.0,0.0,0.0,0.0
2026-09-27,EP162026,14,2026-09-28 00:00:00,1 days 00:00:00,24,22.09,-122.87,1001.1,29.7,94.526852681959,0.0,0.0,0.0,0.0,0.0,0.0,0.0,0.0,0.0,0.0,0.0,0.0
2026-09-27,EP162026,14,2026-09-28 06:00:00,1 days 06:00:00,30,22.34,-122.47,1002.6,28.9,111.61925364651492,0.0,0.0,0.0,0.0,0.0,0.0,0.0,0.0,0.0,0.0,0.0,0.0
2026-09-27,EP162026,14,2026-09-28 12:00:00,1 days 12:00:00,36,21.95,-122.3,1001.7,30.0,96.27693952984538,0.0,0.0,0.0,0.0,0.0,0.0,0.0,0.0,0.0,0.0,0.0,0.0
2026-09-27,EP162026,14,2026-09-28 18:00:00,1 days 18:00:00,42,21.55,-121.98,1004.3,26.1,94.93039777789043,0.0,0.0,0.0,0.0,0.0,0.0,0.0,0.0,0.0,0.0,0.0,0.0
2026-09-27,EP162026,14,2026-09-29 00:00:00,2 days 00:00:00,48,21.28,-121.46,1005.4,21.6,85.5022742767244,0.0,0.0,0.0,0.0,0.0,0.0,0.0,0.0,0.0,0.0,0.0,0.0
2026-09-27,EP162026,14,2026-09-29 06:00:00,2 days 06:00:00,54,20.47,-120.84,1005.8,23.5,158.8358645332254,0.0,0.0,0.0,0.0,0.0,0.0,0.0,0.0,0.0,0.0,0.0,0.0
2026-09-27,EP162026,14,2026-09-29 12:00:00,2 days 12:00:00,60,19.68,-120.42,1008.4,21.1,135.07407949965705,0.0,0.0,0.0,0.0,0.0,0.0,0.0,0.0,0.0,0.0,0.0,0.0
2026-09-27,EP162026,14,2026-09-29 18:00:00,2 days 18:00:00,66,19.09,-120.85,1005.7,20.8,101.91077290494924,0.0,0.0,0.0,0.0,0.0,0.0,0.0,0.0,0.0,0.0,0.0,0.0
2026-09-27,EP172026,14,2026-09-27 00:00:00,0 days 00:00:00,0,19.0,-112.9,946.0,111.0,28.0,259.0,185.0,167.0,185.0,111.0,111.0,93.0,93.0,65.0,65.0,46.0,56.0
2026-09-27,EP172026,14,2026-09-27 06:00:00,0 days 06:00:00,6,19.72,-113.26,944.1,113.4,3.336571516419092,274.92531152250564,269.9799994696357,179.99132125503155,202.7249190087611,128.60453200930655,116.22020044886374,79.99288568403885,98.33132549273262,58.71222827456221,51.03278660292434,39.88086727321296,49.31500004633298
2026-09-27,EP172026,14,2026-09-27 12:00:00,0 days 12:00:00,12,20.53,-113.79,951.4,109.5,29.643819988033226,177.88004646109,231.0876148280007,164.66009280909913,150.17866634698714,106.54373947313826,109.12282698868717,82.18799300995325,84.76988512753528,66.97857522715006,63.46111400831007,51.93278772516578,55.84932924657005
2026-09-27,EP172026,14,2026-09-27 18:00:00,0 days 18:00:00,18,21.6,-114.06,947.8,118.2,8.683477511080582,265.7454700690025,282.09374703505614,174.3338747044097,201.23437409127428,121.76100015332167,117.3536324864383,78.49574385991798,88.42019652387717,63.52352377428935,59.811141832046246,49.266180999814935,51.79225065427477
2026-09-27,EP172026,14,2026-09-28 00:00:00,1 days 00:00:00,24,22.47,-114.27,941.1,125.2,6.304608317184005,273.26034371656925,294.0959641519642,170.25653733719977,174.02752211854468,139.25967848794954,132.27355034852607,90.69921560446927,102.11068231570454,83.0499947254181,73.95688391606706,56.19514100195984,65.59693487722328
2026-09-27,EP172026,14,2026-09-28 06:00:00,1 days 06:00:00,30,23.42,-114.12,936.0,128.6,6.272839852576817,205.60813526011287,254.0284396184922,176.87228425205137,158.64883632365311,115.68491175693777,115.9500617765745,85.72951399899142,82.10489525600202,66.55688141256351,64.41694601995994,51.61041731170733,56.73154184321608
2026-09-27,EP172026,14,2026-09-28 12:00:00,1 days 12:00:00,36,24.42,-114.02,951.8,111.1,12.246015397711444,143.73367506865503,194.28178456319552,153.75118515897435,102.95270957674032,89.94599199007918,101.62637934445956,74.09488757547312,61.10329821291271,43.14562625692102,43.68900559692023,35.639257773924115,33.50989630912247
2026-09-27,EP172026,14,2026-09-28 18:00:00,1 days 18:00:00,42,25.43,-113.39,955.5,103.9,21.7516802860884,150.9755829412636,195.51494922258016,166.9946647673429,126.89845308786852,99.05386731342344,105.75750439051892,85.88436579024369,78.56414649448658,63.31256457739357,62.793461541052864,50.83996344577352,54.12935774261342
2026-09-27,EP172026,14,2026-09-29 00:00:00,2 days 00:00:00,48,25.99,-112.72,957.0,110.6,14.681997363924086,152.57594228636464,207.2956301689001,113.25826145254533,88.70524738071886,70.38154198364926,89.47556226201468,65.55813139590788,52.019980535416,48.73703278651948,50.44936705051413,42.5594102432535,40.23787164622658
2026-09-27,EP172026,14,2026-09-29 06:00:00,2 days 06:00:00,54,26.96,-111.29,971.5,79.0,23.82699849799573,187.4689283851274,216.7703751340928,146.64432189195085,120.01103651650487,88.24575117770502,107.1192117193743,78.81939437513165,62.82170612914842,50.5020834097336,51.57144441058142,38.77723654019663,39.02918247000481
2026-09-27,EP172026,14,2026-09-29 12:00:00,2 days 12:00:00,60,28.59,-110.43,988.7,57.7,43.66354331995644,176.08845585394496,180.8071922775433,117.41772011389766,92.94446019340596,38.27200262100242,43.66354331995644,26.362202592681147,17.74466576799836,0.0,0.0,0.0,0.0
2026-09-27,EP902026,14,2026-09-27 00:00:00,0 days 00:00:00,0,12.0,-98.6,1008.0,25.0,111.0,0.0,0.0,0.0,0.0,0.0,0.0,0.0,0.0,0.0,0.0,0.0,0.0
2026-09-27,EP902026,14,2026-09-27 06:00:00,0 days 06:00:00,6,12.03,-98.71,1004.6,29.8,123.20540925361512,0.0,0.0,0.0,0.0,0.0,0.0,0.0,0.0,0.0,0.0,0.0,0.0
2026-09-27,EP902026,14,2026-09-27 12:00:00,0 days 12:00:00,12,12.04,-98.82,1005.2,30.2,109.6812339287668,0.0,0.0,0.0,0.0,0.0,0.0,0.0,0.0,0.0,0.0,0.0,0.0
2026-09-27,EP902026,14,2026-09-27 18:00:00,0 days 18:00:00,18,12.12,-99.12,1004.7,35.6,133.67660745388122,133.67660745388122,53.11622635818837,22.165684318594767,47.60047864094211,0.0,0.0,0.0,0.0,0.0,0.0,0.0,0.0
2026-09-27,EP902026,14,2026-09-28 00:00:00,1 days 00:00:00,24,12.23,-99.77,1002.6,32.8,176.18847787980576,0.0,0.0,0.0,0.0,0.0,0.0,0.0,0.0,0.0,0.0,0.0,0.0
2026-09-27,EP902026,14,2026-09-28 06:00:00,1 days 06:00:00,30,12.43,-100.58,1003.2,39.3,141.709005758584,141.709005758584,26.74721174838905,4.27793925141836,8.450210485226563,0.0,0.0,0.0,0.0,0.0,0.0,0.0,0.0
2026-09-27,EP902026,14,2026-09-28 12:00:00,1 days 12:00:00,36,12.66,-100.96,999.1,46.0,153.7477248772472,153.7477248772472,77.01233596460219,36.30090019390959,49.41744957743013,0.0,0.0,0.0,0.0,0.0,0.0,0.0,0.0
2026-09-27,EP902026,14,2026-09-28 18:00:00,1 days 18:00:00,42,13.25,-101.97,999.9,41.8,114.11849544974234,122.94802282588344,101.220012868347,59.473538334038,86.4107500629321,0.0,0.0,0.0,0.0,0.0,0.0,0.0,0.0
2026-09-27,EP902026,14,2026-09-29 00:00:00,2 days 00:00:00,48,13.78,-103.09,999.3,43.0,97.02698783090273,268.5971785063008,223.86501212131583,158.55418610832578,206.1122985030162,0.0,0.0,0.0,0.0,0.0,0.0,0.0,0.0
2026-09-27,EP902026,14,2026-09-29 06:00:00,2 days 06:00:00,54,14.54,-104.45,996.8,43.8,140.54575639105298,349.41347005244006,332.14250487853576,265.7947770056152,290.49272548354105,0.0,0.0,0.0,0.0,0.0,0.0,0.0,0.0
2026-09-27,EP902026,14,2026-09-29 12:00:00,2 days 12:00:00,60,14.83,-105.37,997.1,46.5,129.01788617499625,53.920392369870974,129.01788617499625,40.084804158327344,31.224254440072794,0.0,0.0,0.0,0.0,0.0,0.0,0.0,0.0
2026-09-27,EP902026,14,2026-09-29 18:00:00,2 days 18:00:00,66,15.14,-106.37,998.0,49.6,106.18438813755304,187.7349897253943,163.89491507289392,108.9553086919789,150.7044153674156,0.0,0.0,0.0,0.0,0.0,0.0,0.0,0.0
2026-09-27,EP902026,14,2026-09-30 00:00:00,3 days 00:00:00,72,15.84,-107.03,991.1,52.0,88.95956420327897,217.46302500048037,207.0617243740095,156.25113763344962,168.60032952613628,88.95956420327897,15.196929134378852,2.2097107107227,10.87497292740478,0.0,0.0,0.0,0.0
2026-09-27,EP902026,14,2026-09-30 06:00:00,3 days 06:00:00,78,16.38,-107.48,983.9,64.2,76.82524586178948,181.9741436814016,171.93243787204835,101.38380466612476,108.46353824866344,76.82524586178948,76.82524586178948,11.171855129376382,22.32240003671844,0.0736916821537421,76.82524586178948,0.0,0.0
2026-09-27,EP902026,14,2026-09-30 12:00:00,3 days 12:00:00,84,16.89,-108.0,981.1,74.0,29.78393454508928,215.6553665982484,279.51170301372474,169.07406735894617,163.79511459469018,118.5324206117708,113.08011645140624,74.48369009309913,86.33651346680679,29.78393454508928,22.172935669341143,17.167858584137793,20.822031087211897
2026-09-27,EP902026,14,2026-09-30 18:00:00,3 days 18:00:00,90,17.26,-108.17,978.9,71.0,38.70409123616146,193.1721867342432,192.4615594034005,137.68614837310054,157.324156869896,75.799959928205,68.55813482633997,52.4583472730729,55.936845140661376,38.70409123616146,28.91152800345453,23.508550582373104,25.00537857718356
2026-09-27,EP902026,14,2026-10-01 00:00:00,4 days 00:00:00,96,17.46,-108.47,982.4,63.8,50.60923107684424,160.22046476707158,160.5221036635939,146.179775809004,164.80596708788931,92.23945277855135,83.69105398634255,64.59288110483797,74.64921693231588,0.0,0.0,0.0,0.0
2026-09-27,EP902026,14,2026-10-01 06:00:00,4 days 06:00:00,102,17.44,-108.83,989.4,58.2,61.96847492931845,229.4209003841129,199.8191148895756,186.68073991611595,215.5753099141449,81.93429881982155,72.09802501718141,53.468929026644574,65.96082208185635,0.0,0.0,0.0,0.0
2026-09-27,EP902026,14,2026-10-01 12:00:00,4 days 12:00:00,108,17.32,-108.74,977.2,69.2,27.255617430152256,125.2433993835664,126.92938300662348,122.46757304875403,133.27466418801964,52.34727829305181,56.954403459436605,48.40280171417577,44.08072124623135,12.471495842106624,27.255617430152256,11.573270021416182,11.455599157768942
2026-09-27,EP902026,14,2026-10-01 18:00:00,4 days 18:00:00,114,17.08,-108.81,986.4,55.7,51.51632304217469,117.1461948422534,119.0747183810106,122.6520675699066,117.68496116908987,70.98194461891796,65.35421451158248,49.87577807811772,59.75251427581287,0.0,0.0,0.0,0.0
2026-09-27,EP902026,14,2026-10-02 00:00:00,5 days 00:00:00,120,17.46,-108.35,988.3,53.8,63.29211461950854,106.52250428117031,129.3514602416965,114.73449228945152,111.77212490822136,22.664886527583175,63.29211461950854,15.100968560407154,13.669323759237445,0.0,0.0,0.0,0.0
2026-09-27,EP902026,14,2026-10-02 06:00:00,5 days 06:00:00,126,17.53,-107.75,991.6,48.0,132.3163868503075,130.45877197436235,166.31411327830503,124.23877189809902,114.07988946635396,0.0,0.0,0.0,0.0,0.0,0.0,0.0,0.0
2026-09-27,EP902026,14,2026-10-02 12:00:00,5 days 12:00:00,132,17.85,-107.65,992.1,51.0,48.82094444552922,170.02727982960096,179.55828992417537,149.96617040358797,146.5852271629119,19.463245437619435,48.82094444552922,11.720914267712033,11.317965811659178,0.0,0.0,0.0,0.0
2026-09-27,EP902026,14,2026-10-02 18:00:00,5 days 18:00:00,138,17.76,-107.33,995.6,43.5,95.3537516312724,173.0577699863092,199.69220159782049,165.67564496816715,153.5409022586909,0.0,0.0,0.0,0.0,0.0,0.0,0.0,0.0
2026-09-27,EP902026,14,2026-10-03 00:00:00,6 days 00:00:00,144,18.26,-106.97,995.2,38.3,57.77380441961287,100.24831217472008,116.58113165053828,93.39259714261932,77.15282090071116,0.0,0.0,0.0,0.0,0.0,0.0,0.0,0.0
2026-09-27,EP902026,14,2026-10-03 06:00:00,6 days 06:00:00,150,18.52,-106.83,993.5,41.6,58.10066985228368,86.02499661196899,91.59667872629475,67.75499563711344,74.88833376511822,0.0,0.0,0.0,0.0,0.0,0.0,0.0,0.0
2026-09-27,EP902026,14,2026-10-03 12:00:00,6 days 12:00:00,156,18.69,-106.31,993.6,46.4,41.880213700244525,151.43270157093798,169.14835627566822,116.72336874047733,102.8806255103752,0.0,0.0,0.0,0.0,0.0,0.0,0.0,0.0
2026-09-27,EP902026,14,2026-10-03 18:00:00,6 days 18:00:00,162,18.89,-105.7,987.8,48.9,36.759916558644974,118.89890505537366,147.5038906921511,135.88350925582284,133.67578370272147,0.0,0.0,0.0,0.0,0.0,0.0,0.0,0.0
2026-09-27,EP902026,14,2026-10-04 00:00:00,7 days 00:00:00,168,19.09,-104.87,985.1,58.4,25.199466719276487,99.58992502951337,115.65246425204576,99.67511027452043,104.4961968480826,49.00495259800969,42.27392044514717,29.8946561759692,31.24422582369416,0.0,0.0,0.0,0.0
2026-09-27,EP902026,14,2026-10-04 06:00:00,7 days 06:00:00,174,19.71,-104.73,988.5,55.5,68.145146680773,125.66367878862955,77.61061130390567,42.278622149805926,65.3405536279007,68.145146680773,0.0,0.0,0.0,0.0,0.0,0.0,0.0
2026-09-27,EP902026,14,2026-10-04 12:00:00,7 days 12:00:00,180,20.32,-104.9,996.7,36.0,74.64842261014033,50.24568139957968,74.64842261014033,32.21066454445431,42.85984551221351,0.0,0.0,0.0,0.0,0.0,0.0,0.0,0.0
2026-09-27,EP902026,14,2026-10-04 18:00:00,7 days 18:00:00,186,21.19,-105.54,1003.7,35.4,0.0,109.09122376743412,96.5787592030308,43.784910449567626,75.68630817105276,0.0,0.0,0.0,0.0,0.0,0.0,0.0,0.0
2026-09-27,EP902026,14,2026-10-05 00:00:00,8 days 00:00:00,192,21.62,-106.0,1000.8,22.5,101.61332202660202,0.0,0.0,0.0,0.0,0.0,0.0,0.0,0.0,0.0,0.0,0.0,0.0
2026-09-27,EP902026,14,2026-10-05 06:00:00,8 days 06:00:00,198,21.93,-106.26,1002.7,39.3,23.520335228165795,57.2904942281841,44.75958050489887,30.937688671708003,34.432834115421215,0.0,0.0,0.0,0.0,0.0,0.0,0.0,0.0
2026-09-27,EP902026,14,2026-10-05 12:00:00,8 days 12:00:00,204,22.79,-106.86,1001.5,36.8,65.8445772491048,65.8445772491048,39.72717889554092,23.72978408499136,23.96410772147112,0.0,0.0,0.0,0.0,0.0,0.0,0.0,0.0
2026-09-27,EP902026,14,2026-10-05 18:00:00,8 days 18:00:00,210,23.35,-107.84,1005.8,34.5,45.0240045973892,116.59596922901612,64.72489703493098,44.74960352193291,90.68739329111716,0.0,0.0,0.0,0.0,0.0,0.0,0.0,0.0
2026-09-27,EP902026,14,2026-10-06 00:00:00,9 days 00:00:00,216,24.59,-108.51,1002.0,31.2,75.54866325210568,0.0,0.0,0.0,0.0,0.0,0.0,0.0,0.0,0.0,0.0,0.0,0.0
2026-09-27,EP902026,14,2026-10-06 06:00:00,9 days 06:00:00,222,25.04,-109.34,1002.7,30.4,35.12776678853339,0.0,0.0,0.0,0.0,0.0,0.0,0.0,0.0,0.0,0.0,0.0,0.0
2026-09-27,EP902026,14,2026-10-06 12:00:00,9 days 12:00:00,228,25.56,-110.79,1004.8,33.6,42.52242465700842,0.0,0.0,0.0,0.0,0.0,0.0,0.0,0.0,0.0,0.0,0.0,0.0
2026-09-27,EP902026,14,2026-10-06 18:00:00,9 days 18:00:00,234,25.72,-111.8,1007.1,25.5,55.69829060971955,0.0,0.0,0.0,0.0,0.0,0.0,0.0,0.0,0.0,0.0,0.0,0.0
2026-09-27,EP902026,14,2026-10-07 00:00:00,10 days 00:00:00,240,25.63,-113.4,1001.0,29.7,66.88357163063989,0.0,0.0,0.0,0.0,0.0,0.0,0.0,0.0,0.0,0.0,0.0,0.0
2026-09-27,EP902026,14,2026-10-07 06:00:00,10 days 06:00:00,246,25.47,-113.76,1003.5,29.0,36.58756384421925,0.0,0.0,0.0,0.0,0.0,0.0,0.0,0.0,0.0,0.0,0.0,0.0
2026-09-27,EP902026,14,2026-10-07 12:00:00,10 days 12:00:00,252,25.16,-114.79,1005.9,26.0,76.90261945296395,0.0,0.0,0.0,0.0,0.0,0.0,0.0,0.0,0.0,0.0,0.0,0.0
2026-09-27,EP902026,14,2026-10-07 18:00:00,10 days 18:00:00,258,24.77,-115.57,1004.3,28.8,64.53048962817786,0.0,0.0,0.0,0.0,0.0,0.0,0.0,0.0,0.0,0.0,0.0,0.0
2026-09-27,EP902026,14,2026-10-08 00:00:00,11 days 00:00:00,264,24.53,-116.31,1006.6,25.2,103.29748895919678,0.0,0.0,0.0,0.0,0.0,0.0,0.0,0.0,0.0,0.0,0.0,0.0
2026-09-27,EP902026,14,2026-10-08 06:00:00,11 days 06:00:00,270,24.02,-117.11,1005.4,22.5,96.8831138510502,0.0,0.0,0.0,0.0,0.0,0.0,0.0,0.0,0.0,0.0,0.0,0.0
2026-09-27,EP902026,14,2026-10-08 12:00:00,11 days 12:00:00,276,24.06,-117.83,1008.9,22.3,75.93446923503787,0.0,0.0,0.0,0.0,0.0,0.0,0.0,0.0,0.0,0.0,0.0,0.0
2026-09-27,EP902026,14,2026-10-08 18:00:00,11 days 18:00:00,282,24.19,-118.7,1006.9,21.9,65.39918427322787,0.0,0.0,0.0,0.0,0.0,0.0,0.0,0.0,0.0,0.0,0.0,0.0
2026-09-27,EP902026,14,2026-10-09 00:00:00,12 days 00:00:00,288,24.19,-119.49,1006.9,17.9,80.70095377154689,0.0,0.0,0.0,0.0,0.0,0.0,0.0,0.0,0.0,0.0,0.0,0.0
2026-09-27,EP902026,14,2026-10-09 06:00:00,12 days 06:00:00,294,24.01,-120.02,1006.8,19.8,107.03226696210729,0.0,0.0,0.0,0.0,0.0,0.0,0.0,0.0,0.0,0.0,0.0,0.0
2026-09-27,EP902026,14,2026-10-09 12:00:00,12 days 12:00:00,300,23.93,-120.46,1008.2,18.9,127.55152227468112,0.0,0.0,0.0,0.0,0.0,0.0,0.0,0.0,0.0,0.0,0.0,0.0
2026-09-27,EP902026,14,2026-10-09 18:00:00,12 days 18:00:00,306,23.53,-121.36,1009.8,17.6,91.0009858099398,0.0,0.0,0.0,0.0,0.0,0.0,0.0,0.0,0.0,0.0,0.0,0.0
2026-09-27,EP902026,14,2026-10-10 00:00:00,13 days 00:00:00,312,23.46,-121.87,1008.3,13.3,81.44659671930009,0.0,0.0,0.0,0.0,0.0,0.0,0.0,0.0,0.0,0.0,0.0,0.0
2026-09-27,EP902026,14,2026-10-10 06:00:00,13 days 06:00:00,318,23.0,-122.37,1010.2,13.5,107.63600540782816,0.0,0.0,0.0,0.0,0.0,0.0,0.0,0.0,0.0,0.0,0.0,0.0
2026-09-27,WP252026,14,2026-09-27 00:00:00,0 days 00:00:00,0,24.6,127.6,964.0,89.0,22.0,102.0,121.0,102.0,93.0,,,,,,,,
2026-09-27,WP252026,14,2026-09-27 06:00:00,0 days 06:00:00,6,25.41,128.05,940.8,118.0,39.53474943577972,127.25105241291747,188.14774002151844,119.11754958023865,111.42930947043718,52.15769603008362,75.7393338703213,63.53870666458892,44.91220757050711,44.73681026721964,48.16368029012084,42.9934638123354,36.29747900704436
2026-09-27,WP252026,14,2026-09-27 12:00:00,0 days 12:00:00,12,26.1,129.25,941.0,111.1,20.54239753210973,147.40027691161993,193.83752501547207,156.4745391280401,102.8158730504346,66.65275587700509,93.68731246747346,76.61739837666731,51.3011561634183,44.40991160058228,51.50711604636216,44.00798620445481,37.90228061480158
2026-09-27,WP252026,14,2026-09-27 18:00:00,0 days 18:00:00,18,26.88,129.99,968.7,91.9,20.03907513765884,79.87892348672864,131.86338528727825,99.67978596584368,75.74191738810862,62.07330482385319,73.15661755410513,54.168833329921135,50.35339721250597,41.21327706640757,38.724269155353056,30.17749242643622,32.12980493523055
2026-09-27,WP252026,14,2026-09-28 00:00:00,1 days 00:00:00,24,27.26,131.01,977.8,75.6,15.463849766211451,109.65366549768576,141.9504822362248,105.23929397436432,95.77704980652794,57.38885290840287,69.64914844168086,46.19640649767221,41.38585182647863,21.113004614820586,21.26565654478104,16.846280617684144,13.14629824545731
2026-09-27,WP252026,14,2026-09-28 06:00:00,1 days 06:00:00,30,27.88,132.26,984.9,57.1,26.895628708613984,130.18116384748222,158.9038554579093,116.08684596787144,80.34343527576681,87.3025973780899,91.69982010034563,61.77367974757101,62.01935526397341,0.0,0.0,0.0,0.0
2026-09-27,WP252026,14,2026-09-28 12:00:00,1 days 12:00:00,36,28.46,133.35,991.3,52.5,34.950743324708874,193.54217585391524,211.72222247695493,108.50432001698351,148.37675187913032,34.950743324708874,28.12061069361441,14.241298803172802,18.224021877118176,0.0,0.0,0.0,0.0
2026-09-27,WP252026,14,2026-09-28 18:00:00,1 days 18:00:00,42,29.24,134.27,993.7,47.3,93.7391583610484,205.60614534021204,196.1611891541505,123.31563094686128,147.2860891530887,0.0,0.0,0.0,0.0,0.0,0.0,0.0,0.0
2026-09-27,WP252026,14,2026-09-29 00:00:00,2 days 00:00:00,48,30.25,135.12,998.4,40.3,105.6237928157722,48.74818511011716,105.6237928157722,20.17363800547348,24.601819264605886,0.0,0.0,0.0,0.0,0.0,0.0,0.0,0.0
2026-09-27,WP252026,14,2026-09-29 06:00:00,2 days 06:00:00,54,31.04,137.05,998.3,43.9,123.59949736914312,212.18420652143072,251.99761170964013,160.56091155239807,143.0005031230742,0.0,0.0,0.0,0.0,0.0,0.0,0.0,0.0
2026-09-27,WP252026,14,2026-09-29 12:00:00,2 days 12:00:00,60,31.64,139.22,992.7,41.9,96.40915541957474,31.25952156786309,96.40915541957474,0.0,16.45817307973482,0.0,0.0,0.0,0.0,0.0,0.0,0.0,0.0
2026-09-27,WP252026,14,2026-09-29 18:00:00,2 days 18:00:00,66,33.29,141.32,996.0,40.7,97.33468354613962,0.0,97.33468354613962,0.0,0.0,0.0,0.0,0.0,0.0,0.0,0.0,0.0,0.0
2026-09-27,WP252026,14,2026-09-30 00:00:00,3 days 00:00:00,72,34.66,144.38,997.7,34.4,182.6873226715284,322.883698265513,356.2525452148534,296.351954274503,268.488098004947,0.0,0.0,0.0,0.0,0.0,0.0,0.0,0.0
2026-09-27,WP252026,14,2026-09-30 06:00:00,3 days 06:00:00,78,36.29,148.04,990.2,36.0,131.5791022857459,357.6416109131841,363.4118184502394,334.3574619837346,305.87115734345247,0.0,0.0,0.0,0.0,0.0,0.0,0.0,0.0
2026-09-27,WP252026,14,2026-09-30 12:00:00,3 days 12:00:00,84,36.81,150.47,994.3,35.6,100.50257280052504,238.48337408176388,260.8293289740663,204.65551495521837,231.2213510401184,0.0,0.0,0.0,0.0,0.0,0.0,0.0,0.0
2026-09-27,WP252026,14,2026-09-30 18:00:00,3 days 18:00:00,90,37.77,154.02,1004.3,31.1,68.21308928583109,0.0,0.0,0.0,0.0,0.0,0.0,0.0,0.0,0.0,0.0,0.0,0.0
2026-09-27,WP252026,14,2026-10-01 00:00:00,4 days 00:00:00,96,38.11,156.78,1000.3,30.6,88.614808875638,0.0,0.0,0.0,0.0,0.0,0.0,0.0,0.0,0.0,0.0,0.0,0.0
2026-09-27,WP252026,14,2026-10-01 06:00:00,4 days 06:00:00,102,38.44,159.44,1002.6,30.5,153.24422153987098,0.0,0.0,0.0,0.0,0.0,0.0,0.0,0.0,0.0,0.0,0.0,0.0
2026-09-27,WP252026,14,2026-10-01 12:00:00,4 days 12:00:00,108,38.49,161.05,1006.6,27.0,161.54621531666368,0.0,0.0,0.0,0.0,0.0,0.0,0.0,0.0,0.0,0.0,0.0,0.0
2026-09-27,WP252026,14,2026-10-01 18:00:00,4 days 18:00:00,114,38.99,162.04,1004.5,28.4,117.4951448047996,0.0,0.0,0.0,0.0,0.0,0.0,0.0,0.0,0.0,0.0,0.0,0.0
2026-09-27,WP252026,14,2026-10-02 00:00:00,5 days 00:00:00,120,39.78,165.7,1008.4,20.9,87.34855270590157,0.0,0.0,0.0,0.0,0.0,0.0,0.0,0.0,0.0,0.0,0.0,0.0
2026-09-27,AL062026,15,2026-09-27 00:00:00,0 days 00:00:00,0,29.8,-43.9,1010.0,29.0,56.0,0.0,0.0,0.0,0.0,0.0,0.0,0.0,0.0,0.0,0.0,0.0,0.0
2026-09-27,AL062026,15,2026-09-27 06:00:00,0 days 06:00:00,6,29.7,-43.92,1013.2,26.2,109.3495057888849,0.0,0.0,0.0,0.0,0.0,0.0,0.0,0.0,0.0,0.0,0.0,0.0
2026-09-27,AL062026,15,2026-09-27 12:00:00,0 days 12:00:00,12,29.68,-43.93,1011.8,19.8,158.9229459051092,0.0,0.0,0.0,0.0,0.0,0.0,0.0,0.0,0.0,0.0,0.0,0.0
2026-09-27,EP152026,15,2026-09-27 00:00:00,0 days 00:00:00,0,16.7,-156.1,972.0,80.0,37.0,241.0,185.0,185.0,241.0,93.0,74.0,93.0,111.0,56.0,46.0,56.0,56.0
2026-09-27,EP152026,15,2026-09-27 06:00:00,0 days 06:00:00,6,16.56,-156.99,968.1,93.5,46.00329987123473,146.27626608074954,147.5391897450579,152.06805212118786,149.13534398313735,59.81008108094351,49.90817284155996,55.322909980769936,63.56983348791512,46.00329987123473,34.26484304992179,28.69964296198185,37.60926684720253
2026-09-27,EP152026,15,2026-09-27 12:00:00,0 days 12:00:00,12,16.35,-157.89,955.9,107.1,14.44627181736887,171.03534484526426,119.20008489067028,136.11940738487343,186.7852115085201,89.5214749928859,73.21522008374092,70.65175197597205,94.07226569764072,59.91048932448785,49.3377039938691,41.0521607221648,54.28809558120846
2026-09-27,EP152026,15,2026-09-27 18:00:00,0 days 18:00:00,18,15.89,-158.93,964.4,104.2,15.411454840771174,130.84412110665724,100.47127327595854,107.58357163331108,145.4060023497361,66.15279582708605,46.80795202706862,44.85883030038464,66.0819296248609,35.6903869934082,27.642266055250865,22.953282657662,33.01331970330117
2026-09-27,EP152026,15,2026-09-28 00:00:00,1 days 00:00:00,24,16.26,-160.18,944.9,116.4,16.41417092583961,194.5076758128324,143.98330028069842,115.21753142791808,175.036528028562,107.0922029574229,80.66896785423303,63.00755800238613,98.35111160907826,63.016595199535104,50.08355428748757,39.6161656043859,55.49439912320664
2026-09-27,EP152026,15,2026-09-28 06:00:00,1 days 06:00:00,30,16.41,-161.03,944.5,117.3,23.15508346476735,175.76635384270946,137.1529232238874,114.04252926606976,151.6822213744514,89.07523181114357,73.42320660536471,60.01626322547602,80.14108938688943,44.38140484454472,38.5056642817918,33.56248208689977,41.16566750408813
2026-09-27,EP152026,15,2026-09-28 12:00:00,1 days 12:00:00,36,17.0,-162.08,930.7,128.6,14.7183288091569,230.1174450758063,198.5012884036991,131.64810167087631,171.62924212405488,120.51360217226556,98.08059349610224,70.53001873837307,95.80810288785926,60.56548222455358,51.10834824489801,39.74307936601895,52.54542041219477
2026-09-27,EP152026,15,2026-09-28 18:00:00,1 days 18:00:00,42,17.22,-162.77,951.1,113.3,0.7411649194523608,179.45593344305624,104.14521004587996,111.29606218719718,143.87694960085827,90.40132032626204,66.69974865563753,52.35349160216583,80.97431493188344,52.828789880934686,41.64084163408495,30.273884447970893,44.868271734921024
2026-09-27,EP152026,15,2026-09-29 00:00:00,2 days 00:00:00,48,18.01,-163.48,949.5,113.0,14.621205597890922,170.3563783944363,138.17081016216827,64.04733306625627,121.18133986187622,83.94436459457143,68.86930379495698,43.470139820850136,61.5893507504407,44.8145378768112,39.0234919125185,27.336418595062543,38.72263756764684
2026-09-27,EP152026,15,2026-09-29 06:00:00,2 days 06:00:00,54,18.78,-163.69,957.3,100.9,10.31824664510799,231.28228226056217,182.312919125344,124.41121553767516,204.54954061672493,110.44179991219698,89.1951035404893,63.25712260900906,88.95007926856238,55.06014027408304,43.58906487647175,33.50613061626015,45.11228538758246
2026-09-27,EP152026,15,2026-09-29 12:00:00,2 days 12:00:00,60,19.52,-163.88,965.1,92.9,27.609830017179632,229.92751698482152,209.35214905964236,182.7378239908373,199.8999734317331,121.86209965311832,105.98997133161936,87.7133517055824,101.57364985993604,65.58059543544769,62.1975862994654,49.60590185385638,57.656305090751744
2026-09-27,EP152026,15,2026-09-29 18:00:00,2 days 18:00:00,66,20.2,-163.52,965.1,84.7,25.40522581178984,193.0135891637732,149.76775182015334,94.75779858723116,157.4583874806492,102.14175115368111,82.95233632867517,53.70120350464035,73.61287807734638,50.78784806020529,44.53064677363638,32.22179364100594,41.39361007154531
2026-09-27,EP152026,15,2026-09-30 00:00:00,3 days 00:00:00,72,20.67,-163.75,990.2,59.0,33.36115921606292,227.6514334821537,150.09741271996802,84.60731816602285,195.1837907258859,72.88778524714537,55.74008849543297,31.69025498790096,60.976565971234976,0.0,0.0,0.0,0.0
2026-09-27,EP152026,15,2026-09-30 06:00:00,3 days 06:00:00,78,20.87,-163.43,983.4,64.0,30.60020786535386,171.120103294575,128.6022299565977,117.33974321910809,169.2317549837368,99.54281125780204,84.4314548585183,62.67826285033049,86.51879464602507,0.0,0.0,0.0,0.0
2026-09-27,EP152026,15,2026-09-30 12:00:00,3 days 12:00:00,84,21.17,-163.1,990.3,59.2,39.35221168983928,215.0993617536608,181.0403640537835,145.574924576475,187.35540832855324,57.59460328828595,50.01701138801706,37.2099394369608,43.85498196261297,0.0,0.0,0.0,0.0
2026-09-27,EP152026,15,2026-09-30 18:00:00,3 days 18:00:00,90,21.16,-163.19,992.7,48.9,47.69892337460077,161.9142465495428,126.14057019057304,120.76351983032762,156.635227337125,0.0,0.0,0.0,0.0,0.0,0.0,0.0,0.0
2026-09-27,EP152026,15,2026-10-01 00:00:00,4 days 00:00:00,96,21.33,-163.15,992.9,50.3,61.29785943973748,222.99628185655692,176.37137994650885,139.3336075720773,200.0985511405967,109.31280637105472,85.7829794625027,60.95482261922288,85.61119160601822,0.0,0.0,0.0,0.0
2026-09-27,EP152026,15,2026-10-01 06:00:00,4 days 06:00:00,102,20.9,-163.49,994.4,54.0,54.30742643249934,176.4613849435213,126.93772874396392,135.7505121744637,199.64367307441444,55.291734982677184,44.5585335105243,33.1278434552667,47.19437512966029,0.0,0.0,0.0,0.0
2026-09-27,EP152026,15,2026-10-01 12:00:00,4 days 12:00:00,108,20.76,-164.08,993.4,53.2,77.53845282808604,222.0964900538084,169.77984568795787,149.98651125052257,217.32022134452583,82.2611374695393,75.75803028579608,61.83386351346597,72.31441068769686,0.0,0.0,0.0,0.0
2026-09-27,EP152026,15,2026-10-01 18:00:00,4 days 18:00:00,114,20.67,-164.22,991.8,46.5,37.27105085000793,208.6111555965388,155.4937990468491,137.22942209370402,182.83932845264857,0.0,0.0,0.0,0.0,0.0,0.0,0.0,0.0
2026-09-27,EP152026,15,2026-10-02 00:00:00,5 days 00:00:00,120,20.53,-164.66,997.4,43.8,78.58383807476139,223.8561193146179,164.99528491712135,158.39236739275293,215.80107960621532,0.0,0.0,0.0,0.0,0.0,0.0,0.0,0.0
2026-09-27,EP152026,15,2026-10-02 06:00:00,5 days 06:00:00,126,20.73,-164.61,995.3,52.0,59.37006494771863,247.56045470592116,226.4355227858185,207.28717263013803,226.1637672203373,59.37006494771863,36.92750031405258,24.54493794784282,33.7714287575749,0.0,0.0,0.0,0.0
2026-09-27,EP152026,15,2026-10-02 12:00:00,5 days 12:00:00,132,20.99,-164.84,992.8,49.9,104.21201342444137,292.8741849533508,223.6201052035109,189.3810507290216,287.2307224243896,0.0,0.0,0.0,0.0,0.0,0.0,0.0,0.0
2026-09-27,EP152026,15,2026-10-02 18:00:00,5 days 18:00:00,138,21.23,-165.55,997.0,46.7,90.97935717412066,290.1539605436334,216.09100151192985,154.66697917417716,251.86223790914488,0.0,0.0,0.0,0.0,0.0,0.0,0.0,0.0
2026-09-27,EP152026,15,2026-10-03 00:00:00,6 days 00:00:00,144,21.22,-166.48,990.6,47.4,73.6818386580419,233.43082412284596,199.50181354483573,142.316000986185,185.577757017289,0.0,0.0,0.0,0.0,0.0,0.0,0.0,0.0
2026-09-27,EP152026,15,2026-10-03 06:00:00,6 days 06:00:00,150,21.16,-167.09,990.4,55.3,68.09981839979986,209.9982157183531,139.25767445863113,111.87683132960176,209.2412993450741,84.91641159302436,66.11762973381788,49.11578173150154,72.86891987598297,0.0,0.0,0.0,0.0
2026-09-27,EP152026,15,2026-10-03 12:00:00,6 days 12:00:00,156,21.19,-168.32,991.1,52.5,47.19588969171802,210.2584309139064,118.16753565736128,96.43988611805403,186.39006612573155,114.9240001203434,87.47830885937717,60.762400923880136,91.35400018213376,0.0,0.0,0.0,0.0
2026-09-27,EP152026,15,2026-10-03 18:00:00,6 days 18:00:00,162,21.46,-169.82,986.9,55.9,36.42411128128401,245.29825905316056,120.07476610296548,72.63933059073634,222.6775237232289,105.00547160810405,70.67532748007082,42.79364865628955,82.57209667140853,0.0,0.0,0.0,0.0
2026-09-27,EP152026,15,2026-10-04 00:00:00,7 days 00:00:00,168,21.81,-170.96,987.2,59.2,35.49086012800018,238.41925070926663,141.56606617357602,105.83280019977872,223.99624141703907,119.7564640741382,88.37823661726156,62.50554997623277,103.27825230619273,0.0,0.0,0.0,0.0
2026-09-27,EP152026,15,2026-10-04 06:00:00,7 days 06:00:00,174,22.52,-172.48,990.0,63.5,42.79589100791407,186.1475143996701,162.55420491502312,85.81522130953027,184.79825018345664,102.5377362141894,88.30355963433041,57.09528590154667,94.14142324357113,0.0,0.0,0.0,0.0
2026-09-27,EP152026,15,2026-10-04 12:00:00,7 days 12:00:00,180,23.36,-174.09,982.4,71.5,51.65153364212848,238.50429628188937,154.1930349631462,148.36439766648917,237.273860830168,103.79024311647169,78.77490038414797,68.0308782359386,98.6199194050616,51.65153364212848,34.93973574315672,29.391850816137108,41.7568154216807
2026-09-27,EP152026,15,2026-10-04 18:00:00,7 days 18:00:00,186,24.17,-175.52,989.8,64.2,46.28333790673078,290.3116843921323,234.91136123434367,192.0210932005842,255.8936445018292,151.50484913462782,125.21918384139182,93.64581569897152,134.37230167652316,49.072060383542905,40.39174827810543,27.618547840256788,42.528158717689294
2026-09-27,EP152026,15,2026-10-05 00:00:00,8 days 00:00:00,192,25.24,-177.02,979.2,69.4,44.463044340981256,278.71401831056613,205.6719748733481,144.88158675484138,245.819326790006,136.8436396617633,108.91940200287256,81.546874960439,118.83056122048896,62.26162026790272,53.01717064511014,40.56253681430151,55.202809934929256
2026-09-27,EP152026,15,2026-10-05 06:00:00,8 days 06:00:00,198,25.8,-178.31,981.9,69.9,41.94771874919997,242.32072046895095,178.2583967957339,150.21888829349504,221.18003649517996,123.16332717483932,95.29159887228774,71.24586814526867,104.73276725769098,55.0129303118214,44.61195728007273,34.860563099161936,46.96934099483012
2026-09-27,EP152026,15,2026-10-05 12:00:00,8 days 12:00:00,204,26.18,-179.76,986.6,65.4,36.21286833772986,292.3968528947136,194.8326830085798,186.61949053711197,280.2715631501012,170.27661343706893,131.98635130827836,95.38399910401004,142.82169625952568,46.6061821438937,32.41137802337512,22.162419262796643,41.3234221136703
2026-09-27,EP152026,15,2026-10-05 18:00:00,8 days 18:00:00,210,26.39,178.51,976.7,72.7,42.22451724699931,284.3173284790173,232.8904540822205,190.9632529551527,284.3629227197498,148.96152102825,122.39994192189828,92.85353614670794,130.61419466360303,72.83368849333101,61.73561626164224,47.26703950952492,63.79268239053113
2026-09-27,EP152026,15,2026-10-06 00:00:00,9 days 00:00:00,216,26.57,176.83,962.1,89.2,27.3560744573479,286.2473789133691,247.67973525679383,184.12279493186765,231.47250236808097,134.2118999327691,111.29148870089708,79.3952428720841,117.7185179106896,70.70927001572547,59.53320884868279,44.81902891830267,62.4779982326179
2026-09-27,EP152026,15,2026-10-06 06:00:00,9 days 06:00:00,222,26.92,174.97,962.0,95.3,14.846087867344409,263.4627706129968,201.4838079461169,163.5524972746532,236.38767492206895,141.82808392245738,112.04926731215494,80.36277161265878,126.0710924847724,91.70241321388698,76.28243698580638,56.888317674110624,80.16476314664214
2026-09-27,EP152026,15,2026-10-06 12:00:00,9 days 12:00:00,228,27.44,173.1,970.3,92.6,23.057864468523164,309.2545624488312,245.89290576038832,205.24951304973663,265.276655913585,148.95958527292737,124.9828740629724,92.47076459082544,126.74593778177884,91.4693969445146,77.33649652459528,58.8524800313496,79.25629202925134
2026-09-27,EP152026,15,2026-10-06 18:00:00,9 days 18:00:00,234,28.39,171.12,972.7,83.7,22.259625198554215,323.6968584500359,275.8277477912362,179.92800042278944,265.0924750397835,139.65197797286828,110.10923307514568,69.7291128963895,110.27193925392368,62.98809083190256,49.29851646493567,34.21271403400021,52.54627606523093
2026-09-27,EP152026,15,2026-10-07 00:00:00,10 days 00:00:00,240,29.37,169.85,975.3,74.6,47.39759353953485,307.0829156860295,268.76075357784043,200.186539118972,240.9796325163438,157.01118362113942,136.4929873984554,94.56831645532976,128.7225899656284,80.55000288716104,68.75977481787181,51.594737035469095,67.63092075720613
2026-09-27,EP152026,15,2026-10-07 06:00:00,10 days 06:00:00,246,30.51,169.37,980.1,65.8,52.51412266063004,259.8813950299645,234.88170922847263,205.21006712485803,209.5517584212506,141.51417696967388,132.94935424874245,96.61642023802204,121.52091590114208,64.21410689777194,58.90129961514658,45.68618599748676,52.35103231533276
2026-09-27,EP152026,15,2026-10-07 12:00:00,10 days 12:00:00,252,31.65,168.86,983.7,63.5,48.43732925676969,256.4678372484565,248.39280980428828,147.62667541498024,198.7667584499492,120.044671827991,108.78805058576232,71.65905917954913,91.60806252975992,0.0,0.0,0.0,0.0
2026-09-27,EP152026,15,2026-10-07 18:00:00,10 days 18:00:00,258,32.33,169.34,987.1,66.9,56.50488985538155,244.1539341322392,226.049358366274,181.38175294595624,188.55172579062457,122.80916080890051,120.12663929904843,88.93606531957832,105.2244146517392,66.22535747504043,62.014637334882096,50.75386490766887,54.82717058662308
2026-09-27,EP152026,15,2026-10-08 00:00:00,11 days 00:00:00,264,33.02,170.63,987.6,57.1,73.67618763449738,254.93432363701868,234.859889241258,243.50759761573613,243.34645338396672,184.3802187188429,178.47773090708392,149.10695970627364,157.032968311344,0.0,0.0,0.0,0.0
2026-09-27,EP152026,15,2026-10-08 06:00:00,11 days 06:00:00,270,32.64,171.34,989.2,52.5,32.067466222054136,199.6127413088212,226.59274793036025,183.0969607939678,155.77276887279507,88.23287070780185,85.96580233388686,62.58741112965285,68.61292064600947,0.0,0.0,0.0,0.0
2026-09-27,EP152026,15,2026-10-08 12:00:00,11 days 12:00:00,276,32.25,171.86,988.2,55.7,53.11079145722559,130.5671208755661,145.3718760617436,143.4814773504458,150.9944427458031,96.5208343026319,87.89004514980138,66.2186770788006,80.45370436535808,0.0,0.0,0.0,0.0
2026-09-27,EP152026,15,2026-10-08 18:00:00,11 days 18:00:00,282,31.62,171.85,988.0,56.3,41.92734963681835,129.28447019268333,137.26329072689964,135.43250764780578,132.04305243863098,86.46618737697577,77.59054612150305,58.87602733439087,68.75469226509392,0.0,0.0,0.0,0.0
2026-09-27,EP152026,15,2026-10-09 00:00:00,12 days 00:00:00,288,31.9,171.19,1000.0,41.7,22.99147003796339,121.4391623078615,67.17140811283828,77.28914194569336,110.36240934817708,0.0,0.0,0.0,0.0,0.0,0.0,0.0,0.0
2026-09-27,EP152026,15,2026-10-09 06:00:00,12 days 06:00:00,294,31.47,171.29,996.3,37.6,70.39876242941172,120.18561321879685,105.54429224833386,96.94469234075189,113.12799911279473,0.0,0.0,0.0,0.0,0.0,0.0,0.0,0.0
2026-09-27,EP152026,15,2026-10-09 12:00:00,12 days 12:00:00,300,31.92,170.88,1005.4,31.7,113.07931467426089,0.0,0.0,0.0,0.0,0.0,0.0,0.0,0.0,0.0,0.0,0.0,0.0
2026-09-27,EP152026,15,2026-10-09 18:00:00,12 days 18:00:00,306,32.22,170.72,1003.2,30.4,91.73035025917125,0.0,0.0,0.0,0.0,0.0,0.0,0.0,0.0,0.0,0.0,0.0,0.0
2026-09-27,EP152026,15,2026-10-10 00:00:00,13 days 00:00:00,312,32.64,171.43,1000.8,29.2,109.71921876634347,0.0,0.0,0.0,0.0,0.0,0.0,0.0,0.0,0.0,0.0,0.0,0.0
2026-09-27,EP152026,15,2026-10-10 06:00:00,13 days 06:00:00,318,33.48,172.15,1003.9,28.0,100.01453096943747,0.0,0.0,0.0,0.0,0.0,0.0,0.0,0.0,0.0,0.0,0.0,0.0
2026-09-27,EP152026,15,2026-10-10 12:00:00,13 days 12:00:00,324,34.71,174.39,999.3,29.9,118.85489767448078,0.0,0.0,0.0,0.0,0.0,0.0,0.0,0.0,0.0,0.0,0.0,0.0
2026-09-27,EP162026,15,2026-09-27 00:00:00,0 days 00:00:00,0,20.8,-123.6,975.0,76.0,28.0,167.0,167.0,148.0,185.0,93.0,74.0,74.0,93.0,65.0,46.0,37.0,56.0
2026-09-27,EP162026,15,2026-09-27 06:00:00,0 days 06:00:00,6,21.49,-123.18,988.7,52.3,42.93364996254911,179.39321963331844,123.4536252261142,81.14610620651192,170.43776346179206,79.36915253449992,62.65558681356471,37.81449970972552,71.63015558716579,0.0,0.0,0.0,0.0
2026-09-27,EP162026,15,2026-09-27 12:00:00,0 days 12:00:00,12,21.97,-123.08,1001.3,44.8,56.96752724097837,167.80841290770007,170.01518385328814,118.78251589405764,127.2690678729937,0.0,0.0,0.0,0.0,0.0,0.0,0.0,0.0
2026-09-27,EP162026,15,2026-09-27 18:00:00,0 days 18:00:00,18,22.34,-123.19,1002.4,31.7,100.79753912583604,0.0,0.0,0.0,0.0,0.0,0.0,0.0,0.0,0.0,0.0,0.0,0.0
2026-09-27,EP162026,15,2026-09-28 00:00:00,1 days 00:00:00,24,22.48,-122.79,1003.7,29.7,81.6028598909837,0.0,0.0,0.0,0.0,0.0,0.0,0.0,0.0,0.0,0.0,0.0,0.0
2026-09-27,EP162026,15,2026-09-28 06:00:00,1 days 06:00:00,30,22.67,-122.48,1000.6,27.6,60.97347261432329,0.0,0.0,0.0,0.0,0.0,0.0,0.0,0.0,0.0,0.0,0.0,0.0
2026-09-27,EP162026,15,2026-09-28 12:00:00,1 days 12:00:00,36,22.43,-121.87,998.9,33.8,99.21999499768737,0.0,0.0,0.0,0.0,0.0,0.0,0.0,0.0,0.0,0.0,0.0,0.0
2026-09-27,EP162026,15,2026-09-28 18:00:00,1 days 18:00:00,42,22.39,-121.45,1000.7,29.6,91.66436440245953,0.0,0.0,0.0,0.0,0.0,0.0,0.0,0.0,0.0,0.0,0.0,0.0
2026-09-27,EP162026,15,2026-09-29 00:00:00,2 days 00:00:00,48,21.66,-121.67,1006.4,23.6,96.6560252650741,0.0,0.0,0.0,0.0,0.0,0.0,0.0,0.0,0.0,0.0,0.0,0.0
2026-09-27,EP162026,15,2026-09-29 06:00:00,2 days 06:00:00,54,20.98,-120.92,1006.1,20.7,121.79846870272532,0.0,0.0,0.0,0.0,0.0,0.0,0.0,0.0,0.0,0.0,0.0,0.0
2026-09-27,EP162026,15,2026-09-29 12:00:00,2 days 12:00:00,60,20.18,-120.74,1007.4,19.5,172.44613176987286,0.0,0.0,0.0,0.0,0.0,0.0,0.0,0.0,0.0,0.0,0.0,0.0
2026-09-27,EP162026,15,2026-09-29 18:00:00,2 days 18:00:00,66,19.5,-121.48,1009.2,18.2,138.2717368954113,0.0,0.0,0.0,0.0,0.0,0.0,0.0,0.0,0.0,0.0,0.0,0.0
2026-09-27,EP162026,15,2026-09-30 00:00:00,3 days 00:00:00,72,19.09,-121.77,1008.4,17.5,109.11784519552612,0.0,0.0,0.0,0.0,0.0,0.0,0.0,0.0,0.0,0.0,0.0,0.0
2026-09-27,EP162026,15,2026-09-30 06:00:00,3 days 06:00:00,78,18.55,-122.0,1008.5,16.6,122.5301938230973,0.0,0.0,0.0,0.0,0.0,0.0,0.0,0.0,0.0,0.0,0.0,0.0
2026-09-27,EP172026,15,2026-09-27 00:00:00,0 days 00:00:00,0,19.0,-112.9,946.0,111.0,28.0,259.0,185.0,167.0,185.0,111.0,111.0,93.0,93.0,65.0,65.0,46.0,56.0
2026-09-27,EP172026,15,2026-09-27 06:00:00,0 days 06:00:00,6,19.99,-113.14,941.4,122.1,36.23518668434203,213.69558773069025,226.3000949791237,156.4063320028656,180.81822074768468,106.82208443936818,102.1404816922624,74.37015823149343,88.17641405917824,57.73309263652982,51.47973675025536,39.384074776658935,50.97544431637094
2026-09-27,EP172026,15,2026-09-27 12:00:00,0 days 12:00:00,12,20.75,-113.6,962.1,101.4,15.553601552449765,173.09798092663823,214.4915086391991,138.72765393097922,142.41787616352315,96.4569411880526,89.27222056762446,64.87467607943624,77.03534705931466,47.69075425298352,41.54167561836565,33.63158219196788,39.94461775152416
2026-09-27,EP172026,15,2026-09-27 18:00:00,0 days 18:00:00,18,21.4,-113.97,953.2,107.9,0.0,164.54053385970948,177.05855285119492,117.35307406216744,119.75907867385784,70.64038354536126,63.47286131964613,46.21646819697727,45.93346720585477,51.19288708258786,46.27353660115182,36.1821160613437,43.078667610068926
2026-09-27,EP172026,15,2026-09-28 00:00:00,1 days 00:00:00,24,22.69,-113.91,950.8,114.0,19.6958653263428,188.9756126641204,208.0410383172022,109.39011882832864,151.91571264800422,71.19715346468155,67.40322053513077,42.37174107414623,43.179085073811535,39.74325929890681,38.704015861106754,31.01786481648761,31.102040461018998
2026-09-27,EP172026,15,2026-09-28 06:00:00,1 days 06:00:00,30,23.7,-113.74,949.6,106.8,41.64495869343591,133.34687547981594,180.37894063845303,122.96435323077276,101.71370117044351,65.84337841974411,69.57562274566953,45.491300319587936,35.60990616030358,41.64495869343591,31.933993288474085,20.63099090896003,25.934337756462355
2026-09-27,EP172026,15,2026-09-28 12:00:00,1 days 12:00:00,36,24.9,-113.41,942.4,122.5,18.51980306405001,194.323328015146,246.6563056803064,155.43601859565638,120.9678718978574,92.33075169146944,95.66504639255064,67.77161554430559,62.77731815272492,45.51219430800262,42.9655374557049,31.764463158228477,36.05878261570582
2026-09-27,EP172026,15,2026-09-28 18:00:00,1 days 18:00:00,42,26.01,-112.59,958.4,99.0,35.92467774134934,218.5138399232046,206.36863152967248,114.72851023514193,152.0848952219062,59.43885869114564,55.31815061961561,32.70027152825816,38.11829028700822,43.30594087565993,41.34481156663685,31.059365045916792,33.555466991927005
2026-09-27,EP172026,15,2026-09-29 00:00:00,2 days 00:00:00,48,26.82,-111.47,968.6,85.5,26.76595818512514,143.87507513633156,148.92932121763863,99.4451965015821,74.58940839970865,72.15266222984616,82.32127765332245,63.986535402569245,48.91090555926861,23.92689018336538,26.76595818512514,17.96307923340501,17.877293793380446
2026-09-27,EP172026,15,2026-09-29 06:00:00,2 days 06:00:00,54,28.25,-110.43,986.1,64.3,11.131912015325264,196.4836832567876,209.22931818031043,114.4874370233341,112.32868046322636,81.16688538653526,84.9009968442921,53.97519501168379,51.587562998574256,2.7343809974185254,11.131912015325264,0.0,2.286649808606534
2026-09-27,EP172026,15,2026-09-29 12:00:00,2 days 12:00:00,60,30.21,-108.33,996.5,38.2,62.193232519892014,111.46248033158284,148.343281860072,113.72277273844752,110.57119791024871,0.0,0.0,0.0,0.0,0.0,0.0,0.0,0.0
2026-09-27,EP902026,15,2026-09-27 00:00:00,0 days 00:00:00,0,12.0,-98.6,1008.0,25.0,111.0,0.0,0.0,0.0,0.0,0.0,0.0,0.0,0.0,0.0,0.0,0.0,0.0
2026-09-27,EP902026,15,2026-09-27 06:00:00,0 days 06:00:00,6,11.93,-98.54,1005.7,28.6,87.63723473576226,0.0,0.0,0.0,0.0,0.0,0.0,0.0,0.0,0.0,0.0,0.0,0.0
2026-09-27,EP902026,15,2026-09-27 12:00:00,0 days 12:00:00,12,12.06,-98.44,1003.6,33.0,167.80893293898282,0.0,0.0,0.0,0.0,0.0,0.0,0.0,0.0,0.0,0.0,0.0,0.0
2026-09-27,EP902026,15,2026-09-27 18:00:00,0 days 18:00:00,18,12.27,-98.89,1004.7,37.7,73.43275393553131,73.43275393553131,42.28041539792969,21.14230513144304,29.17337951681162,0.0,0.0,0.0,0.0,0.0,0.0,0.0,0.0
2026-09-27,EP902026,15,2026-09-28 00:00:00,1 days 00:00:00,24,12.91,-99.44,1002.2,38.9,76.73571231472913,76.73571231472913,54.309215467839095,35.30598853651387,47.63720921647207,0.0,0.0,0.0,0.0,0.0,0.0,0.0,0.0
2026-09-27,EP902026,15,2026-09-28 06:00:00,1 days 06:00:00,30,12.75,-100.29,1001.7,47.7,92.86378075568788,139.77686257848862,146.38453549109016,135.60246707704812,111.80175725708094,0.0,0.0,0.0,0.0,0.0,0.0,0.0,0.0
2026-09-27,EP902026,15,2026-09-28 12:00:00,1 days 12:00:00,36,13.26,-100.83,993.5,51.5,66.92306244830864,194.47264439922392,190.47634005947367,158.8602529553716,178.63750224444556,91.79086108558435,89.52515034679196,62.90717249507983,74.90264668675974,0.0,0.0,0.0,0.0
2026-09-27,EP902026,15,2026-09-28 18:00:00,1 days 18:00:00,42,13.73,-102.01,990.1,62.0,19.31028160671142,339.01275013843906,285.1954882882579,275.1178216744327,345.1927995948692,134.23677879261862,109.26499866065848,88.63484677742386,108.148977439701,0.0,0.0,0.0,0.0
2026-09-27,EP902026,15,2026-09-29 00:00:00,2 days 00:00:00,48,13.7,-102.85,990.8,58.7,50.70574853981513,205.0095371392748,188.6101671067248,148.47232085875936,190.99231080602067,99.2052520383848,88.44280209345811,64.74105992906617,80.99157949786067,0.0,0.0,0.0,0.0
2026-09-27,EP902026,15,2026-09-29 06:00:00,2 days 06:00:00,54,14.37,-104.04,992.6,61.1,49.16662996472505,218.03587313813023,162.1221071418596,149.9864038023717,238.3949249372084,136.39178540726215,113.35938710391147,83.1848826741077,115.3970813928807,0.0,0.0,0.0,0.0
2026-09-27,EP902026,15,2026-09-29 12:00:00,2 days 12:00:00,60,14.32,-105.24,989.9,55.1,73.87639417509331,276.06836604352816,248.34443771423216,195.95630509185253,241.64497091161456,73.87639417509331,27.26230305752685,15.75698568620718,25.85855116868882,0.0,0.0,0.0,0.0
2026-09-27,EP902026,15,2026-09-29 18:00:00,2 days 18:00:00,66,14.5,-106.27,986.4,60.1,48.10242607293765,159.86862736138755,149.28814412669408,138.91555009218268,128.20373526568403,78.97180323280054,61.99257344070509,44.66822014841,48.50398242895221,0.0,0.0,0.0,0.0
2026-09-27,EP902026,15,2026-09-30 00:00:00,3 days 00:00:00,72,15.37,-106.82,982.3,65.6,41.880225539041696,156.25977829994582,190.02906526657904,120.60802690479257,110.75060104009977,80.0849839789592,75.39492593948155,45.90386838428277,54.81629968507377,41.880225539041696,6.387836395589932,2.562779145069683,5.20323446350285
2026-09-27,EP902026,15,2026-09-30 06:00:00,3 days 06:00:00,78,16.06,-107.24,972.9,79.8,24.2027489393707,187.8596339053894,184.1912337593475,135.20663283257528,147.15085330771473,87.56067481207435,72.8774146944466,49.67329189377642,64.30690277780212,33.814653001736986,28.25431334102757,21.988229492560865,27.30608322394136
2026-09-27,EP902026,15,2026-09-30 12:00:00,3 days 12:00:00,84,16.66,-108.02,973.3,78.3,38.9315693178217,204.5217458594012,209.8083674154696,128.41754595427895,153.46114629761686,87.9315469552606,78.12274557305892,50.05079903266612,67.06141288052403,49.78540434875573,43.70932521611334,34.837901697398735,41.90525855531265
2026-09-27,EP902026,15,2026-09-30 18:00:00,3 days 18:00:00,90,17.35,-108.34,976.7,74.2,26.676177068016784,174.80360978202293,176.9617919825348,116.25749823095236,110.8176199658293,87.81247371157383,69.36457769098979,45.73035542450617,60.490493601681806,26.676177068016784,18.297214435425204,12.271062264928249,17.67288593615315
2026-09-27,EP902026,15,2026-10-01 00:00:00,4 days 00:00:00,96,17.72,-109.07,967.5,80.1,30.742529168248232,260.4342744767881,260.94931589556387,169.13241771975888,187.3421712163572,122.93411727996904,99.18532748884692,70.0962710290547,90.26355351716413,62.91330724880808,53.58820875928427,41.74642226569304,51.60770464043499
2026-09-27,EP902026,15,2026-10-01 06:00:00,4 days 06:00:00,102,17.82,-109.53,976.3,72.7,34.606392580086776,196.540046908899,188.2787170120621,191.93052928667277,213.8099226736295,104.52239162919396,95.09122794622382,79.48300607785634,92.7287405179808,34.606392580086776,20.69535030232225,17.8289678305255,23.1123153602604
2026-09-27,EP902026,15,2026-10-01 12:00:00,4 days 12:00:00,108,17.61,-110.01,980.1,68.5,48.49670886834619,155.59430112397,181.12264173587968,159.91917794527615,156.05091702574023,80.52008178272476,72.72416945780088,65.97997833996297,76.43156206185765,48.49670886834619,32.017657352157215,27.083412974024128,32.85950778795309
2026-09-27,EP902026,15,2026-10-01 18:00:00,4 days 18:00:00,114,17.74,-110.24,989.3,54.4,62.29323551138297,187.89832357891163,191.55824307991315,144.94888321123528,147.8006886884367,62.29323551138297,17.654019604129246,14.44800349309116,17.31147560761157,0.0,0.0,0.0,0.0
2026-09-27,EP902026,15,2026-10-02 00:00:00,5 days 00:00:00,120,17.88,-110.15,994.9,46.0,115.8534902293084,169.40325834811136,190.2420556273986,161.7980127829302,151.14580406186298,0.0,0.0,0.0,0.0,0.0,0.0,0.0,0.0
2026-09-27,EP902026,15,2026-10-02 06:00:00,5 days 06:00:00,126,17.75,-110.17,993.4,37.9,66.71912055502568,173.20961791280706,163.95412441700108,152.7941920500923,146.83321193581827,0.0,0.0,0.0,0.0,0.0,0.0,0.0,0.0
2026-09-27,EP902026,15,2026-10-02 12:00:00,5 days 12:00:00,132,17.7,-109.93,996.7,37.9,123.1462620378556,126.46042560182934,162.95957878940686,165.19241451035543,124.66193440244028,0.0,0.0,0.0,0.0,0.0,0.0,0.0,0.0
2026-09-27,EP902026,15,2026-10-02 18:00:00,5 days 18:00:00,138,17.89,-109.76,997.0,37.7,116.6665022547657,42.028905285256656,116.6665022547657,50.65738275977831,32.15838830636416,0.0,0.0,0.0,0.0,0.0,0.0,0.0,0.0
2026-09-27,EP902026,15,2026-10-03 00:00:00,6 days 00:00:00,144,18.16,-109.47,996.5,39.2,63.81729563870008,110.887260615532,125.69144548802636,99.52576808459727,95.0241300886432,0.0,0.0,0.0,0.0,0.0,0.0,0.0,0.0
2026-09-27,EP902026,15,2026-10-03 06:00:00,6 days 06:00:00,150,18.4,-109.13,992.8,51.9,98.3058246664441,153.57934036450183,186.9458504528116,142.3767007884278,112.4391448025367,0.7801782352233815,98.3058246664441,0.0,0.0,0.0,0.0,0.0,0.0
2026-09-27,EP902026,15,2026-10-03 12:00:00,6 days 12:00:00,156,18.55,-108.77,986.9,55.3,53.41254577728985,132.0615713158063,165.1428884068771,134.24372137808217,121.2432452442884,53.41254577728985,31.858512856871517,17.709817458783387,20.160217627965917,0.0,0.0,0.0,0.0
2026-09-27,EP902026,15,2026-10-03 18:00:00,6 days 18:00:00,162,19.03,-108.42,987.3,56.5,58.22035059389063,147.5434394023676,185.20387750475425,134.75924466313177,125.20286927995691,83.89082339632057,86.94737822503674,55.21162317398012,59.0711445956029,0.0,0.0,0.0,0.0
2026-09-27,EP902026,15,2026-10-04 00:00:00,7 days 00:00:00,168,19.75,-108.18,986.8,61.1,51.65635070406535,208.1031880373286,252.93067946464996,152.36935958296317,136.8409268726823,59.29010678160117,54.19807451583429,27.52687822874359,35.84490078085872,0.0,0.0,0.0,0.0
2026-09-27,EP902026,15,2026-10-04 06:00:00,7 days 06:00:00,174,20.17,-107.99,983.2,66.8,39.09557686141597,163.70696891652742,187.80077818454123,119.16498502096825,120.40860712846298,74.16265903888345,66.0400604974874,44.80474428081312,52.25728966632171,39.09557686141597,21.374129620652667,15.261845736009258,19.89564690550938
2026-09-27,EP902026,15,2026-10-04 12:00:00,7 days 12:00:00,180,20.58,-108.0,982.7,66.1,19.6876565086333,215.4375040526716,208.51311157938372,154.70103259779256,203.33327713802208,90.5768234326849,82.14613031667105,58.07309135993116,67.35412683116354,19.6876565086333,11.71582343948159,7.43805657756337,10.436884173670483
2026-09-27,EP902026,15,2026-10-04 18:00:00,7 days 18:00:00,186,21.26,-108.04,975.2,79.1,26.361648225381145,192.6788108924472,267.19156243984605,141.18534042043038,149.07341396655136,98.1280554086984,91.47952918522203,57.79885135527324,73.09080366744956,38.52807849665253,31.3645942565026,23.185758800041405,28.536647030918136
2026-09-27,EP902026,15,2026-10-05 00:00:00,8 days 00:00:00,192,22.15,-108.54,970.7,77.3,29.578933088613944,228.91886743315413,194.87776036992383,139.53198398025455,182.21124808134348,98.62415488882516,78.8223422447016,57.82410157382344,77.11368867260566,49.425391918081445,43.606418320497085,32.435765697650695,40.93832604067236
2026-09-27,EP902026,15,2026-10-05 06:00:00,8 days 06:00:00,198,23.1,-109.23,956.4,92.2,27.41737651364389,248.384398584876,224.58055716671063,151.32791157477396,203.38642390018916,95.51487786350296,85.44675942142652,60.72909590445671,80.0834844031337,64.18459986216169,54.8625725187779,43.18622227384353,53.00330498431799
2026-09-27,EP902026,15,2026-10-05 12:00:00,8 days 12:00:00,204,23.28,-109.96,960.3,91.9,15.553160554048487,219.5638599342368,218.59362171557387,129.53468722328714,179.81077376521512,95.30659665491343,78.08583208863655,59.368881479901646,78.83349453633207,48.633699003724544,41.91244570953508,33.94918332857381,45.670681772737936
2026-09-27,EP902026,15,2026-10-05 18:00:00,8 days 18:00:00,210,23.75,-110.53,979.3,62.5,31.82390395990733,190.81290262308568,195.96910114242613,141.12701193395742,165.9060681071821,94.37651749429646,82.47400092183157,51.37817923720878,70.73360007072128,0.0,0.0,0.0,0.0
2026-09-27,EP902026,15,2026-10-06 00:00:00,9 days 00:00:00,216,24.51,-110.96,973.4,75.1,18.10671144635097,288.7911858842717,224.03131847672373,135.38223242761865,222.575541975338,123.30470039256238,92.70968693743043,71.17159501287381,92.12170349939572,43.42365163698986,37.22991493538848,28.035142255929657,36.36382967707385
2026-09-27,EP902026,15,2026-10-06 06:00:00,9 days 06:00:00,222,25.04,-111.32,978.3,73.2,15.817465470631092,287.142969566918,255.21713686394295,189.4766675383142,224.68061189131743,121.0390086992735,106.14260877771244,84.37349627032711,98.48615857739958,46.76599109338649,40.93569029326905,32.96848679881778,37.9978845297649
2026-09-27,EP902026,15,2026-10-06 12:00:00,9 days 12:00:00,228,25.69,-111.37,980.3,67.7,33.74993223544942,204.18922478372812,200.14372477565144,180.25032717167687,175.14393047768272,96.18729471164124,86.60094801399521,71.92477053376348,82.42606801238321,43.0903599420202,37.23773507715418,28.998637576457725,36.484601770605536
2026-09-27,EP902026,15,2026-10-06 18:00:00,9 days 18:00:00,234,26.51,-111.61,986.1,57.1,55.4056787454832,158.64353812622085,151.6229762792304,104.98961695827744,97.81419406864448,13.14697506637098,55.4056787454832,11.275394429844486,13.223783114823252,0.0,0.0,0.0,0.0
2026-09-27,EP902026,15,2026-10-07 00:00:00,10 days 00:00:00,240,27.39,-111.68,995.9,49.5,63.96486094205349,188.49430357876383,161.07067770422316,79.1764996077302,135.3591798180944,0.0,0.0,0.0,0.0,0.0,0.0,0.0,0.0
2026-09-27,EP902026,15,2026-10-07 06:00:00,10 days 06:00:00,246,28.39,-111.47,1003.3,37.0,56.28168547222998,80.27550109870734,71.88069170415653,24.01798311307671,44.2861201144552,0.0,0.0,0.0,0.0,0.0,0.0,0.0,0.0
2026-09-27,EP902026,15,2026-10-07 12:00:00,10 days 12:00:00,252,29.45,-111.35,1006.5,26.4,50.18033810086463,0.0,0.0,0.0,0.0,0.0,0.0,0.0,0.0,0.0,0.0,0.0,0.0
2026-09-27,EP902026,15,2026-10-07 18:00:00,10 days 18:00:00,258,30.47,-111.97,1004.6,23.8,124.16835040735624,0.0,0.0,0.0,0.0,0.0,0.0,0.0,0.0,0.0,0.0,0.0,0.0
2026-09-27,WP252026,15,2026-09-27 00:00:00,0 days 00:00:00,0,24.6,127.6,964.0,89.0,22.0,102.0,121.0,102.0,93.0,,,,,,,,
2026-09-27,WP252026,15,2026-09-27 06:00:00,0 days 06:00:00,6,25.41,128.13,929.0,125.3,16.219228832316233,144.11979034879954,179.60237025574057,145.0918368794417,90.51593131093988,85.76034179676952,94.3413813819631,74.52065503728966,65.43107140095097,41.6349539522803,42.059726996315895,36.68688553435274,34.97649756380402
2026-09-27,WP252026,15,2026-09-27 12:00:00,0 days 12:00:00,12,26.07,128.94,945.9,110.8,15.786247209328131,114.08871827577975,171.28538775712894,110.18602028760168,96.07046843872445,65.68800821125328,69.8786557705861,48.00561387790943,48.208598189134,34.05323412878457,30.980230265974043,25.80110428069164,27.483348252252146
2026-09-27,WP252026,15,2026-09-27 18:00:00,0 days 18:00:00,18,26.66,129.88,961.9,91.8,12.01662100874698,104.4091662841602,151.25281923064506,118.2638384200948,78.78691224634349,64.342405997403,72.71056852608083,54.48753013908602,45.37343399027131,39.657245634229625,39.39627979896372,30.770552115569664,31.85230967542336
2026-09-27,WP252026,15,2026-09-28 00:00:00,1 days 00:00:00,24,27.08,130.81,979.3,70.7,22.9640981682916,90.04597434963829,118.93966502610002,93.02690490879483,43.54638332984826,55.86247965369636,55.0985232719758,37.959071780609975,37.792999218493264,22.9640981682916,13.780391558119868,9.30011717354354,10.804583325732564
2026-09-27,WP252026,15,2026-09-28 06:00:00,1 days 06:00:00,30,27.84,131.57,983.2,64.1,37.39323815058224,133.44831565319325,199.36020256294603,135.2237355691595,88.68965300016882,72.91449436756108,76.53446229465487,51.87554193315368,49.0407954261629,8.01731453045078,37.39323815058224,5.1876129472228,3.023914776308799
2026-09-27,WP252026,15,2026-09-28 12:00:00,1 days 12:00:00,36,28.49,132.74,988.5,49.8,60.87777708243988,219.23302563969207,240.01566781705048,179.3419126246181,150.94229343509255,0.0,0.0,0.0,0.0,0.0,0.0,0.0,0.0
2026-09-27,WP252026,15,2026-09-28 18:00:00,1 days 18:00:00,42,29.22,133.33,996.7,44.9,33.4436570839769,114.07348805739214,120.73294858004206,70.93195761511912,93.27693358098668,0.0,0.0,0.0,0.0,0.0,0.0,0.0,0.0
2026-09-27,WP252026,15,2026-09-29 00:00:00,2 days 00:00:00,48,29.84,134.21,998.8,36.9,79.24078038051339,79.24078038051339,60.17607423920921,32.65831629796212,46.237012377055386,0.0,0.0,0.0,0.0,0.0,0.0,0.0,0.0
2026-09-27,WP252026,15,2026-09-29 06:00:00,2 days 06:00:00,54,30.45,135.75,996.0,37.6,137.53574693559943,94.05986046287816,137.53574693559943,70.28105464401662,61.950732433818125,0.0,0.0,0.0,0.0,0.0,0.0,0.0,0.0
2026-09-27,WP252026,15,2026-09-29 12:00:00,2 days 12:00:00,60,30.79,137.37,998.5,36.2,111.98850400587123,124.06537513469236,138.5731660027463,100.90667913531252,88.9261978913857,0.0,0.0,0.0,0.0,0.0,0.0,0.0,0.0
2026-09-27,WP252026,15,2026-09-29 18:00:00,2 days 18:00:00,66,31.59,138.95,999.1,35.8,65.89165552564018,58.59739715513135,65.89165552564018,50.57440937255158,44.51664009049378,0.0,0.0,0.0,0.0,0.0,0.0,0.0,0.0
2026-09-27,WP252026,15,2026-09-30 00:00:00,3 days 00:00:00,72,32.61,141.01,1001.8,33.5,88.08479715062924,0.0,0.0,0.0,0.0,0.0,0.0,0.0,0.0,0.0,0.0,0.0,0.0
2026-09-27,WP252026,15,2026-09-30 06:00:00,3 days 06:00:00,78,33.41,143.24,996.6,35.1,93.18098439909777,121.63574896738596,140.50026015700567,116.08685707146864,87.22200746084971,0.0,0.0,0.0,0.0,0.0,0.0,0.0,0.0
2026-09-27,WP252026,15,2026-09-30 12:00:00,3 days 12:00:00,84,34.02,144.83,1002.8,30.1,30.125857577242822,0.0,0.0,0.0,0.0,0.0,0.0,0.0,0.0,0.0,0.0,0.0,0.0
2026-09-27,WP252026,15,2026-09-30 18:00:00,3 days 18:00:00,90,34.52,146.64,1003.2,36.0,52.34007719422567,19.46628390147717,52.34586280798885,1.963367256724183,41.55624803054329,0.0,0.0,0.0,0.0,0.0,0.0,0.0,0.0
2026-09-27,WP252026,15,2026-10-01 00:00:00,4 days 00:00:00,96,35.36,148.16,1004.1,25.7,86.02913057357344,0.0,0.0,0.0,0.0,0.0,0.0,0.0,0.0,0.0,0.0,0.0,0.0
2026-09-27,WP252026,15,2026-10-01 06:00:00,4 days 06:00:00,102,36.98,149.93,1002.7,30.7,136.4564041123621,0.0,0.0,0.0,0.0,0.0,0.0,0.0,0.0,0.0,0.0,0.0,0.0
2026-09-27,WP252026,15,2026-10-01 12:00:00,4 days 12:00:00,108,37.82,152.03,1001.1,30.6,104.3554609820987,0.0,0.0,0.0,0.0,0.0,0.0,0.0,0.0,0.0,0.0,0.0,0.0
2026-09-27,WP252026,15,2026-10-01 18:00:00,4 days 18:00:00,114,40.17,155.33,1001.0,30.4,62.20152791985066,0.0,0.0,0.0,0.0,0.0,0.0,0.0,0.0,0.0,0.0,0.0,0.0
2026-09-27,WP252026,15,2026-10-02 00:00:00,5 days 00:00:00,120,41.11,159.67,1000.4,24.0,62.447479088466,0.0,0.0,0.0,0.0,0.0,0.0,0.0,0.0,0.0,0.0,0.0,0.0
2026-09-27,AL062026,16,2026-09-27 00:00:00,0 days 00:00:00,0,29.8,-43.9,1010.0,29.0,56.0,0.0,0.0,0.0,0.0,0.0,0.0,0.0,0.0,0.0,0.0,0.0,0.0
2026-09-27,AL062026,16,2026-09-27 06:00:00,0 days 06:00:00,6,29.53,-43.88,1012.5,24.4,100.39119169262372,0.0,0.0,0.0,0.0,0.0,0.0,0.0,0.0,0.0,0.0,0.0,0.0
2026-09-27,AL062026,16,2026-09-27 12:00:00,0 days 12:00:00,12,29.26,-43.96,1009.2,30.6,114.4299945674461,0.0,0.0,0.0,0.0,0.0,0.0,0.0,0.0,0.0,0.0,0.0,0.0
2026-09-27,AL062026,16,2026-09-27 18:00:00,0 days 18:00:00,18,28.94,-44.02,1011.1,22.6,120.6162236466771,0.0,0.0,0.0,0.0,0.0,0.0,0.0,0.0,0.0,0.0,0.0,0.0
2026-09-27,EP152026,16,2026-09-27 00:00:00,0 days 00:00:00,0,16.7,-156.1,972.0,80.0,37.0,241.0,185.0,185.0,241.0,93.0,74.0,93.0,111.0,56.0,46.0,56.0,56.0
2026-09-27,EP152026,16,2026-09-27 06:00:00,0 days 06:00:00,6,16.65,-156.99,973.9,82.8,12.750330081385195,194.0951403954496,148.76987086470697,149.7440879932372,196.45198010539912,102.09188841946656,87.24384104761216,79.1607890829327,102.58911827085726,73.54543778129218,65.45709055037297,54.99329026372326,64.02733630292498
2026-09-27,EP152026,16,2026-09-27 12:00:00,0 days 12:00:00,12,16.4,-157.84,965.8,101.3,26.765987497547933,175.8254086312757,150.35233390473576,138.3315434669239,185.66818268231836,83.04634232384865,61.93368129793974,53.16580688953198,76.2237351922181,47.9969063595092,39.49838085857921,34.423197241563784,44.42801735239088
2026-09-27,EP152026,16,2026-09-27 18:00:00,0 days 18:00:00,18,16.15,-158.95,940.1,123.9,19.95369495486745,145.77089322279738,102.8112920553891,117.28158438532748,164.1644882199093,84.89037608510989,63.56004350657199,59.95144335473914,81.73441429459847,50.37037081480395,39.49160406285547,31.858743681787125,45.603124314960525
2026-09-27,EP152026,16,2026-09-28 00:00:00,1 days 00:00:00,24,16.34,-160.08,942.8,125.6,30.42459898204278,138.9893448874774,100.0384543354479,138.42874217987134,146.63231508408762,96.75363545215887,75.24702883422083,71.98101496587788,98.67011565481974,63.0657827200026,49.28460236739293,39.60471889391759,59.8072036118879
2026-09-27,EP152026,16,2026-09-28 06:00:00,1 days 06:00:00,30,16.8,-160.91,945.9,117.3,35.20115828672985,214.08415158069124,165.58448821636392,132.68383317189256,200.7937892931536,97.79742902706288,79.55902971016215,66.01569897300973,100.34158930947716,62.55610349936069,50.15510443622213,42.56089348029664,57.4137195541941
2026-09-27,EP152026,16,2026-09-28 12:00:00,1 days 12:00:00,36,17.34,-161.63,944.6,118.0,24.97988187222394,211.67823648897752,223.05574406525324,175.25434672469436,192.3560671820892,125.4217589887591,113.29470190521032,91.642202482475,104.0391331350564,83.63357878037482,74.66510851414037,60.47676715120487,70.53389785003091
2026-09-27,EP152026,16,2026-09-28 18:00:00,1 days 18:00:00,42,18.08,-162.35,962.2,102.5,29.86864164005476,177.93873669414643,119.73401496696944,118.6591180580008,146.54473780669605,88.33063595249905,58.700361816745726,46.29587056201649,78.33319244409677,55.58244373642162,43.24976449904125,31.846941583597754,47.611644130941386
2026-09-27,EP152026,16,2026-09-29 00:00:00,2 days 00:00:00,48,19.11,-163.1,955.5,115.0,35.20167143918394,173.121592947698,173.89382801212923,129.85213443374346,128.84207344881838,79.42969486645552,58.87373698791396,38.476381089647305,62.42680848341843,46.87087287899692,36.942391930679264,27.786704543795025,41.51123843480468
2026-09-27,EP152026,16,2026-09-29 06:00:00,2 days 06:00:00,54,20.28,-163.22,965.5,100.9,15.675716810477496,220.1708175731192,189.8602739726516,127.42947960016288,183.60303892111935,110.36264026121626,93.54258392967137,62.68385216523407,84.29608364672396,64.03563460099741,55.3220224063721,41.34653304444441,54.44220957185746
2026-09-27,EP152026,16,2026-09-29 12:00:00,2 days 12:00:00,60,21.32,-163.03,978.2,85.4,24.20678744401489,196.16225778147924,165.43067149579372,114.57611425597054,154.69453303465485,92.88342589396012,78.13869294562502,48.80626069991331,70.04092903334663,58.23316346068367,48.14099904665015,34.55419949922316,46.725489385738015
2026-09-27,EP152026,16,2026-09-29 18:00:00,2 days 18:00:00,66,22.49,-163.72,977.0,75.5,44.93317829767384,180.23097234864912,165.83238967763396,83.24159520685429,133.62886783292316,88.9661884884578,78.12348661913711,55.28287641941918,75.70759839717066,44.93317829767384,33.741339526189044,25.455205513727496,32.30940700003931
2026-09-27,EP152026,16,2026-09-30 00:00:00,3 days 00:00:00,72,22.83,-163.65,994.8,52.6,73.58882052210096,260.56311444254135,226.70166340360052,151.25193560645246,213.32807011529465,114.80227469480424,102.38370841391108,74.99787410729016,91.70570078436478,0.0,0.0,0.0,0.0
2026-09-27,EP152026,16,2026-09-30 06:00:00,3 days 06:00:00,78,22.57,-163.88,991.9,50.6,92.92340331252376,159.10265179517742,117.78481693395156,117.46997147763504,128.9592568541886,92.92340331252376,0.0,0.0,0.0,0.0,0.0,0.0,0.0
2026-09-27,EP152026,16,2026-09-30 12:00:00,3 days 12:00:00,84,22.04,-163.79,996.3,49.0,95.98295295338642,226.01496762785743,221.50342524409325,203.8137877419149,217.6758767167225,0.0,0.0,0.0,0.0,0.0,0.0,0.0,0.0
2026-09-27,EP152026,16,2026-09-30 18:00:00,3 days 18:00:00,90,22.07,-163.44,994.7,46.4,102.2872850174868,107.83479297994272,106.78672942206418,109.61044111978669,110.617525114532,0.0,0.0,0.0,0.0,0.0,0.0,0.0,0.0
2026-09-27,EP152026,16,2026-10-01 00:00:00,4 days 00:00:00,96,22.07,-163.44,998.4,39.6,104.84865518072894,104.84865518072894,44.58274045182751,41.45713292144433,63.26888841495567,0.0,0.0,0.0,0.0,0.0,0.0,0.0,0.0
2026-09-27,EP152026,16,2026-10-01 06:00:00,4 days 06:00:00,102,22.07,-163.56,998.1,42.4,75.18379658368809,199.497221825078,129.4996245667319,119.34521940550044,182.98241858214988,0.0,0.0,0.0,0.0,0.0,0.0,0.0,0.0
2026-09-27,EP152026,16,2026-10-01 12:00:00,4 days 12:00:00,108,22.13,-164.11,992.4,47.1,106.8544786567843,214.3702499576252,145.732176545755,114.75587399755769,196.9233905107421,0.0,0.0,0.0,0.0,0.0,0.0,0.0,0.0
2026-09-27,EP152026,16,2026-10-01 18:00:00,4 days 18:00:00,114,21.89,-164.61,998.4,39.6,42.31952843740032,110.49414468776308,76.04075396780505,62.417390351786096,105.78046929320318,0.0,0.0,0.0,0.0,0.0,0.0,0.0,0.0
2026-09-27,EP152026,16,2026-10-02 00:00:00,5 days 00:00:00,120,21.51,-165.09,998.6,42.2,53.9708516081523,144.6053427536143,106.0276659019696,113.63263458754984,138.67149459770894,0.0,0.0,0.0,0.0,0.0,0.0,0.0,0.0
2026-09-27,EP152026,16,2026-10-02 06:00:00,5 days 06:00:00,126,21.84,-165.05,997.1,37.6,68.48273893279679,68.48273893279679,19.703919290697492,18.066857919607557,32.75923797500286,0.0,0.0,0.0,0.0,0.0,0.0,0.0,0.0
2026-09-27,EP152026,16,2026-10-02 12:00:00,5 days 12:00:00,132,21.79,-165.26,997.3,43.6,98.9427795753345,100.4448058024316,73.02916227451857,39.60838748923537,74.85709896800836,0.0,0.0,0.0,0.0,0.0,0.0,0.0,0.0
2026-09-27,EP152026,16,2026-10-02 18:00:00,5 days 18:00:00,138,21.66,-165.62,999.1,40.5,93.40124049026338,223.06662890499672,174.30871449989024,119.96328058385694,200.5556563348509,0.0,0.0,0.0,0.0,0.0,0.0,0.0,0.0
2026-09-27,EP152026,16,2026-10-03 00:00:00,6 days 00:00:00,144,21.66,-165.99,997.7,41.3,52.66450310998249,169.27221150088545,139.52163024032487,145.8684699512803,164.05061756531444,0.0,0.0,0.0,0.0,0.0,0.0,0.0,0.0
2026-09-27,EP152026,16,2026-10-03 06:00:00,6 days 06:00:00,150,21.31,-166.18,992.4,54.5,58.77352510255433,161.25272812173046,147.83264542277382,132.45593487977618,150.60866392002282,58.77352510255433,6.822882339055166,1.1569335426156098,6.777705841537894,0.0,0.0,0.0,0.0
2026-09-27,EP152026,16,2026-10-03 12:00:00,6 days 12:00:00,156,21.22,-167.32,990.3,53.9,66.43975217209385,271.23252680454203,209.1740271942466,126.22864608188831,234.003815222853,66.43975217209385,13.116247780575677,5.1957903195573945,21.48377593154109,0.0,0.0,0.0,0.0
2026-09-27,EP152026,16,2026-10-03 18:00:00,6 days 18:00:00,162,21.1,-168.32,990.0,62.6,38.569695841134674,196.52942830520672,133.71433929059376,138.40928694320314,187.9136960289905,60.340522259002206,49.248300472690616,35.115694608351745,48.41240180872274,0.0,0.0,0.0,0.0
2026-09-27,EP152026,16,2026-10-04 00:00:00,7 days 00:00:00,168,21.16,-169.5,986.7,69.1,50.42591352657166,187.32008820299325,110.626421634257,63.337023530918486,173.74597168222544,83.23507131549923,57.26260661434526,36.42345745554587,73.62776527159463,50.42591352657166,18.686235463313157,11.562164241252958,25.63534162451026
2026-09-27,EP152026,16,2026-10-04 06:00:00,7 days 06:00:00,174,21.19,-171.18,982.6,71.0,28.164085186845227,199.26905628719487,139.13631200253053,95.66719924905652,207.880041195064,88.97724672367838,62.18213710492984,45.74583187395311,77.96240044223697,29.852286747548703,21.71786969344359,16.656338060240323,27.37288126098902
2026-09-27,EP152026,16,2026-10-04 12:00:00,7 days 12:00:00,180,21.41,-173.07,973.7,83.7,12.426787737030748,233.83395124525504,167.16137928540155,100.40368728093416,182.56047646135733,94.84574710635547,65.60681242355162,38.20857593056034,75.12095946045288,30.61108260582566,21.241608938153878,14.31529789013234,26.811972419991847
2026-09-27,EP152026,16,2026-10-04 18:00:00,7 days 18:00:00,186,21.88,-174.85,970.5,90.0,23.959899501487826,204.7022679118022,133.29788382323522,89.84790108069751,162.32850630485882,86.15221967658726,63.70604786371382,41.20469424222517,75.15208875556004,44.6014774581779,35.185834402925366,27.462430507823623,38.4702169577165
2026-09-27,EP152026,16,2026-10-05 00:00:00,8 days 00:00:00,192,22.28,-176.51,973.4,83.4,31.473344249932225,252.4834690714375,164.0176874744363,85.93827992092764,212.08468406024636,107.13085574849563,84.20454038372245,58.49505498624392,90.03380665989883,44.703935615909295,38.09033259098143,28.45101733549312,37.882945880904806
2026-09-27,EP152026,16,2026-10-05 06:00:00,8 days 06:00:00,198,22.69,-178.4,974.4,87.1,44.57532442020637,244.112766911067,181.1037166903921,116.65882447269702,209.73737259122663,106.0290117094318,82.0526518729469,52.86625834696115,85.55124274986585,55.21902992547953,45.297336235113406,34.36795771822201,46.39185851778306
2026-09-27,EP152026,16,2026-10-05 12:00:00,8 days 12:00:00,204,23.02,-179.81,968.3,92.7,22.114649288349117,253.45512518528915,200.7310844575144,134.58135444201224,200.0075566111999,107.1757441545824,85.94205755955142,56.89151552811165,88.59389439878396,40.03505564872921,31.573894728602653,23.239885110553544,36.54931855363937
2026-09-27,EP152026,16,2026-10-05 18:00:00,8 days 18:00:00,210,23.34,178.49,960.3,95.2,17.985168511037273,266.8299857858352,218.2151813661532,144.1947716911317,214.3242278089691,115.2618166903469,89.07170795824055,62.45754262260799,99.11971018506318,58.203514379508846,45.317406688569136,35.34327559347713,51.12918103517674
2026-09-27,EP152026,16,2026-10-06 00:00:00,9 days 00:00:00,216,23.62,176.58,962.6,96.8,34.39841289558241,237.65059278920236,181.1533444536443,146.48626317343897,190.84195617598616,137.25402142285398,108.68289162856932,75.01504797174975,112.5652678434622,65.40086971143735,50.219999797490594,38.459729225244416,56.99243815790926
2026-09-27,EP152026,16,2026-10-06 06:00:00,9 days 06:00:00,222,23.91,174.52,955.8,106.1,14.611936685649155,277.14606397265106,229.74382205130223,183.11215573921703,253.68325706343543,138.6502376047089,113.25360283059796,78.25646386624626,112.48806426358615,78.01634988386213,64.5468814048226,48.2140688662122,67.37914415465028
2026-09-27,EP152026,16,2026-10-06 12:00:00,9 days 12:00:00,228,24.36,172.13,962.1,94.0,26.50682407198136,259.5009446742937,191.8294258306761,166.76911272934433,232.3569785802506,150.9602255189485,113.47463959768636,82.77071202722976,126.31288191417622,75.87496432845131,61.41474310962769,46.99957652776197,65.9666211842607
2026-09-27,EP152026,16,2026-10-06 18:00:00,9 days 18:00:00,234,24.89,170.17,969.2,92.2,28.15947706664844,273.9983308685572,237.6585925054158,184.31416114234764,216.06772148355208,132.68345890916603,107.39150659624292,72.50815735467383,109.26442048466016,69.10831684923564,56.593770971863954,41.72198819229176,60.71159019207872
2026-09-27,EP152026,16,2026-10-07 00:00:00,10 days 00:00:00,240,25.78,168.24,968.9,97.2,19.202558191017307,256.67333599224963,205.29645174712093,169.1226485603824,192.8056406375825,139.65389807662643,116.23112979862336,79.23620629940635,109.00473423214284,66.28447388235347,52.85170998131858,38.72694472121916,56.01582186699353
2026-09-27,EP152026,16,2026-10-07 06:00:00,10 days 06:00:00,246,27.04,166.73,968.4,85.8,19.708384208190296,294.55726780254554,216.91317949282663,170.53888492505212,235.98604271873137,144.13105917273333,127.86347266600252,85.76958913620228,114.92931222438484,81.03642870401768,70.24402580643198,52.02866901477989,68.6659609938963
2026-09-27,EP152026,16,2026-10-07 12:00:00,10 days 12:00:00,252,28.09,165.75,968.3,76.5,42.083976489658085,258.67672222979104,256.40058868576784,184.1589064552934,235.8749445972353,127.03081111572124,125.39451729747884,81.39885910239798,106.67796263975038,52.82201686632988,47.07004308963218,34.28283070462467,42.40227794445673
2026-09-27,EP152026,16,2026-10-07 18:00:00,10 days 18:00:00,258,29.13,165.19,973.9,80.0,63.777704127461455,239.60109090021723,246.7495336172222,207.9450729433321,199.46229934040383,138.00150193012985,129.40816278700322,92.8627719013932,111.05069386200704,89.34532562901485,84.34767799872503,65.03062486535433,73.26905646408633
2026-09-27,EP152026,16,2026-10-08 00:00:00,11 days 00:00:00,264,30.07,164.9,978.3,70.3,52.55498359353638,268.02331912000795,236.67741243625085,207.80947479523388,220.0829149047729,143.5668320720033,124.1874017737594,93.07813592022762,116.25856319825384,85.16765847142574,78.29414023747233,59.579369372133584,70.46953856379571
2026-09-27,EP152026,16,2026-10-08 06:00:00,11 days 06:00:00,270,30.83,164.76,974.2,71.1,60.02327509025236,297.54814255108795,239.5198757344806,216.1776828863567,262.2557813180083,139.7574625210391,121.80909140158292,105.66413900665611,123.59759341111112,83.35646566815194,76.98110541820279,62.17463816289296,69.52438932775067
2026-09-27,EP152026,16,2026-10-08 12:00:00,11 days 12:00:00,276,31.0,164.74,978.0,66.0,50.28325193617352,243.84241940448476,217.54020901587532,176.40289082120063,184.51091039227512,142.90625606353402,133.06969140089723,103.16370972935498,116.4474959734333,61.993753446514944,59.02685498818769,46.94643873297795,51.45938367046866
2026-09-27,EP152026,16,2026-10-08 18:00:00,11 days 18:00:00,282,31.45,165.01,977.1,77.0,61.55434654030167,236.4169295918165,230.46612234046432,195.2698181300605,181.1504066141124,123.1851756279484,131.65377271928753,109.14694146187796,111.30000834587706,75.04820923240896,74.69714082486881,63.83056523110032,62.964906688782825
2026-09-27,EP152026,16,2026-10-09 00:00:00,12 days 00:00:00,288,31.77,165.4,979.7,75.2,60.22379346498241,238.87970435148787,224.67219386977237,201.04160812507132,232.23989549504265,158.48354190353126,149.91937551816144,133.68534903656217,136.91020538405667,93.25082639321764,96.34369580264448,83.67908761204976,81.91752110161417
2026-09-27,EP152026,16,2026-10-09 06:00:00,12 days 06:00:00,294,32.07,165.75,979.3,69.4,32.77410902150064,236.7427576874968,207.76704344648147,183.7843406217342,239.4557523162364,142.30913910412914,125.53716317568347,110.5571057944174,134.356911504347,81.97658385909882,78.34546016841166,68.11629222911529,75.04937057023328
2026-09-27,EP152026,16,2026-10-09 12:00:00,12 days 12:00:00,300,32.14,165.71,979.5,75.5,28.49328505995241,266.1562373036983,210.75757090022276,167.79227464654008,233.8115554097115,151.3337921194248,128.22199250252623,94.39432758116028,128.3884248905202,92.37276749786042,83.52609095540572,64.94402737005808,76.46615513145034
2026-09-27,EP152026,16,2026-10-09 18:00:00,12 days 18:00:00,306,32.53,165.8,983.3,66.3,44.94612318548029,190.39325596281208,168.45255727795114,151.1259656486963,177.35991270312098,105.72281054570608,99.63813838743468,78.8738934226436,88.58261195502362,27.259643409934775,44.94612318548029,26.269167719092245,23.15828181957674
2026-09-27,EP152026,16,2026-10-10 00:00:00,13 days 00:00:00,312,33.0,165.77,989.6,46.9,79.32703692435538,255.46830285486567,252.30948036726943,151.42708982816612,190.74844901193543,0.0,0.0,0.0,0.0,0.0,0.0,0.0,0.0
2026-09-27,EP152026,16,2026-10-10 06:00:00,13 days 06:00:00,318,33.81,165.82,997.1,38.2,138.65020021102032,144.6464418243864,136.31746347850438,99.18357432417604,105.2778242512514,0.0,0.0,0.0,0.0,0.0,0.0,0.0,0.0
2026-09-27,EP152026,16,2026-10-10 12:00:00,13 days 12:00:00,324,35.06,166.58,1003.1,29.3,133.53414906308922,0.0,0.0,0.0,0.0,0.0,0.0,0.0,0.0,0.0,0.0,0.0,0.0
2026-09-27,EP152026,16,2026-10-10 18:00:00,13 days 18:00:00,330,36.65,167.81,1002.0,30.1,144.1649951750885,0.0,0.0,0.0,0.0,0.0,0.0,0.0,0.0,0.0,0.0,0.0,0.0
2026-09-27,EP152026,16,2026-10-11 00:00:00,14 days 00:00:00,336,39.61,171.14,1000.3,40.7,119.00806232185836,56.82746257803088,119.00806232185836,100.64824360094735,21.953538860590346,0.0,0.0,0.0,0.0,0.0,0.0,0.0,0.0
2026-09-27,EP152026,16,2026-10-11 06:00:00,14 days 06:00:00,342,41.33,175.36,991.4,42.7,151.03794925418634,211.43116433661797,289.53018568215884,227.08621222142517,126.9616948492268,0.0,0.0,0.0,0.0,0.0,0.0,0.0,0.0
2026-09-27,EP152026,16,2026-10-11 12:00:00,14 days 12:00:00,348,43.67,-178.31,989.9,49.6,120.50150584286804,181.14929883125205,277.6895137491774,205.67095777396932,74.38070280457816,0.0,0.0,0.0,0.0,0.0,0.0,0.0,0.0
2026-09-27,EP162026,16,2026-09-27 00:00:00,0 days 00:00:00,0,20.8,-123.6,975.0,76.0,28.0,167.0,167.0,148.0,185.0,93.0,74.0,74.0,93.0,65.0,46.0,37.0,56.0
2026-09-27,EP162026,16,2026-09-27 06:00:00,0 days 06:00:00,6,21.49,-123.06,990.1,58.2,34.89287482824466,153.5093506823477,108.83975954267066,88.64723477524382,155.7530689853769,65.62245511790528,61.30966294240443,38.64480296096971,58.471209603903446,0.0,0.0,0.0,0.0
2026-09-27,EP162026,16,2026-09-27 12:00:00,0 days 12:00:00,12,22.1,-123.28,999.0,45.8,45.33817279286325,137.1842585960951,116.55646475930644,68.74391645942842,101.92054652578211,0.0,0.0,0.0,0.0,0.0,0.0,0.0,0.0
2026-09-27,EP162026,16,2026-09-27 18:00:00,0 days 18:00:00,18,22.44,-123.36,1000.1,34.3,94.54403551236884,94.54403551236884,56.331649650153935,31.0422954526254,31.41528673465504,0.0,0.0,0.0,0.0,0.0,0.0,0.0,0.0
2026-09-27,EP162026,16,2026-09-28 00:00:00,1 days 00:00:00,24,22.54,-123.23,1001.8,28.9,119.05436102700564,0.0,0.0,0.0,0.0,0.0,0.0,0.0,0.0,0.0,0.0,0.0,0.0
2026-09-27,EP162026,16,2026-09-28 06:00:00,1 days 06:00:00,30,22.55,-123.23,1003.6,26.0,79.97555813584519,0.0,0.0,0.0,0.0,0.0,0.0,0.0,0.0,0.0,0.0,0.0,0.0
2026-09-27,EP162026,16,2026-09-28 12:00:00,1 days 12:00:00,36,22.48,-123.52,1002.5,26.4,106.10992164503092,0.0,0.0,0.0,0.0,0.0,0.0,0.0,0.0,0.0,0.0,0.0,0.0
2026-09-27,EP162026,16,2026-09-28 18:00:00,1 days 18:00:00,42,21.74,-123.28,1005.5,24.7,100.36532873376608,0.0,0.0,0.0,0.0,0.0,0.0,0.0,0.0,0.0,0.0,0.0,0.0
2026-09-27,EP162026,16,2026-09-29 00:00:00,2 days 00:00:00,48,21.37,-122.94,1006.9,23.2,81.82168772806361,0.0,0.0,0.0,0.0,0.0,0.0,0.0,0.0,0.0,0.0,0.0,0.0
2026-09-27,EP162026,16,2026-09-29 06:00:00,2 days 06:00:00,54,20.64,-123.2,1003.5,27.5,87.54666106658716,0.0,0.0,0.0,0.0,0.0,0.0,0.0,0.0,0.0,0.0,0.0,0.0
2026-09-27,EP162026,16,2026-09-29 12:00:00,2 days 12:00:00,60,20.16,-123.56,1005.0,27.5,82.63465998352251,0.0,0.0,0.0,0.0,0.0,0.0,0.0,0.0,0.0,0.0,0.0,0.0
2026-09-27,EP162026,16,2026-09-29 18:00:00,2 days 18:00:00,66,19.75,-123.67,1008.2,23.0,92.09528348494634,0.0,0.0,0.0,0.0,0.0,0.0,0.0,0.0,0.0,0.0,0.0,0.0
2026-09-27,EP162026,16,2026-09-30 00:00:00,3 days 00:00:00,72,19.19,-123.96,1005.7,22.2,100.90619417962569,0.0,0.0,0.0,0.0,0.0,0.0,0.0,0.0,0.0,0.0,0.0,0.0
2026-09-27,EP162026,16,2026-09-30 06:00:00,3 days 06:00:00,78,19.14,-124.25,1008.2,16.9,105.56443041396236,0.0,0.0,0.0,0.0,0.0,0.0,0.0,0.0,0.0,0.0,0.0,0.0
2026-09-27,EP162026,16,2026-09-30 12:00:00,3 days 12:00:00,84,19.01,-124.61,1008.1,22.0,128.84327693115745,0.0,0.0,0.0,0.0,0.0,0.0,0.0,0.0,0.0,0.0,0.0,0.0
2026-09-27,EP162026,16,2026-09-30 18:00:00,3 days 18:00:00,90,19.1,-125.4,1005.9,16.8,91.36672279129044,0.0,0.0,0.0,0.0,0.0,0.0,0.0,0.0,0.0,0.0,0.0,0.0
2026-09-27,EP162026,16,2026-10-01 00:00:00,4 days 00:00:00,96,19.98,-125.59,1003.4,26.4,131.76672138374954,0.0,0.0,0.0,0.0,0.0,0.0,0.0,0.0,0.0,0.0,0.0,0.0
2026-09-27,EP172026,16,2026-09-27 00:00:00,0 days 00:00:00,0,19.0,-112.9,946.0,111.0,28.0,259.0,185.0,167.0,185.0,111.0,111.0,93.0,93.0,65.0,65.0,46.0,56.0
2026-09-27,EP172026,16,2026-09-27 06:00:00,0 days 06:00:00,6,20.02,-113.25,936.3,116.7,33.47484093220292,208.60458430071628,210.49584026201344,160.29732714195026,202.23588911531823,88.2786475869272,73.22928665979892,55.816779771646594,71.76792827129,61.59436563137683,53.714842930466254,40.90849880945436,54.12454494046584
2026-09-27,EP172026,16,2026-09-27 12:00:00,0 days 12:00:00,12,20.76,-113.79,942.8,117.4,18.350240116525768,225.38767061107453,238.51697094857929,175.12872550028408,185.7456599434447,111.57689885872855,101.81380609040876,73.99617718192351,86.43697978003325,74.1956639161088,64.67020047969238,51.66455270081681,63.377067729903615
2026-09-27,EP172026,16,2026-09-27 18:00:00,0 days 18:00:00,18,21.62,-114.25,943.2,120.6,11.8464050731246,179.01428550096244,196.5193650739276,143.89614842348686,133.40030020833714,110.75902980565844,95.00550815305164,70.15802545421991,89.8258879666815,59.023734538485726,49.78768067380128,36.51266087472253,48.31312787709072
2026-09-27,EP172026,16,2026-09-28 00:00:00,1 days 00:00:00,24,22.46,-114.48,941.1,118.5,22.566219886635604,205.3412423477368,187.909353994874,163.24932401964057,173.10694491862398,67.19953149684058,57.89261257564544,46.83329161502658,48.32456085677836,52.329105580395336,47.57788391734983,39.09760018957903,42.8079053861281
2026-09-27,EP172026,16,2026-09-28 06:00:00,1 days 06:00:00,30,23.54,-114.41,950.6,112.4,28.00809750853557,114.3841513043983,203.5277058873521,140.34536053270244,112.90799397075556,76.81507549264074,90.70461830911108,65.69532057885857,54.94150987347837,56.22756109194199,53.9147318383832,42.717579218982905,45.538351881685685
2026-09-27,EP172026,16,2026-09-28 12:00:00,1 days 12:00:00,36,24.24,-114.3,954.7,103.4,17.282749379745354,287.7807469536001,236.3032227482604,169.78867938738415,231.75931446560776,147.77618440402125,134.7289673333103,90.41938417455518,108.7157885234736,82.83471712044312,77.08570224525434,57.34123233102129,67.98050182953466
2026-09-27,EP172026,16,2026-09-28 18:00:00,1 days 18:00:00,42,24.89,-113.67,967.4,81.0,13.622370093694144,163.5102227867851,145.7014511687521,117.16978185219229,152.0311460348953,88.76809031356333,88.4694684366284,68.12741664296743,68.31714099506326,54.4761168372894,52.64693376579476,43.82536466935221,45.6624007400344
2026-09-27,EP172026,16,2026-09-29 00:00:00,2 days 00:00:00,48,25.73,-113.31,969.0,76.8,0.0,175.9614061451614,181.32982045006065,83.29331038315411,122.30104455038804,83.58790260240403,84.39430838862802,51.9500770062366,59.34363477042905,22.559751567092132,23.139928630288992,14.52318519347422,18.68279772611133
2026-09-27,EP172026,16,2026-09-29 06:00:00,2 days 06:00:00,54,26.97,-112.41,987.1,64.1,20.688522800324336,125.5197881350996,128.81385246640275,83.89230000827683,91.6476975704636,57.89939232487177,55.57550143550452,38.58734098942887,36.00640123368976,20.688522800324336,14.934289402934157,8.09204925646469,9.22117988118481
2026-09-27,EP172026,16,2026-09-29 12:00:00,2 days 12:00:00,60,28.1,-111.22,986.5,46.2,118.4143720447322,175.8794313472988,173.1241780188135,107.60197606028892,105.80224076434284,0.0,0.0,0.0,0.0,0.0,0.0,0.0,0.0
2026-09-27,EP902026,16,2026-09-27 00:00:00,0 days 00:00:00,0,12.0,-98.6,1008.0,25.0,111.0,0.0,0.0,0.0,0.0,0.0,0.0,0.0,0.0,0.0,0.0,0.0,0.0
2026-09-27,EP902026,16,2026-09-27 06:00:00,0 days 06:00:00,6,11.99,-98.94,1007.1,29.2,66.218511459064,0.0,0.0,0.0,0.0,0.0,0.0,0.0,0.0,0.0,0.0,0.0,0.0
2026-09-27,EP902026,16,2026-09-27 12:00:00,0 days 12:00:00,12,12.16,-98.95,1006.0,34.1,118.80337460734218,118.80337460734218,71.88685125726364,33.06805029787784,64.44853974482821,0.0,0.0,0.0,0.0,0.0,0.0,0.0,0.0
2026-09-27,EP902026,16,2026-09-27 18:00:00,0 days 18:00:00,18,12.27,-99.2,1005.4,39.1,110.89133280828536,110.89133280828536,66.11585507127893,36.318664550088215,57.13101210299829,0.0,0.0,0.0,0.0,0.0,0.0,0.0,0.0
2026-09-27,EP902026,16,2026-09-28 00:00:00,1 days 00:00:00,24,12.5,-99.7,1001.2,40.0,138.69129355810992,138.69129355810992,121.3008726093366,72.83453890212377,82.96888338947899,0.0,0.0,0.0,0.0,0.0,0.0,0.0,0.0
2026-09-27,EP902026,16,2026-09-28 06:00:00,1 days 06:00:00,30,12.8,-100.45,1002.6,44.7,90.16742139898643,202.39666255057773,176.984670896652,122.003012372095,158.15588421313578,0.0,0.0,0.0,0.0,0.0,0.0,0.0,0.0
2026-09-27,EP902026,16,2026-09-28 12:00:00,1 days 12:00:00,36,12.67,-101.35,995.4,46.5,84.43993921903066,276.12979366066463,261.02058381405266,230.06819448450847,263.7808832265402,0.0,0.0,0.0,0.0,0.0,0.0,0.0,0.0
2026-09-27,EP902026,16,2026-09-28 18:00:00,1 days 18:00:00,42,13.46,-102.29,997.3,51.7,95.62137258869012,122.96270179290104,111.05756445978092,75.0718531426196,93.11292570676834,95.62137258869012,0.0,0.0,0.0,0.0,0.0,0.0,0.0
2026-09-27,EP902026,16,2026-09-29 00:00:00,2 days 00:00:00,48,14.05,-103.05,990.8,53.9,76.77388960234398,219.78456064806755,200.8920026133897,133.75302262148836,174.1115644937009,113.82980856693334,98.48136377631012,69.18047934283123,87.47730303965767,0.0,0.0,0.0,0.0
2026-09-27,EP902026,16,2026-09-29 06:00:00,2 days 06:00:00,54,14.73,-103.96,993.4,55.1,64.70713146440423,331.3967447520536,290.12793171441854,241.91428510495865,287.40931028501745,161.32961463054392,134.42133690941944,98.77911320738497,129.73031453264272,0.0,0.0,0.0,0.0
2026-09-27,EP902026,16,2026-09-29 12:00:00,2 days 12:00:00,60,15.02,-105.0,987.9,65.9,62.60309941900336,266.0575314465001,209.56835852095827,173.4569201445002,248.2705257109756,169.12542126180176,138.8134681970007,99.01815241220692,130.5478849644656,62.60309941900336,4.748691167250914,1.9460402917014847,7.107314589138835
2026-09-27,EP902026,16,2026-09-29 18:00:00,2 days 18:00:00,66,15.97,-106.04,982.1,68.5,55.620704706874704,209.09804676242223,210.07000335583484,175.29252364412125,151.10539487819474,123.03059229929232,109.159053005197,82.62002422853332,97.95494645327642,55.620704706874704,12.92566918061935,9.157313152796664,14.093718830320656
2026-09-27,EP902026,16,2026-09-30 00:00:00,3 days 00:00:00,72,16.35,-106.84,973.8,82.4,29.12269121770794,265.653598810638,250.68146079101533,135.7707964722219,206.08772688185456,111.46721199810575,86.2124494043008,55.76057298308808,87.96911600131452,42.099272290108,31.68560003053868,23.10802239302612,33.437484408107984
2026-09-27,EP902026,16,2026-09-30 06:00:00,3 days 06:00:00,78,17.02,-107.69,954.8,103.9,5.115676913959469,271.7414537059707,301.8310691462266,210.20240135268423,204.43760258511168,133.6600918688163,120.35333936308572,86.3900945814505,105.56709548695224,64.24683827505933,54.26365941395483,44.15491786369715,54.07490585034607
2026-09-27,EP902026,16,2026-09-30 12:00:00,3 days 12:00:00,84,17.59,-108.45,954.7,100.4,22.18715262585063,282.1090886152307,285.83086416220004,205.15582952741957,224.29972845545967,141.00495866798542,125.16438457356354,105.17815767149422,119.21409282140708,79.3149113779721,73.50698725318377,61.721541924084384,68.52397700244637
2026-09-27,EP902026,16,2026-09-30 18:00:00,3 days 18:00:00,90,17.79,-108.65,947.7,106.6,33.06741642716746,241.3723559271266,249.1315695723228,194.30531877714876,194.44025974725295,126.6148781321852,106.23921788834632,83.77197104353618,105.3014940387214,60.879386558409,51.46976626730289,41.07389704108565,53.589935799285
2026-09-27,EP902026,16,2026-10-01 00:00:00,4 days 00:00:00,96,18.34,-109.19,959.0,97.9,9.374341362390226,222.7691102222257,242.4367203300704,205.6606000292034,187.619884574874,106.92468446686634,95.74499530202678,78.14853619030927,85.84061352668888,56.14963829037187,50.082080026133696,40.739036312753655,48.11774230130006
2026-09-27,EP902026,16,2026-10-01 06:00:00,4 days 06:00:00,102,18.35,-109.41,963.1,90.3,44.474935906198645,228.31207410774783,249.74572776641816,207.5327098719223,214.6817041218985,101.51313144354656,97.84682079157302,88.92280836255522,90.02600031591838,63.90965987859704,58.92180457357702,51.96525305313013,56.35309800635088
2026-09-27,EP902026,16,2026-10-01 12:00:00,4 days 12:00:00,108,18.36,-109.86,962.2,89.6,25.410193042128117,212.2515845355217,250.33489927662487,242.82991264653057,215.23176157307037,117.13507440643929,119.41148712699052,112.54862541733584,110.2256736285528,63.46976549124852,59.77304919099368,52.31622430469712,57.78289851203583
2026-09-27,EP902026,16,2026-10-01 18:00:00,4 days 18:00:00,114,18.33,-109.73,971.3,77.8,46.8212555188646,207.2370719379973,200.3930137198888,183.97286021217383,169.94163310862035,96.759684840274,92.79024017891386,81.47168130041513,83.43830857193048,48.417960341373984,45.66090364467884,39.95355731176376,42.41521589340527
2026-09-27,EP902026,16,2026-10-02 00:00:00,5 days 00:00:00,120,18.49,-109.69,978.0,63.7,43.78346112825716,177.56424671988134,205.39132043029417,211.41590446748296,184.92015101018728,102.12638949371,99.6682463462692,82.53045557729052,88.46448179134535,0.0,0.0,0.0,0.0
2026-09-27,EP902026,16,2026-10-02 06:00:00,5 days 06:00:00,126,18.62,-109.43,983.2,67.1,39.71559507460334,159.99367360301943,211.32904088379885,167.92801435229995,141.1342045828884,98.26490854166654,101.1747039586894,71.84785265555445,72.57165489159256,39.71559507460334,6.851870580210537,4.401483948566117,2.976190985969608
2026-09-27,EP902026,16,2026-10-02 12:00:00,5 days 12:00:00,132,18.55,-109.33,986.7,53.8,79.84587544073747,162.47848061727018,212.2628862023212,177.23605759666134,136.63070361224345,2.032728787603105,79.84587544073747,4.736601970567278,0.0,0.0,0.0,0.0,0.0
2026-09-27,EP902026,16,2026-10-02 18:00:00,5 days 18:00:00,138,19.04,-109.06,986.4,53.0,76.4906025274004,140.49652098770582,197.9802466574743,162.73651152171152,115.24063310527436,76.4906025274004,32.32254973896612,23.09664767639472,21.518821097798305,0.0,0.0,0.0,0.0
2026-09-27,EP902026,16,2026-10-03 00:00:00,6 days 00:00:00,144,19.37,-108.99,993.9,51.8,69.00794255144767,184.7453058976401,204.66167459897335,140.1069003247208,132.11102055610436,3.873213715022411,69.00794255144767,0.0,0.0,0.0,0.0,0.0,0.0
2026-09-27,EP902026,16,2026-10-03 06:00:00,6 days 06:00:00,150,19.92,-108.94,987.4,58.3,60.17345367318495,242.67061915475148,279.1596307201499,181.62171475737296,182.62794850059703,81.13279541520205,70.66133317681063,45.27471915739706,57.19199679256964,0.0,0.0,0.0,0.0
2026-09-27,EP902026,16,2026-10-03 12:00:00,6 days 12:00:00,156,20.4,-108.91,985.7,53.4,41.50777642035037,200.17356870579243,224.2779017086956,147.0505918812591,166.68545158477394,51.14377321821969,45.11337312751595,23.58992586163105,35.43828357674434,0.0,0.0,0.0,0.0
2026-09-27,EP902026,16,2026-10-03 18:00:00,6 days 18:00:00,162,20.91,-108.89,989.8,54.9,61.303536843763126,185.03255778541325,188.4795647023407,114.70926017144409,139.67565198442583,65.31237323840602,62.172915541875454,35.534871947140395,42.17296200464944,0.0,0.0,0.0,0.0
2026-09-27,EP902026,16,2026-10-04 00:00:00,7 days 00:00:00,168,21.45,-108.83,983.6,59.0,46.11800054621492,170.55470198708318,200.91132795639717,151.5255290285836,151.55145357168868,62.97390064293073,61.25872751621284,37.02971663041592,44.68244731857212,0.0,0.0,0.0,0.0
2026-09-27,EP902026,16,2026-10-04 06:00:00,7 days 06:00:00,174,22.18,-109.0,983.6,63.6,61.114543457661895,182.16569934511236,198.58674473052693,143.80698619085138,140.92070860212698,104.89460178115432,90.94040795772372,58.47237978989204,70.55775657281426,0.0,0.0,0.0,0.0
2026-09-27,EP902026,16,2026-10-04 12:00:00,7 days 12:00:00,180,22.88,-109.23,978.7,65.8,22.69281818338608,192.4202626535967,187.0748082311028,119.22938752861464,148.6698435506211,103.98277745849596,86.95096276943877,56.90870680721615,74.09860258659202,22.69281818338608,15.681975187339091,8.781101325529862,13.72757004352511
2026-09-27,EP902026,16,2026-10-04 18:00:00,7 days 18:00:00,186,23.82,-109.91,976.8,66.2,32.756140670551915,253.0438731440472,214.9850229317459,126.4488742891887,201.16429854233036,102.81621727913809,77.87999209174274,63.72848539986903,86.2557615928724,35.65172368556685,28.464682585961704,24.32114895952823,30.27779342476149
2026-09-27,EP902026,16,2026-10-05 00:00:00,8 days 00:00:00,192,24.38,-110.6,974.1,70.4,35.68046758033758,224.43678578698967,218.11517858620093,135.27685752492044,163.54622595276078,80.58834846579535,69.54560916783305,42.99682049917216,55.41278799286442,35.68046758033758,6.977794322645559,1.389761775738429,5.819286498759178
2026-09-27,EP902026,16,2026-10-05 06:00:00,8 days 06:00:00,198,25.18,-111.36,982.1,63.5,45.90955164790133,252.04818691953977,219.27548114781808,147.77926852358718,174.35363056032315,129.27533491257412,108.5177487102117,80.6584955105102,104.57004423966409,0.0,0.0,0.0,0.0
2026-09-27,EP902026,16,2026-10-05 12:00:00,8 days 12:00:00,204,25.54,-112.6,985.0,56.4,6.013270953113533,257.6593346386976,214.753066039752,151.60265860604227,219.17421278833007,62.946957564055054,49.32857733587031,34.0499884881973,47.909311005418346,0.0,0.0,0.0,0.0
2026-09-27,EP902026,16,2026-10-05 18:00:00,8 days 18:00:00,210,26.15,-113.72,990.9,53.1,53.48120162039589,194.7462853823248,158.700591898751,120.44817468516038,162.21606559987237,59.175736917806496,48.96411131024049,31.93341372974387,46.36835179709003,0.0,0.0,0.0,0.0
2026-09-27,EP902026,16,2026-10-06 00:00:00,9 days 00:00:00,216,26.53,-114.94,990.6,55.7,17.69357950077118,192.92589561135517,156.02338263897224,105.54211173359349,162.1815032208673,68.8241348306243,54.30163400668788,36.36724715052139,48.7088144171448,0.0,0.0,0.0,0.0
2026-09-27,EP902026,16,2026-10-06 06:00:00,9 days 06:00:00,222,26.44,-116.15,990.8,48.2,41.15875638101056,213.52843263380063,153.638884942378,107.1525351882466,200.7493543219016,0.0,0.0,0.0,0.0,0.0,0.0,0.0,0.0
2026-09-27,EP902026,16,2026-10-06 12:00:00,9 days 12:00:00,228,26.53,-117.54,994.7,42.8,54.66549167388533,139.5460210507468,116.90953500578335,82.89878094295727,122.84748603704536,0.0,0.0,0.0,0.0,0.0,0.0,0.0,0.0
2026-09-27,EP902026,16,2026-10-06 18:00:00,9 days 18:00:00,234,26.3,-118.8,999.2,45.1,73.44473711789772,153.05029509495844,143.60409219255257,109.5669583746448,124.36567323962508,0.0,0.0,0.0,0.0,0.0,0.0,0.0,0.0
2026-09-27,EP902026,16,2026-10-07 00:00:00,10 days 00:00:00,240,26.58,-120.18,998.1,45.3,83.74816270915271,141.85964265792546,103.208666011774,76.09462998826014,106.0927442694585,0.0,0.0,0.0,0.0,0.0,0.0,0.0,0.0
2026-09-27,EP902026,16,2026-10-07 06:00:00,10 days 06:00:00,246,26.87,-121.81,999.9,41.4,59.49871064953726,59.49871064953726,33.82084791460104,19.685839498804743,42.5946123208774,0.0,0.0,0.0,0.0,0.0,0.0,0.0,0.0
2026-09-27,EP902026,16,2026-10-07 12:00:00,10 days 12:00:00,252,27.15,-122.84,1004.5,34.9,69.17858642918935,69.17858642918935,2.294796025461292,0.5408538855857223,4.148010973066594,0.0,0.0,0.0,0.0,0.0,0.0,0.0,0.0
2026-09-27,EP902026,16,2026-10-07 18:00:00,10 days 18:00:00,258,27.94,-123.89,1005.8,33.2,81.9625178146974,0.0,0.0,0.0,0.0,0.0,0.0,0.0,0.0,0.0,0.0,0.0,0.0
2026-09-27,EP902026,16,2026-10-08 00:00:00,11 days 00:00:00,264,28.81,-124.93,1004.5,30.0,52.515570112827305,0.0,0.0,0.0,0.0,0.0,0.0,0.0,0.0,0.0,0.0,0.0,0.0
2026-09-27,EP902026,16,2026-10-08 06:00:00,11 days 06:00:00,270,29.83,-125.4,1005.1,31.3,89.4655752839062,0.0,0.0,0.0,0.0,0.0,0.0,0.0,0.0,0.0,0.0,0.0,0.0
2026-09-27,EP902026,16,2026-10-08 12:00:00,11 days 12:00:00,276,30.56,-125.91,1008.5,17.2,61.136921503590806,0.0,0.0,0.0,0.0,0.0,0.0,0.0,0.0,0.0,0.0,0.0,0.0
2026-09-27,EP902026,16,2026-10-08 18:00:00,11 days 18:00:00,282,31.75,-126.19,1007.9,19.3,105.59101773775944,0.0,0.0,0.0,0.0,0.0,0.0,0.0,0.0,0.0,0.0,0.0,0.0
2026-09-27,EP902026,16,2026-10-09 00:00:00,12 days 00:00:00,288,32.05,-125.32,1006.8,22.5,83.27323943053139,0.0,0.0,0.0,0.0,0.0,0.0,0.0,0.0,0.0,0.0,0.0,0.0
2026-09-27,WP252026,16,2026-09-27 00:00:00,0 days 00:00:00,0,24.6,127.6,964.0,89.0,22.0,102.0,121.0,102.0,93.0,,,,,,,,
2026-09-27,WP252026,16,2026-09-27 06:00:00,0 days 06:00:00,6,25.49,128.02,945.4,113.8,28.67818158715093,125.55980242923908,173.79272265910097,151.4388174937162,129.55498505986253,76.83294355978825,74.67563337009267,61.71567054665724,60.59974111206793,48.77152137602207,47.21896552158504,38.71885212152017,39.326696913608174
2026-09-27,WP252026,16,2026-09-27 12:00:00,0 days 12:00:00,12,25.86,128.96,950.8,104.3,31.995133788215767,119.79746466412044,174.0029335524685,148.34302955903723,95.832002084212,68.97873271752215,78.81818235068431,63.24087559749732,50.75242933139765,36.28930003984809,38.00055558933295,33.86957297568391,31.509494860033847
2026-09-27,WP252026,16,2026-09-27 18:00:00,0 days 18:00:00,18,26.3,129.81,961.9,100.3,33.47121740470989,126.26102169584904,169.21572348255208,153.1019085639621,119.55493793716322,78.88986798814915,94.88138214868512,80.15188561561574,64.21568411379809,53.222349447508336,55.32981927906072,46.01819228586762,43.99143629370592
2026-09-27,WP252026,16,2026-09-28 00:00:00,1 days 00:00:00,24,26.87,130.66,970.3,82.0,15.547038164074436,156.37839596668647,142.0836363367552,92.75845358837712,99.05155361634412,74.06005402221561,74.55036363083585,48.55843167741392,56.23306613401857,41.5760496880949,40.16182659908317,31.03833227711816,34.67712479969572
2026-09-27,WP252026,16,2026-09-28 06:00:00,1 days 06:00:00,30,27.36,131.71,974.6,76.1,30.46280726529296,124.51885058275536,158.35059691281043,107.53464555656328,89.45076290035038,64.46973775287455,71.86354859189915,52.28802237411961,50.32604857779365,25.39793652455589,30.46280726529296,21.302704457339257,20.448107272887132
2026-09-27,WP252026,16,2026-09-28 12:00:00,1 days 12:00:00,36,27.62,132.75,981.8,65.4,48.83408526626353,132.87700718517098,186.31871160877807,126.53862766883007,102.66387599846172,74.66669916202298,77.18470652693338,57.10993258507988,57.50704238316888,1.855810641225709,48.83408526626353,3.62227317816307,1.320156792159608
2026-09-27,WP252026,16,2026-09-28 18:00:00,1 days 18:00:00,42,28.46,133.51,990.6,50.3,48.46585683186271,166.76832296626094,160.3625568354213,130.47774829580533,113.56964541595865,32.11539141068275,48.46585683186271,21.352622396105616,22.205985727843924,0.0,0.0,0.0,0.0
2026-09-27,WP252026,16,2026-09-29 00:00:00,2 days 00:00:00,48,29.06,134.46,993.6,49.9,25.85298537555782,135.91633855160055,162.0738220310018,119.1989053960629,101.09897363989708,0.0,0.0,0.0,0.0,0.0,0.0,0.0,0.0
2026-09-27,WP252026,16,2026-09-29 06:00:00,2 days 06:00:00,54,29.38,135.3,995.4,44.4,112.96908649803883,178.1744860167445,222.7378241416893,178.9711908774912,130.10754541687857,0.0,0.0,0.0,0.0,0.0,0.0,0.0,0.0
2026-09-27,WP252026,16,2026-09-29 12:00:00,2 days 12:00:00,60,30.08,136.65,997.4,36.0,176.37769151704526,80.54859094222127,176.37769151704526,58.47099147485224,42.0246362753069,0.0,0.0,0.0,0.0,0.0,0.0,0.0,0.0
2026-09-27,WP252026,16,2026-09-29 18:00:00,2 days 18:00:00,66,30.85,137.83,997.9,35.9,97.94734137441412,30.84420562563068,97.94734137441412,18.0654130468329,21.396746147721387,0.0,0.0,0.0,0.0,0.0,0.0,0.0,0.0
2026-09-27,WP252026,16,2026-09-30 00:00:00,3 days 00:00:00,72,31.42,139.53,994.6,40.5,141.78054256548444,111.8905866159614,151.27622404912154,103.47103524772864,85.83157084878849,0.0,0.0,0.0,0.0,0.0,0.0,0.0,0.0
2026-09-27,WP252026,16,2026-09-30 06:00:00,3 days 06:00:00,78,32.55,140.96,995.3,41.1,91.07662631904776,168.45847652843068,192.2375114503176,141.82664183936706,133.25359892722102,0.0,0.0,0.0,0.0,0.0,0.0,0.0,0.0
2026-09-27,WP252026,16,2026-09-30 12:00:00,3 days 12:00:00,84,33.42,142.65,1000.2,34.9,128.37315246936316,129.8764520678284,131.98440320069597,87.36075199473377,78.83959215768536,0.0,0.0,0.0,0.0,0.0,0.0,0.0,0.0
2026-09-27,WP252026,16,2026-09-30 18:00:00,3 days 18:00:00,90,34.19,143.72,994.7,42.1,31.130172112090435,114.61178342937012,149.29824535782495,63.9782845243533,95.76682826876107,0.0,0.0,0.0,0.0,0.0,0.0,0.0,0.0
2026-09-27,WP252026,16,2026-10-01 00:00:00,4 days 00:00:00,96,34.16,144.9,999.9,27.3,82.9455024445379,0.0,0.0,0.0,0.0,0.0,0.0,0.0,0.0,0.0,0.0,0.0,0.0
2026-09-27,WP252026,16,2026-10-01 06:00:00,4 days 06:00:00,102,36.41,147.17,1002.2,27.6,101.57979993718256,0.0,0.0,0.0,0.0,0.0,0.0,0.0,0.0,0.0,0.0,0.0,0.0
2026-09-27,AL062026,17,2026-09-27 00:00:00,0 days 00:00:00,0,29.8,-43.9,1010.0,29.0,56.0,0.0,0.0,0.0,0.0,0.0,0.0,0.0,0.0,0.0,0.0,0.0,0.0
2026-09-27,EP152026,17,2026-09-27 00:00:00,0 days 00:00:00,0,16.7,-156.1,972.0,80.0,37.0,241.0,185.0,185.0,241.0,93.0,74.0,93.0,111.0,56.0,46.0,56.0,56.0
2026-09-27,EP152026,17,2026-09-27 06:00:00,0 days 06:00:00,6,16.47,-156.72,963.7,94.5,17.875068384600528,181.87275973363387,163.35046401076897,167.19784086089302,180.4403127335175,99.28105871108984,88.56600956088278,86.39449184455584,97.31004495127408,62.4323568476451,55.348556756528666,47.840915632661975,56.99990000623194
2026-09-27,EP152026,17,2026-09-27 12:00:00,0 days 12:00:00,12,16.29,-157.62,949.9,116.4,6.898495167369795,211.0636176191028,152.76850967864775,148.7614663862194,194.21023726619825,79.07466992906181,56.03045524022933,48.16941422459093,74.78311604899514,43.9617208457628,31.63229996432501,28.103005769047137,41.06181107815924
2026-09-27,EP152026,17,2026-09-27 18:00:00,0 days 18:00:00,18,16.13,-158.61,940.5,120.0,26.014749152304415,149.4785416838576,101.18239352251088,110.88079092804882,146.04009339903058,74.12648166717575,60.03990292611691,57.84401313049193,76.985514907821,42.572877262257904,33.84352127374912,28.656558423334825,40.42322326549215
2026-09-27,EP152026,17,2026-09-28 00:00:00,1 days 00:00:00,24,16.26,-159.5,946.3,113.5,28.884539010417264,221.3772173687337,190.93044613455072,129.37901952149411,175.30445003208658,106.46984078762137,78.96699677096007,49.746252279443176,87.77569191868704,64.71788791861292,50.623336308512044,35.80906133940861,56.29611475566877
2026-09-27,EP152026,17,2026-09-28 06:00:00,1 days 06:00:00,30,16.54,-160.55,951.1,110.8,13.126503974996126,170.65850794598373,156.67410373146663,147.53834423469868,160.53212127962615,89.5878603355734,70.80485941391112,59.369463888228495,86.8443249769291,57.274893999879,43.69336589480383,35.68073455604028,51.56525610858057
2026-09-27,EP152026,17,2026-09-28 12:00:00,1 days 12:00:00,36,16.86,-161.63,951.1,110.8,11.306698961358734,168.24031862800393,156.02935195859936,133.359169636763,180.05278630440534,100.73694938109156,83.90749603261156,64.25673033853889,86.61540396824876,66.95467408525678,55.4798254553275,43.0295449828908,58.26158000954683
2026-09-27,EP152026,17,2026-09-28 18:00:00,1 days 18:00:00,42,17.69,-162.48,946.7,121.4,30.223870934357308,212.55889110367843,156.86336019024588,114.79167047201668,181.9165432812906,86.76543626352122,53.75763144179064,46.48877330758569,71.52901003343857,60.1056626910497,49.67104906868133,39.256112221613165,51.65698536616276
2026-09-27,EP152026,17,2026-09-29 00:00:00,2 days 00:00:00,48,18.66,-163.05,946.9,113.5,0.0,240.3087992912471,207.2234138199539,137.50561807206992,187.99320064544784,106.89410446020706,85.50808788651995,52.81679585838575,75.96975500261385,52.75394169818704,42.66922721478525,29.751085528130137,42.579674902950565
2026-09-27,EP152026,17,2026-09-29 06:00:00,2 days 06:00:00,54,19.44,-163.34,962.5,97.8,21.29670204034948,205.87175314072232,154.03674155793777,92.04245342337389,146.955663141615,84.04585016846518,64.10738852444922,37.8314489175524,65.95638612864926,48.14016279024796,37.28722964201741,27.388790230710637,39.37510861106149
2026-09-27,EP152026,17,2026-09-29 12:00:00,2 days 12:00:00,60,20.62,-163.47,959.4,102.9,26.823316124176277,181.47452236574588,172.3366669470073,136.74106062886256,140.19584790627636,109.50796220168274,95.35607110348076,68.34343568432257,86.65222209624903,61.58408555042706,54.53069620328233,40.47152600089578,52.49207358551098
2026-09-27,EP152026,17,2026-09-29 18:00:00,2 days 18:00:00,66,21.66,-162.99,976.1,82.2,19.58721275416481,244.107714077618,194.14366753797728,138.77563413459592,200.7849995896728,115.70401725734942,92.8960054224799,68.47253971047276,91.05120505176032,65.34154104478309,55.632016732174925,42.72594212299005,54.63262297444179
2026-09-27,EP152026,17,2026-09-30 00:00:00,3 days 00:00:00,72,22.43,-163.07,980.8,75.4,43.65973234244683,194.29595620993317,186.7314195431952,131.3815093862455,189.6255441117208,104.06007028381023,97.69295937036594,73.91827048496575,92.62049655647454,54.74747305278075,46.2395124689278,37.313180229524605,44.64202296823221
2026-09-27,EP152026,17,2026-09-30 06:00:00,3 days 06:00:00,78,23.02,-163.08,988.6,62.6,58.98779167673345,256.7114738144145,210.08839014214163,183.42562212365735,219.5243490095581,113.61229740372151,94.88897881903743,75.99817246823079,94.49055149470335,0.0,0.0,0.0,0.0
2026-09-27,EP152026,17,2026-09-30 12:00:00,3 days 12:00:00,84,23.34,-163.08,987.5,61.5,83.51434744606998,269.61002836908324,240.19868377257652,196.653729000937,238.52035552416984,141.81899041564174,123.18367912435794,95.24147284964036,114.33471464659463,0.0,0.0,0.0,0.0
2026-09-27,EP152026,17,2026-09-30 18:00:00,3 days 18:00:00,90,23.37,-163.18,995.6,49.2,70.50361159768707,207.45188377751333,161.92207821622765,146.03631318470684,193.951206232018,0.0,0.0,0.0,0.0,0.0,0.0,0.0,0.0
2026-09-27,EP152026,17,2026-10-01 00:00:00,4 days 00:00:00,96,23.55,-163.62,989.2,49.1,100.37292180021086,197.17781351057823,155.22458141847596,97.37345979392332,146.77657365528657,0.0,0.0,0.0,0.0,0.0,0.0,0.0,0.0
2026-09-27,EP152026,17,2026-10-01 06:00:00,4 days 06:00:00,102,23.45,-164.25,990.0,47.8,33.150530313490435,219.9389127688637,156.75731392515536,157.1635026179083,216.30470511267777,0.0,0.0,0.0,0.0,0.0,0.0,0.0,0.0
2026-09-27,EP152026,17,2026-10-01 12:00:00,4 days 12:00:00,108,23.23,-164.89,998.0,44.7,88.17194347644082,260.6383491206466,179.75801661234848,148.5987156119333,242.8091249483939,0.0,0.0,0.0,0.0,0.0,0.0,0.0,0.0
2026-09-27,EP152026,17,2026-10-01 18:00:00,4 days 18:00:00,114,23.19,-165.04,994.8,42.3,65.23363155984921,188.17032044484472,191.08435482863217,162.72163794363206,154.07927805720828,0.0,0.0,0.0,0.0,0.0,0.0,0.0,0.0
2026-09-27,EP152026,17,2026-10-02 00:00:00,5 days 00:00:00,120,23.67,-165.42,992.8,43.4,78.09790476817102,272.861415940787,222.4113079634,188.5209511407029,248.3108048393888,0.0,0.0,0.0,0.0,0.0,0.0,0.0,0.0
2026-09-27,EP152026,17,2026-10-02 06:00:00,5 days 06:00:00,126,24.19,-166.23,989.3,53.6,81.02336742779396,178.85738987346025,135.4938615326849,85.33789262825626,167.34871024916382,81.02336742779396,17.86536227825803,11.238091442382387,22.83851196533225,0.0,0.0,0.0,0.0
2026-09-27,EP152026,17,2026-10-02 12:00:00,5 days 12:00:00,132,24.41,-167.21,987.5,52.6,58.94473975332099,217.38308409578536,157.3525284125316,112.87995589996204,188.27868552803932,103.73649528111916,81.38299059192315,62.99587388125718,84.0946761812696,0.0,0.0,0.0,0.0
2026-09-27,EP152026,17,2026-10-02 18:00:00,5 days 18:00:00,138,24.4,-168.2,990.1,55.9,78.88405152497376,213.53603368666256,187.72499227625644,113.33427443531582,161.7813384501609,78.88405152497376,32.0841708750345,19.62228216443236,32.36407653582173,0.0,0.0,0.0,0.0
2026-09-27,EP152026,17,2026-10-03 00:00:00,6 days 00:00:00,144,24.28,-169.18,990.4,55.8,44.64329914072379,186.40218427588024,144.4399344645792,109.51557127789852,198.8380685891228,47.49095194378476,33.564639666630555,20.38877270192501,36.44015321579808,0.0,0.0,0.0,0.0
2026-09-27,EP152026,17,2026-10-03 06:00:00,6 days 06:00:00,150,23.85,-170.32,989.6,50.0,66.87727469202355,174.0118905463039,130.14751605232647,96.89399449622128,149.66682730975307,0.0,0.0,0.0,0.0,0.0,0.0,0.0,0.0
2026-09-27,EP152026,17,2026-10-03 12:00:00,6 days 12:00:00,156,23.85,-171.98,981.4,64.2,0.0,189.21721580108425,155.28569331421176,136.23099126267118,180.3668701645276,53.72920107687257,37.99956133812434,23.933998093726736,39.46815106378381,1.9193136570623288,0.0,0.0,0.6010372594730353
2026-09-27,EP152026,17,2026-10-03 18:00:00,6 days 18:00:00,162,23.52,-174.12,988.6,63.2,48.06829708479851,178.99461734350444,130.76311705997216,68.68296141402277,174.47369372464573,72.406482347016,54.11530343831952,35.670943890907296,64.47697333372048,0.0,0.0,0.0,0.0
2026-09-27,EP152026,17,2026-10-04 00:00:00,7 days 00:00:00,168,23.34,-176.07,991.8,65.1,27.80469663026884,180.3092613405597,132.62663314198835,96.5644273056446,176.29503252186896,99.34689005255132,74.43207136261799,55.628949187489525,85.47324165036935,27.80469663026884,13.013451415883878,10.292121214672107,18.4173584216839
2026-09-27,EP152026,17,2026-10-04 06:00:00,7 days 06:00:00,174,23.66,-178.16,983.8,66.3,43.96954390930028,223.9593445414477,135.36360016367996,93.66051303682066,189.87901405100703,97.69344420331856,63.35379235052328,39.0034241687349,78.08141344107682,43.96954390930028,16.5177059785443,9.434910782401028,21.393211303340824
2026-09-27,EP152026,17,2026-10-04 12:00:00,7 days 12:00:00,180,24.06,-179.74,978.0,78.3,32.032781731253166,219.271245038022,157.9067020610468,119.7575406241055,192.39257986773472,90.9862634676629,70.50455903062596,48.05569566191035,71.36229520520067,38.36383993325119,30.6893366352803,24.949583819342013,31.574208774470627
2026-09-27,EP152026,17,2026-10-04 18:00:00,7 days 18:00:00,186,24.58,178.48,968.3,87.6,7.349144859771869,224.12839687310776,174.62583683238756,132.3769897067717,192.28194467577495,96.92606808326184,70.74685227947003,47.00683146982129,77.88678942786541,46.36476076437519,36.15997736857214,26.573790392010324,38.72058174774415
2026-09-27,EP152026,17,2026-10-05 00:00:00,8 days 00:00:00,192,25.31,176.86,972.8,83.4,13.48285774095639,230.4107342998382,158.44466334941654,114.3114239651792,196.25714876711788,101.80452767718457,71.24496649920425,48.94242232015114,86.51196514724418,52.51873814796737,40.174075065748944,28.520760327697232,44.233704688022925
2026-09-27,EP152026,17,2026-10-05 06:00:00,8 days 06:00:00,198,26.15,175.29,967.7,82.5,15.598423513697073,214.48463643486684,151.51186808984494,106.819080574307,184.14153995098604,84.47636551975665,63.07906876054858,39.04598942112216,68.17461026411547,43.66658938843421,34.48399685832919,25.499883566260223,35.92419986351274
2026-09-27,EP152026,17,2026-10-05 12:00:00,8 days 12:00:00,204,27.01,173.86,972.1,79.5,29.97994345549899,226.98777412081392,185.20374730728523,133.63958148189482,177.23537236659553,106.52743120896707,87.47983750146793,58.10933547835617,78.74720442674534,52.202814048381335,45.03141005016256,34.308174299988686,42.9868520371099
2026-09-27,EP152026,17,2026-10-05 18:00:00,8 days 18:00:00,210,27.85,172.81,975.5,78.1,26.36526628997126,196.3571673924744,174.80984476977756,124.64930314164576,176.71874469605973,97.5212773381918,80.31298722964584,53.82879497222029,74.00258687252881,37.41511151379791,29.807191648278604,21.229133243835804,29.30430862924527
2026-09-27,EP152026,17,2026-10-06 00:00:00,9 days 00:00:00,216,28.68,172.11,980.2,67.6,23.695385086715067,218.74272597793768,188.10613567815312,121.10058294822656,159.75985647499954,105.61008993527388,89.24944497441722,56.32176544049908,74.84500164113305,23.695385086715067,5.172118844696477,1.059808832067424,5.835799487830036
2026-09-27,EP152026,17,2026-10-06 06:00:00,9 days 06:00:00,222,29.61,171.49,983.9,65.7,36.30453559767602,200.54381652814004,212.13948456330053,114.6897080932277,137.12585525546478,97.1340209094453,81.01408198954634,45.57915836508969,68.85310587239587,36.30453559767602,11.883678575985734,5.930965454792286,13.257041015374757
2026-09-27,EP152026,17,2026-10-06 12:00:00,9 days 12:00:00,228,30.17,171.48,992.8,57.6,32.40272466883145,200.0268219596755,202.47834291387235,120.92363081517983,152.12754074964775,71.18611391318821,57.86486498530358,34.716092599855635,49.46932698870626,0.0,0.0,0.0,0.0
2026-09-27,EP152026,17,2026-10-06 18:00:00,9 days 18:00:00,234,30.75,171.66,985.6,66.7,28.716790225538723,144.7603490037151,154.29785920568398,122.48557751869112,120.65917967329008,71.7714186178294,68.93954740940592,50.756652290637874,57.4315429081696,34.73258250496715,33.21049843420644,25.28167966530832,28.67666705849347
2026-09-27,EP152026,17,2026-10-07 00:00:00,10 days 00:00:00,240,30.86,171.91,988.3,58.4,11.253010933225582,84.34454203450076,136.45774877663604,102.8785322179499,80.5545171229972,64.47189646736365,65.35309682587973,46.091457676077965,51.44209452286279,0.0,0.0,0.0,0.0
2026-09-27,EP152026,17,2026-10-07 06:00:00,10 days 06:00:00,246,30.96,172.55,988.3,49.7,28.817782657845125,62.74240155254383,100.14459433881764,104.3435037629292,67.8561591890032,0.0,0.0,0.0,0.0,0.0,0.0,0.0,0.0
2026-09-27,EP152026,17,2026-10-07 12:00:00,10 days 12:00:00,252,30.69,172.59,988.9,52.9,39.24522680508771,142.8485859427075,146.56478192814583,142.38103010180174,155.35405390528354,82.09042950963058,76.21392562074526,54.87601355733069,62.16078667883828,0.0,0.0,0.0,0.0
2026-09-27,EP152026,17,2026-10-07 18:00:00,10 days 18:00:00,258,30.46,172.21,995.0,49.7,21.83049620564094,153.87072437236586,134.41784061896345,131.13295630500048,140.6307147265936,0.0,0.0,0.0,0.0,0.0,0.0,0.0,0.0
2026-09-27,EP152026,17,2026-10-08 00:00:00,11 days 00:00:00,264,30.34,171.38,996.4,48.4,40.54159695900496,133.69751130569716,111.02089451392976,104.86477487289582,114.91445866873838,0.0,0.0,0.0,0.0,0.0,0.0,0.0,0.0
2026-09-27,EP152026,17,2026-10-08 06:00:00,11 days 06:00:00,270,30.71,170.5,998.9,44.4,76.03662680652499,195.02508136523696,165.39303436683068,141.75659786097685,162.63829492417136,0.0,0.0,0.0,0.0,0.0,0.0,0.0,0.0
2026-09-27,EP152026,17,2026-10-08 12:00:00,11 days 12:00:00,276,30.98,169.76,999.3,41.1,76.91119119150915,220.61950441448775,165.73540446471696,142.81485915088575,172.72293239392616,0.0,0.0,0.0,0.0,0.0,0.0,0.0,0.0
2026-09-27,EP152026,17,2026-10-08 18:00:00,11 days 18:00:00,282,31.46,169.12,1005.5,29.6,89.19060921871133,0.0,0.0,0.0,0.0,0.0,0.0,0.0,0.0,0.0,0.0,0.0,0.0
2026-09-27,EP152026,17,2026-10-09 00:00:00,12 days 00:00:00,288,31.98,168.65,1004.1,34.2,49.47883966338547,49.47883966338547,0.0,0.0,2.19084836788338,0.0,0.0,0.0,0.0,0.0,0.0,0.0,0.0
2026-09-27,EP152026,17,2026-10-09 06:00:00,12 days 06:00:00,294,33.08,168.23,1005.0,27.7,78.26903179480882,0.0,0.0,0.0,0.0,0.0,0.0,0.0,0.0,0.0,0.0,0.0,0.0
2026-09-27,EP152026,17,2026-10-09 12:00:00,12 days 12:00:00,300,34.03,168.43,1005.6,29.6,112.79659396821852,0.0,0.0,0.0,0.0,0.0,0.0,0.0,0.0,0.0,0.0,0.0,0.0
2026-09-27,EP152026,17,2026-10-09 18:00:00,12 days 18:00:00,306,34.89,168.64,1002.1,33.8,80.42482066028562,0.0,0.0,0.0,0.0,0.0,0.0,0.0,0.0,0.0,0.0,0.0,0.0
2026-09-27,EP152026,17,2026-10-10 00:00:00,13 days 00:00:00,312,36.33,168.98,1000.7,32.7,125.706805555836,0.0,0.0,0.0,0.0,0.0,0.0,0.0,0.0,0.0,0.0,0.0,0.0
2026-09-27,EP152026,17,2026-10-10 06:00:00,13 days 06:00:00,318,37.99,169.13,1002.9,33.7,89.78283696458698,0.0,0.0,0.0,0.0,0.0,0.0,0.0,0.0,0.0,0.0,0.0,0.0
2026-09-27,EP162026,17,2026-09-27 00:00:00,0 days 00:00:00,0,20.8,-123.6,975.0,76.0,28.0,167.0,167.0,148.0,185.0,93.0,74.0,74.0,93.0,65.0,46.0,37.0,56.0
2026-09-27,EP162026,17,2026-09-27 06:00:00,0 days 06:00:00,6,21.56,-123.5,993.1,51.5,49.1643915630665,159.250339851195,153.37000320308238,90.07361911697429,135.72837101683248,49.1643915630665,11.85015026836461,2.997727438966433,13.604521992538343,0.0,0.0,0.0,0.0
2026-09-27,EP162026,17,2026-09-27 12:00:00,0 days 12:00:00,12,22.15,-123.28,998.0,46.4,64.4754830560519,205.0619777386774,170.53803005072112,113.50390590148882,162.00662268321344,0.0,0.0,0.0,0.0,0.0,0.0,0.0,0.0
2026-09-27,EP162026,17,2026-09-27 18:00:00,0 days 18:00:00,18,22.52,-123.38,1001.3,32.3,33.520079066084634,0.0,0.0,0.0,0.0,0.0,0.0,0.0,0.0,0.0,0.0,0.0,0.0
2026-09-27,EP162026,17,2026-09-28 00:00:00,1 days 00:00:00,24,22.77,-123.22,1003.3,31.5,93.687518532149,0.0,0.0,0.0,0.0,0.0,0.0,0.0,0.0,0.0,0.0,0.0,0.0
2026-09-27,EP162026,17,2026-09-28 06:00:00,1 days 06:00:00,30,22.82,-123.06,1003.5,22.2,83.62912808776746,0.0,0.0,0.0,0.0,0.0,0.0,0.0,0.0,0.0,0.0,0.0,0.0
2026-09-27,EP162026,17,2026-09-28 12:00:00,1 days 12:00:00,36,22.76,-122.82,1002.8,31.8,121.58451202740036,0.0,0.0,0.0,0.0,0.0,0.0,0.0,0.0,0.0,0.0,0.0,0.0
2026-09-27,EP162026,17,2026-09-28 18:00:00,1 days 18:00:00,42,22.48,-122.84,1005.8,27.5,93.04145844176226,0.0,0.0,0.0,0.0,0.0,0.0,0.0,0.0,0.0,0.0,0.0,0.0
2026-09-27,EP162026,17,2026-09-29 00:00:00,2 days 00:00:00,48,21.83,-122.35,1001.5,26.1,79.13547795067231,0.0,0.0,0.0,0.0,0.0,0.0,0.0,0.0,0.0,0.0,0.0,0.0
2026-09-27,EP162026,17,2026-09-29 06:00:00,2 days 06:00:00,54,21.26,-121.92,1005.0,21.7,96.08596686740697,0.0,0.0,0.0,0.0,0.0,0.0,0.0,0.0,0.0,0.0,0.0,0.0
2026-09-27,EP162026,17,2026-09-29 12:00:00,2 days 12:00:00,60,20.75,-121.83,1006.2,21.1,127.58658677386045,0.0,0.0,0.0,0.0,0.0,0.0,0.0,0.0,0.0,0.0,0.0,0.0
2026-09-27,EP162026,17,2026-09-29 18:00:00,2 days 18:00:00,66,20.55,-121.54,1006.6,19.1,126.81621798965097,0.0,0.0,0.0,0.0,0.0,0.0,0.0,0.0,0.0,0.0,0.0,0.0
2026-09-27,EP162026,17,2026-09-30 00:00:00,3 days 00:00:00,72,20.16,-121.55,1005.0,18.9,93.45622949131774,0.0,0.0,0.0,0.0,0.0,0.0,0.0,0.0,0.0,0.0,0.0,0.0
2026-09-27,EP162026,17,2026-09-30 06:00:00,3 days 06:00:00,78,20.16,-121.69,1006.8,20.4,154.89131939559,0.0,0.0,0.0,0.0,0.0,0.0,0.0,0.0,0.0,0.0,0.0,0.0
2026-09-27,EP172026,17,2026-09-27 00:00:00,0 days 00:00:00,0,19.0,-112.9,946.0,111.0,28.0,259.0,185.0,167.0,185.0,111.0,111.0,93.0,93.0,65.0,65.0,46.0,56.0
2026-09-27,EP172026,17,2026-09-27 06:00:00,0 days 06:00:00,6,19.62,-113.15,950.9,106.3,3.438075967075303,176.85681085940502,170.99203350668702,149.08318216285767,152.3778131110803,99.31627380201355,82.37159412384459,58.88476056833548,76.27389721690022,50.89339820676048,43.71253242616161,33.85970050901464,43.81319331955015
2026-09-27,EP172026,17,2026-09-27 12:00:00,0 days 12:00:00,12,20.67,-113.72,952.8,114.1,34.96856383893706,229.73671588306684,237.6022947241721,145.61510976022836,156.42855225957342,113.24101706665846,94.44273846943112,61.84145259487564,78.07351761301918,62.52044371565496,52.82319507610815,41.86525119349277,50.979227453065576
2026-09-27,EP172026,17,2026-09-27 18:00:00,0 days 18:00:00,18,21.6,-113.91,944.3,125.7,25.55577458382866,157.6891157352074,162.55663103742955,136.12662992299693,111.81440253954472,91.39837969606944,84.44461853790735,61.5883308774337,68.25535027748876,55.565501362245485,51.15630640414829,39.12351129981623,45.46023178339944
2026-09-27,EP172026,17,2026-09-28 00:00:00,1 days 00:00:00,24,22.59,-114.03,939.9,125.3,27.90067305684785,151.84610179112673,160.5291289003937,128.06175015122503,112.96109199726492,58.99270575872568,63.60777077630068,48.764718940953486,42.05801555935725,43.80890376283098,42.41345114222992,33.79753140283246,34.85713442078039
2026-09-27,EP172026,17,2026-09-28 06:00:00,1 days 06:00:00,30,23.25,-113.88,946.8,117.0,10.404796978723136,117.89066655708058,192.7433500604655,116.9002723515637,115.50431756058993,71.00779883185939,77.45076097449771,47.60400785872478,44.523753484006434,47.162009233386016,48.48125192730242,38.72792063502938,40.11063571885337
2026-09-27,EP172026,17,2026-09-28 12:00:00,1 days 12:00:00,36,24.1,-113.53,954.3,99.6,12.940974020613163,152.27335137219168,192.1366999303449,143.44161325662506,110.7419059945604,93.50309142738236,100.60296081267502,75.28033517955981,66.10226269136221,60.59992788625674,60.42674954792303,48.86245820392163,50.45588781250882
2026-09-27,EP172026,17,2026-09-28 18:00:00,1 days 18:00:00,42,24.83,-113.0,946.1,107.0,12.869534673977878,207.1871014029261,212.3659913105161,136.3436157146903,142.51167852126926,65.7941801778949,65.00323522363843,41.60194407100338,39.57103286056089,42.24037703093204,39.19984188631376,31.402448730250644,34.14374339913249
2026-09-27,EP172026,17,2026-09-29 00:00:00,2 days 00:00:00,48,25.77,-112.22,970.1,87.3,13.260666031217774,131.76051093568566,186.34213432235848,131.86996773226602,101.80636719062674,69.86092565960152,94.447472920116,72.41874537478776,51.22559133867138,54.889556556767,59.41880997567723,48.86151790639263,46.007892529360575
2026-09-27,EP172026,17,2026-09-29 06:00:00,2 days 06:00:00,54,26.97,-111.16,982.4,68.5,45.75228830140054,128.68751745446843,150.3257265824136,68.98401593637436,66.54742663096499,63.38579307052317,71.56879528489299,39.2438801827459,37.07717127950991,0.0365269447689797,45.75228830140054,0.0,0.0
2026-09-27,EP172026,17,2026-09-29 12:00:00,2 days 12:00:00,60,28.04,-110.59,990.9,53.7,60.18111752711888,154.24135821601064,192.03452071164995,100.51740249228908,60.40886136970593,18.92831452791102,60.18111752711888,12.353245514958555,3.600799551561748,0.0,0.0,0.0,0.0
2026-09-27,EP902026,17,2026-09-27 00:00:00,0 days 00:00:00,0,12.0,-98.6,1008.0,25.0,111.0,0.0,0.0,0.0,0.0,0.0,0.0,0.0,0.0,0.0,0.0,0.0,0.0
2026-09-27,EP902026,17,2026-09-27 06:00:00,0 days 06:00:00,6,11.78,-98.58,1005.2,29.6,109.93732491000958,0.0,0.0,0.0,0.0,0.0,0.0,0.0,0.0,0.0,0.0,0.0,0.0
2026-09-27,EP902026,17,2026-09-27 12:00:00,0 days 12:00:00,12,12.12,-98.44,1002.3,37.1,113.69408278135604,113.69408278135604,82.38683294678626,38.106092884222136,64.11661723327708,0.0,0.0,0.0,0.0,0.0,0.0,0.0,0.0
2026-09-27,EP902026,17,2026-09-27 18:00:00,0 days 18:00:00,18,11.87,-98.98,1004.0,31.9,37.72731258717386,0.0,0.0,0.0,0.0,0.0,0.0,0.0,0.0,0.0,0.0,0.0,0.0
2026-09-27,EP902026,17,2026-09-28 00:00:00,1 days 00:00:00,24,12.52,-99.52,1002.0,43.8,67.65653344172124,53.95930608045661,67.65653344172124,30.71941518487931,29.175699230935805,0.0,0.0,0.0,0.0,0.0,0.0,0.0,0.0
2026-09-27,EP902026,17,2026-09-28 06:00:00,1 days 06:00:00,30,12.75,-100.44,1000.7,44.9,63.69593874824148,164.51621361296287,147.71183930600867,96.61733765622542,120.55969271369028,0.0,0.0,0.0,0.0,0.0,0.0,0.0,0.0
2026-09-27,EP902026,17,2026-09-28 12:00:00,1 days 12:00:00,36,13.16,-100.81,994.9,50.5,47.69308758826463,199.7830251234064,204.5144915824686,162.106516491199,175.11380735754568,47.69308758826463,35.56893901497428,18.690901185602957,27.345530709771616,0.0,0.0,0.0,0.0
2026-09-27,EP902026,17,2026-09-28 18:00:00,1 days 18:00:00,42,13.18,-101.62,995.8,51.5,68.51214500642556,183.50127673797027,177.7338147639186,129.53805740827028,142.05540766681457,68.51214500642556,27.857106148610736,18.68764502202834,22.980751461757627,0.0,0.0,0.0,0.0
2026-09-27,EP902026,17,2026-09-29 00:00:00,2 days 00:00:00,48,13.75,-102.69,993.3,55.0,49.171640351704056,192.8184337667523,183.89344239883383,133.82686682347736,170.14669190647248,107.3265805990016,92.02620901341538,58.87332212664903,80.74857216743308,0.0,0.0,0.0,0.0
2026-09-27,EP902026,17,2026-09-29 06:00:00,2 days 06:00:00,54,14.13,-103.76,993.6,54.8,36.64257930696584,193.02436379046796,182.51917501073663,126.27656791127434,143.72454805175147,36.64257930696584,30.795270392918884,17.04217431827832,22.7410400463307,0.0,0.0,0.0,0.0
2026-09-27,EP902026,17,2026-09-29 12:00:00,2 days 12:00:00,60,14.59,-104.65,985.0,59.6,62.74086051162758,173.64414931373398,153.80828040102455,133.10555964775517,131.36150773698395,107.38724270164283,91.36153073831774,62.46234164260021,80.27325867161457,0.0,0.0,0.0,0.0
2026-09-27,EP902026,17,2026-09-29 18:00:00,2 days 18:00:00,66,15.22,-105.4,983.8,67.0,34.27742450274991,250.50096187854228,280.62806142677346,168.30575655939174,192.38507790574863,148.71790313468318,131.40598858943673,88.42765357492391,110.39177545955316,34.27742450274991,0.2643025356320212,0.0,1.8628200034247333
2026-09-27,EP902026,17,2026-09-30 00:00:00,3 days 00:00:00,72,15.78,-105.92,975.1,74.2,38.63098398658935,217.24145288736383,228.93249984848407,161.05661547723207,163.17841357562747,90.99277859471748,84.34873946374782,56.17407515098064,67.5829816219845,49.91450857152493,45.576369074329065,36.745334679546175,41.517861530798186
2026-09-27,EP902026,17,2026-09-30 06:00:00,3 days 06:00:00,78,16.39,-106.34,970.4,92.6,13.825329185295764,183.8075601984408,219.5532880808699,148.03569058092296,148.01240385011494,100.2990576340506,95.38009073185182,70.54727117609556,76.09234137201841,56.5756241848496,51.681132961171016,43.32272383281932,48.52261233553828
2026-09-27,EP902026,17,2026-09-30 12:00:00,3 days 12:00:00,84,16.8,-106.96,965.6,89.7,37.41914815998041,281.4915089006847,317.265220211685,180.60195323153536,217.3309259506008,134.7664978485712,116.36283254046184,81.63559220821803,104.5620486803727,72.94177402570273,63.376020548740605,51.65068750687984,61.50770127114413
2026-09-27,EP902026,17,2026-09-30 18:00:00,3 days 18:00:00,90,17.16,-107.57,953.9,99.8,5.624961020997814,236.3057023217571,246.5215474412041,161.8311838823948,179.439385068702,102.08462500861418,77.52172244865369,56.71617412061092,77.8704647253224,38.58990360381926,32.37484857106843,21.68516989878727,33.56487381704076
2026-09-27,EP902026,17,2026-10-01 00:00:00,4 days 00:00:00,96,17.73,-108.14,938.6,118.8,17.150677639143396,248.5767325963534,253.4771051702992,207.88929715828272,218.3747487840592,99.2216114645562,93.4686313930506,73.64616595068946,89.86381922737928,52.554669278877554,46.43080003490832,36.00892430587919,47.04875186624122
2026-09-27,EP902026,17,2026-10-01 06:00:00,4 days 06:00:00,102,17.97,-108.45,956.5,98.8,31.09086871745035,234.58206953141485,273.46318753951573,206.3798448386021,218.35386949971803,110.90794696619685,105.05151748405694,81.13022441151594,90.85661774266543,69.29544123768915,62.26615346441477,50.54345902925826,57.96711237223985
2026-09-27,EP902026,17,2026-10-01 12:00:00,4 days 12:00:00,108,17.82,-108.93,969.2,78.2,20.44113832249305,185.31761719024743,216.53576723598027,180.47705796988657,171.3049925078604,83.39029780140467,84.8220544266854,72.71716958055687,73.9560414740767,46.54188784097141,40.80808315980598,35.44535593909278,40.96962876688585
2026-09-27,EP902026,17,2026-10-01 18:00:00,4 days 18:00:00,114,18.1,-109.31,972.6,70.5,56.46548995900853,200.62193153927444,202.3539751355785,209.35615635407245,200.1468921688857,109.21609457331424,98.00125098619066,88.21201534171362,96.61299961848924,56.46548995900853,43.86445472334029,36.88188752734673,41.61791894056013
2026-09-27,EP902026,17,2026-10-02 00:00:00,5 days 00:00:00,120,18.47,-109.47,982.4,58.8,34.14577049261875,158.82899565199287,191.1340666843308,162.29202233792893,162.67656071200258,92.10176069511856,84.97083185685055,62.30221398464474,73.18002874495434,0.0,0.0,0.0,0.0
2026-09-27,EP902026,17,2026-10-02 06:00:00,5 days 06:00:00,126,18.68,-109.47,984.3,54.4,66.29597291839667,195.69726624892732,207.44595331682928,183.25223628711075,201.895863082348,78.93546181768899,70.39186801078276,53.98075486739141,62.383223192330746,0.0,0.0,0.0,0.0
2026-09-27,EP902026,17,2026-10-02 12:00:00,5 days 12:00:00,132,19.0,-109.81,989.0,51.8,108.8497062215315,201.2647731743909,211.1206299487103,150.10616274223503,167.35717124742678,108.8497062215315,35.041598874400734,19.154451930843493,29.420070301763303,0.0,0.0,0.0,0.0
2026-09-27,EP902026,17,2026-10-02 18:00:00,5 days 18:00:00,138,19.22,-110.06,990.7,52.0,107.08970214554256,148.48563777439824,146.50838091642265,98.39972778877076,92.4622665219104,107.08970214554256,16.29398396464711,9.760986393657191,11.269844736374123,0.0,0.0,0.0,0.0
2026-09-27,EP902026,17,2026-10-03 00:00:00,6 days 00:00:00,144,19.41,-110.25,987.0,53.6,69.34538998462091,193.6684369942936,194.6717171347212,128.45415371903945,141.5124764221924,69.34538998462091,31.21525836247093,17.115732385833674,19.6364439019674,0.0,0.0,0.0,0.0
2026-09-27,EP902026,17,2026-10-03 06:00:00,6 days 06:00:00,150,19.85,-110.45,987.7,58.9,84.8615908698557,219.11829972613936,221.2016703677155,153.9587506197992,162.5566230328434,84.8615908698557,28.833562644028788,14.969379606777386,20.593688013868267,0.0,0.0,0.0,0.0
2026-09-27,EP902026,17,2026-10-03 12:00:00,6 days 12:00:00,156,19.96,-110.64,981.4,68.3,18.655417817946088,142.97618172992355,151.45117559932802,119.800555977368,111.39419762012912,52.76127742215655,44.06020094100215,23.95505642496014,36.03109440226313,18.655417817946088,1.0655130517621123,0.3421776103379779,2.434741816070827
2026-09-27,EP902026,17,2026-10-03 18:00:00,6 days 18:00:00,162,20.15,-111.16,986.4,58.3,20.41828332791617,186.5596411527305,182.72352918519465,121.7211444719623,160.6813917206855,74.42464537926165,60.80431324364526,38.72897309167221,56.498191708831264,0.0,0.0,0.0,0.0
2026-09-27,EP902026,17,2026-10-04 00:00:00,7 days 00:00:00,168,20.21,-111.42,973.6,77.1,32.28438356379833,161.64306629403478,175.86695567151114,115.59728689717996,123.89561476013267,82.96758561771222,71.56303217493996,46.81618649754341,62.91821733106281,32.28438356379833,16.34443631000622,11.699412730094732,17.793753113809597
2026-09-27,EP902026,17,2026-10-04 06:00:00,7 days 06:00:00,174,20.05,-112.13,969.8,87.1,10.26838241357582,196.6828030966412,177.22609432657612,152.072589641145,198.73560643877917,104.15106773636222,85.48422385129965,63.0230402085493,92.462541244646,49.56819590511202,39.216138646952544,33.89721381072997,44.43064817123788
2026-09-27,EP902026,17,2026-10-04 12:00:00,7 days 12:00:00,180,20.22,-112.64,973.7,83.4,6.31950282433716,145.3326785760932,135.4638662460106,111.28181816885134,124.5920030962782,66.06525477720415,52.29153908855022,42.93515010764887,58.771937536543845,25.203603349169548,20.826995359341275,15.983826400660096,22.6683120759206
2026-09-27,EP902026,17,2026-10-04 18:00:00,7 days 18:00:00,186,20.41,-113.1,975.0,77.6,27.624515502871503,132.28426655381645,139.18621058458348,132.4536407736365,151.00129112019818,83.92968436014507,69.88141971182986,54.92181662915905,67.25641094627531,47.10231689288837,40.14665880174026,32.8968647735251,40.69909434009884
2026-09-27,EP902026,17,2026-10-05 00:00:00,8 days 00:00:00,192,20.58,-113.85,982.1,68.9,7.526288049574227,146.77778434226295,159.26264586752762,116.08465336909843,133.03494822822438,79.31145305491074,63.30215927990848,37.77182770897272,58.01600068461538,11.6730162406867,7.42578249360495,3.142360302870697,8.480603910418221
2026-09-27,EP902026,17,2026-10-05 06:00:00,8 days 06:00:00,198,20.4,-114.82,981.3,74.0,24.479327847007376,192.9848972153752,151.79227666801674,126.4124253170844,189.8948035984798,94.122454492002,76.89967764478851,57.33036257538055,79.22290489395147,27.804028845513123,20.228859790511507,16.494257454959925,24.94717227501356
2026-09-27,EP902026,17,2026-10-05 12:00:00,8 days 12:00:00,204,20.43,-115.8,969.1,88.9,11.439883517988545,160.17574507938832,144.47528464933208,121.86746932431272,148.9795529470814,69.34209395162165,59.12678811180848,50.76263887491071,66.47137540120143,39.7104638287084,33.83894522541803,29.91258967780413,35.688804643089455
2026-09-27,EP902026,17,2026-10-05 18:00:00,8 days 18:00:00,210,20.31,-116.78,964.8,92.6,20.5792456829306,220.11321400840083,185.4279906711434,188.6145876994412,237.328481231704,118.20565097682456,102.65742688599846,83.73827159656963,107.65225173923372,77.00376136131851,69.30601197284889,57.27586395451315,67.90867694263333
2026-09-27,EP902026,17,2026-10-06 00:00:00,9 days 00:00:00,216,20.43,-117.65,962.3,93.5,18.36097988456052,195.18510854669,190.94581411133524,143.61606340637758,199.700809806884,103.9681412222663,85.67707518489314,67.34297612493529,88.9778036952076,63.41022643383699,54.93744411617681,44.74962153201914,55.972412148036696
2026-09-27,EP902026,17,2026-10-06 06:00:00,9 days 06:00:00,222,20.45,-118.25,963.6,91.9,10.428943247058864,114.65415944853972,113.3452005489644,103.0465145143948,124.41390763385655,59.71338224610593,40.42242052521074,37.63185236306972,53.07033583590288,43.8025421101853,32.801588500059594,28.11404635072876,40.948625767056086
2026-09-27,EP902026,17,2026-10-06 12:00:00,9 days 12:00:00,228,20.54,-118.83,968.4,86.5,4.805117142752353,172.17458859954297,128.3725875056012,120.08040264853754,183.22987159662307,71.15300563011081,49.74292621839349,39.6119897147832,72.65260974464391,36.382682594084166,28.75073068342615,24.35570306965985,34.82597705116186
2026-09-27,EP902026,17,2026-10-06 18:00:00,9 days 18:00:00,234,20.63,-119.86,960.3,92.0,28.461743031617598,180.50005748590544,154.71913277369407,162.237176130406,190.56670934739523,94.25230166654576,83.29104720823072,70.39832249578821,90.86636810154616,46.8462350475188,36.29096296763637,30.77076682199445,41.11909066602715
2026-09-27,EP902026,17,2026-10-07 00:00:00,10 days 00:00:00,240,20.79,-120.64,977.5,71.1,7.794636958380707,138.74644985864626,143.94685457405637,117.04650799445238,120.82033704802616,81.13146753718068,75.60960877556778,59.271891807950354,72.51556612959311,39.27572826861351,33.48011753465363,29.14777698222113,36.594452468582105
2026-09-27,EP902026,17,2026-10-07 06:00:00,10 days 06:00:00,246,21.01,-121.43,979.4,72.9,25.727991742065875,166.70600876212308,152.46251736056038,110.40400720309988,126.47876583266618,76.15757729329039,59.76687846365856,41.774990345862975,59.32465343030167,28.884903120590455,23.1072751800952,16.788736221781505,25.892953588033954
2026-09-27,EP902026,17,2026-10-07 12:00:00,10 days 12:00:00,252,21.3,-122.33,980.2,68.3,36.72487213147106,220.86981524694383,185.07770275535265,140.01100166534616,203.5891691690285,101.34521871695848,83.07239594614404,62.19978442696348,86.23151365785691,44.62821094157324,35.36120704811833,27.290753858582427,36.60141203381277
2026-09-27,EP902026,17,2026-10-07 18:00:00,10 days 18:00:00,258,21.52,-123.42,989.2,56.7,24.863030142548524,152.83450358381432,122.547676531948,63.88088071525782,125.04405870466452,85.19740747577097,65.0346069990774,41.26871546376259,64.36512978219135,0.0,0.0,0.0,0.0
2026-09-27,EP902026,17,2026-10-08 00:00:00,11 days 00:00:00,264,22.08,-124.72,994.6,52.0,29.00929171606099,191.99108506006436,142.3183491553449,83.66882095346745,152.33809166186575,58.65937868831118,41.72828151967477,26.53638439290217,42.99583522446507,0.0,0.0,0.0,0.0
2026-09-27,EP902026,17,2026-10-08 06:00:00,11 days 06:00:00,270,22.28,-126.18,999.0,43.1,61.20373411355124,247.87364526176876,192.9709359747245,142.66538368523328,219.9126235764313,0.0,0.0,0.0,0.0,0.0,0.0,0.0,0.0
2026-09-27,EP902026,17,2026-10-08 12:00:00,11 days 12:00:00,276,22.96,-127.58,999.8,35.4,107.54264423186842,114.20679838020644,83.26869375554796,52.07219783506538,95.03213685959574,0.0,0.0,0.0,0.0,0.0,0.0,0.0,0.0
2026-09-27,EP902026,17,2026-10-08 18:00:00,11 days 18:00:00,282,23.58,-129.3,1001.1,38.9,93.78953700689917,201.26839880793565,127.27791648596389,101.68281098841682,163.81930748940255,0.0,0.0,0.0,0.0,0.0,0.0,0.0,0.0
2026-09-27,EP902026,17,2026-10-09 00:00:00,12 days 00:00:00,288,23.69,-130.63,1001.2,33.9,77.07016944173407,0.0,0.0,0.0,0.0,0.0,0.0,0.0,0.0,0.0,0.0,0.0,0.0
2026-09-27,EP902026,17,2026-10-09 06:00:00,12 days 06:00:00,294,24.21,-132.16,1001.0,39.7,97.48071691934985,97.48071691934985,30.54624641675563,27.07453602890844,42.18447255117218,0.0,0.0,0.0,0.0,0.0,0.0,0.0,0.0
2026-09-27,EP902026,17,2026-10-09 12:00:00,12 days 12:00:00,300,24.67,-133.43,1002.9,36.8,128.60261867104217,193.58136263899917,123.37880249966103,96.0131026360211,139.59398180544898,0.0,0.0,0.0,0.0,0.0,0.0,0.0,0.0
2026-09-27,EP902026,17,2026-10-09 18:00:00,12 days 18:00:00,306,25.08,-134.78,998.4,39.2,120.67946474132958,124.46043034617054,96.60030762708732,60.37967040111177,89.06005448844594,0.0,0.0,0.0,0.0,0.0,0.0,0.0,0.0
2026-09-27,EP902026,17,2026-10-10 00:00:00,13 days 00:00:00,312,25.48,-135.34,1000.8,33.7,170.012485738112,0.0,0.0,0.0,0.0,0.0,0.0,0.0,0.0,0.0,0.0,0.0,0.0
2026-09-27,EP902026,17,2026-10-10 06:00:00,13 days 06:00:00,318,25.61,-135.97,1004.9,27.9,125.87418227539553,0.0,0.0,0.0,0.0,0.0,0.0,0.0,0.0,0.0,0.0,0.0,0.0
2026-09-27,EP902026,17,2026-10-10 12:00:00,13 days 12:00:00,324,26.34,-135.97,1001.7,30.5,116.94308086267664,0.0,0.0,0.0,0.0,0.0,0.0,0.0,0.0,0.0,0.0,0.0,0.0
2026-09-27,WP252026,17,2026-09-27 00:00:00,0 days 00:00:00,0,24.6,127.6,964.0,89.0,22.0,102.0,121.0,102.0,93.0,,,,,,,,
2026-09-27,WP252026,17,2026-09-27 06:00:00,0 days 06:00:00,6,25.29,128.24,949.2,111.2,13.564917480145148,131.96812353299146,166.75342037070595,123.46009437330378,93.86733076337782,87.94549268604982,99.6013312476896,74.11579365757476,63.58436632863526,47.40091513183058,51.32392200280923,42.91215453902149,39.40152580678066
2026-09-27,WP252026,17,2026-09-27 12:00:00,0 days 12:00:00,12,25.77,129.22,943.8,116.4,27.34081488483985,69.56715825871942,162.39016877782328,137.84032854277513,45.64394390683415,55.07222529861244,79.98998533022623,65.98234121642133,36.78689602124943,33.373236838176645,38.48052458022662,33.69946730237835,26.980394189713547
2026-09-27,WP252026,17,2026-09-27 18:00:00,0 days 18:00:00,18,26.51,130.12,948.4,109.6,26.12665761237291,107.48850893895266,165.20767666925298,132.20135187359242,60.3519071789523,60.89272219858243,64.60524642564215,51.32201576826705,44.4352158259326,35.54562129104649,33.85063359413029,27.886775408254486,30.39024711846344
2026-09-27,WP252026,17,2026-09-28 00:00:00,1 days 00:00:00,24,27.01,130.84,963.2,92.9,0.0,91.39423083610362,110.2111769819374,103.07445893795884,84.9482324618786,62.078284052426895,70.58599124083301,55.72100068684949,49.9573191195381,34.411715204408694,36.76166537496407,30.51060631276215,27.96719470617758
2026-09-27,WP252026,17,2026-09-28 06:00:00,1 days 06:00:00,30,27.42,131.81,956.5,96.9,10.764962531276993,128.1693950982538,191.8644191939824,133.42278676424743,87.75137421061947,71.87995743709669,81.21442126556684,59.65698102186241,54.5257809025764,32.725151249036074,34.80698441312762,32.12420139416915,27.90925482592018
2026-09-27,WP252026,17,2026-09-28 12:00:00,1 days 12:00:00,36,27.82,132.59,983.7,71.1,46.78500961614724,115.19825089937632,129.0739294521327,145.41935158450158,141.55079719560177,65.70032969064103,77.05449188520492,64.69685203939146,63.13720824777941,39.10972478873267,46.78500961614724,34.155860693754846,33.69027179668856
2026-09-27,WP252026,17,2026-09-28 18:00:00,1 days 18:00:00,42,28.33,133.41,989.4,57.6,25.05137509896162,114.4117480837508,154.52076102509773,107.88188737169187,84.31575253969697,86.41524075073642,84.69064805554348,57.16733789155971,61.6192579834823,0.0,0.0,0.0,0.0
2026-09-27,WP252026,17,2026-09-29 00:00:00,2 days 00:00:00,48,28.92,134.01,993.4,49.8,56.66331238143841,139.95978122015103,174.61247937977532,109.60573335517492,88.68154038173864,0.0,0.0,0.0,0.0,0.0,0.0,0.0,0.0
2026-09-27,WP252026,17,2026-09-29 06:00:00,2 days 06:00:00,54,29.48,135.05,995.1,44.9,69.74498290349473,114.4679196842834,151.17371841658178,104.6095635329558,74.45357451258175,0.0,0.0,0.0,0.0,0.0,0.0,0.0,0.0
2026-09-27,WP252026,17,2026-09-29 12:00:00,2 days 12:00:00,60,29.75,135.74,994.5,42.0,61.56412567268647,127.01168769290044,147.04316597707293,125.19829729125934,94.60631880026156,0.0,0.0,0.0,0.0,0.0,0.0,0.0,0.0
2026-09-27,WP252026,17,2026-09-29 18:00:00,2 days 18:00:00,66,30.13,136.87,995.7,42.6,81.80940447479819,170.18845100945325,232.1273235841408,159.92897423621915,120.43397968129932,0.0,0.0,0.0,0.0,0.0,0.0,0.0,0.0
2026-09-27,WP252026,17,2026-09-30 00:00:00,3 days 00:00:00,72,30.71,137.72,996.5,44.9,47.47574121410707,154.6216729548297,169.27683148486824,113.49780277637358,116.13106475891988,0.0,0.0,0.0,0.0,0.0,0.0,0.0,0.0
2026-09-27,WP252026,17,2026-09-30 06:00:00,3 days 06:00:00,78,30.76,138.75,997.3,42.3,58.94666515302656,105.31863961468224,161.489382161241,146.4922885389723,104.9833901563913,0.0,0.0,0.0,0.0,0.0,0.0,0.0,0.0
2026-09-27,WP252026,17,2026-09-30 12:00:00,3 days 12:00:00,84,31.32,140.33,998.6,36.2,90.49700538219103,46.143904508462136,90.49700538219103,37.16652198728931,31.82179812428862,0.0,0.0,0.0,0.0,0.0,0.0,0.0,0.0
2026-09-27,WP252026,17,2026-09-30 18:00:00,3 days 18:00:00,90,32.05,140.99,997.4,33.6,83.32259484392239,0.0,0.0,0.0,0.0,0.0,0.0,0.0,0.0,0.0,0.0,0.0,0.0
2026-09-27,WP252026,17,2026-10-01 00:00:00,4 days 00:00:00,96,32.68,142.05,1002.8,34.8,41.92846225485684,29.471982164528505,41.92846225485684,2.896898768940437,3.7505916592801487,0.0,0.0,0.0,0.0,0.0,0.0,0.0,0.0
2026-09-27,WP252026,17,2026-10-01 06:00:00,4 days 06:00:00,102,33.4,143.39,1000.4,30.7,64.67539447530915,0.0,0.0,0.0,0.0,0.0,0.0,0.0,0.0,0.0,0.0,0.0,0.0
2026-09-27,WP252026,17,2026-10-01 12:00:00,4 days 12:00:00,108,34.33,145.06,998.6,33.9,120.43170882668652,0.0,0.0,0.0,0.0,0.0,0.0,0.0,0.0,0.0,0.0,0.0,0.0
2026-09-27,WP252026,17,2026-10-01 18:00:00,4 days 18:00:00,114,35.26,146.75,1002.2,34.4,80.39121313338049,10.987075268450528,80.39121313338049,10.804558413572662,0.0,0.0,0.0,0.0,0.0,0.0,0.0,0.0,0.0
2026-09-27,WP252026,17,2026-10-02 00:00:00,5 days 00:00:00,120,36.87,150.31,1004.7,32.6,110.3250304882398,0.0,0.0,0.0,0.0,0.0,0.0,0.0,0.0,0.0,0.0,0.0,0.0
2026-09-27,AL062026,18,2026-09-27 00:00:00,0 days 00:00:00,0,29.8,-43.9,1010.0,29.0,56.0,0.0,0.0,0.0,0.0,0.0,0.0,0.0,0.0,0.0,0.0,0.0,0.0
2026-09-27,AL062026,18,2026-09-27 06:00:00,0 days 06:00:00,6,29.41,-44.19,1007.4,27.1,53.78789988567565,0.0,0.0,0.0,0.0,0.0,0.0,0.0,0.0,0.0,0.0,0.0,0.0
2026-09-27,AL062026,18,2026-09-27 12:00:00,0 days 12:00:00,12,29.32,-44.17,1009.1,25.0,118.53163810203432,0.0,0.0,0.0,0.0,0.0,0.0,0.0,0.0,0.0,0.0,0.0,0.0
2026-09-27,AL062026,18,2026-09-27 18:00:00,0 days 18:00:00,18,29.21,-44.09,1012.2,25.0,139.93859623098535,0.0,0.0,0.0,0.0,0.0,0.0,0.0,0.0,0.0,0.0,0.0,0.0
2026-09-27,AL062026,18,2026-09-28 00:00:00,1 days 00:00:00,24,28.45,-43.96,1011.7,21.7,124.85222097039173,0.0,0.0,0.0,0.0,0.0,0.0,0.0,0.0,0.0,0.0,0.0,0.0
2026-09-27,AL062026,18,2026-09-28 06:00:00,1 days 06:00:00,30,27.66,-44.13,1012.6,23.0,54.66924452544065,0.0,0.0,0.0,0.0,0.0,0.0,0.0,0.0,0.0,0.0,0.0,0.0
2026-09-27,AL062026,18,2026-09-28 12:00:00,1 days 12:00:00,36,27.46,-44.26,1013.3,27.0,176.9400474784931,0.0,0.0,0.0,0.0,0.0,0.0,0.0,0.0,0.0,0.0,0.0,0.0
2026-09-27,EP152026,18,2026-09-27 00:00:00,0 days 00:00:00,0,16.7,-156.1,972.0,80.0,37.0,241.0,185.0,185.0,241.0,93.0,74.0,93.0,111.0,56.0,46.0,56.0,56.0
2026-09-27,EP152026,18,2026-09-27 06:00:00,0 days 06:00:00,6,16.61,-156.84,969.5,88.4,21.66973689524879,227.030116529582,174.04020516482694,187.3450053289523,240.4686158545885,98.46004419576524,93.65769461417938,84.5956425499686,101.64805254881324,66.52378160160421,59.399027735646754,52.943202360262745,60.71210567476365
2026-09-27,EP152026,18,2026-09-27 12:00:00,0 days 12:00:00,12,16.26,-157.62,962.8,102.8,35.2341478422365,168.3108649021102,122.24011598440462,149.57050006569142,196.04077382937956,87.57703071981064,70.22047613579656,73.96980460304083,91.26413547170804,54.35186567918569,46.580609492975405,41.8206475262085,52.23653349885828
2026-09-27,EP152026,18,2026-09-27 18:00:00,0 days 18:00:00,18,15.97,-158.67,946.1,115.0,18.35166682738381,151.03123372512025,95.77885352084868,116.942146485163,159.26508812616046,78.5185472069202,58.48798907526559,62.36546811103916,85.10451875734542,45.27896362453193,35.652713083975286,31.462830264853476,42.7416042932115
2026-09-27,EP152026,18,2026-09-28 00:00:00,1 days 00:00:00,24,15.98,-159.47,942.4,115.9,42.95837609849585,174.58287922316725,150.6714631704827,147.5103883145196,187.99202803919025,85.20504012600092,74.88682846857424,72.8949358205943,89.89897094537162,59.884480226862834,51.8972457688845,43.10188878002543,56.06123678028939
2026-09-27,EP152026,18,2026-09-28 06:00:00,1 days 06:00:00,30,16.3,-160.74,949.2,116.3,22.01337084240509,237.13715677301093,149.3435279714722,160.4175642892435,241.06348000018988,98.55619274403648,59.87811025232827,57.60346402404065,95.6569184676024,45.95437610714106,35.31625502949174,31.945580648020723,45.44686854431984
2026-09-27,EP152026,18,2026-09-28 12:00:00,1 days 12:00:00,36,17.15,-162.2,979.8,72.7,27.240745430169625,173.94282136717902,132.0203390573613,98.93538732448962,149.16252025028075,76.26406507480226,52.99161655777027,34.673755111076844,62.91150828673142,29.33796731284059,21.39876947274205,15.091992198582858,24.16757791518796
2026-09-27,EP152026,18,2026-09-28 18:00:00,1 days 18:00:00,42,17.86,-163.02,984.6,75.9,22.551238210060006,167.8515769319622,145.83442756346315,90.99555866342544,109.74690644169404,80.57811370385764,65.13623875713078,38.61750102240212,62.5957184709626,33.83200576980123,25.43451561197343,17.37431823303585,25.79340536997869
2026-09-27,EP152026,18,2026-09-29 00:00:00,2 days 00:00:00,48,19.06,-163.58,970.4,94.4,13.734995392526368,187.15454300895547,135.04909046734704,79.42461626207309,131.98482862893025,92.28032457850824,67.33565455861554,40.381211155680695,68.48122643595092,41.45222823199579,32.18794472565811,21.173984894427697,32.568995947426586
2026-09-27,EP152026,18,2026-09-29 06:00:00,2 days 06:00:00,54,20.14,-163.84,974.2,82.3,24.128775347793717,203.39672166366117,152.89965264710492,110.71933305501112,157.17903522672668,98.8678897302681,76.77820411437975,50.75954928715469,72.63648693318852,42.34785760934843,35.34481726599394,25.39493494706635,33.257535703494604
2026-09-27,EP152026,18,2026-09-29 12:00:00,2 days 12:00:00,60,21.06,-164.0,978.7,75.9,33.86232901647777,169.58485125317884,136.20869237268548,84.17522460816721,128.74881933412968,87.28130655022571,65.3158822980475,39.328223085649206,64.85460799871557,42.21604663553484,35.08409167280337,23.03515772472817,33.91127338560763
2026-09-27,EP152026,18,2026-09-29 18:00:00,2 days 18:00:00,66,21.98,-164.06,980.2,68.8,11.289987414419258,251.5577392138396,189.26448413913607,119.32827905898566,183.4063101650139,125.50459925375168,90.48865217034418,59.007910142553925,94.664162621531,62.5605404090356,50.58038091040716,35.83776757753007,50.07842464242907
2026-09-27,EP152026,18,2026-09-30 00:00:00,3 days 00:00:00,72,22.52,-163.8,982.6,65.6,28.061298298892368,184.86612789710767,120.42752643039351,84.99765792976457,137.88832490642173,94.72446310196528,75.39107146271016,50.76124179616156,75.35651153391751,28.061298298892368,11.362009474000413,4.446526660443749,11.449731504748748
2026-09-27,EP152026,18,2026-09-30 06:00:00,3 days 06:00:00,78,22.94,-164.01,992.5,49.8,36.57222304895673,214.831113042259,186.62248293122792,150.3843493777699,161.36905956265187,0.0,0.0,0.0,0.0,0.0,0.0,0.0,0.0
2026-09-27,EP152026,18,2026-09-30 12:00:00,3 days 12:00:00,84,22.77,-163.74,996.5,47.5,71.09352867381882,137.8102758505816,118.04700343851135,116.19966025816932,114.97615831777586,0.0,0.0,0.0,0.0,0.0,0.0,0.0,0.0
2026-09-27,EP152026,18,2026-09-30 18:00:00,3 days 18:00:00,90,22.29,-163.64,995.5,45.5,88.23478092494952,169.08754140655765,148.16464698787058,130.20896724504018,150.68325261087193,0.0,0.0,0.0,0.0,0.0,0.0,0.0,0.0
2026-09-27,EP152026,18,2026-10-01 00:00:00,4 days 00:00:00,96,22.09,-163.39,993.2,48.4,105.34196916148538,236.13013669046768,227.5101568785001,195.78357108035507,221.9551064847914,0.0,0.0,0.0,0.0,0.0,0.0,0.0,0.0
2026-09-27,EP152026,18,2026-10-01 06:00:00,4 days 06:00:00,102,21.74,-163.67,993.1,43.4,102.92196147834048,186.44921287834077,170.0276264538645,175.37057752703652,183.10088685221865,0.0,0.0,0.0,0.0,0.0,0.0,0.0,0.0
2026-09-27,EP152026,18,2026-10-01 12:00:00,4 days 12:00:00,108,21.8,-163.93,996.1,38.8,148.94340394868027,276.56836976033924,232.02375453805257,207.37789876067768,245.6435523068908,0.0,0.0,0.0,0.0,0.0,0.0,0.0,0.0
2026-09-27,EP152026,18,2026-10-01 18:00:00,4 days 18:00:00,114,21.59,-164.54,1000.3,35.6,61.16550853111808,143.1256952704064,84.57347606481923,91.91222281371668,129.7588426887582,0.0,0.0,0.0,0.0,0.0,0.0,0.0,0.0
2026-09-27,EP152026,18,2026-10-02 00:00:00,5 days 00:00:00,120,21.92,-164.94,993.9,40.5,110.28729150928665,110.28729150928665,58.91020910170013,50.73643760375043,62.29295630987576,0.0,0.0,0.0,0.0,0.0,0.0,0.0,0.0
2026-09-27,EP152026,18,2026-10-02 06:00:00,5 days 06:00:00,126,22.11,-165.38,997.4,40.0,98.3734089385356,170.77330210541913,143.29333306232752,102.15503690736102,138.6749319879557,0.0,0.0,0.0,0.0,0.0,0.0,0.0,0.0
2026-09-27,EP152026,18,2026-10-02 12:00:00,5 days 12:00:00,132,22.43,-166.24,994.4,45.2,117.37366166072916,245.7904707841718,172.66138448891792,130.8463434780747,206.93331237495568,0.0,0.0,0.0,0.0,0.0,0.0,0.0,0.0
2026-09-27,EP152026,18,2026-10-02 18:00:00,5 days 18:00:00,138,22.56,-166.82,994.0,46.5,92.84621728803997,171.67463233847047,114.66624044202264,86.72388329555042,140.9869607960727,0.0,0.0,0.0,0.0,0.0,0.0,0.0,0.0
2026-09-27,EP152026,18,2026-10-03 00:00:00,6 days 00:00:00,144,22.63,-167.51,996.0,43.9,79.42296338467017,120.06953108945456,81.90905582775785,67.90201817711767,101.71378128154755,0.0,0.0,0.0,0.0,0.0,0.0,0.0,0.0
2026-09-27,EP152026,18,2026-10-03 06:00:00,6 days 06:00:00,150,22.81,-168.78,990.7,57.2,54.53820029690635,249.52176932245624,172.10660139254858,118.26622384488545,215.5158324460321,54.53820029690635,20.557876514507377,8.83753700504376,22.64372410925796,0.0,0.0,0.0,0.0
2026-09-27,EP152026,18,2026-10-03 12:00:00,6 days 12:00:00,156,22.54,-170.1,990.9,56.3,38.34784611447246,227.0398154424941,147.97474317159066,87.60594862282942,206.10699549986705,73.82541073464704,53.07889523387029,33.75333185776738,56.5577954976429,0.0,0.0,0.0,0.0
2026-09-27,EP152026,18,2026-10-03 18:00:00,6 days 18:00:00,162,22.36,-171.95,990.9,54.0,43.68730881575104,165.55291183465852,109.01168434278388,79.60672799336558,140.026100195869,43.68730881575104,12.092761571087106,8.003169475202569,13.453790282950878,0.0,0.0,0.0,0.0
2026-09-27,EP152026,18,2026-10-04 00:00:00,7 days 00:00:00,168,22.38,-173.65,987.1,62.7,12.970622014349836,171.41562944447503,122.92423759093238,81.635106409945,171.97991489133574,91.97560692306013,69.72260461443935,47.23803558831774,76.55389455944447,0.0,0.0,0.0,0.0
2026-09-27,EP152026,18,2026-10-04 06:00:00,7 days 06:00:00,174,22.84,-176.05,983.9,73.4,31.52454387457762,250.5978331362072,162.18873535071515,113.88673929974338,219.8981476340383,106.42790569507174,74.27115280305046,50.15815016857867,89.54738700876277,39.65830802497951,27.736564070206377,18.7315644434863,31.40657313873941
2026-09-27,EP152026,18,2026-10-04 12:00:00,7 days 12:00:00,180,23.32,-177.87,972.5,88.0,24.236978319540604,258.9179210305666,197.81494290776465,165.80953444197118,237.4833738786413,128.41274999712874,98.841461521834,72.31498540960607,112.68549196172776,73.43378053874417,57.49440254995609,46.16630269427122,63.13168479265153
2026-09-27,EP152026,18,2026-10-04 18:00:00,7 days 18:00:00,186,23.85,-179.94,968.6,92.9,8.504570971456893,237.1784449068439,186.79034902073263,125.30301500869608,187.45845818607245,107.023668690853,80.73867631213079,52.66387662962706,89.6849004267659,63.79566027636401,50.65510220302368,38.07598909446133,53.2812097141116
2026-09-27,EP152026,18,2026-10-05 00:00:00,8 days 00:00:00,192,24.35,178.08,955.8,107.7,16.18471878182847,222.62638794788984,165.97871396433956,149.87533483211388,212.1650004580085,116.4824075744894,89.24546695648269,67.23955720196412,99.24663333021716,74.49518505657427,61.54853561549217,46.13828422655926,64.02317711967726
2026-09-27,EP152026,18,2026-10-05 06:00:00,8 days 06:00:00,198,24.98,176.59,948.7,113.2,17.69524479619129,288.67894123313533,229.69410912837648,112.04306889739776,202.67235784560745,149.36616565924666,110.81978944285169,66.1417123849472,108.881903229544,71.28783367369816,57.38764103289958,41.27853101347896,61.43846184118536
2026-09-27,EP152026,18,2026-10-05 12:00:00,8 days 12:00:00,204,25.48,175.06,961.2,99.6,20.682110372213288,240.3039738611846,190.95015815238327,132.01807175573984,205.7465053004261,134.94029063337695,101.20782549330583,67.82611083600398,108.9357198024054,76.81389776947745,59.47896879734903,45.14139207411718,65.72596843677971
2026-09-27,EP152026,18,2026-10-05 18:00:00,8 days 18:00:00,210,25.69,173.43,958.8,102.5,46.59417540694309,315.64037004515734,216.8839748305544,157.7705398380188,245.9928588053644,160.2228755582999,121.4825962313713,86.72152470886374,138.46493827677477,90.18811661206874,72.22320777678516,55.16299451871278,78.62976608096501
2026-09-27,EP152026,18,2026-10-06 00:00:00,9 days 00:00:00,216,25.66,171.77,952.0,116.4,31.736374477952708,237.41144706694195,149.39867824987982,147.2769030167363,227.8259189943701,129.13742072646858,90.85123602164408,69.20679828298833,112.77497824234057,73.87207447632792,58.24670510707101,43.578924048500696,66.35863033211822
2026-09-27,EP152026,18,2026-10-06 06:00:00,9 days 06:00:00,222,26.21,170.04,960.4,97.7,33.72760914830663,282.7398008523126,199.0739931498948,130.12886042691156,252.01401577990575,118.45204102630214,87.66524288614234,57.04840825960248,99.44342511785231,64.76788163241841,51.3993431673941,38.05902819907181,58.37940802550408
2026-09-27,EP152026,18,2026-10-06 12:00:00,9 days 12:00:00,228,26.67,167.94,958.9,95.1,46.48966557377079,302.95300260126464,263.8047210814129,185.2154623655911,254.82693690456404,155.44944259077596,128.22942881656982,88.78815767908512,125.1915716438066,78.49799055600917,64.64533190201614,49.571274829175465,68.4952225777775
2026-09-27,EP152026,18,2026-10-06 18:00:00,9 days 18:00:00,234,27.15,166.13,968.3,89.5,23.28062103742904,254.5669263243824,208.43688900430217,167.00921303893887,231.5873343841906,154.55201149402862,125.95982926496973,85.80453834177158,126.72913150673652,82.72065327270036,70.17414764109475,53.36412939997561,72.75365816763698
2026-09-27,EP152026,18,2026-10-07 00:00:00,10 days 00:00:00,240,27.41,164.42,964.0,92.2,42.561035262466135,247.2742508699837,210.4293647243134,173.19197295310275,236.2695352204879,111.7455494225392,94.4111634743913,70.57901234235071,101.48981460610744,64.85979135989098,53.422676373703965,40.66438078513488,57.03215558139068
2026-09-27,EP152026,18,2026-10-07 06:00:00,10 days 06:00:00,246,27.41,163.01,963.7,90.7,18.238043858625744,247.1383082313589,202.601543928806,176.87425661544387,239.20913605804225,133.56186689929453,101.35574666462747,75.3794090113868,118.47849918166426,71.06307379687433,56.67840003258246,44.96518183056559,64.28224900758615
2026-09-27,EP152026,18,2026-10-07 12:00:00,10 days 12:00:00,252,27.5,161.68,960.1,90.3,46.49249152375164,292.91787143321017,243.78440950373627,211.83401915208347,246.3452946304769,155.28693010825765,134.77076877790185,114.79825043946516,144.70063144563926,88.40338718004304,78.55206287051128,63.877301298645264,80.62171151458324
2026-09-27,EP152026,18,2026-10-07 18:00:00,10 days 18:00:00,258,27.48,160.39,969.5,87.5,37.018384643596136,254.85741406298104,182.9621637887452,186.74597160320425,246.78688534008305,118.0905311104904,96.63047229611198,81.94971324975124,112.26694007424211,62.36619969052224,51.69693400816095,42.16535433714762,54.584076984109714
2026-09-27,EP152026,18,2026-10-08 00:00:00,11 days 00:00:00,264,27.49,159.57,971.7,77.2,34.15970028670142,219.66501620230656,174.56589826742947,141.53150050765385,167.3628163995195,104.6374394432487,82.30243066944854,64.55244161275118,90.79923723923524,62.02807628588971,50.31945377481213,40.84282222227285,53.24279079045505
2026-09-27,EP152026,18,2026-10-08 06:00:00,11 days 06:00:00,270,27.62,158.76,971.3,76.4,16.407975927997082,228.6972208073493,182.7656659868148,156.03774891017116,207.38548005863876,94.4248469056166,70.73474623432217,60.24313440705925,82.86789216832788,44.960308679128005,36.41553606666599,28.088704802276546,37.250923426679066
2026-09-27,EP152026,18,2026-10-08 12:00:00,11 days 12:00:00,276,27.37,158.01,981.2,63.5,29.337371526631983,159.9128407613528,124.17456713708908,112.89290023626666,159.35823418581575,80.15774395659514,60.0685997157816,51.17048714661352,64.85378483557594,0.0,0.0,0.0,0.0
2026-09-27,EP152026,18,2026-10-08 18:00:00,11 days 18:00:00,282,27.45,157.02,987.8,56.0,29.97039226717921,109.97406600910934,118.2873537322152,84.47524787611573,97.76666099751358,47.15742719471908,38.512578083940966,23.504966928785088,33.41437371160842,0.0,0.0,0.0,0.0
2026-09-27,EP152026,18,2026-10-09 00:00:00,12 days 00:00:00,288,27.58,156.07,995.6,44.0,67.07460094537421,171.8718291708096,120.246730374821,102.90552991272207,154.34184776304224,0.0,0.0,0.0,0.0,0.0,0.0,0.0,0.0
2026-09-27,EP152026,18,2026-10-09 06:00:00,12 days 06:00:00,294,28.22,155.41,997.9,38.0,67.83976414744131,67.83976414744131,11.987014815716805,5.072768694566939,17.493469244502833,0.0,0.0,0.0,0.0,0.0,0.0,0.0,0.0
2026-09-27,EP152026,18,2026-10-09 12:00:00,12 days 12:00:00,300,28.29,155.27,995.3,38.3,97.27968334738097,173.08775952328844,167.9044622106761,118.8185282109656,135.79452812803288,0.0,0.0,0.0,0.0,0.0,0.0,0.0,0.0
2026-09-27,EP152026,18,2026-10-09 18:00:00,12 days 18:00:00,306,28.67,154.89,996.8,31.0,53.18937347302024,0.0,0.0,0.0,0.0,0.0,0.0,0.0,0.0,0.0,0.0,0.0,0.0
2026-09-27,EP152026,18,2026-10-10 00:00:00,13 days 00:00:00,312,28.59,154.63,995.6,34.0,136.8339790139612,136.8339790139612,13.703738605802329,9.030487904781438,3.1222011756500194,0.0,0.0,0.0,0.0,0.0,0.0,0.0,0.0
2026-09-27,EP152026,18,2026-10-10 06:00:00,13 days 06:00:00,318,28.27,154.43,999.4,23.7,129.4783282835653,0.0,0.0,0.0,0.0,0.0,0.0,0.0,0.0,0.0,0.0,0.0,0.0
2026-09-27,EP152026,18,2026-10-10 12:00:00,13 days 12:00:00,324,27.91,154.44,999.6,32.7,122.21305475484336,0.0,0.0,0.0,0.0,0.0,0.0,0.0,0.0,0.0,0.0,0.0,0.0
2026-09-27,EP152026,18,2026-10-10 18:00:00,13 days 18:00:00,330,27.28,154.1,1001.3,27.5,68.81226211784414,0.0,0.0,0.0,0.0,0.0,0.0,0.0,0.0,0.0,0.0,0.0,0.0
2026-09-27,EP152026,18,2026-10-11 00:00:00,14 days 00:00:00,336,27.26,153.0,999.1,28.1,79.33231465868059,0.0,0.0,0.0,0.0,0.0,0.0,0.0,0.0,0.0,0.0,0.0,0.0
2026-09-27,EP152026,18,2026-10-11 06:00:00,14 days 06:00:00,342,27.06,151.79,998.6,29.1,92.10361345821524,0.0,0.0,0.0,0.0,0.0,0.0,0.0,0.0,0.0,0.0,0.0,0.0
2026-09-27,EP152026,18,2026-10-11 12:00:00,14 days 12:00:00,348,27.56,149.42,1003.4,24.2,98.7030093939206,0.0,0.0,0.0,0.0,0.0,0.0,0.0,0.0,0.0,0.0,0.0,0.0
2026-09-27,EP162026,18,2026-09-27 00:00:00,0 days 00:00:00,0,20.8,-123.6,975.0,76.0,28.0,167.0,167.0,148.0,185.0,93.0,74.0,74.0,93.0,65.0,46.0,37.0,56.0
2026-09-27,EP162026,18,2026-09-27 06:00:00,0 days 06:00:00,6,21.27,-123.22,992.7,51.6,9.71830837225463,173.50536036092612,156.7080123655417,116.77730009116311,200.2385377343544,83.89701325682736,70.6433061839459,45.7443717776348,77.90037863284279,0.0,0.0,0.0,0.0
2026-09-27,EP162026,18,2026-09-27 12:00:00,0 days 12:00:00,12,22.09,-123.16,1001.6,45.5,75.97263061671958,103.43540552664469,69.57215458373982,45.03653324005455,57.39917344783473,0.0,0.0,0.0,0.0,0.0,0.0,0.0,0.0
2026-09-27,EP162026,18,2026-09-27 18:00:00,0 days 18:00:00,18,22.52,-123.1,999.6,36.3,73.21905322762466,73.21905322762466,30.46127840906022,31.31158035267467,12.638249722136626,0.0,0.0,0.0,0.0,0.0,0.0,0.0,0.0
2026-09-27,EP162026,18,2026-09-28 00:00:00,1 days 00:00:00,24,22.72,-122.88,1001.2,28.6,53.49475902122926,0.0,0.0,0.0,0.0,0.0,0.0,0.0,0.0,0.0,0.0,0.0,0.0
2026-09-27,EP162026,18,2026-09-28 06:00:00,1 days 06:00:00,30,22.7,-122.76,1001.1,32.4,122.36914533906112,0.0,0.0,0.0,0.0,0.0,0.0,0.0,0.0,0.0,0.0,0.0,0.0
2026-09-27,EP162026,18,2026-09-28 12:00:00,1 days 12:00:00,36,22.44,-122.58,1001.8,25.8,87.05029934277752,0.0,0.0,0.0,0.0,0.0,0.0,0.0,0.0,0.0,0.0,0.0,0.0
2026-09-27,EP162026,18,2026-09-28 18:00:00,1 days 18:00:00,42,21.86,-122.07,1002.8,27.9,98.4668481266117,0.0,0.0,0.0,0.0,0.0,0.0,0.0,0.0,0.0,0.0,0.0,0.0
2026-09-27,EP162026,18,2026-09-29 00:00:00,2 days 00:00:00,48,21.25,-122.15,1003.4,23.7,81.1305471257543,0.0,0.0,0.0,0.0,0.0,0.0,0.0,0.0,0.0,0.0,0.0,0.0
2026-09-27,EP162026,18,2026-09-29 06:00:00,2 days 06:00:00,54,20.13,-122.03,1005.1,20.6,109.82981123623904,0.0,0.0,0.0,0.0,0.0,0.0,0.0,0.0,0.0,0.0,0.0,0.0
2026-09-27,EP162026,18,2026-09-29 12:00:00,2 days 12:00:00,60,19.75,-121.75,1008.0,21.5,98.17012298846316,0.0,0.0,0.0,0.0,0.0,0.0,0.0,0.0,0.0,0.0,0.0,0.0
2026-09-27,EP162026,18,2026-09-29 18:00:00,2 days 18:00:00,66,19.0,-121.28,1007.6,20.2,124.94456349780576,0.0,0.0,0.0,0.0,0.0,0.0,0.0,0.0,0.0,0.0,0.0,0.0
2026-09-27,EP162026,18,2026-09-30 00:00:00,3 days 00:00:00,72,18.31,-121.51,1006.1,19.1,79.89534657851202,0.0,0.0,0.0,0.0,0.0,0.0,0.0,0.0,0.0,0.0,0.0,0.0
2026-09-27,EP172026,18,2026-09-27 00:00:00,0 days 00:00:00,0,19.0,-112.9,946.0,111.0,28.0,259.0,185.0,167.0,185.0,111.0,111.0,93.0,93.0,65.0,65.0,46.0,56.0
2026-09-27,EP172026,18,2026-09-27 06:00:00,0 days 06:00:00,6,19.74,-113.21,949.6,112.3,17.962527391115703,191.799093530745,231.0558412005284,157.07054641880592,158.9078026128641,97.46314479715817,91.8460652101302,66.17198778440049,88.1784499236599,51.63124247377824,42.901954249402536,31.312967924805207,42.17157638289564
2026-09-27,EP172026,18,2026-09-27 12:00:00,0 days 12:00:00,12,20.66,-113.7,947.9,111.9,9.91332032003332,211.9207237944224,259.883106180968,181.51745064101704,171.83665674531048,115.92371804072118,117.3454220253724,84.43560172464284,87.88385930932444,66.97542687926814,62.3940246950967,48.35172222184914,57.1559335799124
2026-09-27,EP172026,18,2026-09-27 18:00:00,0 days 18:00:00,18,21.54,-114.27,944.5,109.5,13.020697974346705,160.19116077930946,172.72562758107588,146.5892810221002,145.88437352947597,85.15403530482263,78.24151606790208,55.27943945153559,65.67649902383951,61.67560537923144,54.30662499229507,42.41157100670689,50.485409405807786
2026-09-27,EP172026,18,2026-09-28 00:00:00,1 days 00:00:00,24,22.52,-114.16,941.3,116.6,22.41789744435667,189.1191877935296,211.6361867087761,113.8891785682738,119.13956890718411,78.93731201797408,81.7396285960416,52.6755075309359,47.71302419516627,37.30606754400026,34.77484119899873,26.90643711166345,29.379817351815504
2026-09-27,EP172026,18,2026-09-28 06:00:00,1 days 06:00:00,30,23.47,-113.77,932.9,129.8,12.021472607123584,228.05391327881415,285.2337980474807,202.34462153778625,178.85457807611866,96.12080839839568,104.51901219049655,73.50085028880022,74.62682738678618,48.95079764428258,47.93526519375061,39.54005762214181,43.63785342503476
2026-09-27,EP172026,18,2026-09-28 12:00:00,1 days 12:00:00,36,24.06,-113.65,949.0,106.6,2.4277398588639016,157.2351318250545,206.28346047941164,176.67100510275202,122.9914022246886,87.95616860240213,100.51212712195895,81.30068099168687,65.9417359803114,50.82368258727397,52.9300334262006,43.90749959400192,44.68031880155583
2026-09-27,EP172026,18,2026-09-28 18:00:00,1 days 18:00:00,42,24.94,-112.82,950.0,108.9,15.131903159163675,176.94527011640088,176.17911636556042,137.9298283268838,115.03692288436324,80.77511117915809,84.09874211957708,60.32137674407644,64.02814437400326,51.62704096309236,46.05995655523153,34.995294185813286,43.37132501851988
2026-09-27,EP172026,18,2026-09-29 00:00:00,2 days 00:00:00,48,25.76,-112.04,957.2,96.7,0.0,205.31046954361,212.51634912728505,142.29860212996388,159.83868561567743,92.31444699277594,90.5387318225282,63.13360700450178,62.21395478434658,61.86253907673801,59.69376100279384,46.52043404168573,49.76496401090313
2026-09-27,EP172026,18,2026-09-29 06:00:00,2 days 06:00:00,54,27.21,-111.01,975.3,78.2,55.43400105766286,138.62872717346357,166.8313305570205,97.5468693040814,100.85861346182384,74.12104381064503,86.92226835467115,58.10415901885149,43.92262569707082,30.628490399368133,55.43400105766286,22.75586605146981,22.64444938082566
2026-09-27,EP172026,18,2026-09-29 12:00:00,2 days 12:00:00,60,28.8,-109.97,992.1,40.6,26.066624392714992,74.33152831127853,64.53441401068747,29.6270534666535,15.160218653475528,0.0,0.0,0.0,0.0,0.0,0.0,0.0,0.0
2026-09-27,EP902026,18,2026-09-27 00:00:00,0 days 00:00:00,0,12.0,-98.6,1008.0,25.0,111.0,0.0,0.0,0.0,0.0,0.0,0.0,0.0,0.0,0.0,0.0,0.0,0.0
2026-09-27,EP902026,18,2026-09-27 06:00:00,0 days 06:00:00,6,12.08,-98.63,1005.7,23.7,91.29435081066129,0.0,0.0,0.0,0.0,0.0,0.0,0.0,0.0,0.0,0.0,0.0,0.0
2026-09-27,EP902026,18,2026-09-27 12:00:00,0 days 12:00:00,12,12.17,-98.8,1003.6,32.6,134.32244438809698,0.0,0.0,0.0,0.0,0.0,0.0,0.0,0.0,0.0,0.0,0.0,0.0
2026-09-27,EP902026,18,2026-09-27 18:00:00,0 days 18:00:00,18,12.24,-98.97,1008.5,30.4,65.81872209882637,0.0,0.0,0.0,0.0,0.0,0.0,0.0,0.0,0.0,0.0,0.0,0.0
2026-09-27,EP902026,18,2026-09-28 00:00:00,1 days 00:00:00,24,12.3,-99.6,1002.5,38.7,82.56036391637477,27.79806428809196,82.56036391637477,18.35641721125075,22.250603222132703,0.0,0.0,0.0,0.0,0.0,0.0,0.0,0.0
2026-09-27,EP902026,18,2026-09-28 06:00:00,1 days 06:00:00,30,12.81,-100.5,999.3,42.6,79.95613152496045,115.21067979217275,128.48793475779524,108.38196138446476,106.56471053216794,0.0,0.0,0.0,0.0,0.0,0.0,0.0,0.0
2026-09-27,EP902026,18,2026-09-28 12:00:00,1 days 12:00:00,36,13.1,-100.73,999.7,43.0,117.7947095201648,274.8475596948789,266.4225241541523,207.20870493193277,231.75548561756312,0.0,0.0,0.0,0.0,0.0,0.0,0.0,0.0
2026-09-27,EP902026,18,2026-09-28 18:00:00,1 days 18:00:00,42,13.67,-101.84,998.7,49.7,117.9116102477738,191.4406660526593,173.287047406339,120.83284193655996,141.48639421448792,0.0,0.0,0.0,0.0,0.0,0.0,0.0,0.0
2026-09-27,EP902026,18,2026-09-29 00:00:00,2 days 00:00:00,48,14.2,-103.04,998.2,50.6,67.44586830128273,253.47285163757775,193.0791792792377,119.51724936714128,203.94723177907667,74.15144789336924,61.10746871297204,40.799119388908935,55.87550341358843,0.0,0.0,0.0,0.0
2026-09-27,EP902026,18,2026-09-29 06:00:00,2 days 06:00:00,54,14.87,-104.19,999.5,50.0,89.3576061796681,342.9346038529364,278.8709641219092,217.80214438505112,306.47532486887553,0.0,0.0,0.0,0.0,0.0,0.0,0.0,0.0
2026-09-27,EP902026,18,2026-09-29 12:00:00,2 days 12:00:00,60,15.25,-104.98,994.4,49.3,83.392732326264,143.65861585021818,140.4251731802722,88.14514193637933,106.27079144608018,0.0,0.0,0.0,0.0,0.0,0.0,0.0,0.0
2026-09-27,EP902026,18,2026-09-29 18:00:00,2 days 18:00:00,66,16.0,-105.8,987.0,61.3,65.76535543693907,267.244314991229,234.15583289127608,199.91786632539677,245.02562465507367,173.41160763485527,149.18834545985726,113.37789475713124,143.82669755815812,0.0,0.0,0.0,0.0
2026-09-27,EP902026,18,2026-09-30 00:00:00,3 days 00:00:00,72,17.19,-106.48,989.4,58.2,60.92527675384035,244.00796090586792,227.1438153186486,153.9177475372213,192.31092455453356,134.51882853066584,117.52480225880744,83.53867705941957,106.14052011665184,0.0,0.0,0.0,0.0
2026-09-27,EP902026,18,2026-09-30 06:00:00,3 days 06:00:00,78,17.77,-107.26,985.9,64.7,40.68907223943327,197.40347304281815,179.65353317664534,108.60768919771547,131.87120332330548,52.92422130408708,47.70038575833332,28.438877681470444,35.281218836637706,40.68907223943327,0.0,0.0,0.0
2026-09-27,EP902026,18,2026-09-30 12:00:00,3 days 12:00:00,84,18.48,-107.98,978.4,74.0,41.0465303552819,163.6525367188948,190.83480482569632,132.10317076474428,100.34826935948396,71.99319951398041,71.95851494926939,49.701506393027366,51.20934290020614,41.0465303552819,19.5090513327799,15.193270492312688,17.142559782130483
2026-09-27,EP902026,18,2026-09-30 18:00:00,3 days 18:00:00,90,19.13,-108.65,984.0,66.0,35.961187239316146,150.88072424512825,148.94493081579492,106.86547405886692,105.20146712614718,57.24033812474846,52.33113984473394,36.03759115770957,40.393061795163504,35.961187239316146,0.0,0.0,0.0
2026-09-27,EP902026,18,2026-10-01 00:00:00,4 days 00:00:00,96,19.36,-109.12,971.7,78.7,12.535780363995856,170.61746086238963,172.86486510598297,143.35660523501429,150.13690997853791,75.0000036407564,69.10350111029629,53.9912187711634,58.45140651999327,21.384709857856706,19.027121070508315,15.683712831272716,17.694645431965796
2026-09-27,EP902026,18,2026-10-01 06:00:00,4 days 06:00:00,102,18.95,-109.1,981.3,71.6,45.55211346258301,135.04239645077973,131.16772983691374,109.84077182185318,113.4076802828478,69.87049317076013,65.14310944164455,43.04923796624382,56.735735042448,45.55211346258301,11.5831093154135,7.328721233275319,10.613878874465684
2026-09-27,EP902026,18,2026-10-01 12:00:00,4 days 12:00:00,108,19.01,-109.18,973.4,76.3,22.270801983554,144.4630396931285,178.32363191428803,161.8802458645706,145.79427779086484,86.8553750510948,84.6836225705373,66.711075786709,70.4027002315035,35.623410445024504,31.65132842978197,26.408200445347497,29.922657783525267
2026-09-27,EP902026,18,2026-10-01 18:00:00,4 days 18:00:00,114,18.64,-109.13,981.1,68.7,48.37488048817406,129.94536227487492,138.6091546978912,119.48330862583192,135.90107782059317,63.863745330154615,53.91593226712871,48.19912057346863,51.59294293436,48.37488048817406,25.220343950712618,21.718005601511702,24.33530707239487
2026-09-27,EP902026,18,2026-10-02 00:00:00,5 days 00:00:00,120,18.81,-109.05,972.4,74.1,17.11531713151186,165.09387019323827,177.70268292930106,163.9373583830244,164.7915000107808,75.92678993120612,79.9343160902317,70.12440857734184,65.3556545942079,37.06782122595152,37.41188929524458,33.3848147572514,32.68758289069277
2026-09-27,EP902026,18,2026-10-02 06:00:00,5 days 06:00:00,126,19.04,-108.92,972.4,76.6,26.779168153151502,148.12627221612524,188.4657044830063,153.61516717320572,119.00487167714256,72.87559823001621,77.35895139038195,64.0893359473998,56.59645302990942,37.98866721075461,36.79906632258568,33.36354302785709,31.682815076791076
2026-09-27,EP902026,18,2026-10-02 12:00:00,5 days 12:00:00,132,19.02,-108.87,978.0,72.3,20.51728764329505,107.47033758784866,160.0442229915842,152.4993070906545,138.73075105812762,67.96083547178893,76.58268759459503,53.48631244931818,51.78794358786939,22.99466611426685,23.32197974167786,19.05787009415705,19.659915000287647
2026-09-27,EP902026,18,2026-10-02 18:00:00,5 days 18:00:00,138,19.36,-108.87,982.9,63.3,38.754356548166285,154.98671921043496,175.18060929946296,126.26651139761744,114.9514805124133,85.91290665450904,77.5818865486396,50.26473463800811,57.945603627893405,0.0,0.0,0.0,0.0
2026-09-27,EP902026,18,2026-10-03 00:00:00,6 days 00:00:00,144,19.5,-108.83,981.4,67.1,32.072539862165286,127.9966016026262,169.77581292071562,135.02104468329213,130.7779329004147,84.7102040474454,81.13358331565688,57.12667791987916,59.877694908563726,32.072539862165286,5.710356260854166,3.796703407300439,5.501787318362645
2026-09-27,EP902026,18,2026-10-03 06:00:00,6 days 06:00:00,150,19.78,-108.82,972.3,80.5,33.620574901188945,128.41931821025588,178.42271779169255,137.78067011565997,107.38737709286288,58.92712474542162,63.39240444798048,51.963629441308456,46.36426812131333,38.932689817699725,37.31756800208635,35.01143400289884,33.322029863785744
2026-09-27,EP902026,18,2026-10-03 12:00:00,6 days 12:00:00,156,20.03,-108.84,980.1,73.8,39.56983804360973,114.1637179614462,126.03704301418108,94.99478766373385,69.09372996404058,77.45443497847866,71.88491603294956,52.55690578330404,55.21960788344892,39.56983804360973,12.540398262150566,9.559735629320334,11.27468773040884
2026-09-27,EP902026,18,2026-10-03 18:00:00,6 days 18:00:00,162,20.45,-108.68,970.7,87.8,25.71119015194057,196.3089015036821,199.63996613256347,130.9623404208586,151.26266907112392,91.83548166059607,70.60383431235522,52.4054540571066,71.19689882153273,39.75381210526908,32.38921708344074,25.60866579249503,32.55297421083054
2026-09-27,EP902026,18,2026-10-04 00:00:00,7 days 00:00:00,168,20.73,-108.79,959.6,92.2,11.553218850060365,115.41910889258764,165.94715308905742,90.33521591375953,84.4901778735204,53.60645239711642,49.63394374624932,32.88310060710366,39.0680737286621,30.95043272910928,28.98695688828245,24.08073006872923,26.70386731063042
2026-09-27,EP902026,18,2026-10-04 06:00:00,7 days 06:00:00,174,21.01,-108.79,972.5,79.2,20.85331795376812,189.03283419882396,212.8805606494403,125.4058496470531,151.3702656885092,71.37532641616693,66.46289373973869,40.78509738492652,48.83913666724135,42.01842421201092,37.89676918784095,31.83204044136028,33.07495040500983
2026-09-27,EP902026,18,2026-10-04 12:00:00,7 days 12:00:00,180,21.55,-109.15,964.9,89.8,12.074648668462032,172.11780658367206,205.7625842858979,128.341560673638,120.93451291896054,88.59819497332501,79.63968990508147,53.64183614098147,63.48565953329671,36.4297721846342,31.618297764383897,23.97211895322107,29.391822334369863
2026-09-27,EP902026,18,2026-10-04 18:00:00,7 days 18:00:00,186,21.59,-109.12,976.8,73.0,27.705335781557963,168.26591270264714,151.57312825809777,135.37684095202962,161.90371612837288,91.70033157046907,81.55680339590785,63.940106855185775,79.56953252775449,52.10343641662594,43.360785825852005,35.12217336787852,43.09686105051068
2026-09-27,EP902026,18,2026-10-05 00:00:00,8 days 00:00:00,192,22.02,-109.31,965.3,91.0,0.0,177.6158482139635,204.0225775471363,143.34375847208156,141.27094795076388,79.15170152177787,80.81507810514287,58.12779079583193,62.83963993004331,36.94271452042565,34.58427472157055,29.85005846766016,31.16849174829143
2026-09-27,EP902026,18,2026-10-05 06:00:00,8 days 06:00:00,198,22.53,-109.67,957.8,89.7,19.80252322728833,163.01550355909242,118.38594951798164,115.55200797891509,132.53127569019406,46.388882508434776,34.259292120931484,33.061888527725124,52.84949111893789,36.69833369280789,33.53347950807587,27.55479738692338,33.480265241710285
2026-09-27,EP902026,18,2026-10-05 12:00:00,8 days 12:00:00,204,22.96,-110.16,954.9,101.4,32.93136617561673,174.31336680194823,152.455243062811,116.32499517691804,150.98294336696244,78.1586406124602,55.62133297416892,43.168542081386136,71.22736703690336,47.23941958203616,36.87674285386183,28.79025961243,43.07703270339138
2026-09-27,EP902026,18,2026-10-05 18:00:00,8 days 18:00:00,210,22.91,-110.93,962.3,93.1,13.222364321989089,164.38087232204074,124.00626575687636,121.48010561772966,171.86460251069315,85.16376725506208,58.49597536215133,46.15039774589109,77.47214720413663,46.02849719266972,34.942701028821155,27.80387437217616,40.48245315338066
2026-09-27,EP902026,18,2026-10-06 00:00:00,9 days 00:00:00,216,23.17,-111.35,961.6,92.8,21.35026770745716,191.5075665960229,184.8288499397389,112.87795836260808,156.28637433454264,98.78576672139708,66.7165993911104,44.53642383033816,71.95656953235962,55.86525744738884,43.26679321241544,34.19463337901869,46.61509302183075
2026-09-27,EP902026,18,2026-10-06 06:00:00,9 days 06:00:00,222,23.05,-112.1,958.9,104.3,25.31181900050656,194.2016523112732,146.48946470482264,182.3270280683256,206.82080745496336,79.92665505490957,66.6603107759645,62.39825148406412,82.30760072599563,50.45317966628218,42.36629186047746,36.29282082824893,45.80275056939339
2026-09-27,EP902026,18,2026-10-06 12:00:00,9 days 12:00:00,228,22.98,-112.71,963.6,91.5,18.0883441751694,123.8273966815062,106.33957968189212,148.13327566139435,157.1855491183775,59.76039950440418,55.83964716464928,58.88155495366066,65.91346996533703,48.75453650145078,40.42728898436452,36.097233360673215,43.65576246329232
2026-09-27,EP902026,18,2026-10-06 18:00:00,9 days 18:00:00,234,23.04,-113.58,962.4,95.1,16.792642527113234,123.83107351121366,109.76027598318169,102.88799003702272,138.0892945144319,51.36224291264922,46.65566999208061,45.09505467953358,53.81429077193506,34.752472161363585,29.60425803941488,26.724650748119945,30.90561835223995
2026-09-27,EP902026,18,2026-10-07 00:00:00,10 days 00:00:00,240,23.06,-114.41,980.0,68.3,31.210660425738205,142.7346192184731,118.65515436508326,86.00896063943395,136.678820700549,62.645688595876656,45.65949858722021,35.80531801517559,56.8175874114416,31.210660425738205,19.497159075587437,16.328113608276176,22.681087703821103
2026-09-27,EP902026,18,2026-10-07 06:00:00,10 days 06:00:00,246,23.03,-115.35,983.2,65.3,32.439510291275475,132.5926589024958,101.35903245205476,97.345327986136,152.3349005602825,62.30763910164894,52.56144895654241,44.65868280304019,56.268769948889016,32.439510291275475,12.677408567311838,10.079543043178989,15.134338293710805
2026-09-27,EP902026,18,2026-10-07 12:00:00,10 days 12:00:00,252,23.05,-116.25,981.6,73.2,17.7140985466432,143.7769893042759,98.4470680356394,113.6462213081673,161.73041478365076,95.3742626644746,70.65554937283005,56.15944600429225,88.34212566434536,47.77671603905006,38.61590500536138,31.208568523678508,44.045823460336806
2026-09-27,EP902026,18,2026-10-07 18:00:00,10 days 18:00:00,258,23.1,-117.14,984.8,62.7,30.391335399963708,91.7346934069974,95.94373115038177,107.24397127317144,100.75337241684562,63.85130326425693,55.66290998124441,46.00282582756873,60.322314896753056,0.0,0.0,0.0,0.0
2026-09-27,EP902026,18,2026-10-08 00:00:00,11 days 00:00:00,264,23.45,-117.84,981.5,64.5,45.82387826128648,155.96864274350756,137.10256391720074,108.5624829752951,151.72150126918945,97.91589047689186,78.74546489196075,60.49240741913346,84.19301026383327,7.261138140508095,4.890136382319715,2.309783331065596,45.82387826128648
2026-09-27,EP902026,18,2026-10-08 06:00:00,11 days 06:00:00,270,23.5,-118.53,986.6,58.7,45.55985582936307,133.7315972429799,105.0031643851388,108.20387758561807,157.48373464299902,81.7976752414466,67.99630950423062,50.266837921876906,69.30745420837982,0.0,0.0,0.0,0.0
2026-09-27,EP902026,18,2026-10-08 12:00:00,11 days 12:00:00,276,23.46,-119.27,991.9,44.9,37.23113469580542,159.92913886436355,158.0369620341961,120.59176176805744,154.14310046522658,0.0,0.0,0.0,0.0,0.0,0.0,0.0,0.0
2026-09-27,EP902026,18,2026-10-08 18:00:00,11 days 18:00:00,282,23.49,-119.61,994.7,48.6,60.007157650516845,141.33921345449514,111.4923289843058,108.36190102354074,142.6174640331143,0.0,0.0,0.0,0.0,0.0,0.0,0.0,0.0
2026-09-27,EP902026,18,2026-10-09 00:00:00,12 days 00:00:00,288,23.34,-120.22,995.1,48.7,31.52747660055469,107.96209401584876,92.5617891733765,92.0381453269531,130.4688888325853,0.0,0.0,0.0,0.0,0.0,0.0,0.0,0.0
2026-09-27,EP902026,18,2026-10-09 06:00:00,12 days 06:00:00,294,23.17,-120.82,997.3,43.3,41.92085484816061,103.6025275019505,69.66554395129543,41.412088229688806,83.11948094317188,0.0,0.0,0.0,0.0,0.0,0.0,0.0,0.0
2026-09-27,EP902026,18,2026-10-09 12:00:00,12 days 12:00:00,300,23.49,-121.18,997.2,46.8,49.01476015505417,131.6305018169359,100.54077083880708,69.27261828986704,106.2385081784772,0.0,0.0,0.0,0.0,0.0,0.0,0.0,0.0
2026-09-27,EP902026,18,2026-10-09 18:00:00,12 days 18:00:00,306,23.19,-121.53,1001.9,34.5,52.1282655951081,52.1282655951081,16.058035303874725,21.53052557555296,40.264316511192575,0.0,0.0,0.0,0.0,0.0,0.0,0.0,0.0
2026-09-27,EP902026,18,2026-10-10 00:00:00,13 days 00:00:00,312,23.34,-122.02,999.4,37.4,77.759408308042,77.759408308042,5.785028595679197,1.4086591112618123,8.450908247318342,0.0,0.0,0.0,0.0,0.0,0.0,0.0,0.0
2026-09-27,EP902026,18,2026-10-10 06:00:00,13 days 06:00:00,318,23.33,-121.98,999.7,37.6,68.17522958566022,68.17522958566022,2.008115267716626,0.0,19.880594390851837,0.0,0.0,0.0,0.0,0.0,0.0,0.0,0.0
2026-09-27,EP902026,18,2026-10-10 12:00:00,13 days 12:00:00,324,23.32,-122.18,1001.0,34.9,71.98566269356846,71.98566269356846,52.45399509589099,40.33274061652899,40.83758436768427,0.0,0.0,0.0,0.0,0.0,0.0,0.0,0.0
2026-09-27,EP902026,18,2026-10-10 18:00:00,13 days 18:00:00,330,23.12,-122.46,1003.5,30.0,85.6388871238114,0.0,0.0,0.0,0.0,0.0,0.0,0.0,0.0,0.0,0.0,0.0,0.0
2026-09-27,EP902026,18,2026-10-11 00:00:00,14 days 00:00:00,336,22.79,-122.45,1005.6,25.1,102.65662749103969,0.0,0.0,0.0,0.0,0.0,0.0,0.0,0.0,0.0,0.0,0.0,0.0
2026-09-27,EP902026,18,2026-10-11 06:00:00,14 days 06:00:00,342,22.44,-122.75,1007.3,18.3,123.8385863948454,0.0,0.0,0.0,0.0,0.0,0.0,0.0,0.0,0.0,0.0,0.0,0.0
2026-09-27,EP902026,18,2026-10-11 12:00:00,14 days 12:00:00,348,22.34,-123.15,1007.8,20.0,104.28905972313842,0.0,0.0,0.0,0.0,0.0,0.0,0.0,0.0,0.0,0.0,0.0,0.0
2026-09-27,EP902026,18,2026-10-11 18:00:00,14 days 18:00:00,354,22.15,-123.33,1008.2,20.5,95.9641182732669,0.0,0.0,0.0,0.0,0.0,0.0,0.0,0.0,0.0,0.0,0.0,0.0
2026-09-27,EP902026,18,2026-10-12 00:00:00,15 days 00:00:00,360,21.42,-123.84,1009.0,18.1,166.4122087286899,0.0,0.0,0.0,0.0,0.0,0.0,0.0,0.0,0.0,0.0,0.0,0.0
2026-09-27,WP252026,18,2026-09-27 00:00:00,0 days 00:00:00,0,24.6,127.6,964.0,89.0,22.0,102.0,121.0,102.0,93.0,,,,,,,,
2026-09-27,WP252026,18,2026-09-27 06:00:00,0 days 06:00:00,6,25.56,127.94,943.2,109.6,27.21939977408105,120.69485218542071,185.9562499859932,138.77085582288606,134.49275705693586,77.57533323597352,90.73513303916556,69.72844482355188,67.50139530748996,48.16676265262254,49.62909045961395,40.34032355017446,37.87733298166944
2026-09-27,WP252026,18,2026-09-27 12:00:00,0 days 12:00:00,12,25.99,128.99,944.1,111.0,21.78149788864001,120.23469612872135,197.29954664409448,163.10839427562263,81.32531089399816,55.29375922372645,79.3587376021491,63.8122691959624,35.38234922225659,40.56044985345357,44.15921050506964,38.1393117633728,34.56345933654159
2026-09-27,WP252026,18,2026-09-27 18:00:00,0 days 18:00:00,18,26.71,129.73,971.1,88.5,28.27819276812072,86.80131940278783,158.8785053907122,144.10654543904778,82.78974627727162,63.06806993279464,80.54332963783864,62.792877346007344,43.93250347186935,45.27167799760112,45.05438383695128,37.18733194729252,35.60183439717349
2026-09-27,WP252026,18,2026-09-28 00:00:00,1 days 00:00:00,24,27.17,130.54,974.8,75.5,32.30654474795739,106.96113422897648,126.8219038903117,95.24982240507832,85.15294484791374,66.06434209051933,73.52067883058227,47.41476593558178,48.83719985302636,32.30654474795739,31.09307147795331,24.48910371218002,24.452192245336214
2026-09-27,WP252026,18,2026-09-28 06:00:00,1 days 06:00:00,30,27.99,131.78,982.8,69.0,9.342240054710626,90.64022234749432,124.37781783553116,102.28013340468206,68.86889569538022,53.04724347131695,63.10441809703829,45.342126143700526,45.257062792949256,35.29889887833928,36.46891943390662,29.286782927478008,28.10198056079906
2026-09-27,WP252026,18,2026-09-28 12:00:00,1 days 12:00:00,36,28.38,133.05,986.4,60.0,26.72781142639596,77.86572588259769,110.59008787549756,107.40141131142596,79.2842370570726,63.90396339770641,66.08085373104069,43.33425529049488,50.1865702561238,0.0,0.0,0.0,0.0
2026-09-27,WP252026,18,2026-09-28 18:00:00,1 days 18:00:00,42,29.35,134.04,992.1,43.7,43.53827442521335,121.55005700296472,152.97621757345564,81.79154693494142,100.73688002082322,0.0,0.0,0.0,0.0,0.0,0.0,0.0,0.0
2026-09-27,WP252026,18,2026-09-29 00:00:00,2 days 00:00:00,48,30.15,135.1,993.4,39.2,69.96035996669829,136.79737062144375,156.9465817167462,94.7831621387638,101.37183588267888,0.0,0.0,0.0,0.0,0.0,0.0,0.0,0.0
2026-09-27,WP252026,18,2026-09-29 06:00:00,2 days 06:00:00,54,30.82,136.56,995.4,42.3,147.25850661285676,87.449497357198,147.25850661285676,63.21028015989654,52.36705235216934,0.0,0.0,0.0,0.0,0.0,0.0,0.0,0.0
2026-09-27,WP252026,18,2026-09-29 12:00:00,2 days 12:00:00,60,31.88,138.75,998.6,37.6,96.9257673052408,0.5635183250684079,96.9257673052408,0.0,0.0,0.0,0.0,0.0,0.0,0.0,0.0,0.0,0.0
2026-09-27,WP252026,18,2026-09-29 18:00:00,2 days 18:00:00,66,32.82,140.74,999.9,38.0,134.48470107259186,271.94859273810084,306.3182494883954,228.5051817363244,204.85897954716825,0.0,0.0,0.0,0.0,0.0,0.0,0.0,0.0
2026-09-27,WP252026,18,2026-09-30 00:00:00,3 days 00:00:00,72,34.56,143.55,997.1,40.0,106.76385111780588,140.51061316132484,168.6685815890105,107.9788655623363,98.03700904741233,0.0,0.0,0.0,0.0,0.0,0.0,0.0,0.0
2026-09-27,WP252026,18,2026-09-30 06:00:00,3 days 06:00:00,78,35.26,146.39,997.0,36.0,83.93034409185617,172.1070687146149,201.51981051308263,156.44120487931406,101.15577518661166,0.0,0.0,0.0,0.0,0.0,0.0,0.0,0.0
2026-09-27,WP252026,18,2026-09-30 12:00:00,3 days 12:00:00,84,36.18,148.78,993.8,40.1,90.02467510947088,178.31399667969026,191.36340448966237,153.95305634381316,137.39683655742033,0.0,0.0,0.0,0.0,0.0,0.0,0.0,0.0
2026-09-27,WP252026,18,2026-09-30 18:00:00,3 days 18:00:00,90,36.83,150.7,1000.9,37.5,50.98740971297903,67.91324614914345,75.57480338761582,59.697870023749374,58.087913810357335,0.0,0.0,0.0,0.0,0.0,0.0,0.0,0.0
2026-09-27,WP252026,18,2026-10-01 00:00:00,4 days 00:00:00,96,36.99,152.1,998.9,33.6,124.98187828468404,0.0,0.0,0.0,0.0,0.0,0.0,0.0,0.0,0.0,0.0,0.0,0.0
2026-09-27,WP252026,18,2026-10-01 06:00:00,4 days 06:00:00,102,37.2,153.47,1005.2,26.6,127.82630775153696,0.0,0.0,0.0,0.0,0.0,0.0,0.0,0.0,0.0,0.0,0.0,0.0
2026-09-27,WP252026,18,2026-10-01 12:00:00,4 days 12:00:00,108,38.33,154.91,999.5,27.4,123.12390862298342,0.0,0.0,0.0,0.0,0.0,0.0,0.0,0.0,0.0,0.0,0.0,0.0
2026-09-27,WP252026,18,2026-10-01 18:00:00,4 days 18:00:00,114,39.49,156.25,1006.6,27.6,60.92070442394979,0.0,0.0,0.0,0.0,0.0,0.0,0.0,0.0,0.0,0.0,0.0,0.0
2026-09-27,WP252026,18,2026-10-02 00:00:00,5 days 00:00:00,120,40.67,159.61,1005.8,21.3,111.45444619307273,0.0,0.0,0.0,0.0,0.0,0.0,0.0,0.0,0.0,0.0,0.0,0.0
2026-09-27,AL062026,19,2026-09-27 00:00:00,0 days 00:00:00,0,29.8,-43.9,1010.0,29.0,56.0,0.0,0.0,0.0,0.0,0.0,0.0,0.0,0.0,0.0,0.0,0.0,0.0
2026-09-27,AL062026,19,2026-09-27 06:00:00,0 days 06:00:00,6,29.79,-43.75,1010.2,28.2,70.98222772797453,0.0,0.0,0.0,0.0,0.0,0.0,0.0,0.0,0.0,0.0,0.0,0.0
2026-09-27,AL062026,19,2026-09-27 12:00:00,0 days 12:00:00,12,29.75,-43.89,1011.0,22.7,66.0425914316077,0.0,0.0,0.0,0.0,0.0,0.0,0.0,0.0,0.0,0.0,0.0,0.0
2026-09-27,AL062026,19,2026-09-27 18:00:00,0 days 18:00:00,18,29.33,-43.94,1009.7,24.8,76.69296234971972,0.0,0.0,0.0,0.0,0.0,0.0,0.0,0.0,0.0,0.0,0.0,0.0
2026-09-27,AL062026,19,2026-09-28 00:00:00,1 days 00:00:00,24,28.95,-43.92,1012.3,21.2,104.47661736443877,0.0,0.0,0.0,0.0,0.0,0.0,0.0,0.0,0.0,0.0,0.0,0.0
2026-09-27,EP152026,19,2026-09-27 00:00:00,0 days 00:00:00,0,16.7,-156.1,972.0,80.0,37.0,241.0,185.0,185.0,241.0,93.0,74.0,93.0,111.0,56.0,46.0,56.0,56.0
2026-09-27,EP152026,19,2026-09-27 06:00:00,0 days 06:00:00,6,16.41,-156.82,966.3,91.9,27.078698082633142,163.17491507481338,158.8433291040476,189.37596963490515,188.9907798737648,95.11049373047436,90.69587579710372,97.27719634319286,102.24697422513614,67.06278267393343,61.65283727414992,55.13111092018408,61.858472717357934
2026-09-27,EP152026,19,2026-09-27 12:00:00,0 days 12:00:00,12,16.16,-157.69,964.5,100.8,37.19028885595671,202.23530606858105,128.0269322858357,126.11625211494118,177.73274348071823,90.64038549158757,64.78049689663084,62.49094050530914,87.39615692147385,56.7207739120914,45.42259990828879,37.38869328411244,52.1503363684854
2026-09-27,EP152026,19,2026-09-27 18:00:00,0 days 18:00:00,18,15.83,-158.53,955.3,101.5,11.922048971843909,149.62719832213193,105.22211177979864,131.10839252702928,146.73080227250188,69.17627381957809,57.343708316051504,56.71958240820226,72.24695437388831,38.974638349625394,32.938875573845024,28.32054409430355,37.18359169676689
2026-09-27,EP152026,19,2026-09-28 00:00:00,1 days 00:00:00,24,16.01,-159.81,947.6,113.9,17.271907807053644,172.2988267319839,114.87038533535964,128.22636726898162,169.72714917063075,90.04347361939219,62.22479886178356,55.5762860005168,91.42584814793824,61.08008880777264,47.46802264809458,38.716224728187264,58.543166288075206
2026-09-27,EP152026,19,2026-09-28 06:00:00,1 days 06:00:00,30,16.35,-160.83,939.3,124.4,2.129366404112716,156.18499348565138,128.3515958501216,128.7794852279403,138.29109108428793,91.25239114256374,74.84511766606965,67.5221591278056,85.24716390727667,45.22651220756006,34.98782624824423,30.34469365975849,41.622077308397365
2026-09-27,EP152026,19,2026-09-28 12:00:00,1 days 12:00:00,36,16.86,-161.9,948.3,116.1,13.611992828090347,190.812776781011,158.37681663396958,123.00069353258864,150.58645399181614,101.99201529837636,80.60514182080414,61.0545099169922,86.66922545141857,46.0530702771012,36.74932769473899,27.75137856611234,40.36209710833236
2026-09-27,EP152026,19,2026-09-28 18:00:00,1 days 18:00:00,42,17.46,-162.87,942.5,120.1,5.501745480352685,224.543121481487,164.88141227647048,125.85615388449452,192.42363735330736,112.07231140130298,86.65676156837043,65.9181146314595,98.33850892962217,58.620705385890346,46.942787775707984,36.11756716628972,50.633087601537326
2026-09-27,EP152026,19,2026-09-29 00:00:00,2 days 00:00:00,48,18.41,-163.54,945.8,120.1,0.0,202.07158406304876,189.11792688246717,112.498919256366,156.58560529992673,111.06864861185082,96.99202420244234,65.07271882284117,86.97100557835904,70.66931794207139,59.48362647458221,44.26203714378232,58.82753711509277
2026-09-27,EP152026,19,2026-09-29 06:00:00,2 days 06:00:00,54,19.23,-163.8,959.6,106.8,21.52914284802347,191.7364441669224,158.50214313943889,120.64057325706165,151.02802768591664,97.04701603475246,71.83096059922786,44.85700856779664,71.17978166885757,56.045501645846514,44.940224840993096,32.981849469213785,47.23084131024029
2026-09-27,EP152026,19,2026-09-29 12:00:00,2 days 12:00:00,60,20.16,-163.95,968.1,97.7,23.7503349440011,186.14114879866412,170.13873445639024,136.97947119514535,164.91691194694158,108.91785582114348,99.71705026980077,68.77640608879776,86.60216146862638,63.4271406637193,57.71445261894375,42.92629789951605,53.59522458623506
2026-09-27,EP152026,19,2026-09-29 18:00:00,2 days 18:00:00,66,20.92,-163.83,974.9,82.6,27.735927088803663,195.73828101757,188.36881532424783,133.15304218995902,195.68627484830083,108.05229890378725,103.33241521752636,78.0543298881986,95.81171976190154,84.66194718750131,75.25737697674509,58.63363989407128,69.37000071999324
2026-09-27,EP152026,19,2026-09-30 00:00:00,3 days 00:00:00,72,21.85,-164.07,980.6,69.3,30.189980895819247,203.6420546956961,178.03212905638554,155.20719707403157,185.98243024968812,102.06677123255643,86.38677607113499,71.30981349676497,88.7795462864164,45.75501208844452,39.91196479013334,32.88942166721208,38.70216962752261
2026-09-27,EP152026,19,2026-09-30 06:00:00,3 days 06:00:00,78,22.24,-164.02,982.8,56.1,70.14611428453506,251.6682034375716,181.26883531800087,223.48148938868775,264.8052963959718,163.31149790171744,137.53716554479598,121.24775982775398,140.15775000094754,0.0,0.0,0.0,0.0
2026-09-27,EP152026,19,2026-09-30 12:00:00,3 days 12:00:00,84,22.27,-164.07,983.2,61.6,80.68214015394844,281.20468709407373,230.22840300505007,230.29642522702343,266.55101178702427,157.5355051104591,146.83454857295425,124.3051427417464,132.80773426147582,0.0,0.0,0.0,0.0
2026-09-27,EP152026,19,2026-09-30 18:00:00,3 days 18:00:00,90,22.09,-164.05,988.3,58.1,36.451707739146414,169.4913646206248,163.79896880282425,154.18037627985507,180.94333044215827,122.54694074887706,104.0291274245878,79.70723381379362,96.83308389935634,0.0,0.0,0.0,0.0
2026-09-27,EP152026,19,2026-10-01 00:00:00,4 days 00:00:00,96,22.2,-164.24,979.4,60.4,33.44409927966393,157.33413703593965,131.39904813776857,146.6141799192219,204.17812033929889,103.2679524232135,84.4883169919633,82.54318242834461,96.49541133485845,0.0,0.0,0.0,0.0
2026-09-27,EP152026,19,2026-10-01 06:00:00,4 days 06:00:00,102,22.11,-164.57,985.7,58.3,37.78100112662778,201.5384947076783,124.29744136869854,112.60614524319492,190.63648969403783,54.20135743748767,37.95484808233428,31.68017164595206,48.950620687162925,0.0,0.0,0.0,0.0
2026-09-27,EP152026,19,2026-10-01 12:00:00,4 days 12:00:00,108,21.86,-165.33,985.3,55.3,73.79243521916693,219.4390505822764,165.3194217773074,144.08306979499238,200.33372935076875,74.94529859896375,59.12019899974587,47.82886681126329,63.24454733887879,0.0,0.0,0.0,0.0
2026-09-27,EP152026,19,2026-10-01 18:00:00,4 days 18:00:00,114,22.01,-165.94,994.2,52.1,38.967426960797695,193.02394882712747,141.58505314728995,140.88943059546318,169.05625091586876,53.50294235844973,41.1890659239532,33.32880027422402,40.09170015731013,0.0,0.0,0.0,0.0
2026-09-27,EP152026,19,2026-10-02 00:00:00,5 days 00:00:00,120,22.36,-166.97,992.3,49.9,78.1418141011434,307.99713785851554,243.76894542505264,202.97969570399405,278.1310660763977,0.0,0.0,0.0,0.0,0.0,0.0,0.0,0.0
2026-09-27,EP152026,19,2026-10-02 06:00:00,5 days 06:00:00,126,22.25,-167.62,985.1,62.5,70.08803721511595,246.7371956173447,177.45279722831765,159.7124104178547,222.5548048403307,116.08915211177008,91.05539491811714,76.86296306541362,97.23547440964784,0.0,0.0,0.0,0.0
2026-09-27,EP152026,19,2026-10-02 12:00:00,5 days 12:00:00,132,22.46,-168.38,979.2,74.1,36.8129183834864,227.9771996728836,197.94672683430167,159.21191834188863,185.0973456859532,122.98303418043858,96.70627265281682,71.05709447668151,102.47676993738438,36.8129183834864,22.443089517784315,16.57941267280173,27.71989719280036
2026-09-27,EP152026,19,2026-10-02 18:00:00,5 days 18:00:00,138,22.59,-168.82,977.2,69.5,61.198173569812646,289.4939334425911,262.12132312185514,216.52533716042265,245.17629003732105,143.47756985048545,120.73867787984464,89.28888455856507,117.9496298011406,61.198173569812646,29.182715419910053,20.7815866623197,31.34792064295825
2026-09-27,EP152026,19,2026-10-03 00:00:00,6 days 00:00:00,144,22.77,-169.77,980.8,73.4,47.24517975893106,216.11114276621643,193.37487127977977,168.21599062640985,188.2904342819556,128.19512713737413,98.84373507327231,76.40058411557726,110.84503940637823,47.24517975893106,28.14100523358951,22.43766250428821,33.41986333124175
2026-09-27,EP152026,19,2026-10-03 06:00:00,6 days 06:00:00,150,22.79,-171.04,982.4,60.7,37.135659195671366,265.5117343779947,187.4744785267436,145.76930622896666,238.5655949366109,83.19582620152222,69.36780772146741,47.384281229692,67.07225286029993,0.0,0.0,0.0,0.0
2026-09-27,EP152026,19,2026-10-03 12:00:00,6 days 12:00:00,156,22.72,-172.48,981.9,59.3,44.15064538817688,261.03093674243564,138.8373713905262,127.9707533814534,253.28683387037427,128.92006726647742,98.11456108931088,77.96838854321823,112.37773505950474,0.0,0.0,0.0,0.0
2026-09-27,EP152026,19,2026-10-03 18:00:00,6 days 18:00:00,162,23.02,-174.09,981.1,77.2,32.852929644266226,245.91077009810445,161.46577342431615,136.28537527538134,224.9215899516792,129.9027561146838,90.94019163734733,68.080584401609,109.3427627320007,63.73256625110969,51.48185171365792,40.003954207587626,54.15171861153394
2026-09-27,EP152026,19,2026-10-04 00:00:00,7 days 00:00:00,168,23.35,-175.91,982.4,73.2,28.642099660572168,293.2064957461671,204.80748744383376,137.6530744005089,290.803591651876,135.78987141023885,104.00064746858403,70.41394139903704,120.593120030168,62.11203216447234,47.35248645793853,36.47466104910141,51.71390023886962
2026-09-27,EP152026,19,2026-10-04 06:00:00,7 days 06:00:00,174,23.8,-178.07,980.2,76.4,30.82177753617241,258.79849204536845,151.87514424744373,106.66229528720812,256.2849423190611,119.00580843722756,79.8857402865846,63.349953276721216,108.46980194383916,63.82664561843124,48.9655886312339,37.67284595229194,54.12365745882072
2026-09-27,EP152026,19,2026-10-04 12:00:00,7 days 12:00:00,180,24.75,179.95,984.1,70.3,30.034109263451683,271.9944062609381,187.81488584550823,118.41792622561138,228.7731697182969,111.65412347471988,78.15512316088643,48.5049152290361,93.76008243628335,35.18115727255446,23.483592326767592,12.635251282212948,27.023240143852505
2026-09-27,EP152026,19,2026-10-04 18:00:00,7 days 18:00:00,186,25.93,178.31,980.3,79.8,32.77523400524298,267.6015808011029,196.23922969672748,115.45154838491538,233.6340155240341,133.5190457074015,96.58167611818077,66.06731591118236,103.82755444324675,65.83067717355644,54.86168053351616,39.03148593551214,55.26938449209276
2026-09-27,EP152026,19,2026-10-05 00:00:00,8 days 00:00:00,192,27.23,176.41,983.2,75.1,44.31536212513144,281.8982160180871,172.7800421418624,165.9047221811461,276.32975012601634,133.30769233366212,98.4274234327046,70.03336699763277,118.96827620541774,72.70658717318977,57.94572010117953,43.241052754449406,61.73259528939646
2026-09-27,EP152026,19,2026-10-05 06:00:00,8 days 06:00:00,198,28.53,174.78,978.5,72.7,23.635600563921543,276.25269117792544,223.9399668163355,151.2703481953667,216.2187365201324,128.90322423662354,103.94041829202716,69.05752527225968,99.5623498758239,62.23927775143161,53.098301100349005,37.80563316197174,51.26812057852147
2026-09-27,EP152026,19,2026-10-05 12:00:00,8 days 12:00:00,204,29.61,173.11,985.4,63.9,47.55756204384254,322.6781308465371,230.18586490484944,181.6684239649031,299.41287015589603,165.08267962183754,138.09798669238955,100.27867397256956,138.95069141627476,0.0,0.0,0.0,0.0
2026-09-27,EP152026,19,2026-10-05 18:00:00,8 days 18:00:00,210,31.06,171.91,978.4,69.5,27.65782358025797,305.68063269682654,264.08524888477024,180.28935708207035,227.8269126477584,160.3785631869159,129.9801124996232,80.40114279569761,117.87733126119294,27.65782358025797,6.031204736293451,0.0,9.24441394010951
2026-09-27,EP152026,19,2026-10-06 00:00:00,9 days 00:00:00,216,32.42,170.75,982.7,60.0,40.633394022064536,251.14900513770365,244.6341543847593,161.55228700095472,197.75226517997152,137.08290085868867,116.89016462907264,71.74747667956443,93.76652754806068,0.0,0.0,0.0,0.0
2026-09-27,EP152026,19,2026-10-06 06:00:00,9 days 06:00:00,222,33.61,169.98,990.7,51.4,63.529277323702445,265.2130087650021,247.3899712369448,167.15272138797536,196.64070190537493,78.17768653147277,68.23172908309698,40.59587632152693,51.493948950772165,0.0,0.0,0.0,0.0
2026-09-27,EP152026,19,2026-10-06 12:00:00,9 days 12:00:00,228,35.18,169.88,994.4,53.5,73.93982505524363,239.71629687286557,259.9384839208015,195.39668230193683,196.9245590528093,73.93982505524363,53.460564230921776,32.95891809034347,36.15575090754238,0.0,0.0,0.0,0.0
2026-09-27,EP152026,19,2026-10-06 18:00:00,9 days 18:00:00,234,37.26,169.6,991.5,47.3,100.92304051711623,273.50163271119465,306.5945701394115,226.1580525962397,226.0539457553936,0.0,0.0,0.0,0.0,0.0,0.0,0.0,0.0
2026-09-27,EP152026,19,2026-10-07 00:00:00,10 days 00:00:00,240,39.2,170.47,997.1,38.2,100.3789525205825,57.42184571372293,111.44775065298548,29.37689862108537,8.501269298837833,0.0,0.0,0.0,0.0,0.0,0.0,0.0,0.0
2026-09-27,EP152026,19,2026-10-07 06:00:00,10 days 06:00:00,246,41.23,172.77,998.7,36.5,138.2426035818917,137.66449309059095,242.01074210439373,128.6159377385492,74.54601793361832,0.0,0.0,0.0,0.0,0.0,0.0,0.0,0.0
2026-09-27,EP152026,19,2026-10-07 12:00:00,10 days 12:00:00,252,43.53,175.36,996.2,35.0,111.67091088220644,9.588100759362618,111.67091088220644,23.86608527373449,0.0,0.0,0.0,0.0,0.0,0.0,0.0,0.0,0.0
2026-09-27,EP152026,19,2026-10-07 18:00:00,10 days 18:00:00,258,44.64,179.6,997.4,25.8,121.77372476293384,0.0,0.0,0.0,0.0,0.0,0.0,0.0,0.0,0.0,0.0,0.0,0.0
2026-09-27,EP152026,19,2026-10-08 00:00:00,11 days 00:00:00,264,45.8,-175.54,992.7,29.3,180.4926178801224,0.0,0.0,0.0,0.0,0.0,0.0,0.0,0.0,0.0,0.0,0.0,0.0
2026-09-27,EP162026,19,2026-09-27 00:00:00,0 days 00:00:00,0,20.8,-123.6,975.0,76.0,28.0,167.0,167.0,148.0,185.0,93.0,74.0,74.0,93.0,65.0,46.0,37.0,56.0
2026-09-27,EP162026,19,2026-09-27 06:00:00,0 days 06:00:00,6,21.48,-123.3,994.0,53.9,49.083746470335214,191.27781863951367,198.4349709200309,151.44516754467475,179.99522948571018,49.083746470335214,30.198719041049905,17.134898576678218,28.501580457165645,0.0,0.0,0.0,0.0
2026-09-27,EP162026,19,2026-09-27 12:00:00,0 days 12:00:00,12,21.95,-123.43,999.4,32.8,91.4075079534375,0.0,0.0,0.0,0.0,0.0,0.0,0.0,0.0,0.0,0.0,0.0,0.0
2026-09-27,EP162026,19,2026-09-27 18:00:00,0 days 18:00:00,18,22.17,-123.14,1003.4,31.5,111.33673530074904,0.0,0.0,0.0,0.0,0.0,0.0,0.0,0.0,0.0,0.0,0.0,0.0
2026-09-27,EP162026,19,2026-09-28 00:00:00,1 days 00:00:00,24,22.26,-123.27,1003.4,25.2,115.871770534643,0.0,0.0,0.0,0.0,0.0,0.0,0.0,0.0,0.0,0.0,0.0,0.0
2026-09-27,EP162026,19,2026-09-28 06:00:00,1 days 06:00:00,30,22.51,-123.06,1002.0,26.7,134.54863119023003,0.0,0.0,0.0,0.0,0.0,0.0,0.0,0.0,0.0,0.0,0.0,0.0
2026-09-27,EP162026,19,2026-09-28 12:00:00,1 days 12:00:00,36,22.2,-122.89,1003.5,28.1,166.54889620180552,0.0,0.0,0.0,0.0,0.0,0.0,0.0,0.0,0.0,0.0,0.0,0.0
2026-09-27,EP162026,19,2026-09-28 18:00:00,1 days 18:00:00,42,21.61,-122.59,1003.4,23.9,118.57481777621912,0.0,0.0,0.0,0.0,0.0,0.0,0.0,0.0,0.0,0.0,0.0,0.0
2026-09-27,EP162026,19,2026-09-29 00:00:00,2 days 00:00:00,48,21.09,-122.57,1004.0,22.4,141.61551766317464,0.0,0.0,0.0,0.0,0.0,0.0,0.0,0.0,0.0,0.0,0.0,0.0
2026-09-27,EP162026,19,2026-09-29 06:00:00,2 days 06:00:00,54,20.48,-122.59,1005.7,24.6,112.46430004100128,0.0,0.0,0.0,0.0,0.0,0.0,0.0,0.0,0.0,0.0,0.0,0.0
2026-09-27,EP162026,19,2026-09-29 12:00:00,2 days 12:00:00,60,19.93,-122.13,1005.9,23.9,159.6655450563958,0.0,0.0,0.0,0.0,0.0,0.0,0.0,0.0,0.0,0.0,0.0,0.0
2026-09-27,EP172026,19,2026-09-27 00:00:00,0 days 00:00:00,0,19.0,-112.9,946.0,111.0,28.0,259.0,185.0,167.0,185.0,111.0,111.0,93.0,93.0,65.0,65.0,46.0,56.0
2026-09-27,EP172026,19,2026-09-27 06:00:00,0 days 06:00:00,6,19.8,-113.38,945.7,109.7,5.299266178779746,189.76190662916912,203.3776586050271,167.83753592147087,185.0541468614557,103.41736512052184,86.00770470583026,63.46446159152962,86.19163562612091,59.69155848437413,50.23226841195936,39.50042128783751,52.86230414013529
2026-09-27,EP172026,19,2026-09-27 12:00:00,0 days 12:00:00,12,20.68,-113.77,942.9,121.5,32.89089974645629,210.2071492179412,226.91233018837767,164.4316612079724,124.8712223738514,104.20617804333338,101.18179160525276,76.57455620352142,77.95950507389905,56.291877684149576,51.22443842383285,40.2583982079855,48.017908819897485
2026-09-27,EP172026,19,2026-09-27 18:00:00,0 days 18:00:00,18,21.48,-114.09,942.2,118.6,25.852103244940743,173.94409418930505,171.2023626507476,134.89062290307598,124.01493309520067,106.02896428217484,94.94782744060122,66.10041705495215,77.28328600852213,63.07939740856222,57.26849697263498,43.8935588712571,51.307713432134605
2026-09-27,EP172026,19,2026-09-28 00:00:00,1 days 00:00:00,24,22.21,-114.23,945.1,122.4,25.425227174172058,163.65688938536948,195.03643105125417,141.4496728360938,157.00471219382246,87.13054328044211,82.20017735683173,61.8502761368941,64.69409296664674,53.66943225763488,49.10697807295497,41.14721230598301,45.85277324792639
2026-09-27,EP172026,19,2026-09-28 06:00:00,1 days 06:00:00,30,23.33,-114.13,936.5,127.1,0.0,160.82532476568872,201.59019760875003,147.2659731415165,119.3360722426429,85.85997635940498,85.70608152764055,65.1409184487805,58.33011399771624,45.53318258254308,42.03864802345669,33.02292607811219,38.90405795686616
2026-09-27,EP172026,19,2026-09-28 12:00:00,1 days 12:00:00,36,24.07,-114.05,936.8,117.6,30.878908622987563,167.57705168648528,198.1319135628874,161.04640253090338,131.1712715416777,81.60731146202994,89.31116353174941,68.00691393539928,62.02754310277295,44.580741245317455,40.888387913032446,34.210436106526686,38.02633971014653
2026-09-27,EP172026,19,2026-09-28 18:00:00,1 days 18:00:00,42,24.88,-113.55,950.2,101.7,12.714590336080676,188.06693338479224,199.91402614611115,149.8052738730123,143.1625898180431,94.24045389043044,101.93306938215392,80.4480940880456,76.05264204785294,52.38210642981343,51.484076891082935,43.17397490161866,43.90221246995032
2026-09-27,EP172026,19,2026-09-29 00:00:00,2 days 00:00:00,48,25.47,-112.83,964.4,90.0,35.17952120398651,157.9766706135066,180.4596655519632,147.95244933333194,132.2114915952004,79.9023305870744,84.23656783444163,60.94895022356209,60.8789615085598,49.06511260421201,47.87674886530229,38.33152251041256,41.90075464264855
2026-09-27,EP172026,19,2026-09-29 06:00:00,2 days 06:00:00,54,26.64,-111.87,980.5,69.7,8.660022078299846,130.80395204084704,135.13413712823345,44.88861331064567,82.51481632385415,49.35176176196345,58.32559206740913,42.59905413799315,31.876686594976483,14.79768694702134,17.181478692817212,13.833227733757614,10.406943645514083
2026-09-27,EP172026,19,2026-09-29 12:00:00,2 days 12:00:00,60,27.87,-110.62,997.1,46.2,54.61186180842668,70.59643459585915,100.33054305846146,42.05907473835176,26.921711226785867,0.0,0.0,0.0,0.0,0.0,0.0,0.0,0.0
2026-09-27,EP172026,19,2026-09-29 18:00:00,2 days 18:00:00,66,29.7,-110.14,1000.0,35.1,121.49089148972529,25.064567989679727,28.86614335618954,121.49089148972529,5.771046534639231,0.0,0.0,0.0,0.0,0.0,0.0,0.0,0.0
2026-09-27,EP902026,19,2026-09-27 00:00:00,0 days 00:00:00,0,12.0,-98.6,1008.0,25.0,111.0,0.0,0.0,0.0,0.0,0.0,0.0,0.0,0.0,0.0,0.0,0.0,0.0
2026-09-27,EP902026,19,2026-09-27 06:00:00,0 days 06:00:00,6,12.21,-98.42,1004.8,29.5,134.4507892435391,0.0,0.0,0.0,0.0,0.0,0.0,0.0,0.0,0.0,0.0,0.0,0.0
2026-09-27,EP902026,19,2026-09-27 12:00:00,0 days 12:00:00,12,11.87,-98.92,1007.2,29.1,80.18257283127433,0.0,0.0,0.0,0.0,0.0,0.0,0.0,0.0,0.0,0.0,0.0,0.0
2026-09-27,EP902026,19,2026-09-27 18:00:00,0 days 18:00:00,18,11.84,-99.09,1005.9,35.7,109.75231774933413,109.75231774933413,14.25211529099658,0.0,5.940220321602312,0.0,0.0,0.0,0.0,0.0,0.0,0.0,0.0
2026-09-27,EP902026,19,2026-09-28 00:00:00,1 days 00:00:00,24,12.22,-99.54,1003.8,31.2,85.29303521023905,0.0,0.0,0.0,0.0,0.0,0.0,0.0,0.0,0.0,0.0,0.0,0.0
2026-09-27,EP902026,19,2026-09-28 06:00:00,1 days 06:00:00,30,12.63,-99.78,1001.9,37.9,102.42616345670018,114.37889979986797,109.46376294797726,72.50800528962631,77.64537999032353,0.0,0.0,0.0,0.0,0.0,0.0,0.0,0.0
2026-09-27,EP902026,19,2026-09-28 12:00:00,1 days 12:00:00,36,13.12,-100.5,1001.7,36.0,184.71010273844144,47.793669959113686,184.71010273844144,30.78938948223072,18.21916108430944,0.0,0.0,0.0,0.0,0.0,0.0,0.0,0.0
2026-09-27,EP902026,19,2026-09-28 18:00:00,1 days 18:00:00,42,13.7,-101.22,1002.1,44.6,139.87022272598924,205.70244169049425,175.5865306660258,110.18205675704908,153.81921646470764,0.0,0.0,0.0,0.0,0.0,0.0,0.0,0.0
2026-09-27,EP902026,19,2026-09-29 00:00:00,2 days 00:00:00,48,14.67,-102.36,999.5,39.6,152.1440840510815,52.76657227056532,152.1440840510815,17.809185533817818,25.13373825666074,0.0,0.0,0.0,0.0,0.0,0.0,0.0,0.0
2026-09-27,EP902026,19,2026-09-29 06:00:00,2 days 06:00:00,54,14.94,-104.01,1001.2,43.4,78.58386711217867,78.58386711217867,52.53522570947518,23.29959762370227,50.08565289112255,0.0,0.0,0.0,0.0,0.0,0.0,0.0,0.0
2026-09-27,EP902026,19,2026-09-29 12:00:00,2 days 12:00:00,60,15.3,-104.66,996.0,41.7,134.15435489897263,73.30753033531273,134.15435489897263,56.763549180195085,50.83439154833096,0.0,0.0,0.0,0.0,0.0,0.0,0.0,0.0
2026-09-27,EP902026,19,2026-09-29 18:00:00,2 days 18:00:00,66,16.04,-105.84,994.2,51.8,83.29597870841489,119.53087770976244,114.7036185923344,73.39935327771921,95.15705594481626,83.29597870841489,3.2417287994828614,0.6506742297228945,3.791889455371052,0.0,0.0,0.0,0.0
2026-09-27,EP902026,19,2026-09-30 00:00:00,3 days 00:00:00,72,16.47,-106.68,990.6,57.7,51.831409359729335,180.17498259688185,183.22757632292823,158.84204331280986,166.08008130808918,77.5009112864622,69.33773102536097,49.5065839337482,60.2889476599962,0.0,0.0,0.0,0.0
2026-09-27,EP902026,19,2026-09-30 06:00:00,3 days 06:00:00,78,17.09,-107.11,985.9,55.8,72.02529509145944,196.02126363448,203.3450944615608,167.08048973915237,159.59258584657056,72.02529509145944,10.008500154864846,3.2275512470168835,4.881531231298037,0.0,0.0,0.0,0.0
2026-09-27,EP902026,19,2026-09-30 12:00:00,3 days 12:00:00,84,18.01,-107.42,983.6,58.9,56.50974301694386,230.1055490173951,241.06097047000264,202.9982549193506,203.9793302049115,13.14208320692481,56.50974301694386,5.397490826219172,7.625288132090509,0.0,0.0,0.0,0.0
2026-09-27,EP902026,19,2026-09-30 18:00:00,3 days 18:00:00,90,18.17,-108.09,984.0,67.0,37.52037818047498,119.1790049178062,130.70917768555842,97.68568752980032,103.87836917266532,53.52262694580908,45.19104132446554,26.64050423783536,35.35713390687673,37.52037818047498,0.683517566465004,0.0,0.2698127412044382
2026-09-27,EP902026,19,2026-10-01 00:00:00,4 days 00:00:00,96,18.72,-108.32,981.2,61.2,37.87493531982326,180.63954817337049,199.49224193489877,153.8613510181859,166.73731446715306,91.43751005688868,85.06880815590415,61.99457976228589,73.8568530879903,0.0,0.0,0.0,0.0
2026-09-27,EP902026,19,2026-10-01 06:00:00,4 days 06:00:00,102,18.81,-108.63,982.5,67.0,33.00306396838104,116.1902241634537,129.19313123467646,93.23680244243911,91.65730167271032,65.92921784812143,59.01077212223157,38.3192453474563,49.81576978310744,33.00306396838104,3.823649379207307,0.7938216463176531,4.486342331066517
2026-09-27,EP902026,19,2026-10-01 12:00:00,4 days 12:00:00,108,18.92,-108.72,985.7,61.5,24.2584774638966,152.16569000035423,163.30444209757968,146.30387611368462,149.4282899634813,47.55408116409862,49.403468020440215,35.26582213969051,37.49537957114052,0.0,0.0,0.0,0.0
2026-09-27,EP902026,19,2026-10-01 18:00:00,4 days 18:00:00,114,18.93,-109.32,979.2,61.6,32.60047637675208,140.71485066756793,171.9206616939677,115.36104726474868,106.5813929775276,77.45348807819857,69.30507013000832,48.34130737221155,62.62217374807449,0.0,0.0,0.0,0.0
2026-09-27,EP902026,19,2026-10-02 00:00:00,5 days 00:00:00,120,19.05,-109.63,983.7,52.4,33.36561063887642,103.61313425406816,156.25419365219022,113.5950979746914,117.29581759924056,76.05626965253235,73.69107001518343,56.95928895164257,64.42274445511865,0.0,0.0,0.0,0.0
2026-09-27,EP902026,19,2026-10-02 06:00:00,5 days 06:00:00,126,19.02,-109.92,989.7,51.2,82.67562663332036,110.58115464854497,172.15961307915535,161.8525236732656,88.82790000134017,0.0,82.67562663332036,1.5453538250822971,0.0,0.0,0.0,0.0,0.0
2026-09-27,EP902026,19,2026-10-02 12:00:00,5 days 12:00:00,132,18.9,-110.37,991.6,57.9,42.498279956937765,136.92218592802163,132.32309269671657,118.28706736398416,115.39232174479648,53.86133487837857,46.94762047975172,32.612336266630265,38.78147246211516,0.0,0.0,0.0,0.0
2026-09-27,EP902026,19,2026-10-02 18:00:00,5 days 18:00:00,138,18.96,-110.74,993.2,41.2,51.55348229606077,161.15630727674278,136.05188745804435,135.37942059632343,164.4206567156356,0.0,0.0,0.0,0.0,0.0,0.0,0.0,0.0
2026-09-27,EP902026,19,2026-10-03 00:00:00,6 days 00:00:00,144,19.15,-111.09,990.7,52.0,53.05999393636791,227.6565805831732,237.75350386354435,187.75997419243583,201.48305391518136,53.05999393636791,37.60424774021364,25.99536167313772,33.29559006002725,0.0,0.0,0.0,0.0
2026-09-27,EP902026,19,2026-10-03 06:00:00,6 days 06:00:00,150,19.08,-111.5,987.8,58.0,40.769845764001055,132.54705860438526,164.76059595573952,151.81419652141884,147.9039297418563,101.0392844784063,90.8461582148266,68.52825757559648,87.90876239453992,0.0,0.0,0.0,0.0
2026-09-27,EP902026,19,2026-10-03 12:00:00,6 days 12:00:00,156,19.19,-111.74,979.8,58.6,33.40595653403735,164.3867992615026,167.0556386028733,125.69314857751448,145.36434751506883,67.10542578003201,62.45276774816439,43.351595318174496,49.22200473536529,0.0,0.0,0.0,0.0
2026-09-27,EP902026,19,2026-10-03 18:00:00,6 days 18:00:00,162,19.06,-111.79,989.7,61.6,42.71597597219777,176.405821705202,172.75238195026884,145.58169528866904,162.92770668159878,128.27157127727415,116.46377731128644,79.18535711556251,101.55745776024672,0.0,0.0,0.0,0.0
2026-09-27,EP902026,19,2026-10-04 00:00:00,7 days 00:00:00,168,19.25,-111.73,982.2,65.3,0.0,128.85757757307266,164.47619623453767,158.2502801735535,156.43675839639187,79.67078203889682,80.60418337358149,67.46542347321227,63.1334619288727,32.6001146407056,32.52974398996352,29.228550516675234,27.66372817073411
2026-09-27,EP902026,19,2026-10-04 06:00:00,7 days 06:00:00,174,19.5,-111.49,970.3,74.7,0.0,127.7933428385844,173.25046322596677,168.7965559943985,125.26400487099896,76.43950664464046,89.35380986199976,68.65743483216903,63.76521043764794,39.1959118990102,36.41287127493776,31.955180126665745,31.84153229862208
2026-09-27,EP902026,19,2026-10-04 12:00:00,7 days 12:00:00,180,19.73,-111.27,972.0,81.9,38.34903393870388,200.23935631645827,215.9274006322792,140.6151407495197,190.56739451337623,79.18834296708383,77.06444972262989,67.48280882980453,60.98491250506879,59.01271497416866,56.86233110744303,46.6274044929263,50.88909066587394
2026-09-27,EP902026,19,2026-10-04 18:00:00,7 days 18:00:00,186,20.05,-111.0,964.9,88.2,18.871139227075545,143.9032573407743,173.60494251772803,149.25747840563326,125.02296636968268,73.38152193974065,58.64749861098488,45.24860184210411,49.42450208063667,28.726482234199764,27.26600000099215,21.87651862479219,24.26166915413793
2026-09-27,EP902026,19,2026-10-05 00:00:00,8 days 00:00:00,192,20.88,-110.97,953.7,96.1,17.203388346782162,250.53616657385373,281.9111181658809,199.93448366882888,196.4055912002904,125.13798601978624,118.7646121137558,80.77194638295347,89.57117972133895,65.95659550077319,61.8744850305976,48.42157791293495,53.76853972716515
2026-09-27,EP902026,19,2026-10-05 06:00:00,8 days 06:00:00,198,21.64,-111.16,961.9,87.1,15.586672048573998,222.6071579148337,244.71795470160677,144.1711455918864,156.4025463308637,98.690024431907,91.93245279759992,51.94979601760347,72.95203054331833,51.01708129533818,44.01608497372716,30.674086102280704,40.787906897254246
2026-09-27,EP902026,19,2026-10-05 12:00:00,8 days 12:00:00,204,22.84,-111.9,958.2,94.9,11.812532068115818,210.60356516445304,190.14283143248764,133.51656476088323,168.36581097836023,101.49256344006903,85.55641511864275,63.05014701470914,77.12958924714651,62.221425976853,56.25892142679096,43.71149409745594,51.92643295924106
2026-09-27,EP902026,19,2026-10-05 18:00:00,8 days 18:00:00,210,23.93,-112.91,956.8,96.0,12.41195772778866,226.74655375776229,215.3782269288697,130.65133648947108,172.11428620066727,93.33149276960457,74.82709464504092,50.91449216539468,69.022233510933,44.98070941782089,36.92017921467175,28.878874997960736,36.72605015962259
2026-09-27,EP902026,19,2026-10-06 00:00:00,9 days 00:00:00,216,24.68,-113.96,961.8,89.3,9.74558772272953,233.74613413367055,197.6838316217494,121.4467463092994,175.19364311149758,101.60959344085686,78.70407130963504,55.45228568939322,73.54051238794102,41.00907129760945,35.00616995053592,25.19761416043838,34.81551640350547
2026-09-27,EP902026,19,2026-10-06 06:00:00,9 days 06:00:00,222,25.31,-115.25,971.3,81.0,25.59004545525697,208.61100997195865,189.8422789029165,139.73979842612783,184.90875366681695,87.3241396660627,73.01638220945385,55.32753031512304,74.20305520875867,39.44487779007167,32.90222056532256,24.86426641295017,34.3137516577094
2026-09-27,EP902026,19,2026-10-06 12:00:00,9 days 12:00:00,228,25.96,-116.16,975.5,73.1,12.207147293440796,236.2734097108411,212.00007396204185,151.93286242629182,187.38571153101495,90.1160825849322,77.43701830844353,51.406728449672826,71.56849436422102,45.26324105474135,38.73819751315378,28.16645878583615,37.38063480105936
2026-09-27,EP902026,19,2026-10-06 18:00:00,9 days 18:00:00,234,26.52,-117.12,979.3,65.8,32.05819558032322,171.6795102520316,167.7664617585594,135.87756633915942,148.48025640932866,83.93766437855079,77.55019860988978,57.48898904204204,68.46800377368686,34.999164385995265,30.74449803734369,24.84867530123869,29.255080585989468
2026-09-27,EP902026,19,2026-10-07 00:00:00,10 days 00:00:00,240,26.99,-117.7,984.1,54.8,24.269676493267525,179.28198477478105,152.47427852297977,118.65608831964003,148.91250592372143,83.34039751860922,61.97135492461078,40.3314199341316,63.47791654488975,0.0,0.0,0.0,0.0
2026-09-27,EP902026,19,2026-10-07 06:00:00,10 days 06:00:00,246,27.67,-118.26,987.5,45.1,38.37979311809762,220.2887482506848,170.01256329223582,111.38718493794283,183.07693726341324,0.0,0.0,0.0,0.0,0.0,0.0,0.0,0.0
2026-09-27,EP902026,19,2026-10-07 12:00:00,10 days 12:00:00,252,28.03,-118.98,994.1,44.0,56.55067013426221,150.75446891127154,150.47388933252722,80.36752437567009,105.4847470538262,0.0,0.0,0.0,0.0,0.0,0.0,0.0,0.0
2026-09-27,EP902026,19,2026-10-07 18:00:00,10 days 18:00:00,258,28.54,-119.68,998.1,36.8,85.98145759474835,150.49437802279795,161.2828928865689,109.52351443930525,113.00740958295064,0.0,0.0,0.0,0.0,0.0,0.0,0.0,0.0
2026-09-27,EP902026,19,2026-10-08 00:00:00,11 days 00:00:00,264,29.27,-120.18,999.8,31.7,91.00682541549192,0.0,0.0,0.0,0.0,0.0,0.0,0.0,0.0,0.0,0.0,0.0,0.0
2026-09-27,EP902026,19,2026-10-08 06:00:00,11 days 06:00:00,270,30.17,-120.71,1000.8,28.0,38.92494575612757,0.0,0.0,0.0,0.0,0.0,0.0,0.0,0.0,0.0,0.0,0.0,0.0
2026-09-27,EP902026,19,2026-10-08 12:00:00,11 days 12:00:00,276,31.14,-121.81,1004.7,26.4,79.46260483678984,0.0,0.0,0.0,0.0,0.0,0.0,0.0,0.0,0.0,0.0,0.0,0.0
2026-09-27,EP902026,19,2026-10-08 18:00:00,11 days 18:00:00,282,32.01,-122.89,1002.0,22.9,84.25263545174357,0.0,0.0,0.0,0.0,0.0,0.0,0.0,0.0,0.0,0.0,0.0,0.0
2026-09-27,EP902026,19,2026-10-09 00:00:00,12 days 00:00:00,288,33.22,-123.54,1006.6,25.3,73.13508827202449,0.0,0.0,0.0,0.0,0.0,0.0,0.0,0.0,0.0,0.0,0.0,0.0
2026-09-27,WP252026,19,2026-09-27 00:00:00,0 days 00:00:00,0,24.6,127.6,964.0,89.0,22.0,102.0,121.0,102.0,93.0,,,,,,,,
2026-09-27,WP252026,19,2026-09-27 06:00:00,0 days 06:00:00,6,25.4,128.19,939.2,118.2,18.5030048090073,125.2909428065173,179.57694258187547,144.35765157393095,83.55408684739578,67.67019288834155,90.25532851814452,73.81757068542478,49.66143319956008,40.70021106050437,46.10447460648373,41.70564858302812,33.186845214500515
2026-09-27,WP252026,19,2026-09-27 12:00:00,0 days 12:00:00,12,26.18,128.97,917.1,134.4,7.514997016266932,111.33805281969808,189.94324953372643,159.46115586973747,107.48295276882754,54.52647069503632,77.59013988170943,62.13118440019071,45.49553063500309,34.26611949136196,38.72032309037348,36.19739781193675,31.65068051095875
2026-09-27,WP252026,19,2026-09-27 18:00:00,0 days 18:00:00,18,26.66,129.63,947.3,108.5,8.626376729075396,69.39037705004566,155.29379576243582,142.35094850870615,70.22693467857596,48.078093491229815,78.27656004625578,67.06051269005036,42.61378980877767,33.33591570843463,37.15117453225583,32.17513588142481,27.16974189844995
2026-09-27,WP252026,19,2026-09-28 00:00:00,1 days 00:00:00,24,26.99,130.7,967.4,86.1,20.897988826567385,111.96493805846552,137.8084454853116,118.70779266933198,88.34903290310332,67.84011806660553,80.50216909674438,62.744947647387306,51.84266005993871,30.91054448395176,34.080035085999384,27.15998375961973,23.98676615651742
2026-09-27,WP252026,19,2026-09-28 06:00:00,1 days 06:00:00,30,27.7,131.62,968.2,83.9,30.972384381751567,73.69014504262975,141.6119165342833,81.11602873891877,41.17705931929834,43.03896602077748,60.15526814484929,36.5659707014305,32.74894148823856,13.926998990385258,30.972384381751567,11.028926463427148,9.075372885634302
2026-09-27,WP252026,19,2026-09-28 12:00:00,1 days 12:00:00,36,28.11,132.72,985.0,64.7,26.66971124235659,82.04902323134226,99.65203979639124,85.82990978975934,95.29283921733423,73.12172960716728,78.4984508979854,50.42467275248678,59.13744468583012,26.66971124235659,11.223067896905896,4.73596838934149,7.634992650857392
2026-09-27,WP252026,19,2026-09-28 18:00:00,1 days 18:00:00,42,28.75,133.32,992.1,53.9,86.59357149319916,165.29352401655012,187.90868987694225,91.993095750749,88.42556978808948,86.59357149319916,8.127011712945201,0.6058161717143982,1.7631424339649913,0.0,0.0,0.0,0.0
2026-09-27,WP252026,19,2026-09-29 00:00:00,2 days 00:00:00,48,29.44,134.87,997.7,44.5,66.8099508205186,178.77940071958244,193.6617121990101,110.8138834877356,135.91785022219864,0.0,0.0,0.0,0.0,0.0,0.0,0.0,0.0
2026-09-27,WP252026,19,2026-09-29 06:00:00,2 days 06:00:00,54,30.0,136.15,998.2,39.3,47.36933508371686,86.20467253620234,110.60010117057448,70.31529751867521,68.32808146004504,0.0,0.0,0.0,0.0,0.0,0.0,0.0,0.0
2026-09-27,WP252026,19,2026-09-29 12:00:00,2 days 12:00:00,60,31.17,137.57,997.9,40.0,103.91587886661286,112.83419682515232,134.12914497368945,86.97208498700174,70.50431543004798,0.0,0.0,0.0,0.0,0.0,0.0,0.0,0.0
2026-09-27,WP252026,19,2026-09-29 18:00:00,2 days 18:00:00,66,32.15,139.2,995.4,31.3,99.79678968347284,0.0,0.0,0.0,0.0,0.0,0.0,0.0,0.0,0.0,0.0,0.0,0.0
2026-09-27,WP252026,19,2026-09-30 00:00:00,3 days 00:00:00,72,32.94,141.37,996.4,41.7,65.34553443844713,152.68893102754936,179.2240631368251,165.64136244785945,124.61057101606296,0.0,0.0,0.0,0.0,0.0,0.0,0.0,0.0
2026-09-27,WP252026,19,2026-09-30 06:00:00,3 days 06:00:00,78,34.02,144.21,992.9,35.7,150.76758337811967,35.719965890885355,150.76758337811967,31.079199688307696,20.4927202664809,0.0,0.0,0.0,0.0,0.0,0.0,0.0,0.0
2026-09-27,WP252026,19,2026-09-30 12:00:00,3 days 12:00:00,84,34.31,146.02,995.6,33.7,195.53796359623084,0.0,0.0,0.0,0.0,0.0,0.0,0.0,0.0,0.0,0.0,0.0,0.0
2026-09-27,WP252026,19,2026-09-30 18:00:00,3 days 18:00:00,90,35.02,147.67,995.4,38.1,72.3830929600207,142.4843221552903,165.18407456599937,79.11693237944283,131.4981714761538,0.0,0.0,0.0,0.0,0.0,0.0,0.0,0.0
2026-09-27,WP252026,19,2026-10-01 00:00:00,4 days 00:00:00,96,35.26,149.06,999.9,41.6,150.3358315184726,157.88879272143822,177.54914828278993,114.82911385183048,110.44132418252777,0.0,0.0,0.0,0.0,0.0,0.0,0.0,0.0
2026-09-27,WP252026,19,2026-10-01 06:00:00,4 days 06:00:00,102,35.98,150.16,1006.6,29.3,108.61061109154656,0.0,0.0,0.0,0.0,0.0,0.0,0.0,0.0,0.0,0.0,0.0,0.0
2026-09-27,WP252026,19,2026-10-01 12:00:00,4 days 12:00:00,108,36.99,151.64,1000.2,29.3,159.29891367455457,0.0,0.0,0.0,0.0,0.0,0.0,0.0,0.0,0.0,0.0,0.0,0.0
2026-09-27,WP252026,19,2026-10-01 18:00:00,4 days 18:00:00,114,38.16,153.34,1005.7,20.3,70.22457805367853,0.0,0.0,0.0,0.0,0.0,0.0,0.0,0.0,0.0,0.0,0.0,0.0
2026-09-27,WP252026,19,2026-10-02 00:00:00,5 days 00:00:00,120,39.97,156.37,1001.8,28.6,176.26133773597357,0.0,0.0,0.0,0.0,0.0,0.0,0.0,0.0,0.0,0.0,0.0,0.0
2026-09-27,AL062026,2,2026-09-27 00:00:00,0 days 00:00:00,0,29.8,-43.9,1010.0,29.0,56.0,0.0,0.0,0.0,0.0,0.0,0.0,0.0,0.0,0.0,0.0,0.0,0.0
2026-09-27,EP152026,2,2026-09-27 00:00:00,0 days 00:00:00,0,16.7,-156.1,972.0,80.0,37.0,241.0,185.0,185.0,241.0,93.0,74.0,93.0,111.0,56.0,46.0,56.0,56.0
2026-09-27,EP152026,2,2026-09-27 06:00:00,0 days 06:00:00,6,16.32,-156.83,966.6,91.6,35.68375377160632,200.37665492413117,180.6798103556243,188.15600218354243,204.3852620384818,88.89058102702685,85.49862387105702,90.65757366116232,93.52844470682278,64.86756126820242,59.99490572388512,54.236212571401495,59.19328766806147
2026-09-27,EP152026,2,2026-09-27 12:00:00,0 days 12:00:00,12,16.29,-157.81,965.6,98.7,6.046047806369071,284.99872334103463,234.0948578958713,202.0467393810712,259.2413297830202,127.89491728935592,106.62907129959407,96.36838477944436,124.72957911277308,81.99426746633287,71.69379914072887,60.94427101633657,74.27863001791903
2026-09-27,EP152026,2,2026-09-27 18:00:00,0 days 18:00:00,18,16.11,-158.95,943.2,116.8,19.02625838708741,192.2591404776049,149.86506779939373,99.31899389024944,139.4122057918462,95.70821449197548,75.88343541332756,65.33916786934287,85.4953809777985,51.83004810243381,40.77308664194402,33.97291992477324,45.745977819433165
2026-09-27,EP152026,2,2026-09-28 00:00:00,1 days 00:00:00,24,16.21,-159.78,944.3,123.1,16.279723681869477,175.7511151433884,160.37444278010963,138.77747342186802,135.54463420245918,93.32093328293266,76.62695700669457,66.87688399507282,87.08190390234671,47.368467598360446,39.16168495312516,31.63997128702741,44.32270556966584
2026-09-27,EP152026,2,2026-09-28 06:00:00,1 days 06:00:00,30,16.33,-160.76,951.9,111.8,20.33651306310115,135.83834930159196,99.00805698477942,119.20458282422044,151.88382244671322,91.8451419014648,72.27626439907328,66.40004816714163,86.53021578804383,51.16644027022778,42.74674448752954,35.664817384352155,48.50315982943063
2026-09-27,EP152026,2,2026-09-28 12:00:00,1 days 12:00:00,36,16.84,-161.73,935.5,128.1,0.2761874888485494,234.32835591311343,197.52969696222172,154.0768809898907,188.03306607155216,119.3120950426739,101.8197087180466,81.46354943093732,100.79147246731328,68.64753219237025,57.63111389864602,45.72902215095186,59.66954565495064
2026-09-27,EP152026,2,2026-09-28 18:00:00,1 days 18:00:00,42,17.89,-162.92,939.6,127.6,19.27201907773421,176.7315077011161,179.0208270222863,168.78684481051351,147.84848326891853,87.51802716663431,77.3396575847125,68.0185246406139,76.06623155918497,42.02489891441903,35.50200359136693,31.14858444921201,36.68482373107437
2026-09-27,EP152026,2,2026-09-29 00:00:00,2 days 00:00:00,48,18.44,-163.32,945.7,116.3,14.35723333495612,239.64207044247945,217.11601101557017,116.82465337977416,165.4189232089102,105.61836333965778,83.07059628830146,51.1636364249308,75.46624725876302,51.38161492120406,42.44338077602154,30.407328413876648,43.53202864073029
2026-09-27,EP152026,2,2026-09-29 06:00:00,2 days 06:00:00,54,19.32,-163.5,959.1,101.2,7.012782047753712,166.08267100751178,125.88356974726553,101.25922644428287,135.1373270361006,100.03801338440071,81.3418126345314,55.022721619116254,78.03553904385961,55.738482673568726,46.08646172839774,34.787114627742135,48.19612547516718
2026-09-27,EP152026,2,2026-09-29 12:00:00,2 days 12:00:00,60,20.22,-163.6,968.7,89.7,19.995062579940395,146.99312899703637,145.06233265647086,96.06508354424926,99.65861026937824,73.95408648408699,61.49976271437919,41.18516530320832,56.728751972826274,33.59455440590344,24.80708523220349,17.799387764913433,27.50430050235154
2026-09-27,EP152026,2,2026-09-29 18:00:00,2 days 18:00:00,66,21.08,-163.66,974.8,82.5,27.592502757288813,283.66828857610415,231.2328835267158,177.1173052037234,227.05888728253217,140.8721065214275,118.02819615830342,87.94350418226557,115.19798696103555,89.2980538774217,81.56856564091586,62.41513268288679,75.83191169023127
2026-09-27,EP152026,2,2026-09-30 00:00:00,3 days 00:00:00,72,21.97,-163.52,983.3,68.0,41.878147740892025,185.03088296772648,163.5386964478402,105.25265665867836,163.46228347407362,90.68325238628792,76.52501519960008,57.83097892125512,70.09830605932711,41.878147740892025,30.531807837897613,24.47905436520758,29.246728921733084
2026-09-27,EP152026,2,2026-09-30 06:00:00,3 days 06:00:00,78,22.37,-163.46,988.3,62.2,51.281707433839415,198.70259460590688,154.0309129154673,124.48314900588788,188.5741174346615,105.45186276094924,86.0808637523121,63.29973386648762,86.34098057081606,0.0,0.0,0.0,0.0
2026-09-27,EP152026,2,2026-09-30 12:00:00,3 days 12:00:00,84,22.41,-163.45,988.3,57.3,90.27099019345911,212.53000097878456,172.17153417726217,150.94552272432009,184.48101977631023,90.27099019345911,22.1578360725741,15.043081514274704,19.99690114916657,0.0,0.0,0.0,0.0
2026-09-27,EP152026,2,2026-09-30 18:00:00,3 days 18:00:00,90,22.47,-163.29,990.5,51.6,47.587252066297374,157.95961229528285,152.9277151800487,152.68426294910188,163.17265439913848,55.26646707478673,46.52477799716523,35.401751521257225,44.24065446258575,0.0,0.0,0.0,0.0
2026-09-27,EP152026,2,2026-10-01 00:00:00,4 days 00:00:00,96,22.38,-163.33,991.4,51.0,91.23410877181558,206.01876579084035,169.69828011737047,141.81296945968387,175.9381356206207,91.23410877181558,7.818944877778228,2.7367935960563625,4.311858070756216,0.0,0.0,0.0,0.0
2026-09-27,EP152026,2,2026-10-01 06:00:00,4 days 06:00:00,102,22.4,-163.53,997.0,42.9,54.23829620458058,177.15207627296945,129.98376941786256,123.65693097122752,183.4201660395385,0.0,0.0,0.0,0.0,0.0,0.0,0.0,0.0
2026-09-27,EP152026,2,2026-10-01 12:00:00,4 days 12:00:00,108,22.01,-163.75,990.9,49.3,70.65227481089406,219.5594748806135,192.49513364189093,162.07929511444166,211.83834131398476,0.0,0.0,0.0,0.0,0.0,0.0,0.0,0.0
2026-09-27,EP152026,2,2026-10-01 18:00:00,4 days 18:00:00,114,22.14,-164.39,992.3,43.3,56.9163733670932,168.50479321842295,122.5795121681233,113.7669399774905,141.77848600799337,0.0,0.0,0.0,0.0,0.0,0.0,0.0,0.0
2026-09-27,EP152026,2,2026-10-02 00:00:00,5 days 00:00:00,120,22.31,-164.7,995.4,41.3,106.6731254440195,69.61857595484244,62.183373439881706,47.01313709458984,106.6731254440195,0.0,0.0,0.0,0.0,0.0,0.0,0.0,0.0
2026-09-27,EP152026,2,2026-10-02 06:00:00,5 days 06:00:00,126,22.48,-165.0,995.7,49.5,86.49283472184399,186.6403619118642,111.68206718396158,71.34998716662915,167.25006559322622,0.0,0.0,0.0,0.0,0.0,0.0,0.0,0.0
2026-09-27,EP152026,2,2026-10-02 12:00:00,5 days 12:00:00,132,22.74,-165.27,999.7,37.9,106.42930790525682,242.44381433868057,195.29884725951337,134.56003027700916,174.16078668172378,0.0,0.0,0.0,0.0,0.0,0.0,0.0,0.0
2026-09-27,EP152026,2,2026-10-02 18:00:00,5 days 18:00:00,138,23.26,-165.22,993.4,48.2,106.48304224424945,130.01214656364667,108.54432348010552,92.6885133315169,109.50656909006094,0.0,0.0,0.0,0.0,0.0,0.0,0.0,0.0
2026-09-27,EP152026,2,2026-10-03 00:00:00,6 days 00:00:00,144,23.84,-165.33,993.0,54.8,59.70754351708018,232.0780409168476,189.87037685200607,129.9941707618695,196.13402145554585,59.70754351708018,24.78073451086421,16.890317065245313,25.23033253562873,0.0,0.0,0.0,0.0
2026-09-27,EP152026,2,2026-10-03 06:00:00,6 days 06:00:00,150,23.83,-165.72,987.2,53.2,49.03594183956432,177.2840180968684,148.86902312169684,125.40382293888116,148.26376072220617,49.03594183956432,10.804284542557696,7.44062946313502,11.37628288211725,0.0,0.0,0.0,0.0
2026-09-27,EP152026,2,2026-10-03 12:00:00,6 days 12:00:00,156,23.53,-166.13,988.0,61.8,37.47422046904824,131.21380817017894,97.43060864644548,84.95243532458801,131.26277204106236,69.50351585011737,55.10085148682265,41.94366634453368,53.7878888527155,0.0,0.0,0.0,0.0
2026-09-27,EP152026,2,2026-10-03 18:00:00,6 days 18:00:00,162,23.01,-166.93,993.7,51.4,21.81478107303602,120.65958932076484,98.6424887908316,97.26136344328914,143.2296471573651,83.40205130416595,68.30131412364419,51.2723023993139,76.06271632952313,0.0,0.0,0.0,0.0
2026-09-27,EP152026,2,2026-10-04 00:00:00,7 days 00:00:00,168,22.57,-167.81,990.0,60.7,50.75412772374329,132.65919564581367,96.53645531169484,94.02920512935697,123.1744538075817,72.64173858162216,59.00846919602038,45.51949978377039,67.08888855324474,0.0,0.0,0.0,0.0
2026-09-27,EP152026,2,2026-10-04 06:00:00,7 days 06:00:00,174,22.0,-168.96,968.5,85.9,18.41282661143042,157.324291328816,82.13982270754846,103.27566229593624,170.934653525483,65.9929515151684,44.25053090591645,39.95596765073925,62.26427864923862,30.939088786532984,24.242983788892307,19.121983404761757,28.96569170589529
2026-09-27,EP152026,2,2026-10-04 12:00:00,7 days 12:00:00,180,21.78,-170.02,974.7,88.9,26.494399452852605,148.7468886330818,95.98932884090462,104.14612277763965,157.09786472315517,76.92763239295815,57.80917462456715,48.355927728276455,78.04043808367689,45.44173973304101,36.00190963467367,28.77940836814457,41.97217016649563
2026-09-27,EP152026,2,2026-10-04 18:00:00,7 days 18:00:00,186,21.55,-171.51,969.8,93.5,20.174671787437877,170.31758358662523,87.28767751393524,78.97187962650544,153.19435873774356,54.92203801599266,31.31669629973104,23.70314453519753,55.33551069761877,35.284548531135165,26.532494013926552,21.68061154084789,32.05861014859806
2026-09-27,EP152026,2,2026-10-05 00:00:00,8 days 00:00:00,192,21.02,-172.49,977.8,87.4,31.281201757700067,193.33320603444832,86.35014735439186,109.83602087555748,202.33534513425445,79.41211357217131,55.90553192855788,44.90072053891712,76.28348216866823,51.29520513012427,42.29022948812412,32.949667042603224,47.46734701727797
2026-09-27,EP152026,2,2026-10-05 06:00:00,8 days 06:00:00,198,21.06,-173.74,979.1,82.2,13.506807910061536,216.29695946818487,98.47023051561874,109.47840583576682,225.2670810553303,102.43067255480776,68.89861705255437,55.352022627471854,95.29602778901716,57.661119607334165,47.66473296524368,38.52147412890379,50.89734454298954
2026-09-27,EP152026,2,2026-10-05 12:00:00,8 days 12:00:00,204,20.82,-175.3,979.1,82.9,7.399438398984998,152.47339850773412,109.30498281069109,100.52755589971804,148.17364570569038,85.44667773065672,61.864825969026455,47.59926213884941,73.75073465294344,39.57962244235094,30.577154559218062,24.792293317802507,33.90160084121799
2026-09-27,EP152026,2,2026-10-05 18:00:00,8 days 18:00:00,210,20.69,-176.8,984.7,70.3,4.172962243955164,152.96940440647955,71.33684937766408,44.1816394749886,145.67341223243903,65.70478821344096,34.61608295447887,22.667456540510088,52.93481900511044,13.002196941675846,8.048102974451812,3.185054596311881,11.07255443533411
2026-09-27,EP152026,2,2026-10-06 00:00:00,9 days 00:00:00,216,20.61,-178.51,990.4,58.8,27.03376209858766,218.78432598391143,145.47882068208332,86.9490228707607,188.7418010422848,52.1749353181097,27.12194764491213,13.157180959315042,39.22569041330814,0.0,0.0,0.0,0.0
2026-09-27,EP152026,2,2026-10-06 06:00:00,9 days 06:00:00,222,20.38,-179.98,994.3,50.7,54.07508836279084,149.44550664463526,80.53772260059597,38.21127912799441,110.71402219475794,54.07508836279084,0.701874532492802,0.0,1.6372126369828095,0.0,0.0,0.0,0.0
2026-09-27,EP152026,2,2026-10-06 12:00:00,9 days 12:00:00,228,20.66,177.83,997.2,47.5,80.3284812048135,153.45392016265424,114.24846950565444,91.10991377739356,138.69270519220112,0.0,0.0,0.0,0.0,0.0,0.0,0.0,0.0
2026-09-27,EP152026,2,2026-10-06 18:00:00,9 days 18:00:00,234,20.85,175.63,999.8,42.2,113.78081609989056,254.1143787860047,179.67480400019332,117.88681863417166,207.3747959792668,0.0,0.0,0.0,0.0,0.0,0.0,0.0,0.0
2026-09-27,EP152026,2,2026-10-07 00:00:00,10 days 00:00:00,240,20.78,173.19,1004.9,34.5,82.41984128514687,85.93282150826371,21.579230772439978,0.0,57.18671635263007,0.0,0.0,0.0,0.0,0.0,0.0,0.0,0.0
2026-09-27,EP152026,2,2026-10-07 06:00:00,10 days 06:00:00,246,21.5,170.77,1002.9,32.3,52.60458091790885,0.0,0.0,0.0,0.0,0.0,0.0,0.0,0.0,0.0,0.0,0.0,0.0
2026-09-27,EP152026,2,2026-10-07 12:00:00,10 days 12:00:00,252,21.84,168.41,1005.6,34.5,60.32435346393508,62.703385379193065,16.619156437325834,0.3272834370170994,34.73065681843942,0.0,0.0,0.0,0.0,0.0,0.0,0.0,0.0
2026-09-27,EP152026,2,2026-10-07 18:00:00,10 days 18:00:00,258,22.38,166.74,1003.9,27.1,54.4836385755184,0.0,0.0,0.0,0.0,0.0,0.0,0.0,0.0,0.0,0.0,0.0,0.0
2026-09-27,EP152026,2,2026-10-08 00:00:00,11 days 00:00:00,264,23.68,164.69,1004.7,33.3,107.84090756889007,0.0,0.0,0.0,0.0,0.0,0.0,0.0,0.0,0.0,0.0,0.0,0.0
2026-09-27,EP152026,2,2026-10-08 06:00:00,11 days 06:00:00,270,25.24,162.9,1002.2,29.5,93.30023992060424,0.0,0.0,0.0,0.0,0.0,0.0,0.0,0.0,0.0,0.0,0.0,0.0
2026-09-27,EP162026,2,2026-09-27 00:00:00,0 days 00:00:00,0,20.8,-123.6,975.0,76.0,28.0,167.0,167.0,148.0,185.0,93.0,74.0,74.0,93.0,65.0,46.0,37.0,56.0
2026-09-27,EP162026,2,2026-09-27 06:00:00,0 days 06:00:00,6,21.27,-123.35,991.4,54.2,53.58298887609618,173.65476380348173,159.59932520783934,139.2869136890005,191.16503016012712,88.77631097091607,77.18718251833747,56.84229300455833,75.5590826459471,0.0,0.0,0.0,0.0
2026-09-27,EP162026,2,2026-09-27 12:00:00,0 days 12:00:00,12,21.98,-123.33,997.6,48.8,64.97237757371518,183.9325390678636,167.15154024962783,110.6131723684795,153.5625895365174,0.0,0.0,0.0,0.0,0.0,0.0,0.0,0.0
2026-09-27,EP162026,2,2026-09-27 18:00:00,0 days 18:00:00,18,22.03,-123.62,1002.3,35.0,74.80981085469944,75.50023976786918,74.39527110876168,47.62284916546518,58.62470777113094,0.0,0.0,0.0,0.0,0.0,0.0,0.0,0.0
2026-09-27,EP162026,2,2026-09-28 00:00:00,1 days 00:00:00,24,22.04,-123.57,1000.9,34.4,128.26396676162454,176.21335778939277,173.76470766728306,152.32371098408464,151.6696004318568,0.0,0.0,0.0,0.0,0.0,0.0,0.0,0.0
2026-09-27,EP162026,2,2026-09-28 06:00:00,1 days 06:00:00,30,21.86,-123.44,1001.1,32.4,77.6728111698248,0.0,0.0,0.0,0.0,0.0,0.0,0.0,0.0,0.0,0.0,0.0,0.0
2026-09-27,EP162026,2,2026-09-28 12:00:00,1 days 12:00:00,36,21.84,-123.33,1002.7,29.8,100.4884860983579,0.0,0.0,0.0,0.0,0.0,0.0,0.0,0.0,0.0,0.0,0.0,0.0
2026-09-27,EP162026,2,2026-09-28 18:00:00,1 days 18:00:00,42,21.34,-123.02,1002.9,27.0,184.89000233878005,0.0,0.0,0.0,0.0,0.0,0.0,0.0,0.0,0.0,0.0,0.0,0.0
2026-09-27,EP162026,2,2026-09-29 00:00:00,2 days 00:00:00,48,20.95,-123.12,1005.5,24.6,70.32647677845453,0.0,0.0,0.0,0.0,0.0,0.0,0.0,0.0,0.0,0.0,0.0,0.0
2026-09-27,EP162026,2,2026-09-29 06:00:00,2 days 06:00:00,54,20.19,-123.29,1006.3,20.8,84.65273343009736,0.0,0.0,0.0,0.0,0.0,0.0,0.0,0.0,0.0,0.0,0.0,0.0
2026-09-27,EP162026,2,2026-09-29 12:00:00,2 days 12:00:00,60,19.68,-123.31,1006.5,25.3,123.040841717456,0.0,0.0,0.0,0.0,0.0,0.0,0.0,0.0,0.0,0.0,0.0,0.0
2026-09-27,EP162026,2,2026-09-29 18:00:00,2 days 18:00:00,66,19.11,-123.61,1005.9,23.4,130.88147770252016,0.0,0.0,0.0,0.0,0.0,0.0,0.0,0.0,0.0,0.0,0.0,0.0
2026-09-27,EP162026,2,2026-09-30 00:00:00,3 days 00:00:00,72,19.25,-124.05,1007.3,17.0,103.52232190999466,0.0,0.0,0.0,0.0,0.0,0.0,0.0,0.0,0.0,0.0,0.0,0.0
2026-09-27,EP162026,2,2026-09-30 06:00:00,3 days 06:00:00,78,20.04,-126.25,1009.3,20.9,70.37392984233675,0.0,0.0,0.0,0.0,0.0,0.0,0.0,0.0,0.0,0.0,0.0,0.0
2026-09-27,EP162026,2,2026-09-30 12:00:00,3 days 12:00:00,84,19.21,-125.56,1007.6,25.3,116.93919824745936,0.0,0.0,0.0,0.0,0.0,0.0,0.0,0.0,0.0,0.0,0.0,0.0
2026-09-27,EP172026,2,2026-09-27 00:00:00,0 days 00:00:00,0,19.0,-112.9,946.0,111.0,28.0,259.0,185.0,167.0,185.0,111.0,111.0,93.0,93.0,65.0,65.0,46.0,56.0
2026-09-27,EP172026,2,2026-09-27 06:00:00,0 days 06:00:00,6,19.96,-113.46,949.4,108.0,0.0,214.4624295964973,240.5782729636044,168.16409821267416,202.300296585031,108.54748949614168,94.93764369345875,66.44424464610188,86.55624295929533,61.38401814921974,50.40138283284364,40.79843354151325,53.31847333029987
2026-09-27,EP172026,2,2026-09-27 12:00:00,0 days 12:00:00,12,20.71,-113.92,939.1,121.4,16.042432501868163,267.6148333949046,257.4112338025945,186.0411832291373,207.542447465754,119.25483832099356,101.26322254371736,67.83370050962826,89.01763883065931,70.72601323822403,61.069733449663445,46.9945023619194,59.534656157393535
2026-09-27,EP172026,2,2026-09-27 18:00:00,0 days 18:00:00,18,21.66,-114.29,944.4,120.3,10.981657620258556,169.35254886342292,185.08829860642595,142.6636407127899,135.62444708525223,99.4823727812772,93.36190991711771,74.31278758158676,74.84462842929506,53.82767758693772,51.72073766397354,41.1864351320104,45.13835489903374
2026-09-27,EP172026,2,2026-09-28 00:00:00,1 days 00:00:00,24,22.67,-114.45,935.9,125.3,6.19280704101395,218.525560093476,228.4761343210417,142.80169207843215,161.6300105777642,72.53145524429362,70.72758378301597,52.22575179234495,49.56871555279949,39.87886024725631,38.96477455252595,32.610381206095255,33.73266122292016
2026-09-27,EP172026,2,2026-09-28 06:00:00,1 days 06:00:00,30,23.35,-114.44,954.5,104.0,40.73050451284114,127.63652117579876,153.19915445332776,137.08979068168148,133.1901368179794,74.73065760121946,73.76324175971584,56.64323777254957,61.62109050448704,45.78226986098676,40.64982990367088,32.18357446531007,37.37064366495581
2026-09-27,EP172026,2,2026-09-28 12:00:00,1 days 12:00:00,36,24.27,-114.12,951.4,107.4,0.0,205.1310318301569,236.26898415640727,182.9734284084688,177.5137533785981,109.74458165093144,113.30196748399624,81.08300722239235,81.05586926125193,65.37684702423572,62.62766268906905,50.03804180997081,54.19880339766763
2026-09-27,EP172026,2,2026-09-28 18:00:00,1 days 18:00:00,42,25.1,-113.46,957.8,103.2,12.989650840513036,191.7571640750109,213.1496758675935,162.36999958458136,170.87178651524505,90.52304004377868,88.2920925541024,67.05185131907984,65.88441146443597,51.758400515586345,50.47729594865888,41.604941875148654,41.58330689533637
2026-09-27,EP172026,2,2026-09-29 00:00:00,2 days 00:00:00,48,25.27,-112.83,967.5,85.6,32.29343759201461,202.07460811205368,218.033913916814,150.02083514798912,182.7658699426796,109.2758932149776,112.78588688000616,81.72263171678017,91.67294234680897,71.73161665624323,67.83674639697742,54.52050793939418,60.162335549853466
2026-09-27,EP172026,2,2026-09-29 06:00:00,2 days 06:00:00,54,26.11,-111.77,983.9,63.2,31.25498026603128,231.32254053069107,200.2293257976021,146.47930483014534,187.16012811982492,90.44740414809272,95.4198309092353,70.77261841303665,68.56447286566552,0.0,0.0,0.0,0.0
2026-09-27,EP172026,2,2026-09-29 12:00:00,2 days 12:00:00,60,27.38,-110.98,988.2,60.0,11.33503682233167,202.5017233432945,201.98630890090243,93.86125239817277,125.66614662483528,57.13911990377558,52.07846335655557,27.602901494439536,32.419367729850066,0.0,0.0,0.0,0.0
2026-09-27,EP172026,2,2026-09-29 18:00:00,2 days 18:00:00,66,28.74,-110.17,996.5,33.3,96.7227235238038,0.0,0.0,0.0,0.0,0.0,0.0,0.0,0.0,0.0,0.0,0.0,0.0
2026-09-27,EP902026,2,2026-09-27 00:00:00,0 days 00:00:00,0,12.0,-98.6,1008.0,25.0,111.0,0.0,0.0,0.0,0.0,0.0,0.0,0.0,0.0,0.0,0.0,0.0,0.0
2026-09-27,EP902026,2,2026-09-27 06:00:00,0 days 06:00:00,6,11.94,-98.22,1005.7,29.6,76.75733276660192,0.0,0.0,0.0,0.0,0.0,0.0,0.0,0.0,0.0,0.0,0.0,0.0
2026-09-27,EP902026,2,2026-09-27 12:00:00,0 days 12:00:00,12,11.94,-98.39,1002.4,28.9,148.0716824003118,0.0,0.0,0.0,0.0,0.0,0.0,0.0,0.0,0.0,0.0,0.0,0.0
2026-09-27,EP902026,2,2026-09-27 18:00:00,0 days 18:00:00,18,12.14,-98.61,1004.9,36.9,148.777181452356,57.093150926329656,148.777181452356,22.2758220072788,25.619578734695267,0.0,0.0,0.0,0.0,0.0,0.0,0.0,0.0
2026-09-27,EP902026,2,2026-09-28 00:00:00,1 days 00:00:00,24,12.31,-99.34,1004.7,40.9,131.67088932392545,322.3412443260852,282.9531690955567,201.4960838630824,265.1553560640117,0.0,0.0,0.0,0.0,0.0,0.0,0.0,0.0
2026-09-27,EP902026,2,2026-09-28 06:00:00,1 days 06:00:00,30,12.67,-100.47,1003.8,39.2,71.19701658153551,71.19701658153551,44.92746094422424,24.84527570480368,48.625083377664176,0.0,0.0,0.0,0.0,0.0,0.0,0.0,0.0
2026-09-27,EP902026,2,2026-09-28 12:00:00,1 days 12:00:00,36,13.1,-100.9,1002.1,38.7,127.51269490096676,258.71853266873427,225.66187345177173,183.6782817048489,240.1378731505137,0.0,0.0,0.0,0.0,0.0,0.0,0.0,0.0
2026-09-27,EP902026,2,2026-09-28 18:00:00,1 days 18:00:00,42,13.87,-102.54,993.8,44.2,141.42949054417696,241.65258772822256,215.105928572462,199.2432456595261,220.7184314924432,0.0,0.0,0.0,0.0,0.0,0.0,0.0,0.0
2026-09-27,EP902026,2,2026-09-29 00:00:00,2 days 00:00:00,48,14.36,-103.47,998.6,46.4,78.13162993829735,196.2035306748477,178.99664018606455,120.36520111925938,164.98089820558718,0.0,0.0,0.0,0.0,0.0,0.0,0.0,0.0
2026-09-27,EP902026,2,2026-09-29 06:00:00,2 days 06:00:00,54,14.95,-104.1,999.0,44.5,69.9506314389478,198.09232291330915,171.19879493438992,125.10526794366947,156.79344512197798,0.0,0.0,0.0,0.0,0.0,0.0,0.0,0.0
2026-09-27,EP902026,2,2026-09-29 12:00:00,2 days 12:00:00,60,15.72,-105.19,998.4,45.9,84.40924548211916,84.40924548211916,29.48153852649749,2.9544322073161418,16.45964315226763,0.0,0.0,0.0,0.0,0.0,0.0,0.0,0.0
2026-09-27,EP902026,2,2026-09-29 18:00:00,2 days 18:00:00,66,16.32,-106.07,997.9,45.2,64.0317701785948,266.9672637965426,259.304569029764,193.41912884195943,234.0512992924465,0.0,0.0,0.0,0.0,0.0,0.0,0.0,0.0
2026-09-27,EP902026,2,2026-09-30 00:00:00,3 days 00:00:00,72,17.15,-107.02,993.3,48.9,51.0336124304344,255.899494118567,225.48095785808303,172.17093307962386,241.86311026165365,0.0,0.0,0.0,0.0,0.0,0.0,0.0,0.0
2026-09-27,EP902026,2,2026-09-30 06:00:00,3 days 06:00:00,78,17.67,-107.52,989.0,62.3,40.90195936573119,194.859998121739,182.9879418836731,162.90886452023358,189.9387404895264,124.67487638019212,102.49288722258646,75.97613827317187,105.28162929599311,0.0,0.0,0.0,0.0
2026-09-27,EP902026,2,2026-09-30 12:00:00,3 days 12:00:00,84,18.52,-108.59,986.1,67.2,35.38312739873518,169.497093047561,198.09976160127184,139.7568487346531,137.6922676922161,116.2526740620503,93.98118337084266,65.0600797239872,85.25877195982557,35.38312739873518,6.576625173702842,3.636851807964917,9.101342449530986
2026-09-27,EP902026,2,2026-09-30 18:00:00,3 days 18:00:00,90,19.01,-109.3,984.2,62.2,16.957840323693368,96.29184198492104,92.56106714126852,68.59189593199682,85.52780272155128,63.15838602226678,45.57748499724792,27.540040452945615,45.30391044597996,0.0,0.0,0.0,0.0
2026-09-27,EP902026,2,2026-10-01 00:00:00,4 days 00:00:00,96,19.28,-109.75,986.2,61.6,41.780701574797845,157.21013354568828,176.14604319423444,124.72252558880706,145.4586617372947,83.6859876150199,70.51056042340623,48.98370231475698,61.73483469426336,0.0,0.0,0.0,0.0
2026-09-27,EP902026,2,2026-10-01 06:00:00,4 days 06:00:00,102,19.53,-110.44,989.1,53.4,37.08406741957892,169.9726605896505,157.01157413028972,130.39459109986078,143.24137309812676,37.08406741957892,28.57681292560404,17.885974415754404,20.54111028232633,0.0,0.0,0.0,0.0
2026-09-27,EP902026,2,2026-10-01 12:00:00,4 days 12:00:00,108,19.49,-110.34,992.0,55.8,45.38489299018975,129.98382277544738,121.61186874500552,105.51683389665034,113.5894843277631,47.58763751375108,42.01086135356413,27.4321471736164,34.90389560388799,0.0,0.0,0.0,0.0
2026-09-27,EP902026,2,2026-10-01 18:00:00,4 days 18:00:00,114,19.45,-110.83,995.4,47.5,49.58299486467938,146.1831059874038,161.73659437191526,143.93754780756458,138.34750259381124,0.0,0.0,0.0,0.0,0.0,0.0,0.0,0.0
2026-09-27,EP902026,2,2026-10-02 00:00:00,5 days 00:00:00,120,19.65,-110.88,997.1,41.3,64.11030629867312,178.8469235457552,172.34630121436507,140.24676235769417,152.52864058209946,0.0,0.0,0.0,0.0,0.0,0.0,0.0,0.0
2026-09-27,EP902026,2,2026-10-02 06:00:00,5 days 06:00:00,126,19.85,-110.92,997.3,41.2,126.83515892798702,128.1746088424162,134.62945068730346,114.84476608311772,108.87959023165038,0.0,0.0,0.0,0.0,0.0,0.0,0.0,0.0
2026-09-27,EP902026,2,2026-10-02 12:00:00,5 days 12:00:00,132,19.89,-111.24,996.5,42.3,113.0288396824392,47.31950770215121,113.0288396824392,39.99665593363431,23.992944642351876,0.0,0.0,0.0,0.0,0.0,0.0,0.0,0.0
2026-09-27,EP902026,2,2026-10-02 18:00:00,5 days 18:00:00,138,19.73,-111.52,996.6,40.3,103.27499414966827,42.35522465902194,103.27499414966827,33.40059872997806,32.97647748504842,0.0,0.0,0.0,0.0,0.0,0.0,0.0,0.0
2026-09-27,EP902026,2,2026-10-03 00:00:00,6 days 00:00:00,144,19.95,-111.96,999.3,34.8,87.31190003974811,87.31190003974811,6.68782037072668,1.8766233521128253,3.088231547726674,0.0,0.0,0.0,0.0,0.0,0.0,0.0,0.0
2026-09-27,EP902026,2,2026-10-03 06:00:00,6 days 06:00:00,150,20.0,-112.51,999.7,35.3,68.79208507009317,88.9288870805089,63.17916525614077,52.36306132697638,74.86190276808652,0.0,0.0,0.0,0.0,0.0,0.0,0.0,0.0
2026-09-27,EP902026,2,2026-10-03 12:00:00,6 days 12:00:00,156,20.02,-112.93,1002.3,34.6,62.77551625782846,25.55132026412602,62.77551625782846,11.374656685036566,20.40555194041288,0.0,0.0,0.0,0.0,0.0,0.0,0.0,0.0
2026-09-27,EP902026,2,2026-10-03 18:00:00,6 days 18:00:00,162,20.22,-114.02,999.6,36.4,73.77730753346293,72.41964354572032,81.25442782198026,75.21580667117279,72.76977022938723,0.0,0.0,0.0,0.0,0.0,0.0,0.0,0.0
2026-09-27,EP902026,2,2026-10-04 00:00:00,7 days 00:00:00,168,20.3,-114.57,1004.7,33.0,131.40989515872258,0.0,0.0,0.0,0.0,0.0,0.0,0.0,0.0,0.0,0.0,0.0,0.0
2026-09-27,EP902026,2,2026-10-04 06:00:00,7 days 06:00:00,174,20.43,-115.15,1002.4,28.9,98.01580303106152,0.0,0.0,0.0,0.0,0.0,0.0,0.0,0.0,0.0,0.0,0.0,0.0
2026-09-27,EP902026,2,2026-10-04 12:00:00,7 days 12:00:00,180,20.24,-115.46,1001.0,27.0,129.39461068085114,0.0,0.0,0.0,0.0,0.0,0.0,0.0,0.0,0.0,0.0,0.0,0.0
2026-09-27,EP902026,2,2026-10-04 18:00:00,7 days 18:00:00,186,19.84,-115.95,999.7,33.8,65.95768266101535,0.0,0.0,0.0,0.0,0.0,0.0,0.0,0.0,0.0,0.0,0.0,0.0
2026-09-27,EP902026,2,2026-10-05 00:00:00,8 days 00:00:00,192,19.61,-116.76,1001.0,29.2,103.5532320929274,0.0,0.0,0.0,0.0,0.0,0.0,0.0,0.0,0.0,0.0,0.0,0.0
2026-09-27,EP902026,2,2026-10-05 06:00:00,8 days 06:00:00,198,19.01,-117.05,1002.5,38.1,71.2534618083055,26.285026691782463,24.54932581070705,11.399559952034087,71.2534618083055,0.0,0.0,0.0,0.0,0.0,0.0,0.0,0.0
2026-09-27,EP902026,2,2026-10-05 12:00:00,8 days 12:00:00,204,18.69,-116.85,999.3,34.6,84.57812316302748,84.57812316302748,81.91681861333856,60.18301673190728,76.57887465126036,0.0,0.0,0.0,0.0,0.0,0.0,0.0,0.0
2026-09-27,EP902026,2,2026-10-05 18:00:00,8 days 18:00:00,210,18.42,-116.92,997.1,45.9,34.224973766623634,64.79625924737687,39.9293358553084,26.776612311914384,49.16941655486241,0.0,0.0,0.0,0.0,0.0,0.0,0.0,0.0
2026-09-27,EP902026,2,2026-10-06 00:00:00,9 days 00:00:00,216,17.69,-116.92,999.4,37.1,79.28006806599663,44.840545021641006,79.28006806599663,37.15878707105404,38.06997558333782,0.0,0.0,0.0,0.0,0.0,0.0,0.0,0.0
2026-09-27,EP902026,2,2026-10-06 06:00:00,9 days 06:00:00,222,17.1,-116.79,1001.6,40.5,69.13472618674373,27.562676064920588,22.451583762135385,27.25332904806086,69.13472618674373,0.0,0.0,0.0,0.0,0.0,0.0,0.0,0.0
2026-09-27,EP902026,2,2026-10-06 12:00:00,9 days 12:00:00,228,16.92,-117.14,997.7,42.0,46.72468881416187,167.47946327098938,141.9636339275511,113.747089055384,152.40046172170003,0.0,0.0,0.0,0.0,0.0,0.0,0.0,0.0
2026-09-27,EP902026,2,2026-10-06 18:00:00,9 days 18:00:00,234,16.73,-117.29,1000.1,51.5,45.58988393813743,157.87681289663064,124.08152383281195,111.66623074394413,172.10313812997182,9.956270912467131,9.146789265330092,8.505796374178605,45.58988393813743,0.0,0.0,0.0,0.0
2026-09-27,EP902026,2,2026-10-07 00:00:00,10 days 00:00:00,240,16.76,-117.71,992.5,52.2,28.37706669498531,133.8927857900798,124.1489497211849,104.14564591703264,121.78697685356126,28.37706669498531,12.718937873657346,7.487343962121268,9.578108947426047,0.0,0.0,0.0,0.0
2026-09-27,EP902026,2,2026-10-07 06:00:00,10 days 06:00:00,246,16.86,-117.87,985.6,63.1,28.059755948658548,99.15621277903368,105.5536433927072,84.53076586114909,100.92886255562696,60.43769520822888,47.58600620655898,30.468822534733373,45.55222160966383,0.0,0.0,0.0,0.0
2026-09-27,EP902026,2,2026-10-07 12:00:00,10 days 12:00:00,252,17.11,-118.61,980.0,69.8,15.235757587909404,108.71320470277897,90.06673865658297,68.2785668503094,108.31897823704634,54.316050436183815,43.56482205772855,34.55739867668231,46.80078535877519,15.235757587909404,8.35409125199051,5.718880090649737,10.392139001046443
2026-09-27,EP902026,2,2026-10-07 18:00:00,10 days 18:00:00,258,17.33,-119.41,976.4,79.5,24.27037568455927,119.19272179649238,103.87159761697296,96.19321713808472,145.80093815456996,56.32944541934455,45.25244399581561,38.932377162404805,51.71992974547141,30.1743146151681,24.29940293053005,19.036587411825508,25.95739086994766
2026-09-27,EP902026,2,2026-10-08 00:00:00,11 days 00:00:00,264,17.42,-120.06,982.1,74.2,28.533679695763627,124.9885070376878,106.8677719010948,123.97653745066606,157.69264914309653,57.00434554817989,41.734248615873575,34.50921496095932,53.07752780173714,28.533679695763627,18.99871376533016,14.588270769391492,23.85238938840727
2026-09-27,EP902026,2,2026-10-08 06:00:00,11 days 06:00:00,270,17.82,-120.59,980.7,73.4,39.4062002332898,111.8413746022632,82.14251649931697,79.34183323111944,108.09244489395756,58.68484092777954,39.1711210419908,37.60394159002503,56.05268121079803,39.4062002332898,20.18868156696425,16.745735673239537,25.35342224657383
2026-09-27,EP902026,2,2026-10-08 12:00:00,11 days 12:00:00,276,18.12,-121.11,979.2,74.9,33.651379981753,138.89038554531825,125.51283178778505,155.7593523180607,168.48308636926373,75.21212258591235,62.90788890905869,61.91202539077865,79.01711134454405,38.60097875458547,32.706751798241754,28.42473678884867,36.84666235463545
2026-09-27,EP902026,2,2026-10-08 18:00:00,11 days 18:00:00,282,18.3,-121.81,978.1,75.6,12.226447755298013,149.5696762419651,127.5826700502621,106.16823658991706,153.05693185568282,56.86163997682276,46.1520234464532,39.33372617533388,54.81048549645146,39.4876783071786,33.180145624038005,30.23748055675289,34.713418704752094
2026-09-27,EP902026,2,2026-10-09 00:00:00,12 days 00:00:00,288,18.8,-122.56,974.9,77.2,29.249402071768163,163.0428453657791,145.7947925051918,109.7902025464719,138.2267322800386,63.06763298777168,46.6316672085937,34.658283785154545,55.02943076418453,29.249402071768163,25.48788914523631,19.221292287191844,24.99780509247013
2026-09-27,EP902026,2,2026-10-09 06:00:00,12 days 06:00:00,294,19.24,-123.27,984.0,70.2,2.1542606196014944,202.5926630736726,122.32737199915742,121.59055131293162,203.04874292967065,79.32834312440491,61.18019883865333,56.27047878569762,73.6562500560635,38.56155809935191,33.63623302111066,28.174943665713347,33.96789376804695
2026-09-27,EP902026,2,2026-10-09 12:00:00,12 days 12:00:00,300,19.65,-123.84,990.6,61.5,17.047450856115375,111.34559182827329,99.93376385294702,78.62865546642442,115.02975970373198,75.08176177341237,62.3139072343932,45.37755446581981,66.00312879561336,0.0,0.0,0.0,0.0
2026-09-27,EP902026,2,2026-10-09 18:00:00,12 days 18:00:00,306,20.08,-124.77,993.0,56.5,52.71781537001184,135.3449072249653,113.17819799396568,83.62953248953215,120.73193816283472,52.71781537001184,33.25441050623785,20.517397763919185,31.252959949606293,0.0,0.0,0.0,0.0
2026-09-27,EP902026,2,2026-10-10 00:00:00,13 days 00:00:00,312,20.13,-125.06,1000.1,49.5,24.46327392698616,148.30242839932902,105.24049081014942,65.44165794514369,128.89944730320903,0.0,0.0,0.0,0.0,0.0,0.0,0.0,0.0
2026-09-27,EP902026,2,2026-10-10 06:00:00,13 days 06:00:00,318,20.55,-125.89,1005.1,41.7,36.5446504542964,80.3054581332047,40.428571877063725,24.09006791292176,67.24730119657855,0.0,0.0,0.0,0.0,0.0,0.0,0.0,0.0
2026-09-27,EP902026,2,2026-10-10 12:00:00,13 days 12:00:00,324,20.64,-126.67,1005.8,37.1,74.41871350051615,74.41871350051615,47.255298090893085,24.58258833884486,46.67288937832375,0.0,0.0,0.0,0.0,0.0,0.0,0.0,0.0
2026-09-27,EP902026,2,2026-10-10 18:00:00,13 days 18:00:00,330,20.7,-127.3,1001.4,33.4,41.60217939170684,0.0,0.0,0.0,0.0,0.0,0.0,0.0,0.0,0.0,0.0,0.0,0.0
2026-09-27,EP902026,2,2026-10-11 00:00:00,14 days 00:00:00,336,20.88,-128.08,1002.6,33.0,78.89243989318368,0.0,0.0,0.0,0.0,0.0,0.0,0.0,0.0,0.0,0.0,0.0,0.0
2026-09-27,EP902026,2,2026-10-11 06:00:00,14 days 06:00:00,342,20.71,-129.17,1003.4,35.4,71.3854347215089,71.3854347215089,5.497145757408298,0.0,20.998371122053232,0.0,0.0,0.0,0.0,0.0,0.0,0.0,0.0
2026-09-27,EP902026,2,2026-10-11 12:00:00,14 days 12:00:00,348,20.44,-130.22,1006.0,32.1,75.40287652205419,0.0,0.0,0.0,0.0,0.0,0.0,0.0,0.0,0.0,0.0,0.0,0.0
2026-09-27,EP902026,2,2026-10-11 18:00:00,14 days 18:00:00,354,19.96,-131.22,1006.3,28.0,101.55185171584898,0.0,0.0,0.0,0.0,0.0,0.0,0.0,0.0,0.0,0.0,0.0,0.0
2026-09-27,EP902026,2,2026-10-12 00:00:00,15 days 00:00:00,360,19.66,-132.64,1006.9,29.1,106.7012672854855,0.0,0.0,0.0,0.0,0.0,0.0,0.0,0.0,0.0,0.0,0.0,0.0
2026-09-27,WP252026,2,2026-09-27 00:00:00,0 days 00:00:00,0,24.6,127.6,964.0,89.0,22.0,102.0,121.0,102.0,93.0,,,,,,,,
2026-09-27,WP252026,2,2026-09-27 06:00:00,0 days 06:00:00,6,25.25,128.18,946.9,101.8,14.598255694345696,134.39804773459093,201.4806473842821,178.52449189844666,139.23856342264224,78.022902515683,90.4296717647355,74.74686065860865,63.38075635682375,41.633071168763095,49.62690620105703,44.45058434894506,39.15744743211694
2026-09-27,WP252026,2,2026-09-27 12:00:00,0 days 12:00:00,12,25.87,129.2,957.1,99.0,25.59979779957712,137.64660138353975,176.53778900547786,135.6842638477492,131.5137780957939,47.24676219683954,63.64591934686018,54.42985261881847,34.52165273616549,35.73645800188228,40.15553227517955,35.167088911425935,30.483576755981343
2026-09-27,WP252026,2,2026-09-27 18:00:00,0 days 18:00:00,18,26.51,129.95,974.7,74.1,48.60469189350383,97.73662076795416,168.8569197141764,131.91469493187603,106.50203149265306,51.02433073925465,62.42836305583226,40.8389313203242,32.88859056167623,48.60469189350383,14.098449076478214,10.132399945328968,8.25964500561373
2026-09-27,WP252026,2,2026-09-28 00:00:00,1 days 00:00:00,24,27.21,130.93,987.0,61.0,9.206559869603796,76.4073963595719,91.25817634193636,82.10114925089059,80.05964672451834,57.77787046566163,65.21293193941023,41.24411406913574,46.86879511468042,0.0,0.0,0.0,0.0
2026-09-27,WP252026,2,2026-09-28 06:00:00,1 days 06:00:00,30,27.47,131.85,987.4,56.7,59.702495811124,160.63773984739126,187.2185232134613,109.77135296333064,99.92095795726418,22.60199455391249,59.702495811124,16.27139978080162,14.154652785648072,0.0,0.0,0.0,0.0
2026-09-27,WP252026,2,2026-09-28 12:00:00,1 days 12:00:00,36,28.13,132.72,989.5,52.4,110.92866294075918,117.7573246940243,162.344158031103,104.246186533244,81.39739443399708,110.92866294075918,2.645049098097985,0.0,0.2905193376939863,0.0,0.0,0.0,0.0
2026-09-27,WP252026,2,2026-09-28 18:00:00,1 days 18:00:00,42,28.83,133.58,994.2,42.8,126.43224220216224,108.5694225860026,126.43224220216224,53.57253460302729,71.57993320018133,0.0,0.0,0.0,0.0,0.0,0.0,0.0,0.0
2026-09-27,WP252026,2,2026-09-29 00:00:00,2 days 00:00:00,48,29.69,134.99,998.8,38.0,108.3993788028959,141.03861426366518,153.64145709722465,103.90132783051548,109.44255045683444,0.0,0.0,0.0,0.0,0.0,0.0,0.0,0.0
2026-09-27,WP252026,2,2026-09-29 06:00:00,2 days 06:00:00,54,30.66,136.49,999.4,34.9,80.57125097062146,42.1144210433323,80.57125097062146,16.454145989425456,18.759981423331222,0.0,0.0,0.0,0.0,0.0,0.0,0.0,0.0
2026-09-27,WP252026,2,2026-09-29 12:00:00,2 days 12:00:00,60,31.08,138.32,1000.4,41.3,76.56072108053996,26.005593151488146,76.56072108053996,8.867774124869715,15.15328363652891,0.0,0.0,0.0,0.0,0.0,0.0,0.0,0.0
2026-09-27,WP252026,2,2026-09-29 18:00:00,2 days 18:00:00,66,31.94,139.91,997.9,40.5,117.6976071607878,121.02899153241378,145.14409381056612,97.88103328118632,79.23223362215322,0.0,0.0,0.0,0.0,0.0,0.0,0.0,0.0
2026-09-27,WP252026,2,2026-09-30 00:00:00,3 days 00:00:00,72,32.59,141.68,997.3,38.5,99.31729461680855,87.55494191377079,124.75328339766747,80.04932298590211,64.61714721348585,0.0,0.0,0.0,0.0,0.0,0.0,0.0,0.0
2026-09-27,WP252026,2,2026-09-30 06:00:00,3 days 06:00:00,78,33.16,143.41,1000.0,44.7,76.27685324278718,173.09135968747432,200.9459669875432,151.42568235221552,150.55432176884642,0.0,0.0,0.0,0.0,0.0,0.0,0.0,0.0
2026-09-27,WP252026,2,2026-09-30 12:00:00,3 days 12:00:00,84,34.74,146.47,994.0,35.1,99.83686104625204,168.06257237524358,139.36755340022432,114.85074212793803,118.0025918860689,0.0,0.0,0.0,0.0,0.0,0.0,0.0,0.0
2026-09-27,WP252026,2,2026-09-30 18:00:00,3 days 18:00:00,90,35.18,148.39,998.7,39.4,84.2041286726962,137.34144152696138,190.87233913099487,84.47986573845492,115.96289507755976,0.0,0.0,0.0,0.0,0.0,0.0,0.0,0.0
2026-09-27,WP252026,2,2026-10-01 00:00:00,4 days 00:00:00,96,36.06,150.44,1004.3,31.9,114.18478754187475,0.0,0.0,0.0,0.0,0.0,0.0,0.0,0.0,0.0,0.0,0.0,0.0
2026-09-27,WP252026,2,2026-10-01 06:00:00,4 days 06:00:00,102,37.27,152.27,1003.0,26.2,127.04433498280542,0.0,0.0,0.0,0.0,0.0,0.0,0.0,0.0,0.0,0.0,0.0,0.0
2026-09-27,WP252026,2,2026-10-01 12:00:00,4 days 12:00:00,108,38.35,154.02,1000.1,31.1,146.8047715047456,0.0,0.0,0.0,0.0,0.0,0.0,0.0,0.0,0.0,0.0,0.0,0.0
2026-09-27,WP252026,2,2026-10-01 18:00:00,4 days 18:00:00,114,39.72,156.26,1000.5,37.9,44.92167229237515,32.624367179202345,57.25357376294825,7.433165218330807,12.972535934185052,0.0,0.0,0.0,0.0,0.0,0.0,0.0,0.0
2026-09-27,WP252026,2,2026-10-02 00:00:00,5 days 00:00:00,120,41.02,158.99,1003.0,27.4,140.82493352444362,0.0,0.0,0.0,0.0,0.0,0.0,0.0,0.0,0.0,0.0,0.0,0.0
2026-09-27,WP252026,2,2026-10-02 06:00:00,5 days 06:00:00,126,42.47,162.01,1000.0,35.1,152.7538615801414,187.72751403649968,202.94592872348957,159.55305155345698,124.2982588150251,0.0,0.0,0.0,0.0,0.0,0.0,0.0,0.0
2026-09-27,AL062026,20,2026-09-27 00:00:00,0 days 00:00:00,0,29.8,-43.9,1010.0,29.0,56.0,0.0,0.0,0.0,0.0,0.0,0.0,0.0,0.0,0.0,0.0,0.0,0.0
2026-09-27,AL062026,20,2026-09-27 06:00:00,0 days 06:00:00,6,29.45,-44.54,1009.3,29.4,55.26564015299744,0.0,0.0,0.0,0.0,0.0,0.0,0.0,0.0,0.0,0.0,0.0,0.0
2026-09-27,AL062026,20,2026-09-27 12:00:00,0 days 12:00:00,12,29.48,-43.92,1009.7,26.3,36.44390091201996,0.0,0.0,0.0,0.0,0.0,0.0,0.0,0.0,0.0,0.0,0.0,0.0
2026-09-27,EP152026,20,2026-09-27 00:00:00,0 days 00:00:00,0,16.7,-156.1,972.0,80.0,37.0,241.0,185.0,185.0,241.0,93.0,74.0,93.0,111.0,56.0,46.0,56.0,56.0
2026-09-27,EP152026,20,2026-09-27 06:00:00,0 days 06:00:00,6,16.6,-156.93,972.3,87.8,14.690791930137998,140.0935172176071,123.21237572297969,116.85316848714793,136.43064832457728,70.33216570546841,56.71969965470218,48.77342175569852,70.55443441542947,42.98532215813306,34.327015260401154,28.50138417079109,37.78215214826634
2026-09-27,EP152026,20,2026-09-27 12:00:00,0 days 12:00:00,12,16.29,-157.62,976.5,83.1,41.62379575783411,188.4831268296816,149.38363609015482,109.33502354002756,179.41496118943485,86.49368583066283,65.11524112122223,53.10310518597908,84.01860789482387,50.95746239080477,43.98751713194074,36.26853919286764,46.346554493777376
2026-09-27,EP152026,20,2026-09-27 18:00:00,0 days 18:00:00,18,16.25,-158.36,953.0,101.3,29.55836037952,176.3468130107417,139.90174809942704,116.31589975698677,171.61797719079215,109.53680860501672,83.0076117057101,74.36478196849885,102.91525964386727,55.578996562298286,46.47079237833927,40.37336889160819,52.59483495427602
2026-09-27,EP152026,20,2026-09-28 00:00:00,1 days 00:00:00,24,16.29,-159.49,942.2,118.3,0.0,187.0700017252356,118.1207680595088,105.27653370892811,144.06498369674597,98.44453587169797,79.56900739904475,61.47109534864632,84.75524832851758,49.03904510680991,37.80611500205416,29.878219311017286,42.98232815069646
2026-09-27,EP152026,20,2026-09-28 06:00:00,1 days 06:00:00,30,16.21,-160.73,952.3,108.3,32.78382988032856,158.61000093301493,114.62537345387366,105.88920710499882,151.286549909753,94.49976748089634,65.1664548648299,55.53011813919783,81.8675673912232,52.419389201103264,41.02889161821684,33.24751562117427,45.471848079985406
2026-09-27,EP152026,20,2026-09-28 12:00:00,1 days 12:00:00,36,16.68,-161.68,945.6,119.1,14.26637364841694,161.24903854482426,131.12701287152794,114.43404561696084,141.61768534012776,93.63031618250172,67.68733930519853,56.545790109928575,84.4510031428647,55.10386784883161,42.07976028661012,32.9514086551869,48.62747333658338
2026-09-27,EP152026,20,2026-09-28 18:00:00,1 days 18:00:00,42,17.3,-162.66,944.8,115.4,16.826281872692668,222.45177842539644,174.32591038140367,139.1598152529839,185.4069277079642,109.59922345663858,89.12842837578643,72.00377391490329,95.66734357141108,60.08149039010563,50.899210669905344,41.41625796281222,52.609530364846
2026-09-27,EP152026,20,2026-09-29 00:00:00,2 days 00:00:00,48,18.15,-163.32,947.5,115.3,8.714697281910219,184.8177070591489,138.796127120508,123.69806492454028,164.64369943164536,100.45448295985102,74.87542676106466,53.90277020737261,87.07460885179319,55.90374482510387,43.49636412033237,33.25831501221501,47.401125747295225
2026-09-27,EP152026,20,2026-09-29 06:00:00,2 days 06:00:00,54,19.01,-163.65,947.8,117.5,10.503655677768444,220.2591449448508,212.0737856141816,150.56387350554684,179.16482278370427,115.46233362651807,98.15282934149953,64.23851364736666,83.20105225146965,60.45570311275923,49.85679863109861,37.17731306446662,49.26563307073985
2026-09-27,EP152026,20,2026-09-29 12:00:00,2 days 12:00:00,60,19.63,-163.8,965.0,97.5,28.679460041542185,177.1173754309302,151.7613061989983,149.2727421309492,161.6894488637883,113.74498584826274,104.57870712586868,81.88631244321684,90.60392983808585,59.713011293023975,55.42056383535227,44.31861687403172,51.14842274625631
2026-09-27,EP152026,20,2026-09-29 18:00:00,2 days 18:00:00,66,20.82,-163.85,972.4,88.2,27.96005675696848,183.65129990990243,156.9709259936331,132.51501019377525,142.00117256594734,102.07247940850324,83.06666499641264,64.3138470156182,82.50298804723415,48.628815165405584,39.60311343841381,31.057603286696786,41.52511260417414
2026-09-27,EP152026,20,2026-09-30 00:00:00,3 days 00:00:00,72,21.45,-163.88,978.9,70.7,43.34071775519246,223.9577820660285,196.13719780647205,69.56670425011453,160.84259424159066,96.09911960439118,78.13225967795027,43.5564333109093,86.88753922274046,43.34071775519246,22.92024726889794,14.25137600002687,21.25388644914718
2026-09-27,EP152026,20,2026-09-30 06:00:00,3 days 06:00:00,78,21.82,-164.04,982.2,65.0,43.30553277498717,199.47903395735275,162.00574917797235,89.87923872482159,145.84421339167858,100.49697922067604,75.47936629631177,48.26554406636512,78.88729313062987,43.30553277498717,1.2750751637100626,0.0,3.3932791893176573
2026-09-27,EP152026,20,2026-09-30 12:00:00,3 days 12:00:00,84,21.66,-163.95,992.7,53.6,45.95916569549472,142.822147597356,146.39767299798316,128.2786275168545,164.59901853854558,73.90488925162197,75.01523362000198,58.19956058367753,65.492984037779,0.0,0.0,0.0,0.0
2026-09-27,EP152026,20,2026-09-30 18:00:00,3 days 18:00:00,90,21.56,-164.01,993.1,48.7,66.16259421929175,165.24062421392395,176.05642041556212,162.2198248916467,166.15765510374337,0.0,0.0,0.0,0.0,0.0,0.0,0.0,0.0
2026-09-27,EP152026,20,2026-10-01 00:00:00,4 days 00:00:00,96,22.0,-164.13,996.1,47.4,85.72471689052065,205.69397237035992,186.64048325294243,155.93669029142166,211.8358246821936,0.0,0.0,0.0,0.0,0.0,0.0,0.0,0.0
2026-09-27,EP152026,20,2026-10-01 06:00:00,4 days 06:00:00,102,21.79,-164.6,995.6,44.4,101.12929397672758,240.89552907813191,176.8092209245421,147.75634901664802,218.0726523084758,0.0,0.0,0.0,0.0,0.0,0.0,0.0,0.0
2026-09-27,EP152026,20,2026-10-01 12:00:00,4 days 12:00:00,108,21.63,-164.93,998.7,35.4,91.13765335089408,127.19979395104728,70.27158857036046,80.747447924877,120.04375538442883,0.0,0.0,0.0,0.0,0.0,0.0,0.0,0.0
2026-09-27,EP152026,20,2026-10-01 18:00:00,4 days 18:00:00,114,22.05,-165.38,995.9,42.0,93.01009557663303,245.47799338324356,202.212426721057,166.61160998816513,213.334206021294,0.0,0.0,0.0,0.0,0.0,0.0,0.0,0.0
2026-09-27,EP152026,20,2026-10-02 00:00:00,5 days 00:00:00,120,22.68,-166.06,993.5,45.2,124.84933032506656,164.7053986634714,151.42064224194945,128.2580761669053,140.67888799498695,0.0,0.0,0.0,0.0,0.0,0.0,0.0,0.0
2026-09-27,EP152026,20,2026-10-02 06:00:00,5 days 06:00:00,126,22.92,-166.58,992.7,45.5,77.90913956794226,209.16900851397435,144.11754935439927,110.40690587154114,175.52706874006105,0.0,0.0,0.0,0.0,0.0,0.0,0.0,0.0
2026-09-27,EP152026,20,2026-10-02 12:00:00,5 days 12:00:00,132,23.07,-167.02,995.5,46.9,98.21630422660732,256.9532453185154,195.9105883628236,145.2420843511395,229.4534277290236,0.0,0.0,0.0,0.0,0.0,0.0,0.0,0.0
2026-09-27,EP152026,20,2026-10-02 18:00:00,5 days 18:00:00,138,23.11,-167.71,990.6,52.3,97.48852292067556,176.87689580586095,140.70668574547938,106.75167193745614,152.34406754981626,97.48852292067556,14.741108455063884,9.11514676992725,17.722952485777256,0.0,0.0,0.0,0.0
2026-09-27,EP152026,20,2026-10-03 00:00:00,6 days 00:00:00,144,22.73,-168.66,986.7,56.7,13.265002117608176,186.86672660267223,122.77088539744918,118.07523364038268,148.32178773130113,29.492642103665997,20.190939928179382,13.362393846072894,20.23056802608529,0.0,0.0,0.0,0.0
2026-09-27,EP152026,20,2026-10-03 06:00:00,6 days 06:00:00,150,22.7,-169.03,985.9,61.0,41.34924936075736,185.1848554446446,96.52808924139576,75.76228865792405,187.42246254612243,69.44359967334184,46.87585939901163,34.831402943483326,59.54595839359217,0.0,0.0,0.0,0.0
2026-09-27,EP152026,20,2026-10-03 12:00:00,6 days 12:00:00,156,22.23,-170.1,986.7,61.9,13.938149891600874,189.77600119024132,132.61792525444994,85.11024376118601,181.6631437057532,63.90763012417423,47.25880628619549,31.69650182555684,50.45632612528191,0.0,0.0,0.0,0.0
2026-09-27,EP152026,20,2026-10-03 18:00:00,6 days 18:00:00,162,22.22,-171.61,982.5,67.8,25.913581862688574,186.32764658864275,132.8082507479331,86.5755701971172,157.58776234758054,80.80873529334394,55.25981410900173,37.82856413582131,63.932454379010295,25.913581862688574,0.0,0.0,4.643380513690895
2026-09-27,EP152026,20,2026-10-04 00:00:00,7 days 00:00:00,168,22.44,-173.18,981.8,74.2,30.028645302185343,214.15597640614615,160.54576290605212,123.97894616944797,215.608100281044,93.5441597629818,74.29413564786988,54.80006160987542,86.31324579796365,43.14335938255051,32.956366952785416,26.32352732723563,36.90691567878939
2026-09-27,EP152026,20,2026-10-04 06:00:00,7 days 06:00:00,174,22.39,-175.35,976.5,81.0,15.5414020141788,243.80425085317316,175.76311146924934,129.92607913111704,217.89452837557477,113.04905492211584,84.35144978783597,57.45579900091349,94.2589113841899,56.1424207413036,44.53818593382135,34.31856429507711,47.7621814094835
2026-09-27,EP152026,20,2026-10-04 12:00:00,7 days 12:00:00,180,22.55,-177.19,953.4,102.8,24.36316950636623,234.05337381057765,160.05088976264608,148.46075047787224,207.10831633475132,126.29465553948584,98.75857465677768,70.89808032492476,106.5559157173216,63.3972292664806,49.675678515234914,37.03286816688684,55.310698073270416
2026-09-27,EP152026,20,2026-10-04 18:00:00,7 days 18:00:00,186,22.98,-179.01,958.2,100.9,24.50925513702208,252.39305044138652,185.4191656134286,135.77853633554713,188.46503948630917,124.2749754083193,103.82460317266568,74.58021343611415,103.7666701315128,57.85411101789594,49.93455077361826,37.71256304545231,49.5306131987563
2026-09-27,EP152026,20,2026-10-05 00:00:00,8 days 00:00:00,192,23.65,179.38,959.2,99.8,11.121762444645537,277.54661854736537,222.7062538384961,168.4099815843769,251.39073835575832,132.47749354439418,113.46000892167612,79.44112851427565,108.44506475757753,77.24922230047679,65.28815772662776,49.646468607897056,64.7964022297576
2026-09-27,EP152026,20,2026-10-05 06:00:00,8 days 06:00:00,198,24.68,177.96,965.3,92.6,17.601751130642405,260.3720693047278,209.62094394194008,136.20435702671625,203.87372739955225,139.75278203777395,108.1997458596594,69.41575982322784,109.6478396613153,82.46285749064752,67.24279012624656,48.85038413308741,70.17268622101903
2026-09-27,EP152026,20,2026-10-05 12:00:00,8 days 12:00:00,204,25.27,176.17,959.0,94.7,22.20179529340844,316.09770566789774,254.41104657960557,196.55866432988216,287.29621721343034,164.72402685522465,127.48366863473966,93.70413737948188,146.2613458030825,101.93445849029791,85.72816345417887,67.25932631594759,90.27838436391296
2026-09-27,EP152026,20,2026-10-05 18:00:00,8 days 18:00:00,210,25.82,174.63,966.3,88.9,32.78414784491855,292.27475499695265,238.4814021435764,146.29639744230144,204.1676550659363,138.62556076295937,109.14809518349648,64.87731322629452,107.39921809529778,75.38141668975106,61.37880437380392,43.748070818345866,62.4585461141578
2026-09-27,EP152026,20,2026-10-06 00:00:00,9 days 00:00:00,216,26.44,173.3,961.1,94.1,18.174423836387565,276.36959123536485,239.0871813793301,177.62977481677493,230.12163809653197,142.90321471448758,113.364383685642,70.46332546900956,107.86486791919404,73.02393625392968,59.68592888303458,43.05629697807818,59.20148153001331
2026-09-27,EP152026,20,2026-10-06 06:00:00,9 days 06:00:00,222,26.71,172.38,962.7,96.0,46.08761870133122,284.8135380767387,223.77658644168977,184.78007551300556,292.12493078511494,146.97445741457074,120.1770522602904,91.0864455442344,129.69241700709944,98.8946375753172,85.43931285530974,65.61071382074165,85.40679008496994
2026-09-27,EP152026,20,2026-10-06 12:00:00,9 days 12:00:00,228,27.13,171.05,975.7,75.7,34.30310448678113,265.48942876205297,170.5590047947179,116.01670255718405,232.16598002690088,127.75788437028162,84.21810999244886,56.49075044043795,107.08210690095432,75.03311486367922,58.67036117355673,43.967239809635714,61.9234815628652
2026-09-27,EP152026,20,2026-10-06 18:00:00,9 days 18:00:00,234,27.48,170.03,979.1,75.8,46.47858896176471,300.1678456365162,185.21998162185503,135.44398609995272,287.64403740967794,137.38861217154502,91.19809530959348,66.37064471838497,120.23986503036603,67.91271817277003,55.89888299127608,41.37233438075497,58.38689925850778
2026-09-27,EP152026,20,2026-10-07 00:00:00,10 days 00:00:00,240,27.81,168.69,982.2,67.4,67.9053798443847,260.833320107914,195.63262546858823,140.01364482122472,228.94205697951477,137.25589833648064,99.98284127524585,67.54907542210867,111.8056051647868,67.9053798443847,48.69662529002562,35.770727719730985,51.62646866273008
2026-09-27,EP152026,20,2026-10-07 06:00:00,10 days 06:00:00,246,28.18,167.17,982.7,65.9,67.77857153442876,267.428336224909,184.9504073168664,162.38427032523526,247.5986281976078,152.04552749450954,120.35434642380392,86.68731110987468,126.89502404006076,67.77857153442876,47.91448186795647,34.85680795878214,50.22239805379394
2026-09-27,EP152026,20,2026-10-07 12:00:00,10 days 12:00:00,252,28.4,165.26,988.4,62.6,64.15364179128953,272.80871088667845,174.1804049893846,150.5505948336226,251.44268531051276,151.8215029607286,118.18043806771254,90.33960465602274,124.81354117518822,0.0,0.0,0.0,0.0
2026-09-27,EP152026,20,2026-10-07 18:00:00,10 days 18:00:00,258,28.63,163.78,993.4,59.6,49.12256690152909,211.12093881940504,128.52393875836847,90.4479643596239,204.65854307089683,95.77598385257878,68.38741898622912,45.57182562753894,74.40078825628505,0.0,0.0,0.0,0.0
2026-09-27,EP152026,20,2026-10-08 00:00:00,11 days 00:00:00,264,29.01,162.2,990.6,54.7,28.20462562327656,260.923147996959,182.5611928513305,147.16153035896852,229.69188141206564,50.17583889903503,29.75597422707248,16.83105790518627,36.90767513720128,0.0,0.0,0.0,0.0
2026-09-27,EP152026,20,2026-10-08 06:00:00,11 days 06:00:00,270,29.11,161.06,991.3,57.0,31.14645096720283,166.3420788524348,135.99953807631118,101.4161368537817,160.19202229950065,99.16741980246988,76.986442406675,55.049116704974,82.17973257260543,0.0,0.0,0.0,0.0
2026-09-27,EP152026,20,2026-10-08 12:00:00,11 days 12:00:00,276,29.31,159.76,992.3,50.6,37.95371894859385,197.5370145380624,134.6220637337229,110.05492313716752,169.23912896412216,37.95371894859385,12.821658870800611,10.821812641824636,16.744572253503215,0.0,0.0,0.0,0.0
2026-09-27,EP152026,20,2026-10-08 18:00:00,11 days 18:00:00,282,29.88,158.49,997.3,41.5,73.64175001486694,217.29361152744696,167.4226684098644,114.91859902797955,170.5310422126713,0.0,0.0,0.0,0.0,0.0,0.0,0.0,0.0
2026-09-27,EP152026,20,2026-10-09 00:00:00,12 days 00:00:00,288,30.64,157.33,996.2,42.3,63.23654075441681,152.3551161513468,92.41289823785658,68.3730339057224,109.3717414717641,0.0,0.0,0.0,0.0,0.0,0.0,0.0,0.0
2026-09-27,EP152026,20,2026-10-09 06:00:00,12 days 06:00:00,294,31.54,156.61,1000.5,36.2,97.2000109675677,97.2000109675677,13.4897473997234,0.0,4.53169672829139,0.0,0.0,0.0,0.0,0.0,0.0,0.0,0.0
2026-09-27,EP152026,20,2026-10-09 12:00:00,12 days 12:00:00,300,33.05,155.84,996.6,34.2,108.5017286388428,108.5017286388428,17.700200399071207,0.0,0.0,0.0,0.0,0.0,0.0,0.0,0.0,0.0,0.0
2026-09-27,EP152026,20,2026-10-09 18:00:00,12 days 18:00:00,306,35.56,158.04,997.0,39.2,67.03022320029802,67.03022320029802,23.47924892987364,7.964745152454995,23.949670561446812,0.0,0.0,0.0,0.0,0.0,0.0,0.0,0.0
2026-09-27,EP162026,20,2026-09-27 00:00:00,0 days 00:00:00,0,20.8,-123.6,975.0,76.0,28.0,167.0,167.0,148.0,185.0,93.0,74.0,74.0,93.0,65.0,46.0,37.0,56.0
2026-09-27,EP162026,20,2026-09-27 06:00:00,0 days 06:00:00,6,21.36,-123.28,987.5,61.3,42.68296571570845,150.59744854482153,147.13177926550495,94.33329577507752,144.01403396015763,64.76047184522328,54.48569966072068,30.11926520587457,50.56868784746168,0.0,0.0,0.0,0.0
2026-09-27,EP162026,20,2026-09-27 12:00:00,0 days 12:00:00,12,21.97,-123.15,995.8,43.0,40.40155838838214,103.28756760611132,88.80158222424312,47.69012833185122,69.23034472626968,0.0,0.0,0.0,0.0,0.0,0.0,0.0,0.0
2026-09-27,EP162026,20,2026-09-27 18:00:00,0 days 18:00:00,18,22.18,-123.07,1003.0,35.1,87.40304557900134,6.917060370198172,87.40304557900134,14.797790965519257,7.405771399373833,0.0,0.0,0.0,0.0,0.0,0.0,0.0,0.0
2026-09-27,EP162026,20,2026-09-28 00:00:00,1 days 00:00:00,24,22.25,-123.02,1003.0,32.0,107.03123219741748,0.0,0.0,0.0,0.0,0.0,0.0,0.0,0.0,0.0,0.0,0.0,0.0
2026-09-27,EP162026,20,2026-09-28 06:00:00,1 days 06:00:00,30,22.22,-122.74,1002.7,28.0,133.17351394286737,0.0,0.0,0.0,0.0,0.0,0.0,0.0,0.0,0.0,0.0,0.0,0.0
2026-09-27,EP162026,20,2026-09-28 12:00:00,1 days 12:00:00,36,22.01,-122.72,1001.9,27.6,81.99313737442259,0.0,0.0,0.0,0.0,0.0,0.0,0.0,0.0,0.0,0.0,0.0,0.0
2026-09-27,EP162026,20,2026-09-28 18:00:00,1 days 18:00:00,42,21.83,-122.58,1003.4,26.9,78.47929767426282,0.0,0.0,0.0,0.0,0.0,0.0,0.0,0.0,0.0,0.0,0.0,0.0
2026-09-27,EP162026,20,2026-09-29 00:00:00,2 days 00:00:00,48,21.57,-122.47,1004.5,24.5,89.69659660322924,0.0,0.0,0.0,0.0,0.0,0.0,0.0,0.0,0.0,0.0,0.0,0.0
2026-09-27,EP162026,20,2026-09-29 06:00:00,2 days 06:00:00,54,20.98,-122.25,1007.2,21.9,114.68428604109764,0.0,0.0,0.0,0.0,0.0,0.0,0.0,0.0,0.0,0.0,0.0,0.0
2026-09-27,EP162026,20,2026-09-29 12:00:00,2 days 12:00:00,60,20.37,-122.45,1005.7,23.4,75.02667737657829,0.0,0.0,0.0,0.0,0.0,0.0,0.0,0.0,0.0,0.0,0.0,0.0
2026-09-27,EP162026,20,2026-09-29 18:00:00,2 days 18:00:00,66,20.03,-122.6,1007.4,21.3,73.44342065985512,0.0,0.0,0.0,0.0,0.0,0.0,0.0,0.0,0.0,0.0,0.0,0.0
2026-09-27,EP162026,20,2026-09-30 00:00:00,3 days 00:00:00,72,19.32,-123.09,1007.7,18.3,65.5042564650021,0.0,0.0,0.0,0.0,0.0,0.0,0.0,0.0,0.0,0.0,0.0,0.0
2026-09-27,EP162026,20,2026-09-30 06:00:00,3 days 06:00:00,78,18.92,-123.72,1006.5,18.4,106.00357265080856,0.0,0.0,0.0,0.0,0.0,0.0,0.0,0.0,0.0,0.0,0.0,0.0
2026-09-27,EP172026,20,2026-09-27 00:00:00,0 days 00:00:00,0,19.0,-112.9,946.0,111.0,28.0,259.0,185.0,167.0,185.0,111.0,111.0,93.0,93.0,65.0,65.0,46.0,56.0
2026-09-27,EP172026,20,2026-09-27 06:00:00,0 days 06:00:00,6,19.95,-113.34,952.0,107.9,10.800801572155084,196.49651884797163,205.99733703895976,141.80141315820447,153.6889317448063,95.987729050991,88.18278771712599,59.27449856750228,74.71662647538517,55.27780449343015,45.3225292639843,34.38458465890126,46.60553617493961
2026-09-27,EP172026,20,2026-09-27 12:00:00,0 days 12:00:00,12,20.76,-113.73,948.4,122.0,34.60104191259521,201.2705433707231,238.85408037285092,133.80174164834193,130.20416885217315,93.34807912964597,92.12541852282834,59.64644718288278,60.03772436360464,50.9917875345412,46.23641502851174,34.53745107107093,39.51817500459981
2026-09-27,EP172026,20,2026-09-27 18:00:00,0 days 18:00:00,18,21.58,-114.13,941.8,121.4,20.707547932530037,158.29117743462544,175.33738996949313,139.55896487013376,124.22555844540464,84.89563168318992,74.80390170630534,59.83450742740152,60.88706879164612,46.48405335925833,43.35421623116014,34.618765691585324,41.10484722598381
2026-09-27,EP172026,20,2026-09-28 00:00:00,1 days 00:00:00,24,22.93,-114.27,929.4,134.1,22.344032457232608,199.4597739339251,193.3352160126292,139.22946560426084,162.61923525005494,82.5901038291532,66.84623544955082,43.91205580464816,55.85192795801214,45.68707760686842,39.03296933484437,31.088392777111988,39.78666082555908
2026-09-27,EP172026,20,2026-09-28 06:00:00,1 days 06:00:00,30,23.57,-114.08,950.6,106.5,25.52106515068447,145.65444854158858,170.42991628613726,130.26997905235694,102.71631137416676,102.76774105513763,97.42280327246576,68.52732383249366,76.66356682904572,57.55304791856119,51.310858066491846,39.67210181687044,48.24481559284804
2026-09-27,EP172026,20,2026-09-28 12:00:00,1 days 12:00:00,36,24.38,-113.63,950.5,109.5,11.559408030035314,170.39950004381592,171.0181689821776,104.8506980686542,102.8716867336745,62.12839102934973,63.79606296916632,43.40489296441066,43.43058474781122,43.63370386899118,39.60185066472002,31.940270432301677,34.766417168025896
2026-09-27,EP172026,20,2026-09-28 18:00:00,1 days 18:00:00,42,25.39,-113.23,953.3,102.0,10.008019861999005,167.03026398530915,172.33553505075656,112.07353816486466,116.00676013820636,66.72422343925251,72.1902078260299,49.26410492113462,46.179831456729175,36.38371483347083,37.21987412034014,29.427363382086583,29.986283164654797
2026-09-27,EP172026,20,2026-09-29 00:00:00,2 days 00:00:00,48,26.17,-112.47,958.9,87.6,0.0,223.940004384506,222.170805632534,134.76259999269695,174.48456126506616,87.73679689948833,92.92043166972742,63.74722742135309,58.938510291172506,50.2632031510314,49.98105068383565,38.56261389635929,39.43168591283799
2026-09-27,EP172026,20,2026-09-29 06:00:00,2 days 06:00:00,54,27.47,-111.41,980.9,68.9,17.994965399857172,136.02664184709354,173.5030870200257,144.18351485225324,102.63319545797462,75.72679647806461,90.493528928655,63.42872863976517,55.708393511789694,17.994965399857172,14.48156197210098,9.270274022887772,9.651539879466146
2026-09-27,EP172026,20,2026-09-29 12:00:00,2 days 12:00:00,60,29.06,-110.78,993.1,42.2,54.704263109436965,54.704263109436965,49.40733227547215,28.36148137556537,23.95708458241608,0.0,0.0,0.0,0.0,0.0,0.0,0.0,0.0
2026-09-27,EP902026,20,2026-09-27 00:00:00,0 days 00:00:00,0,12.0,-98.6,1008.0,25.0,111.0,0.0,0.0,0.0,0.0,0.0,0.0,0.0,0.0,0.0,0.0,0.0,0.0
2026-09-27,EP902026,20,2026-09-27 06:00:00,0 days 06:00:00,6,11.92,-98.94,1004.9,31.3,137.54871867311033,0.0,0.0,0.0,0.0,0.0,0.0,0.0,0.0,0.0,0.0,0.0,0.0
2026-09-27,EP902026,20,2026-09-27 12:00:00,0 days 12:00:00,12,11.88,-98.8,1003.9,33.4,110.34967132441672,0.0,0.0,0.0,0.0,0.0,0.0,0.0,0.0,0.0,0.0,0.0,0.0
2026-09-27,EP902026,20,2026-09-27 18:00:00,0 days 18:00:00,18,12.03,-99.49,1004.2,30.6,103.66227850967805,0.0,0.0,0.0,0.0,0.0,0.0,0.0,0.0,0.0,0.0,0.0,0.0
2026-09-27,EP902026,20,2026-09-28 00:00:00,1 days 00:00:00,24,12.29,-99.79,1003.6,35.2,130.36292228651143,59.17124929459755,130.36292228651143,22.6110421578128,32.02287969293724,0.0,0.0,0.0,0.0,0.0,0.0,0.0,0.0
2026-09-27,EP902026,20,2026-09-28 06:00:00,1 days 06:00:00,30,12.78,-100.38,1004.3,33.3,88.26627135831251,0.0,0.0,0.0,0.0,0.0,0.0,0.0,0.0,0.0,0.0,0.0,0.0
2026-09-27,EP902026,20,2026-09-28 12:00:00,1 days 12:00:00,36,12.9,-100.74,1003.3,36.9,67.10349888955989,80.6244483215778,67.01878410399831,45.47200046306807,67.34694954248835,0.0,0.0,0.0,0.0,0.0,0.0,0.0,0.0
2026-09-27,EP902026,20,2026-09-28 18:00:00,1 days 18:00:00,42,13.37,-101.74,1000.3,41.1,47.7160243709543,128.4125370788381,97.85366785906147,77.3438874111173,101.63442522457262,0.0,0.0,0.0,0.0,0.0,0.0,0.0,0.0
2026-09-27,EP902026,20,2026-09-29 00:00:00,2 days 00:00:00,48,13.81,-102.73,1000.5,37.5,112.23332725306648,119.4180632830161,108.5959357554072,69.47924318188474,84.04658160005884,0.0,0.0,0.0,0.0,0.0,0.0,0.0,0.0
2026-09-27,EP902026,20,2026-09-29 06:00:00,2 days 06:00:00,54,14.66,-103.52,997.9,42.6,85.23316955438099,182.43720326766675,172.41207250486377,116.4558479574373,128.9260711154957,0.0,0.0,0.0,0.0,0.0,0.0,0.0,0.0
2026-09-27,EP902026,20,2026-09-29 12:00:00,2 days 12:00:00,60,14.99,-104.52,999.5,41.6,131.66164616554002,131.66164616554002,55.20553182580208,39.46161447406468,46.94774662349243,0.0,0.0,0.0,0.0,0.0,0.0,0.0,0.0
2026-09-27,EP902026,20,2026-09-29 18:00:00,2 days 18:00:00,66,15.41,-105.41,995.6,49.1,99.85964732102514,99.85964732102514,48.632500706097794,15.505019973272397,43.885589469126224,0.0,0.0,0.0,0.0,0.0,0.0,0.0,0.0
2026-09-27,EP902026,20,2026-09-30 00:00:00,3 days 00:00:00,72,16.09,-106.48,988.7,56.5,62.37414058713076,249.5382856561472,210.55449506892023,140.24331327782798,199.2467093919267,62.37414058713076,34.01734945639187,19.81943729205185,32.63828022808484,0.0,0.0,0.0,0.0
2026-09-27,EP902026,20,2026-09-30 06:00:00,3 days 06:00:00,78,16.55,-107.22,989.1,58.7,48.32657344131368,274.0570877743379,237.76826880466655,199.09057772160412,249.74479612481383,106.55216765596526,90.17874710446114,68.41091399535036,84.76823376728488,0.0,0.0,0.0,0.0
2026-09-27,EP902026,20,2026-09-30 12:00:00,3 days 12:00:00,84,17.19,-108.0,989.3,55.4,73.22451057905351,249.900890662928,261.5440048857415,201.97717390209036,222.07263193829036,114.34767377947,106.94942114615311,75.3162822577382,89.50842082057216,0.0,0.0,0.0,0.0
2026-09-27,EP902026,20,2026-09-30 18:00:00,3 days 18:00:00,90,17.49,-108.69,974.4,79.2,19.850951991767715,184.78228409786848,147.77811160711315,146.22282053824551,163.83766453045305,86.84668476830973,67.36127766090709,54.044738121172486,70.71151043855241,31.844027305350394,25.125229539594493,19.519568495989997,26.758789010812805
2026-09-27,EP902026,20,2026-10-01 00:00:00,4 days 00:00:00,96,17.65,-108.94,975.5,71.6,42.740713735137774,150.93422880170493,184.2065121639017,169.66041717557653,152.10586356805737,88.56472645522587,91.15480389887242,65.68719262815175,70.27602968108474,42.740713735137774,17.490969214558696,13.129216225910124,16.143961870445164
2026-09-27,EP902026,20,2026-10-01 06:00:00,4 days 06:00:00,102,18.0,-109.26,977.9,69.6,30.9215479089038,152.35950055600742,179.4065587474818,179.32669294243536,141.92776580711305,79.89932203182673,82.30768148069247,67.66224885220063,71.28402283240058,32.37215375737833,29.39254270642501,25.70254152755078,28.11232086312642
2026-09-27,EP902026,20,2026-10-01 12:00:00,4 days 12:00:00,108,18.01,-109.46,991.6,56.0,63.89225929105992,155.09493729484717,193.2250317951923,142.86196842300666,144.1954114623723,63.89225929105992,17.89169154983802,11.958689684024254,12.135607735538583,0.0,0.0,0.0,0.0
2026-09-27,EP902026,20,2026-10-01 18:00:00,4 days 18:00:00,114,18.18,-109.4,984.0,60.4,42.06516293264329,151.0738845044771,163.87496885511294,140.9215509979411,132.25308317671474,42.06516293264329,30.566918989717884,20.77451463972573,21.49944943069061,0.0,0.0,0.0,0.0
2026-09-27,EP902026,20,2026-10-02 00:00:00,5 days 00:00:00,120,18.23,-109.24,991.8,53.6,70.13487041783299,233.20490143774123,277.1114555585018,215.8377818556028,211.06093603078443,70.13487041783299,43.30753104022551,22.95879909609755,33.44459504499633,0.0,0.0,0.0,0.0
2026-09-27,EP902026,20,2026-10-02 06:00:00,5 days 06:00:00,126,18.41,-109.21,994.7,47.1,78.52723545393789,176.64954981985363,195.9325994641416,143.3148440603872,129.7841276704253,0.0,0.0,0.0,0.0,0.0,0.0,0.0,0.0
2026-09-27,EP902026,20,2026-10-02 12:00:00,5 days 12:00:00,132,18.3,-108.9,994.7,43.8,62.99751227904997,164.7543556785413,197.40957043545015,168.95970990835568,149.40945401949296,0.0,0.0,0.0,0.0,0.0,0.0,0.0,0.0
2026-09-27,EP902026,20,2026-10-02 18:00:00,5 days 18:00:00,138,18.56,-109.03,989.8,50.5,72.21236689562863,175.267632186029,204.9727844963003,153.7290712931552,155.1122816133892,20.60471021153329,72.21236689562863,11.782050895953384,11.88547461465431,0.0,0.0,0.0,0.0
2026-09-27,EP902026,20,2026-10-03 00:00:00,6 days 00:00:00,144,18.66,-109.16,989.6,52.8,41.16280502879587,150.2043889995993,176.40184501558443,154.28377988428173,148.01219170122192,21.357727680341235,41.16280502879587,9.267192609509426,18.289034400083924,0.0,0.0,0.0,0.0
2026-09-27,EP902026,20,2026-10-03 06:00:00,6 days 06:00:00,150,18.82,-108.99,988.4,54.4,49.94308884090284,136.95576453701972,181.49844272798936,130.669851663624,102.31622305336852,50.43693375293326,49.78557397425797,31.39986698580321,35.15209862111631,0.0,0.0,0.0,0.0
2026-09-27,EP902026,20,2026-10-03 12:00:00,6 days 12:00:00,156,18.92,-109.1,983.6,56.6,49.65728942580681,146.4298711777332,186.35460892050887,147.1233730163809,124.41724436472,55.46592582234997,59.14387333069863,42.6851654439025,38.42430242217768,0.0,0.0,0.0,0.0
2026-09-27,EP902026,20,2026-10-03 18:00:00,6 days 18:00:00,162,18.95,-109.01,981.3,63.9,27.963264404232405,127.9438828790341,180.5909337776551,141.0223283671881,106.13074642836604,90.03516883767267,85.36619490218297,64.87876624183023,68.69572922437226,0.0,0.0,0.0,0.0
2026-09-27,EP902026,20,2026-10-04 00:00:00,7 days 00:00:00,168,19.68,-109.17,977.7,59.9,28.835489159449644,123.0030985768466,164.8274223738583,130.94645912777344,118.81898896481144,74.46307228289547,71.7116131986291,50.21191153543808,62.49557944983974,0.0,0.0,0.0,0.0
2026-09-27,EP902026,20,2026-10-04 06:00:00,7 days 06:00:00,174,20.16,-109.29,986.9,64.3,59.99439057247241,145.18408415423966,159.8778649071831,88.16130762773219,83.51610596010448,59.99439057247241,38.08076846337622,17.748754190635026,26.208296358163157,59.99439057247241,0.0,0.0,0.0
2026-09-27,EP902026,20,2026-10-04 12:00:00,7 days 12:00:00,180,20.66,-109.57,983.6,58.0,48.65109493416937,148.69439281990608,165.72046929114413,114.89434873331764,128.71055986569604,71.93032740581296,65.69455487402945,42.66704940641928,52.03269449566967,0.0,0.0,0.0,0.0
2026-09-27,EP902026,20,2026-10-04 18:00:00,7 days 18:00:00,186,21.06,-109.88,986.7,59.3,43.61288109339148,163.4491666007434,162.0695203203586,114.8989866729562,146.59319916927598,43.61288109339148,32.43621687167672,16.65516676367224,20.98500945561011,0.0,0.0,0.0,0.0
2026-09-27,EP902026,20,2026-10-05 00:00:00,8 days 00:00:00,192,21.51,-110.31,981.8,62.7,24.49429823981464,167.67448155970737,203.57518211938972,136.21735431778487,133.18504277062615,71.32016598331981,64.43463546602422,37.19748897819756,49.26811178758645,0.0,0.0,0.0,0.0
2026-09-27,EP902026,20,2026-10-05 06:00:00,8 days 06:00:00,198,21.62,-110.88,976.8,70.5,20.85572656586424,169.64787731383944,162.21993640610725,102.79033450172582,131.757894721058,91.34805974165744,71.53820235858814,48.83713679842647,72.49523107068279,49.07985973939413,39.07592110519974,31.49234814287815,40.94034857914716
2026-09-27,EP902026,20,2026-10-05 12:00:00,8 days 12:00:00,204,22.03,-111.29,976.3,79.5,23.83827991595132,184.86602102196863,191.58262613144143,168.28468140110795,163.55299917376306,108.63058404399204,94.95571843093398,74.8960263806971,90.1918014452276,48.45048426086686,39.13479855270913,33.8406778094612,41.0326174424946
2026-09-27,EP902026,20,2026-10-05 18:00:00,8 days 18:00:00,210,22.31,-112.1,968.7,84.6,16.482824200103636,179.68747294988316,173.47191034049766,154.5265491319985,158.96119290914794,77.0915773141267,66.34773613794384,55.11290019587851,69.0524029699225,45.39619449236034,38.50350658891504,32.307000050987995,37.86269750412892
2026-09-27,EP902026,20,2026-10-06 00:00:00,9 days 00:00:00,216,22.37,-112.69,962.0,86.4,26.92777090157522,168.75256262003677,191.8629755817837,151.01040440552464,144.11083103471927,65.54924074178899,61.85138366615878,46.97940535622709,58.26237477556396,32.46641413489377,26.848359909730824,21.483837348575825,29.58082639381854
2026-09-27,EP902026,20,2026-10-06 06:00:00,9 days 06:00:00,222,22.43,-112.65,976.6,80.9,27.850682523237506,121.2853385714382,139.60570296818304,138.92844655347028,119.3647380562121,66.71048747937262,53.124058747522334,43.835078482557975,52.43756486993897,31.54663563296129,26.839150758736643,21.738050911271355,27.939143275128508
2026-09-27,EP902026,20,2026-10-06 12:00:00,9 days 12:00:00,228,22.29,-113.19,977.0,71.3,19.78212980308036,153.65401846792787,140.35731951411418,136.995759671007,144.41539836894876,74.58347375474928,64.63997307821634,56.60062663886777,65.66567215416859,35.06573113621079,32.32062098011262,27.572451411078205,32.05734600018255
2026-09-27,EP902026,20,2026-10-06 18:00:00,9 days 18:00:00,234,22.42,-113.46,968.7,83.1,25.4945944150291,125.5994012684196,126.10762132290375,130.89744642598222,159.44046568113254,67.57267683363858,63.50012394062274,57.29191339415095,63.89705056082229,47.26613369992531,43.302309500864745,35.788246624029085,41.94961209101095
2026-09-27,EP902026,20,2026-10-07 00:00:00,10 days 00:00:00,240,22.52,-113.86,960.6,91.5,20.95191238807834,136.63120379738154,143.87222002491455,108.73393647567372,135.85912904885998,80.6822401691498,66.79548178143568,56.116932612677886,65.339830109106,39.754207137463695,35.23384202365497,28.461468485803373,33.5193822641283
2026-09-27,EP902026,20,2026-10-07 06:00:00,10 days 06:00:00,246,22.74,-114.04,964.0,86.7,11.266843758346386,156.28221249332523,185.13644723104449,175.8731868758258,152.1594815729895,82.69151377236727,78.28874611792148,66.01723558973178,66.16690146417722,44.955536750511385,41.08271813006636,34.36097380881628,37.88860391116314
2026-09-27,EP902026,20,2026-10-07 12:00:00,10 days 12:00:00,252,23.0,-114.28,968.4,77.4,37.22360826499707,150.63812973659236,145.69388684472054,144.8238022711465,153.80449516460712,78.02525206766077,66.37486262431287,55.90125895226642,67.17024152786023,37.22360826499707,28.925501342260908,21.48089984078773,26.943200112419834
2026-09-27,EP902026,20,2026-10-07 18:00:00,10 days 18:00:00,258,23.46,-114.24,979.1,66.4,23.81036934939852,185.29807846194396,189.9140520726569,163.4944507536321,158.67592708915322,103.5802363829695,92.65006968407744,60.86336805918296,77.89439309195586,49.760251654850045,42.80992304735081,31.34246296962749,39.38391085237975
2026-09-27,EP902026,20,2026-10-08 00:00:00,11 days 00:00:00,264,24.38,-114.73,985.0,58.2,49.99155503677568,146.26111640272893,128.1334087996131,91.15762813027304,114.61204645166714,59.50850561057004,52.96490035224667,32.097327893584406,44.28097119351549,0.0,0.0,0.0,0.0
2026-09-27,EP902026,20,2026-10-08 06:00:00,11 days 06:00:00,270,24.89,-115.18,989.2,60.4,58.1218049676561,172.3679144089274,147.64239988130694,90.99046747233228,122.45150372712703,96.95705825321583,76.39399248529419,48.05561728449251,74.41878120319873,0.0,0.0,0.0,0.0
2026-09-27,EP902026,20,2026-10-08 12:00:00,11 days 12:00:00,276,25.8,-115.59,990.0,53.7,45.35346849976651,187.8111184253709,147.60610495097103,110.73349049027188,131.1932962048097,67.23589123370834,55.32995215854843,37.46985039563116,52.00033415859737,0.0,0.0,0.0,0.0
2026-09-27,EP902026,20,2026-10-08 18:00:00,11 days 18:00:00,282,26.43,-116.32,997.0,49.8,107.80783923050608,243.22146949016744,218.14737243387992,122.89857313203484,168.68234809930576,0.0,0.0,0.0,0.0,0.0,0.0,0.0,0.0
2026-09-27,EP902026,20,2026-10-09 00:00:00,12 days 00:00:00,288,27.07,-116.59,994.3,47.5,62.033098810725534,256.54241806565574,222.20570827101503,153.4823715408618,178.0158649119636,0.0,0.0,0.0,0.0,0.0,0.0,0.0,0.0
2026-09-27,EP902026,20,2026-10-09 06:00:00,12 days 06:00:00,294,27.44,-117.21,994.2,41.9,97.59512314396407,123.0489022327589,99.38695917621294,60.33342496963502,86.62850501059154,0.0,0.0,0.0,0.0,0.0,0.0,0.0,0.0
2026-09-27,EP902026,20,2026-10-09 12:00:00,12 days 12:00:00,300,27.68,-117.34,994.0,46.3,137.06730028331026,137.06730028331026,81.80239975500876,52.06013478138357,67.95104494199393,0.0,0.0,0.0,0.0,0.0,0.0,0.0,0.0
2026-09-27,EP902026,20,2026-10-09 18:00:00,12 days 18:00:00,306,27.75,-117.34,999.5,38.3,69.12651539990459,96.73708075495544,78.90891328373107,72.71641570239287,79.38282360486977,0.0,0.0,0.0,0.0,0.0,0.0,0.0,0.0
2026-09-27,EP902026,20,2026-10-10 00:00:00,13 days 00:00:00,312,27.77,-116.89,999.9,32.4,65.42682550146543,0.0,0.0,0.0,0.0,0.0,0.0,0.0,0.0,0.0,0.0,0.0,0.0
2026-09-27,EP902026,20,2026-10-10 06:00:00,13 days 06:00:00,318,28.05,-116.2,999.3,38.0,103.02056165979955,0.0,1.5709157012815922,0.0,103.02056165979955,0.0,0.0,0.0,0.0,0.0,0.0,0.0,0.0
2026-09-27,EP902026,20,2026-10-10 12:00:00,13 days 12:00:00,324,28.42,-115.31,1001.4,31.6,157.65616893406775,0.0,0.0,0.0,0.0,0.0,0.0,0.0,0.0,0.0,0.0,0.0,0.0
2026-09-27,EP902026,20,2026-10-10 18:00:00,13 days 18:00:00,330,28.8,-114.05,1001.8,33.9,79.68759862215363,0.0,0.0,0.0,0.0,0.0,0.0,0.0,0.0,0.0,0.0,0.0,0.0
2026-09-27,EP902026,20,2026-10-11 00:00:00,14 days 00:00:00,336,30.61,-113.1,1002.7,27.3,128.73909079375704,0.0,0.0,0.0,0.0,0.0,0.0,0.0,0.0,0.0,0.0,0.0,0.0
2026-09-27,WP252026,20,2026-09-27 00:00:00,0 days 00:00:00,0,24.6,127.6,964.0,89.0,22.0,102.0,121.0,102.0,93.0,,,,,,,,
2026-09-27,WP252026,20,2026-09-27 06:00:00,0 days 06:00:00,6,25.41,128.27,946.3,113.2,38.32530441352483,143.81731662545684,198.0980384757761,147.522072574278,118.05743758771766,80.70252778683792,97.3467063695666,70.88702441392903,57.71910192791944,53.61760762104953,54.3564614552084,46.19189967196377,42.97838780079843
2026-09-27,WP252026,20,2026-09-27 12:00:00,0 days 12:00:00,12,26.05,129.3,933.0,123.6,0.0,159.31041654411138,206.63177833262532,173.78539582891062,107.02110482346755,51.81235920519271,73.68488843083242,53.84504239644389,41.49505665707591,35.88514604789623,36.27950129063424,32.3034253689022,28.603147236193763
2026-09-27,WP252026,20,2026-09-27 18:00:00,0 days 18:00:00,18,26.75,130.31,958.0,104.9,24.68582356039613,109.66886255399834,132.51736758360528,84.34913228502279,80.84309046961471,100.55194794889071,105.53231539196317,82.81192077843443,74.88019872615874,57.52003834062697,58.22692326701062,46.772673159335056,46.9426406182713
2026-09-27,WP252026,20,2026-09-28 00:00:00,1 days 00:00:00,24,27.48,131.09,979.5,75.8,35.93798821405631,106.99579917867116,137.02555032632537,121.28527897601718,85.94916912917266,55.2208827292008,68.26855974529481,52.80787868145474,40.59490719622846,33.248284096063266,36.21317865450728,29.29689249930512,26.229110485185835
2026-09-27,WP252026,20,2026-09-28 06:00:00,1 days 06:00:00,30,27.54,131.95,982.9,65.6,28.09733200729994,127.5331114505174,150.7959647367736,122.02024558045836,78.70151849212874,71.88043292106481,82.98080459248806,59.50042156371349,57.76130808848424,18.59428747051346,28.09733200729994,17.631222022265607,15.235335337946497
2026-09-27,WP252026,20,2026-09-28 12:00:00,1 days 12:00:00,36,28.08,132.81,988.5,56.2,47.09135380110962,138.29472988182567,150.36808648961278,91.2952052484568,107.76926474445838,55.29431967890201,55.05659230445053,34.54835003417355,43.18250088287408,0.0,0.0,0.0,0.0
2026-09-27,WP252026,20,2026-09-28 18:00:00,1 days 18:00:00,42,28.56,133.92,993.2,55.3,37.331181559030696,171.55823311126903,181.84754306892108,122.78284978669902,128.5012369964444,25.39545235914343,37.331181559030696,15.932749602116663,15.817782211129735,0.0,0.0,0.0,0.0
2026-09-27,WP252026,20,2026-09-29 00:00:00,2 days 00:00:00,48,29.23,134.88,995.6,48.8,60.0805577015225,138.99198200316025,181.46003193817927,95.08961512037308,90.84738696669557,0.0,0.0,0.0,0.0,0.0,0.0,0.0,0.0
2026-09-27,WP252026,20,2026-09-29 06:00:00,2 days 06:00:00,54,29.67,136.11,997.0,41.0,123.8717260259252,164.6280157856253,202.8689686234264,136.5227239121081,113.08261217697968,0.0,0.0,0.0,0.0,0.0,0.0,0.0,0.0
2026-09-27,WP252026,20,2026-09-29 12:00:00,2 days 12:00:00,60,30.41,137.25,995.9,40.2,69.88189283866097,112.62825743020905,128.52060964272067,82.90794487044415,83.76633474566509,0.0,0.0,0.0,0.0,0.0,0.0,0.0,0.0
2026-09-27,WP252026,20,2026-09-29 18:00:00,2 days 18:00:00,66,30.78,138.29,996.2,44.6,60.38650807347631,103.52275511190732,131.02004011794136,75.08861162772364,62.94639457709516,0.0,0.0,0.0,0.0,0.0,0.0,0.0,0.0
2026-09-27,WP252026,20,2026-09-30 00:00:00,3 days 00:00:00,72,31.3,139.59,998.3,38.4,77.40878280113446,43.8768221724788,77.40878280113446,37.96334575412023,31.750105637464934,0.0,0.0,0.0,0.0,0.0,0.0,0.0,0.0
2026-09-27,WP252026,20,2026-09-30 06:00:00,3 days 06:00:00,78,32.32,141.16,995.9,38.7,85.6720032848003,224.205298851768,273.7196859481122,225.6131997015384,193.30882527954412,0.0,0.0,0.0,0.0,0.0,0.0,0.0,0.0
2026-09-27,WP252026,20,2026-09-30 12:00:00,3 days 12:00:00,84,33.32,142.79,997.4,35.9,121.8428321405896,134.87491422863314,139.6254355632296,91.59371188744998,110.8395327937369,0.0,0.0,0.0,0.0,0.0,0.0,0.0,0.0
2026-09-27,WP252026,20,2026-09-30 18:00:00,3 days 18:00:00,90,33.39,143.7,1000.5,31.4,112.73974016718158,0.0,0.0,0.0,0.0,0.0,0.0,0.0,0.0,0.0,0.0,0.0,0.0
2026-09-27,WP252026,20,2026-10-01 00:00:00,4 days 00:00:00,96,34.49,144.97,994.5,29.0,129.24607746826064,0.0,0.0,0.0,0.0,0.0,0.0,0.0,0.0,0.0,0.0,0.0,0.0
2026-09-27,WP252026,20,2026-10-01 06:00:00,4 days 06:00:00,102,36.03,146.6,996.2,32.3,197.8859078438077,0.0,0.0,0.0,0.0,0.0,0.0,0.0,0.0,0.0,0.0,0.0,0.0
2026-09-27,WP252026,20,2026-10-01 12:00:00,4 days 12:00:00,108,37.61,149.01,999.1,36.8,142.46583245457725,219.8129222961908,250.22275688830388,156.30342696277853,149.53890520032036,0.0,0.0,0.0,0.0,0.0,0.0,0.0,0.0
2026-09-27,WP252026,20,2026-10-01 18:00:00,4 days 18:00:00,114,39.74,152.43,996.8,39.4,116.73373813355096,59.41571107843251,121.20031965259732,35.67985829034184,18.46863168527017,0.0,0.0,0.0,0.0,0.0,0.0,0.0,0.0
2026-09-27,WP252026,20,2026-10-02 00:00:00,5 days 00:00:00,120,42.04,157.33,995.0,34.5,171.0357484598546,146.2703376590326,247.240207647113,148.78679031086992,91.57309449389552,0.0,0.0,0.0,0.0,0.0,0.0,0.0,0.0
2026-09-27,WP252026,20,2026-10-02 06:00:00,5 days 06:00:00,126,43.93,161.49,996.4,45.0,84.9772286881539,217.93709655874375,272.7987277861786,218.16026273234948,136.55143199064076,0.0,0.0,0.0,0.0,0.0,0.0,0.0,0.0
2026-09-27,WP252026,20,2026-10-02 12:00:00,5 days 12:00:00,132,45.11,167.41,994.7,40.8,152.76401821757418,27.1403347508307,152.76401821757418,107.36253783961835,0.0,0.0,0.0,0.0,0.0,0.0,0.0,0.0,0.0
2026-09-27,AL062026,21,2026-09-27 00:00:00,0 days 00:00:00,0,29.8,-43.9,1010.0,29.0,56.0,0.0,0.0,0.0,0.0,0.0,0.0,0.0,0.0,0.0,0.0,0.0,0.0
2026-09-27,AL062026,21,2026-09-27 06:00:00,0 days 06:00:00,6,29.55,-43.9,1013.2,28.7,77.0117030968614,0.0,0.0,0.0,0.0,0.0,0.0,0.0,0.0,0.0,0.0,0.0,0.0
2026-09-27,AL062026,21,2026-09-27 12:00:00,0 days 12:00:00,12,29.76,-44.66,1010.8,25.1,87.44305365497259,0.0,0.0,0.0,0.0,0.0,0.0,0.0,0.0,0.0,0.0,0.0,0.0
2026-09-27,EP152026,21,2026-09-27 00:00:00,0 days 00:00:00,0,16.7,-156.1,972.0,80.0,37.0,241.0,185.0,185.0,241.0,93.0,74.0,93.0,111.0,56.0,46.0,56.0,56.0
2026-09-27,EP152026,21,2026-09-27 06:00:00,0 days 06:00:00,6,16.65,-156.84,969.7,89.5,27.20894940045157,163.50340283192867,131.78983050251804,142.4947974793817,156.92348876885288,91.09364173402392,75.99445211475862,69.66301712496629,89.43414514893706,57.7913591866886,49.34492989107251,41.53485023321093,51.48648198989455
2026-09-27,EP152026,21,2026-09-27 12:00:00,0 days 12:00:00,12,16.43,-157.72,964.7,98.2,38.63457168345615,217.30302192247896,159.80101370257773,105.72933645388284,161.55904644386123,108.45705693015708,88.9035010848571,65.2667595027649,94.52325728847816,68.92848601547995,59.08809332343792,44.08254364271826,58.7193956700858
2026-09-27,EP152026,21,2026-09-27 18:00:00,0 days 18:00:00,18,16.28,-158.47,943.2,125.1,11.630313492537953,217.06043888617415,185.12509543039005,165.62575703984552,209.09668217757493,116.14031708679389,94.07435260545664,76.25695115652901,107.97485023506924,69.94244188495892,57.39847047712951,48.630792949230255,64.33596210666163
2026-09-27,EP152026,21,2026-09-28 00:00:00,1 days 00:00:00,24,16.25,-159.31,945.8,122.4,22.87604237102012,118.99948763944762,101.741445675682,115.69243357448316,110.38124240802568,88.44726320734934,66.48979081875954,64.01738511566604,86.75994003284046,48.586727418086085,36.50179154449561,29.267144052958763,45.23472890114394
2026-09-27,EP152026,21,2026-09-28 06:00:00,1 days 06:00:00,30,16.64,-160.58,938.2,124.8,26.832468330842996,175.8252037080937,116.09669915671552,122.57237115101276,146.2351900089725,96.35372434120406,78.0799349370056,72.8696059831418,94.1182690475321,49.44496416178579,40.49544372700253,35.85099623512089,45.5635008554732
2026-09-27,EP152026,21,2026-09-28 12:00:00,1 days 12:00:00,36,17.17,-161.48,937.0,128.3,7.861889466526286,184.90130692591012,154.67407608089417,114.5301166513278,154.93237834365542,121.24383334275952,92.55799322539772,73.8983612295656,109.99023134434394,64.5681483154934,50.89485914603122,41.12387208408615,59.243037296447184
2026-09-27,EP152026,21,2026-09-28 18:00:00,1 days 18:00:00,42,17.48,-162.52,937.7,124.9,20.100504491622747,220.3918625117272,196.48061445772217,178.065741272419,204.71897503831292,106.62225716666325,94.5003121915457,76.63487163313732,93.18796023707876,69.81812388865745,58.75169822294018,50.30163755139762,61.38411124626524
2026-09-27,EP152026,21,2026-09-29 00:00:00,2 days 00:00:00,48,18.16,-163.32,949.1,116.9,12.264119252571478,173.67458189807434,188.88897457571736,124.33590150631215,142.97659827203393,99.63219084097112,84.27571534676419,61.76095036529692,87.24400442541352,70.63073837364766,56.40486264247409,44.42967206541532,61.21250870294556
2026-09-27,EP152026,21,2026-09-29 06:00:00,2 days 06:00:00,54,18.92,-163.53,957.0,106.3,5.444826559419155,208.9108892705868,209.3617350949831,175.39401295989796,203.37496636298863,108.0640153407605,96.53546626386402,66.78058061854581,80.1043682998902,58.8392538073707,48.87268677620567,36.53353554502901,48.0076823792928
2026-09-27,EP152026,21,2026-09-29 12:00:00,2 days 12:00:00,60,19.31,-163.69,962.3,93.5,37.85282360610314,215.0591474481612,162.54341366210917,132.52828935069925,206.97841388352717,123.63284286117351,103.92680915247485,72.22376402681044,98.89073801179914,71.04936717750282,63.966405965379096,51.08933662006987,61.4586521871846
2026-09-27,EP152026,21,2026-09-29 18:00:00,2 days 18:00:00,66,20.23,-164.02,973.0,86.5,38.8705254333879,206.50998667750025,173.62488345416364,92.71698993391726,169.0628534607667,96.325339648117,82.35012087142246,54.15546378317697,77.59107335004212,54.159488340893496,48.858397951198974,39.21147166670616,46.14285198277796
2026-09-27,EP152026,21,2026-09-30 00:00:00,3 days 00:00:00,72,20.5,-163.74,974.3,83.8,39.22505376561905,126.39559460188435,142.77430933945993,94.34391489241524,135.13923953550568,78.92271793760386,79.16655768993934,61.02156495908003,69.78643506349569,41.02359133219908,39.38694645902864,31.49447654740676,33.53758866852857
2026-09-27,EP152026,21,2026-09-30 06:00:00,3 days 06:00:00,78,20.91,-163.28,981.0,72.4,20.9104401431513,223.72669999489332,164.78634796941674,132.72842265454136,173.54856524888422,98.50986439550351,88.86230862093926,69.08560788010956,82.46925267342834,40.36260688820497,37.47480774625932,30.28706386816969,34.106615672220414
2026-09-27,EP152026,21,2026-09-30 12:00:00,3 days 12:00:00,84,20.87,-162.97,983.9,69.9,54.36629245922458,232.7001124890703,204.61854922283908,181.0543929309149,220.0291935316434,131.21235893418452,115.56773397422783,89.76665773768627,106.9187711065984,54.36629245922458,37.22324083497148,28.481408633182863,35.48547364074716
2026-09-27,EP152026,21,2026-09-30 18:00:00,3 days 18:00:00,90,21.05,-162.85,996.0,59.9,50.08792605170771,210.4342603638908,129.45571248725707,141.96820372819656,227.22155600799695,123.62416492149806,96.9680744842133,77.73859921269536,110.38969470766727,0.0,0.0,0.0,0.0
2026-09-27,EP152026,21,2026-10-01 00:00:00,4 days 00:00:00,96,20.95,-162.45,990.3,60.8,64.64386626403255,169.95390222773182,132.94638171946548,136.56040237702297,164.01819227690353,99.29823906521968,88.2682049807244,79.7619224867056,87.71789380315121,0.0,0.0,0.0,0.0
2026-09-27,EP152026,21,2026-10-01 06:00:00,4 days 06:00:00,102,21.24,-162.59,995.1,56.8,58.86148319110997,118.89856203194576,100.6869093461356,142.3358411383261,155.6744394939658,96.92965211410672,88.89055672600284,73.04409011804154,88.50945331049581,0.0,0.0,0.0,0.0
2026-09-27,EP152026,21,2026-10-01 12:00:00,4 days 12:00:00,108,21.14,-163.02,990.6,55.5,36.85210551010773,186.57696338147971,97.40587283894992,123.5642641823099,247.805052701814,132.48117151458695,92.48848155988568,73.97040480503887,125.13841599907548,0.0,0.0,0.0,0.0
2026-09-27,EP152026,21,2026-10-01 18:00:00,4 days 18:00:00,114,21.21,-163.88,988.4,52.0,69.89034517461593,193.45389488364168,98.59682059049706,83.53676746045372,173.2520732064964,72.3336060047701,48.216742937833615,40.39100555283211,63.3088669586476,0.0,0.0,0.0,0.0
2026-09-27,EP152026,21,2026-10-02 00:00:00,5 days 00:00:00,120,21.04,-164.14,992.4,53.5,40.24245894840397,156.17724382196414,110.9977293503297,116.05290735418006,168.2889823777495,94.21791466937876,80.29578029896251,62.54993518761647,80.8108760205532,0.0,0.0,0.0,0.0
2026-09-27,EP152026,21,2026-10-02 06:00:00,5 days 06:00:00,126,21.18,-164.7,988.4,53.6,60.9922597840376,252.2346285568412,156.17870653079794,137.78831680777884,260.070890219888,71.64517804708159,51.914337383100765,36.61484559211328,60.0034452982306,0.0,0.0,0.0,0.0
2026-09-27,EP152026,21,2026-10-02 12:00:00,5 days 12:00:00,132,21.56,-164.91,995.0,56.1,80.12572739365635,167.02853305304646,121.0676058445466,105.14149360789818,151.5445918380129,80.12572739365635,47.831165021090726,35.65779892350043,51.12334689099049,0.0,0.0,0.0,0.0
2026-09-27,EP152026,21,2026-10-02 18:00:00,5 days 18:00:00,138,21.85,-165.31,983.7,61.9,47.815496672842016,194.6536781129597,173.33561834682075,128.47778402118774,166.23072790571132,112.68581339027412,88.55561990257831,67.87332287824142,89.40764373566327,0.0,0.0,0.0,0.0
2026-09-27,EP152026,21,2026-10-03 00:00:00,6 days 00:00:00,144,22.03,-165.98,987.3,53.1,67.66984016218538,227.6917522838651,170.56602833004294,103.92551776015118,225.39683099550652,93.75557185412686,71.94383751746552,54.33621599100249,82.16018474960683,0.0,0.0,0.0,0.0
2026-09-27,EP152026,21,2026-10-03 06:00:00,6 days 06:00:00,150,22.07,-166.44,985.8,61.9,57.698322967615695,184.7791926029554,147.07005198809765,134.65251032564112,205.19538925001572,115.00049939443404,81.7299477518076,62.86183141066823,97.23534447613224,0.0,0.0,0.0,0.0
2026-09-27,EP152026,21,2026-10-03 12:00:00,6 days 12:00:00,156,22.36,-167.49,982.6,60.5,44.23468763262454,190.34077436634047,126.31532902327668,101.02346745744754,206.8023819743972,92.8915764760592,71.77885152270844,56.948654574612576,89.50711797340107,0.0,0.0,0.0,0.0
2026-09-27,EP152026,21,2026-10-03 18:00:00,6 days 18:00:00,162,22.16,-168.93,988.5,62.4,24.045558558834045,216.9435558424848,144.82779678974657,92.98134866158716,201.98862986330096,98.04130787681424,74.48383282099712,49.11996989745239,81.76479380681576,0.0,0.0,0.0,0.0
2026-09-27,EP152026,21,2026-10-04 00:00:00,7 days 00:00:00,168,22.66,-170.37,986.8,55.1,58.50375337720211,195.3343150826597,138.77153206758257,94.61185160393865,160.90212492970497,58.50375337720211,38.3413706391542,23.249777981738983,37.78731043588712,0.0,0.0,0.0,0.0
2026-09-27,EP152026,21,2026-10-04 06:00:00,7 days 06:00:00,174,22.84,-171.64,986.0,65.1,18.22977871245317,205.23114500451797,162.29531744327835,81.17989085618358,177.57654047503894,52.95282555264505,42.75296897583296,23.447979682455216,42.85859993428943,18.22977871245317,0.0,0.0,0.9390039030009796
2026-09-27,EP152026,21,2026-10-04 12:00:00,7 days 12:00:00,180,23.61,-173.43,986.9,64.3,15.025218699534197,196.24631476365792,135.42660870581815,107.33091912447026,178.9054129981138,110.15007515157288,86.56130542257426,58.34570371981855,92.2500458020982,33.27898994387165,24.56269646054636,18.27866062851844,27.392774714753557
2026-09-27,EP152026,21,2026-10-04 18:00:00,7 days 18:00:00,186,24.63,-175.32,982.3,72.3,16.97942176048599,257.2808089510987,173.78995162531817,145.57417463541,235.17021857206703,126.35986209663336,99.03829124471974,68.45986670956583,107.3767311967998,42.29397750146428,32.768737809246986,21.92996065560412,35.80114797334587
2026-09-27,EP152026,21,2026-10-05 00:00:00,8 days 00:00:00,192,25.6,-177.06,976.4,81.3,26.755946779653293,230.3530088624032,160.64143362008775,128.30351354780586,189.51821900064104,99.80593952082276,76.27059781970041,46.38085734084858,77.40926322069407,58.27159721077429,46.82281229968301,34.5771201305605,47.50839836992842
2026-09-27,EP152026,21,2026-10-05 06:00:00,8 days 06:00:00,198,26.92,-178.29,976.3,82.2,4.904091753429476,195.55571755501617,172.4559822185145,108.30120221095252,148.48155702607795,86.49748165863622,64.89336968534687,44.00766303116168,68.00916678871403,52.42782928449049,40.329309538322526,31.57320891203353,41.73412112979058
2026-09-27,EP152026,21,2026-10-05 12:00:00,8 days 12:00:00,204,28.35,-179.41,985.1,67.2,44.92664193025061,218.8358798128136,176.94516428780435,116.92770857215828,153.76106163782936,113.2964512050304,97.51403796216346,61.29593146070596,87.5575235223094,44.92664193025061,21.12649457920829,13.577089378891216,22.3278326362139
2026-09-27,EP152026,21,2026-10-05 18:00:00,8 days 18:00:00,210,29.18,179.76,976.5,71.9,16.85609098104063,239.2663420980724,237.40784817551963,157.41016046106787,162.77183480486673,119.2927946280515,101.66703606450154,65.46415433923679,86.49260805429107,51.28794255421019,44.069406571833824,31.907411972788115,41.205199547588975
2026-09-27,EP152026,21,2026-10-06 00:00:00,9 days 00:00:00,216,30.1,179.67,972.9,77.0,36.2848739908294,227.023120060004,227.4111061766212,168.18178766617189,174.01667561172053,100.69395290807664,92.31055476008976,63.01925712891568,80.8656585821991,45.0175883653684,41.068094069503616,30.446905572524717,36.253443154898434
2026-09-27,EP152026,21,2026-10-06 06:00:00,9 days 06:00:00,222,30.68,-179.79,987.0,70.3,30.697703764672937,182.0447371080588,200.829610551602,136.09317469553042,137.59618241323102,97.60334787732744,97.00379798631408,67.99384415311476,77.77969678323436,39.5161268441628,39.89437618702209,30.917260087491343,33.00569126511301
2026-09-27,EP152026,21,2026-10-06 12:00:00,9 days 12:00:00,228,31.11,-178.52,985.2,69.7,36.18338987842674,205.46959684245653,241.94136374935383,151.24249157468557,128.36880106664856,110.2209618051594,122.51269350740448,73.96473667094023,78.6611370114334,38.20793846263798,36.513337437272014,23.769098012656144,25.85162060283009
2026-09-27,EP152026,21,2026-10-06 18:00:00,9 days 18:00:00,234,31.49,-176.37,979.0,72.4,10.415996816972305,190.6920679934968,262.7057864964246,175.92814982048907,126.30298071230943,86.13948670227373,111.7905285657852,78.80394770994016,60.22510954091936,53.10970337019548,60.15812742171693,46.47638597212983,41.983871283511206
2026-09-27,EP152026,21,2026-10-07 00:00:00,10 days 00:00:00,240,32.31,-173.46,984.0,65.3,36.10278848240854,196.78359961685865,294.472793785346,226.96067139670856,130.5863818904781,142.96862868364292,159.2295278844177,111.1113811677262,98.89149341402086,12.690139721303671,36.10278848240854,7.144484154759646,8.661434124314535
2026-09-27,EP152026,21,2026-10-07 06:00:00,10 days 06:00:00,246,33.85,-169.71,982.4,61.6,105.00338344053988,337.0694606858248,402.10990253928367,359.5871260671064,306.4861393623521,205.74912053847697,229.23360477598965,196.18236608151767,184.57935862279157,0.0,0.0,0.0,0.0
2026-09-27,EP152026,21,2026-10-07 12:00:00,10 days 12:00:00,252,35.2,-166.27,978.1,68.5,73.11767475235833,237.67163394663916,301.34455262817954,256.7004393233706,228.0365321990855,145.0951592575708,167.19610313454982,129.91499056967794,116.3828561843292,26.373769285075163,73.11767475235833,23.135585176093343,20.88301728379576
2026-09-27,EP152026,21,2026-10-07 18:00:00,10 days 18:00:00,258,37.95,-163.61,979.1,63.4,96.37781799665638,322.77492307963064,400.31470256765033,334.75989492771726,283.94293736825205,179.62056560346593,205.0726001838683,162.11872488663835,153.1717554550624,0.0,0.0,0.0,0.0
2026-09-27,EP152026,21,2026-10-08 00:00:00,11 days 00:00:00,264,40.95,-161.46,967.0,62.9,237.81032472832305,628.1924323551134,719.0199433182886,700.9638290518915,606.0306835799879,269.61693610098325,320.81503813348354,300.54790780742326,253.9108862070447,0.0,0.0,0.0,0.0
2026-09-27,EP152026,21,2026-10-08 06:00:00,11 days 06:00:00,270,43.69,-160.31,949.1,70.9,127.84172626903371,486.484861994034,615.3787349195001,618.5557446371755,477.3233032018733,244.6776941153975,314.6763930096382,294.81915557959746,238.42447693065824,104.55452115205874,130.10610347208396,113.63806064911724,96.44905112698866
2026-09-27,EP152026,21,2026-10-08 12:00:00,11 days 12:00:00,276,46.04,-159.98,952.0,62.1,94.54328421669248,585.6264258006977,674.4917595537681,642.4637044655665,567.9528241029975,282.71834629772945,338.5889337065539,317.80831265802294,263.10236510798234,0.0,0.0,0.0,0.0
2026-09-27,EP162026,21,2026-09-27 00:00:00,0 days 00:00:00,0,20.8,-123.6,975.0,76.0,28.0,167.0,167.0,148.0,185.0,93.0,74.0,74.0,93.0,65.0,46.0,37.0,56.0
2026-09-27,EP162026,21,2026-09-27 06:00:00,0 days 06:00:00,6,21.47,-123.48,986.5,59.4,61.37803550747751,222.05718966087957,159.70206727665698,119.64419796292808,198.92669585648304,80.84405566925176,57.436182915019394,38.42610602903994,72.85483742550403,0.0,0.0,0.0,0.0
2026-09-27,EP162026,21,2026-09-27 12:00:00,0 days 12:00:00,12,21.96,-123.44,998.5,47.6,36.84079470870707,101.3486487506706,101.43368098771164,57.683074260774745,89.44562284013723,0.0,0.0,0.0,0.0,0.0,0.0,0.0,0.0
2026-09-27,EP162026,21,2026-09-27 18:00:00,0 days 18:00:00,18,22.3,-123.29,1000.3,34.1,93.23185210480072,101.911463445749,90.57165858173312,75.82308516343399,71.44957982612365,0.0,0.0,0.0,0.0,0.0,0.0,0.0,0.0
2026-09-27,EP162026,21,2026-09-28 00:00:00,1 days 00:00:00,24,22.29,-123.25,1001.0,28.8,97.4736061836831,0.0,0.0,0.0,0.0,0.0,0.0,0.0,0.0,0.0,0.0,0.0,0.0
2026-09-27,EP162026,21,2026-09-28 06:00:00,1 days 06:00:00,30,22.41,-123.09,1003.8,29.1,156.85603458842024,0.0,0.0,0.0,0.0,0.0,0.0,0.0,0.0,0.0,0.0,0.0,0.0
2026-09-27,EP162026,21,2026-09-28 12:00:00,1 days 12:00:00,36,22.55,-123.18,1004.1,27.3,77.74118150620095,0.0,0.0,0.0,0.0,0.0,0.0,0.0,0.0,0.0,0.0,0.0,0.0
2026-09-27,EP162026,21,2026-09-28 18:00:00,1 days 18:00:00,42,22.12,-123.08,1006.7,23.0,118.3030409809504,0.0,0.0,0.0,0.0,0.0,0.0,0.0,0.0,0.0,0.0,0.0,0.0
2026-09-27,EP162026,21,2026-09-29 00:00:00,2 days 00:00:00,48,21.46,-123.11,1003.9,23.2,114.01426166768738,0.0,0.0,0.0,0.0,0.0,0.0,0.0,0.0,0.0,0.0,0.0,0.0
2026-09-27,EP162026,21,2026-09-29 06:00:00,2 days 06:00:00,54,20.55,-122.97,1005.4,21.5,144.62417426452788,0.0,0.0,0.0,0.0,0.0,0.0,0.0,0.0,0.0,0.0,0.0,0.0
2026-09-27,EP162026,21,2026-09-29 12:00:00,2 days 12:00:00,60,20.55,-122.78,1007.1,17.1,123.45889092450562,0.0,0.0,0.0,0.0,0.0,0.0,0.0,0.0,0.0,0.0,0.0,0.0
2026-09-27,EP162026,21,2026-09-29 18:00:00,2 days 18:00:00,66,19.68,-122.96,1007.7,17.5,66.38115638753509,0.0,0.0,0.0,0.0,0.0,0.0,0.0,0.0,0.0,0.0,0.0,0.0
2026-09-27,EP162026,21,2026-09-30 00:00:00,3 days 00:00:00,72,19.33,-123.78,1006.4,18.8,102.0370123303576,0.0,0.0,0.0,0.0,0.0,0.0,0.0,0.0,0.0,0.0,0.0,0.0
2026-09-27,EP172026,21,2026-09-27 00:00:00,0 days 00:00:00,0,19.0,-112.9,946.0,111.0,28.0,259.0,185.0,167.0,185.0,111.0,111.0,93.0,93.0,65.0,65.0,46.0,56.0
2026-09-27,EP172026,21,2026-09-27 06:00:00,0 days 06:00:00,6,19.85,-113.3,948.2,110.2,9.452941363405184,252.9226542401132,238.91512890900864,158.57094703342972,217.45435984136975,96.56995069726182,86.22967059340294,65.72508320762049,77.49589998364117,61.925344171393824,54.905435558875205,44.69238355018568,53.42913812229095
2026-09-27,EP172026,21,2026-09-27 12:00:00,0 days 12:00:00,12,20.48,-113.76,944.9,118.4,22.777560173851064,189.23933304643128,203.7134374108116,148.26446345602866,139.87311034493524,96.19039017076176,85.4132928107562,65.5352862884268,73.969826415651,52.39644552489031,46.49721092988538,36.94190795503172,44.15532805906534
2026-09-27,EP172026,21,2026-09-27 18:00:00,0 days 18:00:00,18,21.82,-113.78,933.0,132.5,35.61972388322974,245.8472300785589,208.07075334606017,140.94223598827574,186.75638139507248,89.30595162769723,78.0649583852296,49.81361283979683,66.54980404416824,60.36678017231898,52.98383768191415,41.36676521151754,50.789371570615344
2026-09-27,EP172026,21,2026-09-28 00:00:00,1 days 00:00:00,24,22.44,-113.71,943.7,120.3,7.431648411618177,171.46075808531742,212.1763453697844,153.68394241030046,110.69086088566476,105.67075127100748,101.77371804530615,70.59766908880442,73.3309641415278,52.653343507104616,49.62033017651669,38.20837282195362,43.20638723808926
2026-09-27,EP172026,21,2026-09-28 06:00:00,1 days 06:00:00,30,23.16,-113.71,949.4,109.9,4.698217312113769,167.68042270598465,203.88223652093228,130.95573061699326,115.11317402895884,88.8045628615521,94.76098250001382,70.3835320479634,66.84829137613815,55.25279940366077,52.75632770108547,41.7814624156419,45.80437300122896
2026-09-27,EP172026,21,2026-09-28 12:00:00,1 days 12:00:00,36,23.99,-113.37,944.7,105.3,20.80790193781192,225.40503423843435,257.1670973434115,146.80199589763453,127.4842193918565,101.23028631861428,96.91004762050224,65.01990831415134,62.05532425193656,44.15877721508595,41.80935015017808,32.82365373666978,35.352476223593804
2026-09-27,EP172026,21,2026-09-28 18:00:00,1 days 18:00:00,42,24.71,-112.81,961.1,88.2,9.207305195618794,130.68315146508988,141.6140199276906,92.8935494330999,89.19111077520341,69.7038236336178,68.81598984735155,49.99953479325819,49.33516707059678,38.83814999102837,38.83073799442982,30.91248003962006,32.997284655916935
2026-09-27,EP172026,21,2026-09-29 00:00:00,2 days 00:00:00,48,25.21,-112.1,972.7,82.1,8.416914435457272,155.89143212567882,234.70714340824304,161.07118166607637,111.56037646559228,79.48474616641056,99.5352908634314,85.47495389003657,59.78540769016152,34.69010077002746,42.2974510050303,33.86442434888445,30.40182741975342
2026-09-27,EP172026,21,2026-09-29 06:00:00,2 days 06:00:00,54,26.09,-110.99,973.3,76.4,25.34538650886884,142.74982703321257,145.23773144331608,90.71844747316015,94.18639106589568,81.41763527548756,85.6933525495516,56.980634194559855,59.14639012206135,43.67618154544141,42.32562438097196,30.847149386057765,36.52237230573854
2026-09-27,EP172026,21,2026-09-29 12:00:00,2 days 12:00:00,60,27.8,-110.27,993.8,49.0,18.937621530393827,125.0095350358419,96.77507337484552,78.5933916773142,90.38512267153988,0.0,0.0,0.0,0.0,0.0,0.0,0.0,0.0
2026-09-27,EP902026,21,2026-09-27 00:00:00,0 days 00:00:00,0,12.0,-98.6,1008.0,25.0,111.0,0.0,0.0,0.0,0.0,0.0,0.0,0.0,0.0,0.0,0.0,0.0,0.0
2026-09-27,EP902026,21,2026-09-27 06:00:00,0 days 06:00:00,6,11.78,-98.7,1005.2,30.4,60.06019299663816,0.0,0.0,0.0,0.0,0.0,0.0,0.0,0.0,0.0,0.0,0.0,0.0
2026-09-27,EP902026,21,2026-09-27 12:00:00,0 days 12:00:00,12,11.93,-98.82,1007.1,31.9,77.14210062765758,0.0,0.0,0.0,0.0,0.0,0.0,0.0,0.0,0.0,0.0,0.0,0.0
2026-09-27,EP902026,21,2026-09-27 18:00:00,0 days 18:00:00,18,12.0,-99.69,1002.3,35.5,85.858427404319,85.858427404319,51.74813180156824,52.488826614787406,69.03086267574062,0.0,0.0,0.0,0.0,0.0,0.0,0.0,0.0
2026-09-27,EP902026,21,2026-09-28 00:00:00,1 days 00:00:00,24,12.61,-99.95,1004.2,41.3,65.73552062197555,88.78100773687947,69.48478294571481,43.1290787838597,65.84878196866711,0.0,0.0,0.0,0.0,0.0,0.0,0.0,0.0
2026-09-27,EP902026,21,2026-09-28 06:00:00,1 days 06:00:00,30,12.57,-100.63,995.5,50.2,46.81274625666634,166.1200084065435,141.73779548072963,109.98703623969604,141.33796172010585,46.81274625666634,6.636479384384291,0.0,4.826642094034964,0.0,0.0,0.0,0.0
2026-09-27,EP902026,21,2026-09-28 12:00:00,1 days 12:00:00,36,12.89,-101.1,998.7,47.7,85.99886992826536,227.9470402077506,204.31228213818991,163.74281978680082,190.52534778260397,0.0,0.0,0.0,0.0,0.0,0.0,0.0,0.0
2026-09-27,EP902026,21,2026-09-28 18:00:00,1 days 18:00:00,42,13.4,-102.07,994.0,52.8,53.48910977982527,181.64324109477215,163.35105068711826,112.4231015131164,138.29486513838543,53.48910977982527,18.200510315138366,5.59186221615337,13.534374981747373,0.0,0.0,0.0,0.0
2026-09-27,EP902026,21,2026-09-29 00:00:00,2 days 00:00:00,48,13.67,-103.1,995.3,55.5,55.24789357459553,279.190028056019,228.01432763390343,152.7922729607048,249.24917977239988,93.77212048014238,71.63937940280955,45.59055466276098,69.10686181323457,0.0,0.0,0.0,0.0
2026-09-27,EP902026,21,2026-09-29 06:00:00,2 days 06:00:00,54,14.01,-104.34,990.1,55.4,94.1225671245439,238.3534745205548,237.0611924494353,184.8268618646647,197.9097633876887,94.1225671245439,26.405651333315294,13.056927183683342,21.65076311613485,0.0,0.0,0.0,0.0
2026-09-27,EP902026,21,2026-09-29 12:00:00,2 days 12:00:00,60,14.66,-104.92,983.7,74.0,47.99127886987185,177.99455010002924,232.82581120219328,135.21652332062223,149.81441765601676,73.69109401892382,57.54975601114481,34.54492265802584,53.032572819198094,47.99127886987185,0.0,0.0,2.108197577707797
2026-09-27,EP902026,21,2026-09-29 18:00:00,2 days 18:00:00,66,15.15,-105.68,985.2,67.1,45.11678395828689,202.46626393746172,200.4279786863796,149.79549216135018,163.70795403868254,125.38216255831014,99.0301019074214,68.76070455666424,98.69038575979442,45.11678395828689,34.842161812145946,26.1819599288006,36.58602539510999
2026-09-27,EP902026,21,2026-09-30 00:00:00,3 days 00:00:00,72,16.22,-106.38,978.6,79.3,20.18861003017096,263.35914828476115,273.3819174544169,143.12373486271605,177.08202598372253,120.80519346570163,106.31470077592547,64.36105230786966,79.93512691153896,32.63886555262503,26.09518562481501,21.824944438301166,25.06756137262617
2026-09-27,EP902026,21,2026-09-30 06:00:00,3 days 06:00:00,78,17.25,-106.99,975.7,75.5,31.386286400422776,233.4412721763021,239.115199233022,141.45282807925014,159.52580329520708,89.1558185008123,75.56240451703167,48.28019742734803,58.82236437496962,36.03699124537407,31.41049759813474,24.284687854878506,29.80587213826109
2026-09-27,EP902026,21,2026-09-30 12:00:00,3 days 12:00:00,84,17.68,-107.63,977.7,76.5,27.555816761888156,209.7520685583451,202.01939937190755,136.92770945675196,157.41042213272738,85.22849436203074,68.37180166951809,38.75076893732757,60.12762684313461,45.8242948295342,38.172341506092366,27.503165207834865,35.67317814569777
2026-09-27,EP902026,21,2026-09-30 18:00:00,3 days 18:00:00,90,18.2,-108.18,962.6,93.9,35.17773237796253,234.6012641850769,299.82958460450675,167.35638075383935,176.34941730153852,115.627307521392,105.32096608521994,77.23149937288028,88.18778282277972,52.83563907425578,47.04395007393711,35.71795048405936,40.58753734059138
2026-09-27,EP902026,21,2026-10-01 00:00:00,4 days 00:00:00,96,18.68,-108.88,960.9,93.9,10.159349188226088,223.18232206488847,263.8156922327912,208.2593659569238,200.28514569566252,125.6411664686399,113.23885179481898,93.38915230385837,109.03642792996334,64.3461612025857,55.3146066172161,47.133632244560246,57.44505937470497
2026-09-27,EP902026,21,2026-10-01 06:00:00,4 days 06:00:00,102,18.6,-109.57,952.2,105.4,35.92217172072442,220.13611901956028,220.6643116419242,185.63063109175505,193.6619483234415,83.80277156248025,72.5821526877939,71.61213069560677,74.98507827751214,49.61756956496024,44.08176748106844,37.47698090131375,45.2249625434909
2026-09-27,EP902026,21,2026-10-01 12:00:00,4 days 12:00:00,108,18.51,-110.01,950.5,105.1,16.329830776940753,150.28093082437317,199.6710735188708,192.9424598448004,180.88951519688544,76.01688742411989,70.95777563371462,75.4334570582655,73.10661766993962,52.071501203399066,45.80451891979078,42.01377711837972,50.38427050922292
2026-09-27,EP902026,21,2026-10-01 18:00:00,4 days 18:00:00,114,18.47,-110.27,963.1,90.3,21.343813628700744,147.79382412447393,153.17946620115504,156.01253454999429,203.70372553317287,83.66382111595333,70.99050455843361,76.7529229556733,82.63459113057638,71.1765615279721,64.51115551087179,58.78469726781124,65.31519423260748
2026-09-27,EP902026,21,2026-10-02 00:00:00,5 days 00:00:00,120,18.74,-110.74,968.9,76.6,36.34482472291676,152.8822588395002,179.83509689294095,143.23605789618176,100.02868488570428,79.27648566600129,62.14210748714533,39.26218945818873,58.84471113764246,36.34482472291676,24.237924203463123,15.78853180935883,25.458891972475183
2026-09-27,EP902026,21,2026-10-02 06:00:00,5 days 06:00:00,126,18.86,-111.35,972.9,76.2,38.96996993115573,150.11265156232244,193.31096596359157,196.06199986180297,164.24433938660502,94.3910202715119,91.59563143111654,87.48046834425521,84.39350043566294,55.65329540380054,53.04289922312511,48.98284003898077,50.04224103343989
2026-09-27,EP902026,21,2026-10-02 12:00:00,5 days 12:00:00,132,18.99,-111.82,974.1,73.5,51.88577314213192,248.9014638864641,244.25409692456665,234.5380916564276,240.08303270833164,121.90354111486944,117.19572396657895,108.55344116605788,117.83065321849128,72.73461822333489,67.7232231286352,59.5130389115799,63.93330740445261
2026-09-27,EP902026,21,2026-10-02 18:00:00,5 days 18:00:00,138,18.94,-112.11,974.1,70.8,45.836048826415976,144.7765721284502,160.60270838653253,144.96102830246252,130.3142794496471,64.77757104013594,55.1761615408557,56.72315239538,60.32638057831698,45.836048826415976,36.94451338102395,33.585273430824785,37.00554582970557
2026-09-27,EP902026,21,2026-10-03 00:00:00,6 days 00:00:00,144,19.34,-112.22,974.7,65.1,29.41486336153589,169.93060979040752,186.6520580681424,166.27187428434036,157.64350532488805,78.35642510730777,76.06473913862179,59.73997402654746,64.7191500098902,29.41486336153589,2.6918285658120875,0.3726873493575,2.8404031587370278
2026-09-27,EP902026,21,2026-10-03 06:00:00,6 days 06:00:00,150,19.26,-112.44,977.9,68.2,33.67984334389766,180.77391819521915,172.5536076825436,173.86869513157967,199.86405811007265,90.15741638388457,80.98891202403296,74.24289616454229,81.28207152291091,33.67984334389766,20.061870922388053,19.522619707278977,21.26272626993273
2026-09-27,EP902026,21,2026-10-03 12:00:00,6 days 12:00:00,156,19.2,-112.59,982.5,62.9,45.83733194166289,176.3023351987524,154.15369247257445,181.32075071584617,207.6678232399453,101.09687485092172,89.39436304892612,86.30287306184428,103.73492927751649,0.0,0.0,0.0,0.0
2026-09-27,EP902026,21,2026-10-03 18:00:00,6 days 18:00:00,162,19.1,-112.56,977.5,73.7,24.07407765699454,99.28705201727514,96.11131952939168,125.17067973085044,96.1644030225707,58.2964038533731,45.07448315471522,38.05787523892857,48.613456694426674,24.597592499910547,20.459019160072398,17.121620383821508,21.22703832592764
2026-09-27,EP902026,21,2026-10-04 00:00:00,7 days 00:00:00,168,19.26,-112.17,973.5,73.0,32.770862825198535,105.92555163970532,154.69423724227795,142.6468614477559,125.56241899204542,54.03837291249855,60.912895285472594,55.52027217010541,47.05344980086092,29.113942340129334,32.770862825198535,27.74184477836009,25.341508297731288
2026-09-27,EP902026,21,2026-10-04 06:00:00,7 days 06:00:00,174,19.57,-112.19,978.5,67.9,35.56063489023778,181.1019800412573,239.65284398263577,164.47360791920954,147.31579493598355,113.23546475597658,105.51804723301208,76.9689482890735,85.49068200906333,35.56063489023778,19.82667977311196,15.623398362306371,17.766309569351368
2026-09-27,EP902026,21,2026-10-04 12:00:00,7 days 12:00:00,180,19.64,-112.24,985.8,66.8,24.71361004870938,142.88721991627335,156.4719391468276,124.842383262362,136.10890940130443,68.71655722445466,64.51532783032418,44.48857239008129,56.1948461309372,24.71361004870938,0.0,0.0,1.1419825684688405
2026-09-27,EP902026,21,2026-10-04 18:00:00,7 days 18:00:00,186,20.18,-112.51,975.7,76.6,21.43575018656236,116.94363660962422,134.5059500935633,111.5925165404044,89.60353044072414,57.631176382361865,44.33993928487685,38.24885228693116,42.771938458695615,21.48493266894087,17.542548616194047,13.184235208697066,16.71495321807243
2026-09-27,EP902026,21,2026-10-05 00:00:00,8 days 00:00:00,192,20.51,-112.47,981.3,75.4,21.537882287119828,167.46163811713086,181.92530413271925,129.48997591396892,172.00894418965072,85.25703863031868,72.02200107610952,49.9944527010548,62.25893321422291,31.74313321246973,29.70239417720268,22.869785097598083,27.21834683288569
2026-09-27,EP902026,21,2026-10-05 06:00:00,8 days 06:00:00,198,21.27,-112.64,975.2,79.3,35.52219363615464,161.01335730576182,175.3298594915578,110.51238043014334,110.86302959873996,72.53163214963826,61.651533513309936,40.13878195068651,50.0531839643503,35.52219363615464,24.156157155990066,17.32973656064059,21.79651651091033
2026-09-27,EP902026,21,2026-10-05 12:00:00,8 days 12:00:00,204,21.82,-113.17,970.8,80.2,34.78220183818857,156.76021440691022,169.9288832163312,119.33444944835476,145.60170503180063,47.2787277511047,39.930204881713934,27.66450205104246,37.693693085484085,34.78220183818857,18.16299189873382,13.66792299896266,17.307482709324418
2026-09-27,EP902026,21,2026-10-05 18:00:00,8 days 18:00:00,210,22.55,-113.52,977.7,74.7,28.970861821393576,189.7239347110765,203.2479950219872,121.33477917987886,128.71503319550646,102.5758754804655,86.58969375475496,57.202117587495536,71.17489497184108,48.42105192964656,40.95733399152533,31.41997200629153,38.85884407892885
2026-09-27,EP902026,21,2026-10-06 00:00:00,9 days 00:00:00,216,23.31,-114.17,977.1,72.0,29.31859105228955,179.62102445447772,176.29142343239232,126.61068336400206,144.79689897325147,82.01759655793853,69.15563139545634,51.49253427961389,66.27398764924055,43.289342938567245,38.205765354139714,29.91430221768354,36.122073223332
2026-09-27,EP902026,21,2026-10-06 06:00:00,9 days 06:00:00,222,23.69,-114.62,974.6,71.1,29.973232715576284,169.7762872024041,199.54922116366825,133.5457808988573,130.927591413588,86.9860878579548,79.84317373881841,55.867478017347054,70.37136452651015,40.17004254497968,34.16212664872362,25.431302803063318,33.56881577924116
2026-09-27,EP902026,21,2026-10-06 12:00:00,9 days 12:00:00,228,23.99,-114.97,973.2,70.0,35.26815938963786,159.42190937650292,191.459555264617,132.71800516107962,131.32499286611375,82.89795290954476,75.33859459893213,50.94645419899187,61.50726998458251,35.26815938963786,19.45211233184901,12.98547741837232,19.432947138249204
2026-09-27,EP902026,21,2026-10-06 18:00:00,9 days 18:00:00,234,24.49,-115.27,973.6,77.7,13.128531039144,198.0423706115745,204.00353268998896,136.37719480149053,147.43733769336853,93.4688495569152,75.66981705226112,54.43133136482636,72.55996699078707,45.41107185606731,36.20772757630878,27.96103911350418,36.12974242496343
2026-09-27,EP902026,21,2026-10-07 00:00:00,10 days 00:00:00,240,24.92,-115.44,979.0,62.9,46.84177243592467,222.6856082700598,221.09107566344505,160.94481205857198,190.88170437716417,85.21264128856964,69.79267341982285,48.07931748603679,61.96247530472817,0.0,0.0,0.0,0.0
2026-09-27,EP902026,21,2026-10-07 06:00:00,10 days 06:00:00,246,25.1,-115.66,978.9,66.8,47.29128721590686,173.4269837591752,150.7320019713057,140.59972136641534,150.78749376867563,98.24889523909476,81.87187695703781,60.56662103434118,77.99123280021054,47.29128721590686,21.988346785993528,15.476395680232724,22.094127902703278
2026-09-27,EP902026,21,2026-10-07 12:00:00,10 days 12:00:00,252,25.38,-115.6,991.9,49.8,65.53961079021694,211.28218073938623,193.3626553710781,146.00438786293222,183.0206859099984,0.0,0.0,0.0,0.0,0.0,0.0,0.0,0.0
2026-09-27,EP902026,21,2026-10-07 18:00:00,10 days 18:00:00,258,25.37,-115.89,987.2,52.8,78.93207803840515,215.42338636434573,161.77875569056636,139.94000605441585,164.88220227963848,78.93207803840515,12.731155178508317,5.677763980938822,8.911189755461484,0.0,0.0,0.0,0.0
2026-09-27,EP902026,21,2026-10-08 00:00:00,11 days 00:00:00,264,25.17,-115.96,988.0,55.2,84.59265438222249,241.56322619063192,239.42549563503,164.33911580069173,212.4094723551492,84.59265438222249,24.421470568654488,14.72000453949624,30.17894026351476,0.0,0.0,0.0,0.0
2026-09-27,EP902026,21,2026-10-08 06:00:00,11 days 06:00:00,270,24.83,-116.22,1000.9,41.2,79.32751693593397,42.73800538988236,24.67689522217392,19.12398164600137,79.32751693593397,0.0,0.0,0.0,0.0,0.0,0.0,0.0,0.0
2026-09-27,EP902026,21,2026-10-08 12:00:00,11 days 12:00:00,276,24.65,-116.49,1000.7,41.8,57.47685982673293,84.34217924827071,47.5683910744198,57.8944821958229,86.61797520028212,0.0,0.0,0.0,0.0,0.0,0.0,0.0,0.0
2026-09-27,EP902026,21,2026-10-08 18:00:00,11 days 18:00:00,282,24.48,-116.42,998.6,38.5,67.39312579350889,107.45119488923729,82.54071410081295,104.34558897216198,106.8452529145642,0.0,0.0,0.0,0.0,0.0,0.0,0.0,0.0
2026-09-27,EP902026,21,2026-10-09 00:00:00,12 days 00:00:00,288,24.3,-116.42,999.6,32.3,59.57602210010492,0.0,0.0,0.0,0.0,0.0,0.0,0.0,0.0,0.0,0.0,0.0,0.0
2026-09-27,EP902026,21,2026-10-09 06:00:00,12 days 06:00:00,294,24.15,-116.14,997.6,32.5,84.81960927204778,0.0,0.0,0.0,0.0,0.0,0.0,0.0,0.0,0.0,0.0,0.0,0.0
2026-09-27,EP902026,21,2026-10-09 12:00:00,12 days 12:00:00,300,24.04,-115.77,998.8,31.0,98.7643765910656,0.0,0.0,0.0,0.0,0.0,0.0,0.0,0.0,0.0,0.0,0.0,0.0
2026-09-27,EP902026,21,2026-10-09 18:00:00,12 days 18:00:00,306,24.09,-115.33,1000.9,27.7,79.24288133598154,0.0,0.0,0.0,0.0,0.0,0.0,0.0,0.0,0.0,0.0,0.0,0.0
2026-09-27,EP902026,21,2026-10-10 00:00:00,13 days 00:00:00,312,24.19,-114.91,1001.5,28.8,85.66079368873113,0.0,0.0,0.0,0.0,0.0,0.0,0.0,0.0,0.0,0.0,0.0,0.0
2026-09-27,EP902026,21,2026-10-10 06:00:00,13 days 06:00:00,318,24.2,-113.94,1002.1,28.2,102.21119929048734,0.0,0.0,0.0,0.0,0.0,0.0,0.0,0.0,0.0,0.0,0.0,0.0
2026-09-27,EP902026,21,2026-10-10 12:00:00,13 days 12:00:00,324,24.37,-113.54,1001.5,32.6,181.65939766194307,0.0,0.0,0.0,0.0,0.0,0.0,0.0,0.0,0.0,0.0,0.0,0.0
2026-09-27,EP902026,21,2026-10-10 18:00:00,13 days 18:00:00,330,24.77,-112.53,999.8,30.1,156.7443572561956,0.0,0.0,0.0,0.0,0.0,0.0,0.0,0.0,0.0,0.0,0.0,0.0
2026-09-27,EP902026,21,2026-10-11 00:00:00,14 days 00:00:00,336,25.48,-112.05,1002.4,27.8,110.92100134648469,0.0,0.0,0.0,0.0,0.0,0.0,0.0,0.0,0.0,0.0,0.0,0.0
2026-09-27,EP902026,21,2026-10-11 06:00:00,14 days 06:00:00,342,24.51,-111.8,1007.5,25.2,81.94795688888897,0.0,0.0,0.0,0.0,0.0,0.0,0.0,0.0,0.0,0.0,0.0,0.0
2026-09-27,WP252026,21,2026-09-27 00:00:00,0 days 00:00:00,0,24.6,127.6,964.0,89.0,22.0,102.0,121.0,102.0,93.0,,,,,,,,
2026-09-27,WP252026,21,2026-09-27 06:00:00,0 days 06:00:00,6,25.43,128.28,930.9,127.3,18.600699653320817,183.02438157163715,221.5206781927145,155.2003837110442,108.64315385280588,88.08663439168868,106.306637586732,88.18162953707451,68.42197574440297,60.117686078578345,60.42180671525352,52.785483432704495,48.30494112438646
2026-09-27,WP252026,21,2026-09-27 12:00:00,0 days 12:00:00,12,26.17,129.14,937.6,117.2,22.19944808758582,83.65072744678157,145.59395682321747,118.30718727157918,75.3842833119433,66.57652102406331,84.27306971721075,72.68602915219815,56.34879760889232,41.88238053336431,43.72424181360209,39.77189923804813,36.58555021694599
2026-09-27,WP252026,21,2026-09-27 18:00:00,0 days 18:00:00,18,26.62,130.01,972.6,88.5,37.041715389112056,101.07517512631556,149.41836635302872,116.74150707144943,99.70419129090504,63.63141862733551,72.88437502947325,57.07827638173589,48.72610569700974,38.84283240277345,37.43802158935259,32.956117107058034,29.84742078560936
2026-09-27,WP252026,21,2026-09-28 00:00:00,1 days 00:00:00,24,27.16,130.83,981.0,69.1,25.33257297669417,115.60555874530712,150.6336257601894,116.70123259578372,96.53326718967767,55.72056217898482,56.70226090134523,38.97348901023688,38.69260134723296,25.33257297669417,17.984938660694706,12.55936741485788,14.693561579277633
2026-09-27,WP252026,21,2026-09-28 06:00:00,1 days 06:00:00,30,27.77,131.77,994.4,51.7,24.89917922505877,85.92365804835616,140.5765604037412,92.0979912020763,63.03769115349716,39.9572515303654,48.71993497751959,29.509955711112084,32.343316151999524,0.0,0.0,0.0,0.0
2026-09-27,WP252026,21,2026-09-28 12:00:00,1 days 12:00:00,36,28.3,133.07,988.0,53.2,30.49726704379633,112.36085528083017,156.28081150140673,118.76902136898164,85.31777183792292,44.40620649644172,47.77272681768063,29.19108082852602,31.708024843429385,0.0,0.0,0.0,0.0
2026-09-27,WP252026,21,2026-09-28 18:00:00,1 days 18:00:00,42,28.59,134.03,998.2,48.1,59.09148632546061,135.1631905321044,159.96203983920134,116.11762898199017,88.21836497336619,0.0,0.0,0.0,0.0,0.0,0.0,0.0,0.0
2026-09-27,WP252026,21,2026-09-29 00:00:00,2 days 00:00:00,48,29.35,134.86,993.7,46.3,48.558530423360416,138.23466826957093,137.93847555512338,107.2017722975225,100.2486951530507,0.0,0.0,0.0,0.0,0.0,0.0,0.0,0.0
2026-09-27,WP252026,21,2026-09-29 06:00:00,2 days 06:00:00,54,29.73,136.22,992.5,45.2,72.50371945867987,166.80344767556522,182.0376501860928,177.19932188124614,136.5891829341224,0.0,0.0,0.0,0.0,0.0,0.0,0.0,0.0
2026-09-27,WP252026,21,2026-09-29 12:00:00,2 days 12:00:00,60,30.48,138.04,996.6,31.6,59.58638118559921,0.0,0.0,0.0,0.0,0.0,0.0,0.0,0.0,0.0,0.0,0.0,0.0
2026-09-27,WP252026,21,2026-09-29 18:00:00,2 days 18:00:00,66,30.56,139.07,997.7,31.6,72.49372022824478,0.0,0.0,0.0,0.0,0.0,0.0,0.0,0.0,0.0,0.0,0.0,0.0
2026-09-27,WP252026,21,2026-09-30 00:00:00,3 days 00:00:00,72,31.27,140.54,1000.2,40.1,116.1618812232449,3.691244097260295,116.1618812232449,2.399243791068301,0.0,0.0,0.0,0.0,0.0,0.0,0.0,0.0,0.0
2026-09-27,WP252026,21,2026-09-30 06:00:00,3 days 06:00:00,78,31.81,141.86,1000.9,34.8,70.53937805332131,0.0,70.53937805332131,11.787789017201815,0.0,0.0,0.0,0.0,0.0,0.0,0.0,0.0,0.0
2026-09-27,WP252026,21,2026-09-30 12:00:00,3 days 12:00:00,84,32.48,143.36,1001.5,27.0,115.71178985913592,0.0,0.0,0.0,0.0,0.0,0.0,0.0,0.0,0.0,0.0,0.0,0.0
2026-09-27,WP252026,21,2026-09-30 18:00:00,3 days 18:00:00,90,33.59,144.52,1003.0,34.3,117.84936316153404,14.736456591895209,117.84936316153404,6.557908946316532,7.190260074584428,0.0,0.0,0.0,0.0,0.0,0.0,0.0,0.0
2026-09-27,WP252026,21,2026-10-01 00:00:00,4 days 00:00:00,96,34.08,145.25,1001.9,27.4,116.11479936611676,0.0,0.0,0.0,0.0,0.0,0.0,0.0,0.0,0.0,0.0,0.0,0.0
2026-09-27,WP252026,21,2026-10-01 06:00:00,4 days 06:00:00,102,34.89,146.12,1001.7,26.4,116.49670215200726,0.0,0.0,0.0,0.0,0.0,0.0,0.0,0.0,0.0,0.0,0.0,0.0
2026-09-27,WP252026,21,2026-10-01 12:00:00,4 days 12:00:00,108,35.98,147.64,1001.9,29.3,101.59859124618016,0.0,0.0,0.0,0.0,0.0,0.0,0.0,0.0,0.0,0.0,0.0,0.0
2026-09-27,WP252026,21,2026-10-01 18:00:00,4 days 18:00:00,114,37.29,149.98,1002.1,33.1,105.73857278639645,0.0,0.0,0.0,0.0,0.0,0.0,0.0,0.0,0.0,0.0,0.0,0.0
2026-09-27,WP252026,21,2026-10-02 00:00:00,5 days 00:00:00,120,39.22,153.23,1002.1,32.3,71.60130926023918,0.0,0.0,0.0,0.0,0.0,0.0,0.0,0.0,0.0,0.0,0.0,0.0
2026-09-27,AL062026,22,2026-09-27 00:00:00,0 days 00:00:00,0,29.8,-43.9,1010.0,29.0,56.0,0.0,0.0,0.0,0.0,0.0,0.0,0.0,0.0,0.0,0.0,0.0,0.0
2026-09-27,EP152026,22,2026-09-27 00:00:00,0 days 00:00:00,0,16.7,-156.1,972.0,80.0,37.0,241.0,185.0,185.0,241.0,93.0,74.0,93.0,111.0,56.0,46.0,56.0,56.0
2026-09-27,EP152026,22,2026-09-27 06:00:00,0 days 06:00:00,6,16.55,-156.92,969.0,89.7,38.77886763587666,206.46630450951244,153.14590219390493,148.14837045819607,196.3893117635423,85.1330501638469,73.3431238945357,71.24521235221754,89.52237009317722,63.74978756700385,55.69961591111032,49.01825693332156,58.38399934903475
2026-09-27,EP152026,22,2026-09-27 12:00:00,0 days 12:00:00,12,16.31,-157.46,972.1,86.3,34.32319540618452,180.2927598605027,153.10728494704267,165.79503573366418,216.29545452602676,97.2250674723908,78.9703595303682,78.58478482905767,102.3083883679178,59.373144043710006,50.75225748446796,44.188704804410506,55.52268336217048
2026-09-27,EP152026,22,2026-09-27 18:00:00,0 days 18:00:00,18,16.09,-158.44,949.2,112.1,5.391258535789689,173.40837736879882,110.1744863587391,94.19411039509733,146.75256624489674,77.77040423319804,53.96891272635358,51.70324201952496,73.0643334043921,40.48735529950737,31.902741280537956,25.61675002260101,36.83843515667088
2026-09-27,EP152026,22,2026-09-28 00:00:00,1 days 00:00:00,24,16.47,-159.46,943.9,115.8,7.44177783098953,205.6100793018108,142.12314024230346,114.33745848549074,178.55204320766703,119.44506668106602,84.45170073830678,71.7939328407287,106.5593976508246,71.08732887910108,55.55327147165997,45.80592008979737,66.43610825149092
2026-09-27,EP152026,22,2026-09-28 06:00:00,1 days 06:00:00,30,16.73,-160.64,946.7,111.0,29.34392354004913,156.06806095732662,112.77739849971516,140.23894450354817,156.37216661570437,86.71098427808195,64.76365179115984,63.22268468005409,82.79349383854907,50.72206218551256,38.538332677861504,33.77554093113278,47.81195763071334
2026-09-27,EP152026,22,2026-09-28 12:00:00,1 days 12:00:00,36,16.94,-161.41,956.4,104.7,11.737351951343255,160.7185001882167,130.24487897551825,96.88705394212376,159.79143723072616,74.51705747457055,46.97135392408566,37.29854751775457,70.22159916170918,54.08587035562903,40.40709691235165,31.43214632833802,47.53655834755128
2026-09-27,EP152026,22,2026-09-28 18:00:00,1 days 18:00:00,42,17.7,-162.33,943.9,115.3,13.927659225353068,226.97967828320023,161.23352592014874,151.91529942096247,177.27264491688163,108.686982808579,87.3789607016019,73.80042151812907,88.76937568813378,65.78553486304169,57.19722282558404,48.62879615889659,55.62461358229001
2026-09-27,EP152026,22,2026-09-29 00:00:00,2 days 00:00:00,48,18.61,-162.82,944.2,123.3,23.64577444205658,188.5623359855337,166.96341916117137,125.90057444822772,149.08534162909694,110.61661155832962,90.97003150715366,62.08344675862973,83.53155672515032,65.63671964414776,56.931494974213074,42.56452440815024,55.008869382769866
2026-09-27,EP152026,22,2026-09-29 06:00:00,2 days 06:00:00,54,19.62,-163.12,959.1,103.3,24.215023700322437,194.2308773464191,185.35469412568216,123.45534049213389,163.7371322002216,109.98885993172269,94.0427410173114,65.0393221390446,83.50547661171368,66.01289631494055,55.5475657098404,41.72510683470728,55.03978124427573
2026-09-27,EP152026,22,2026-09-29 12:00:00,2 days 12:00:00,60,20.55,-163.15,961.8,101.4,19.29095635647387,209.38859442598735,216.8805828390861,155.5089898724516,194.9869240816276,113.06497708461202,98.76668620258016,76.71488112960682,104.08396079512308,59.65463572932162,48.88454886765463,39.153658997770776,52.2393588787823
2026-09-27,EP152026,22,2026-09-29 18:00:00,2 days 18:00:00,66,21.48,-163.26,966.8,91.9,17.29986704413716,228.0348593039039,199.30823276600609,81.98832245398023,194.99656161865028,118.4626508874162,98.73994627651972,64.24148776261927,93.30031367028278,81.44595429553294,71.05123132954537,55.14568173878746,66.2403573165567
2026-09-27,EP152026,22,2026-09-30 00:00:00,3 days 00:00:00,72,22.19,-163.36,978.0,74.4,27.77282635836509,225.5479303234773,203.43293211993765,159.42688459708347,239.0431576899861,104.5811599532247,95.34675834549616,71.8639800625328,84.71313272543067,66.66294396619851,60.5539762436535,49.575516749134806,54.11468180992499
2026-09-27,EP152026,22,2026-09-30 06:00:00,3 days 06:00:00,78,22.55,-163.39,982.2,71.5,34.60382108096593,185.61681847424452,169.73806550330428,140.50015182705127,165.17224960979144,95.7986383257236,81.56453896293552,68.69785984757823,82.13577289730486,41.2152209229116,35.89268034367983,28.829511035033946,34.41582668626182
2026-09-27,EP152026,22,2026-09-30 12:00:00,3 days 12:00:00,84,22.37,-163.63,987.2,57.6,36.281195457180175,195.4479068059493,164.1106029351757,182.72269648465183,207.0267407213043,89.43638783131884,80.73174485710344,64.69833499185386,73.76985304373193,0.0,0.0,0.0,0.0
2026-09-27,EP152026,22,2026-09-30 18:00:00,3 days 18:00:00,90,22.39,-163.83,990.6,54.4,71.06316619352096,217.8911617564774,181.913699175443,148.85326323614294,184.34710374367228,71.06316619352096,24.60356630531102,14.904383648293354,24.197212577507813,0.0,0.0,0.0,0.0
2026-09-27,EP152026,22,2026-10-01 00:00:00,4 days 00:00:00,96,22.29,-163.87,984.9,58.1,73.74037800644362,221.34968353471655,181.4224628260958,162.67085838669087,210.30555613211345,89.10993986168393,74.46541140645934,54.79960094338417,70.8451922901667,0.0,0.0,0.0,0.0
2026-09-27,EP152026,22,2026-10-01 06:00:00,4 days 06:00:00,102,22.21,-164.07,986.8,54.7,95.2028192192351,289.1194227448964,198.887305817326,178.43246884617653,295.5370076512158,154.5469435554823,122.02964447509984,96.5482099533064,127.21598767498992,0.0,0.0,0.0,0.0
2026-09-27,EP152026,22,2026-10-01 12:00:00,4 days 12:00:00,108,22.03,-164.63,989.0,53.2,90.8905979625324,263.23559347562514,186.89289233224008,201.89573648081927,289.051236821204,159.75268199373568,132.03872246351511,118.73595185993508,155.19345844431882,0.0,0.0,0.0,0.0
2026-09-27,EP152026,22,2026-10-01 18:00:00,4 days 18:00:00,114,22.22,-165.34,982.1,58.3,54.02691219254123,278.3866840655044,196.03869324736712,159.62817267813838,235.5756094171166,117.8768967435472,92.15875546412904,77.95965105057189,107.36052901259968,0.0,0.0,0.0,0.0
2026-09-27,EP152026,22,2026-10-02 00:00:00,5 days 00:00:00,120,22.2,-165.93,988.0,52.0,129.53231717131737,219.47784740655948,185.04877957590247,126.66830896125362,186.44795847193404,129.53231717131737,37.83078594099413,24.382197269593377,34.018765425050816,0.0,0.0,0.0,0.0
2026-09-27,EP152026,22,2026-10-02 06:00:00,5 days 06:00:00,126,22.29,-166.47,984.8,54.1,79.27967331631275,215.7642600212492,179.84651314117758,152.65489818810744,203.37802409817175,79.27967331631275,36.26627413317731,25.82060246802181,40.70761597559724,0.0,0.0,0.0,0.0
2026-09-27,EP152026,22,2026-10-02 12:00:00,5 days 12:00:00,132,22.63,-167.4,989.5,51.2,73.56045854855397,244.04737699393897,206.0591354489409,132.4892195370384,192.71725548353817,73.56045854855397,49.10253585964989,35.28588785411334,50.08265897799611,0.0,0.0,0.0,0.0
2026-09-27,EP152026,22,2026-10-02 18:00:00,5 days 18:00:00,138,22.83,-167.95,986.7,56.5,50.75186199839598,204.3347262024457,188.9848702768845,131.5422301810488,171.55736388920025,50.75186199839598,28.76541441647245,15.033111852201216,26.87881526857167,0.0,0.0,0.0,0.0
2026-09-27,EP152026,22,2026-10-03 00:00:00,6 days 00:00:00,144,22.95,-168.72,983.2,60.5,40.87995074490741,212.92896536202664,158.83882759505087,109.59931918671576,158.5994154371965,92.96885307475212,74.1163567445829,49.634262221630486,72.43386440100606,0.0,0.0,0.0,0.0
2026-09-27,EP152026,22,2026-10-03 06:00:00,6 days 06:00:00,150,23.0,-169.71,981.5,57.6,49.595259742751175,227.919855046704,155.83473450803655,114.1361428719961,224.909693137828,108.28191920117578,76.49948493285946,51.273538422299495,86.74118301198556,0.0,0.0,0.0,0.0
2026-09-27,EP152026,22,2026-10-03 12:00:00,6 days 12:00:00,156,23.0,-171.16,981.8,67.9,40.25300052301276,238.1236402305496,127.09123210408814,139.3956930693609,249.66822000031092,108.6408500280807,74.88320563026322,62.71779633607754,96.06654143715836,40.25300052301276,17.194124844375402,12.513934544371478,24.68784514592405
2026-09-27,EP152026,22,2026-10-03 18:00:00,6 days 18:00:00,162,23.08,-173.33,973.8,76.8,28.128210863150954,237.92044348683763,152.13415841235917,119.30702699879984,214.0334000321373,96.0706615846281,61.284395197402304,46.78390442563022,82.68915881413164,42.01941621380384,30.84755552555889,22.50900650516197,37.15984608489369
2026-09-27,EP152026,22,2026-10-04 00:00:00,7 days 00:00:00,168,23.28,-175.29,983.8,73.4,38.761487989376846,226.56027511056527,169.9444920143181,133.5057211520205,204.2830216596653,114.83017649824592,93.64735829884494,65.83313371110563,96.2629801287081,40.4360442740366,28.16826190499085,19.851723755184672,33.8365771204643
2026-09-27,EP152026,22,2026-10-04 06:00:00,7 days 06:00:00,174,23.63,-177.73,991.5,68.5,44.81726497583816,270.48910518676234,188.3689673689632,137.69590942374612,252.59155485858423,125.95831937712045,99.2178970446615,76.4595050113891,113.20370115124484,52.41666236646758,41.987330456763104,32.894814575251154,45.80538810443112
2026-09-27,EP152026,22,2026-10-04 12:00:00,7 days 12:00:00,180,23.99,-179.93,991.7,65.3,26.76618843717975,285.3707361809411,173.0658241181792,127.30019716076478,265.60122394010887,114.89939876780916,83.07798139583076,59.0738604998953,105.89205147611072,51.32599770871386,38.31278907805127,27.28354776507364,45.03376115059038
2026-09-27,EP152026,22,2026-10-04 18:00:00,7 days 18:00:00,186,24.85,177.81,988.0,70.9,38.79825112422303,242.26848427218056,169.0840499887487,113.59013122255156,204.1915685516505,122.30834216036752,84.78907982546211,59.28861240163086,96.29153109796046,52.3274246620189,40.37861513916377,30.514043724456183,44.00030474294792
2026-09-27,EP152026,22,2026-10-05 00:00:00,8 days 00:00:00,192,25.65,175.76,984.3,66.6,47.75119708965548,269.1969380870695,211.9011098858195,146.7619474124918,247.63787880664304,138.90581004406056,106.3485814757145,71.79430726498006,108.96541682904632,47.75119708965548,30.038104361517103,21.16260431196698,34.08653798156302
2026-09-27,EP152026,22,2026-10-05 06:00:00,8 days 06:00:00,198,26.73,173.76,975.1,70.7,0.0,189.30950804957968,180.60047502972748,124.39907689476044,101.48699346152668,91.82078995831527,83.08458112661097,49.30599732038331,64.486454994535,6.297843495973375,4.59704078447915,0.0,5.204443859786579
2026-09-27,EP152026,22,2026-10-05 12:00:00,8 days 12:00:00,204,27.89,172.73,983.9,65.8,12.972925901701956,199.5371755292317,163.7178837564643,133.56598006013564,162.55081216971575,107.56388174074073,88.12825507325533,50.43597490646312,80.81849686530495,26.71474791322953,18.93950631474172,9.770621186350697,21.89032164712387
2026-09-27,EP152026,22,2026-10-05 18:00:00,8 days 18:00:00,210,29.2,172.12,979.3,63.8,10.971301926070224,277.9447398714574,287.6592685194363,156.53052943764084,171.95112225803928,60.32685869611717,54.856453459562346,29.634077446916336,35.54881060202389,0.0,0.0,0.0,0.0
2026-09-27,EP152026,22,2026-10-06 00:00:00,9 days 00:00:00,216,30.47,171.71,985.1,68.2,39.85009597932057,243.53141179670783,225.93722737215137,167.64980696334987,196.845540639712,133.79573830678964,115.64212710704754,78.91305176838699,102.57866613036764,50.05925105124968,44.95663890090859,31.687333429905493,40.53808618657902
2026-09-27,EP152026,22,2026-10-06 06:00:00,9 days 06:00:00,222,31.6,172.54,986.2,59.5,36.92193271582381,174.50358975233084,218.60866900895397,136.75300128425326,118.07387790388783,114.78979658490296,115.38863279494056,70.75141448669117,80.58061958030206,0.0,0.0,0.0,0.0
2026-09-27,EP152026,22,2026-10-06 12:00:00,9 days 12:00:00,228,32.69,173.68,983.2,62.1,47.30209550574713,183.35669171426497,249.3386427037551,190.7554937673569,129.85717930217558,134.1301431505933,144.68700096331844,98.7682954130908,94.28047885975948,0.0,0.0,0.0,0.0
2026-09-27,EP152026,22,2026-10-06 18:00:00,9 days 18:00:00,234,33.58,175.37,981.4,64.7,26.640029751478977,208.18123882927296,275.4598265667096,205.7227086214721,145.70630230734218,107.25320995652032,133.24420191402442,98.07552997695495,72.99309542241514,10.894566310398249,26.640029751478977,13.567020726992624,3.952730980337517
2026-09-27,EP152026,22,2026-10-07 00:00:00,10 days 00:00:00,240,34.98,177.94,989.2,55.0,19.57177974067,183.8801471330903,273.629005203931,211.25726320349145,109.48976649824384,104.40919689034628,119.11660490298743,83.67897935051712,69.73848715287812,0.0,0.0,0.0,0.0
2026-09-27,EP152026,22,2026-10-07 06:00:00,10 days 06:00:00,246,36.4,-178.94,980.6,58.0,22.426729509741456,152.11351299615765,242.9111083490085,198.80553893970733,118.46190877615037,90.86480286129776,110.68210735434933,75.87400195369658,60.85208366468116,0.0,0.0,0.0,0.0
2026-09-27,EP162026,22,2026-09-27 00:00:00,0 days 00:00:00,0,20.8,-123.6,975.0,76.0,28.0,167.0,167.0,148.0,185.0,93.0,74.0,74.0,93.0,65.0,46.0,37.0,56.0
2026-09-27,EP162026,22,2026-09-27 06:00:00,0 days 06:00:00,6,21.92,-123.57,990.0,60.8,37.0299183543992,143.2552214703693,96.66944769613173,62.8755372014931,130.3400627430263,47.58360600546453,32.31264269507275,19.98906395181296,33.555364915598005,0.0,0.0,0.0,0.0
2026-09-27,EP162026,22,2026-09-27 12:00:00,0 days 12:00:00,12,22.1,-123.1,1000.4,45.3,53.20961082112511,138.3804830185298,99.71827559439282,46.66208707123584,114.50199524487864,0.0,0.0,0.0,0.0,0.0,0.0,0.0,0.0
2026-09-27,EP162026,22,2026-09-27 18:00:00,0 days 18:00:00,18,22.36,-123.13,999.5,42.2,62.71501401932798,73.22956570212989,94.41477778050626,62.32005129429757,59.91936601879382,0.0,0.0,0.0,0.0,0.0,0.0,0.0,0.0
2026-09-27,EP162026,22,2026-09-28 00:00:00,1 days 00:00:00,24,22.54,-123.26,999.1,34.2,83.29332238549999,83.29332238549999,25.930419247594426,36.6697555197287,34.49968161285167,0.0,0.0,0.0,0.0,0.0,0.0,0.0,0.0
2026-09-27,EP162026,22,2026-09-28 06:00:00,1 days 06:00:00,30,22.4,-123.19,1003.0,28.5,130.72571135411067,0.0,0.0,0.0,0.0,0.0,0.0,0.0,0.0,0.0,0.0,0.0,0.0
2026-09-27,EP162026,22,2026-09-28 12:00:00,1 days 12:00:00,36,22.21,-123.17,1002.8,26.8,100.15823249473212,0.0,0.0,0.0,0.0,0.0,0.0,0.0,0.0,0.0,0.0,0.0,0.0
2026-09-27,EP162026,22,2026-09-28 18:00:00,1 days 18:00:00,42,21.71,-123.4,1003.1,27.0,80.11140188820528,0.0,0.0,0.0,0.0,0.0,0.0,0.0,0.0,0.0,0.0,0.0,0.0
2026-09-27,EP162026,22,2026-09-29 00:00:00,2 days 00:00:00,48,21.42,-123.22,999.2,25.3,83.97695353343761,0.0,0.0,0.0,0.0,0.0,0.0,0.0,0.0,0.0,0.0,0.0,0.0
2026-09-27,EP162026,22,2026-09-29 06:00:00,2 days 06:00:00,54,20.7,-123.02,1002.7,27.2,65.20134295398155,0.0,0.0,0.0,0.0,0.0,0.0,0.0,0.0,0.0,0.0,0.0,0.0
2026-09-27,EP162026,22,2026-09-29 12:00:00,2 days 12:00:00,60,20.06,-122.85,1003.5,20.6,97.22193985351032,0.0,0.0,0.0,0.0,0.0,0.0,0.0,0.0,0.0,0.0,0.0,0.0
2026-09-27,EP162026,22,2026-09-29 18:00:00,2 days 18:00:00,66,19.57,-122.8,1006.6,22.2,118.47993752028044,0.0,0.0,0.0,0.0,0.0,0.0,0.0,0.0,0.0,0.0,0.0,0.0
2026-09-27,EP172026,22,2026-09-27 00:00:00,0 days 00:00:00,0,19.0,-112.9,946.0,111.0,28.0,259.0,185.0,167.0,185.0,111.0,111.0,93.0,93.0,65.0,65.0,46.0,56.0
2026-09-27,EP172026,22,2026-09-27 06:00:00,0 days 06:00:00,6,19.81,-113.37,937.8,122.4,20.060848762306307,242.59212040384537,228.18439229697685,144.84858009409442,178.42175653276055,112.07550998157654,96.1464111570753,73.93952876541127,90.1474747503585,69.19806272515422,59.755787724408776,47.53369205245049,58.251726410618
2026-09-27,EP172026,22,2026-09-27 12:00:00,0 days 12:00:00,12,20.66,-113.77,933.1,126.0,22.47102390553192,264.5115345536291,273.81757916986965,203.7520389538548,246.6283750865587,116.0848135910504,108.6112007477455,82.38490677266321,91.77699087273788,77.40747041291073,70.19233408208231,57.76220872272087,66.82180866179112
2026-09-27,EP172026,22,2026-09-27 18:00:00,0 days 18:00:00,18,21.5,-113.79,950.7,107.4,1.691758887705788,173.1476686923728,166.5082453832424,154.2075086536716,146.62118376288151,92.4708281438558,79.42215788912253,67.9065291480478,74.91905304016294,49.54622648190676,43.42589151536072,32.397287086971495,40.65249741280437
2026-09-27,EP172026,22,2026-09-28 00:00:00,1 days 00:00:00,24,22.48,-114.12,936.9,124.7,0.2025386890421998,145.40495600547956,175.10157037488648,108.89566872046754,105.4216741062976,71.65007569507793,67.3467863248747,43.62825250138391,45.88961063947539,38.49508852592649,33.8825394860462,25.724137594662707,31.73334978255524
2026-09-27,EP172026,22,2026-09-28 06:00:00,1 days 06:00:00,30,23.38,-114.05,948.9,106.2,14.343170001411522,170.4479056988912,202.87474305184287,153.80999385434313,140.95184679372142,98.64956027473374,95.74465783200498,64.80702914525841,71.36488585004935,49.67216495216056,45.6045639610459,33.15377773588722,40.505070602265846
2026-09-27,EP172026,22,2026-09-28 12:00:00,1 days 12:00:00,36,24.33,-113.81,955.0,101.8,10.386605946532285,185.0798998941393,200.13185690972608,138.6035079868486,147.8272348004947,97.91463203363207,89.45521464983949,61.11437903911762,67.72668009229884,56.02243569178802,48.57120533772744,37.326667008115336,45.03640982343691
2026-09-27,EP172026,22,2026-09-28 18:00:00,1 days 18:00:00,42,25.08,-112.98,952.3,110.2,28.96995421779412,142.14627065797288,145.68042553700428,117.0344473398485,98.90408662533216,77.41125172524067,78.03969834479581,65.45893059932608,62.20665983633916,51.71493742861661,51.76992656969492,41.64438803291641,44.45681943373545
2026-09-27,EP172026,22,2026-09-29 00:00:00,2 days 00:00:00,48,26.21,-112.36,962.6,85.2,20.88401843426405,164.31561061932632,178.8167597546722,72.15474239953713,120.31777724969275,49.34968702547798,64.9296548482905,50.50794405301869,32.62032084828786,31.65856696637793,37.45391693571001,30.993277289658057,24.95676786397778
2026-09-27,EP172026,22,2026-09-29 06:00:00,2 days 06:00:00,54,27.16,-110.88,976.3,78.2,21.25404773381979,143.46876506455737,143.57799465713651,111.39696222252816,104.04684622627336,81.08495600369724,83.79011313645287,57.832998903392536,57.13815017041679,39.46402925860616,40.63441763253377,30.016798565759927,31.43411419353947
2026-09-27,EP172026,22,2026-09-29 12:00:00,2 days 12:00:00,60,28.85,-109.8,999.1,35.1,55.41194855645262,34.829347302400045,55.41194855645262,17.363012044120325,19.66169002787661,0.0,0.0,0.0,0.0,0.0,0.0,0.0,0.0
2026-09-27,EP902026,22,2026-09-27 00:00:00,0 days 00:00:00,0,12.0,-98.6,1008.0,25.0,111.0,0.0,0.0,0.0,0.0,0.0,0.0,0.0,0.0,0.0,0.0,0.0,0.0
2026-09-27,EP902026,22,2026-09-27 06:00:00,0 days 06:00:00,6,12.12,-98.59,1005.3,29.6,90.27764360095618,0.0,0.0,0.0,0.0,0.0,0.0,0.0,0.0,0.0,0.0,0.0,0.0
2026-09-27,EP902026,22,2026-09-27 12:00:00,0 days 12:00:00,12,11.97,-98.33,1003.2,33.0,80.57919578830955,0.0,0.0,0.0,0.0,0.0,0.0,0.0,0.0,0.0,0.0,0.0,0.0
2026-09-27,EP902026,22,2026-09-27 18:00:00,0 days 18:00:00,18,12.05,-98.96,1003.2,37.3,106.823692497132,106.823692497132,29.29002584595924,8.925389878400296,24.58193466395912,0.0,0.0,0.0,0.0,0.0,0.0,0.0,0.0
2026-09-27,EP902026,22,2026-09-28 00:00:00,1 days 00:00:00,24,12.65,-99.74,1002.0,35.5,113.65585709006578,149.03829363655848,143.65764071038132,109.90809825914954,105.14840335495492,0.0,0.0,0.0,0.0,0.0,0.0,0.0,0.0
2026-09-27,EP902026,22,2026-09-28 06:00:00,1 days 06:00:00,30,12.61,-100.07,999.0,42.7,134.60692188179618,134.60692188179618,55.85929882409484,26.751645434632785,36.67323715147269,0.0,0.0,0.0,0.0,0.0,0.0,0.0,0.0
2026-09-27,EP902026,22,2026-09-28 12:00:00,1 days 12:00:00,36,12.96,-101.09,1002.2,44.2,121.82193655107623,121.82193655107623,69.21911858129602,29.4214691434819,51.27712148987928,0.0,0.0,0.0,0.0,0.0,0.0,0.0,0.0
2026-09-27,EP902026,22,2026-09-28 18:00:00,1 days 18:00:00,42,13.26,-102.24,993.9,49.6,17.24605982897367,240.75726919733512,221.1123116738164,207.1438147750156,234.22802131560852,0.0,0.0,0.0,0.0,0.0,0.0,0.0,0.0
2026-09-27,EP902026,22,2026-09-29 00:00:00,2 days 00:00:00,48,13.46,-102.83,998.1,40.8,80.47083506111875,144.91957158769486,141.16284742361836,87.42411949459535,101.16667521557672,0.0,0.0,0.0,0.0,0.0,0.0,0.0,0.0
2026-09-27,EP902026,22,2026-09-29 06:00:00,2 days 06:00:00,54,13.96,-104.07,994.0,49.9,96.95602335391476,148.07401255429176,134.7564988640613,82.78049661009675,107.21234387831508,0.0,0.0,0.0,0.0,0.0,0.0,0.0,0.0
2026-09-27,EP902026,22,2026-09-29 12:00:00,2 days 12:00:00,60,14.27,-104.92,991.1,51.4,104.37500473641371,214.5350124605391,217.29942293532343,172.84508328256015,174.8920706411484,104.37500473641371,0.0,0.0,0.0,0.0,0.0,0.0,0.0
2026-09-27,EP902026,22,2026-09-29 18:00:00,2 days 18:00:00,66,14.77,-106.01,989.9,52.4,89.27553117210385,150.496754848189,153.823064919611,111.5032240718694,122.32724892248577,89.27553117210385,16.337310133775656,9.661292701721605,11.937022816007122,0.0,0.0,0.0,0.0
2026-09-27,EP902026,22,2026-09-30 00:00:00,3 days 00:00:00,72,15.29,-107.12,985.1,68.7,42.11425399132295,182.2341530820659,218.5215511514844,159.65907546537622,169.52482750448092,89.1693679295054,76.89714493566444,49.46940130436685,66.66968015800748,42.11425399132295,0.0,0.0433691394338197,2.7410533832493758
2026-09-27,EP902026,22,2026-09-30 06:00:00,3 days 06:00:00,78,15.78,-107.22,978.1,72.7,34.15383140458502,183.3027866013294,188.7460428885377,161.41794076604486,167.5274927911275,97.71756739115024,89.17192756981083,71.6333988720294,79.96091891694346,46.77138613272908,42.45034653023869,34.99652743056502,39.82365904577665
2026-09-27,EP902026,22,2026-09-30 12:00:00,3 days 12:00:00,84,16.19,-108.37,978.8,76.3,39.760097618803854,189.45434772969952,179.30034487451087,154.07126584843684,151.69304673967395,91.52801945418928,83.84236316598455,67.02613418175149,77.03017383626755,44.73219078115501,38.92668739512645,32.49176584853102,38.52596599961541
2026-09-27,EP902026,22,2026-09-30 18:00:00,3 days 18:00:00,90,16.55,-108.75,974.4,75.2,45.84145133332255,151.36435888210258,206.7018132821281,172.05835134692512,128.81777049991993,89.82529820161753,95.29500144595276,72.4020831363096,71.53860149133608,55.68639630060497,51.01688037054278,41.85388253034011,46.51651486662243
2026-09-27,EP902026,22,2026-10-01 00:00:00,4 days 00:00:00,96,16.94,-109.15,977.0,72.6,39.92074371627261,221.3179584586057,191.0488723939709,181.41866327197403,223.7299489509828,103.5431706107037,86.45703033409289,72.2868540576745,88.66594774556978,43.61901025310888,37.88310883270241,30.07825054415732,38.42976571685118
2026-09-27,EP902026,22,2026-10-01 06:00:00,4 days 06:00:00,102,17.46,-109.76,975.7,71.8,32.39915254258451,159.16801453732498,186.69010431844532,177.52609688527906,158.9757174177833,101.2828637172362,98.94399368000656,78.99322779653399,78.6252987366786,32.39915254258451,11.439284216514816,9.953519503576905,10.070513842898478
2026-09-27,EP902026,22,2026-10-01 12:00:00,4 days 12:00:00,108,17.28,-109.78,975.4,70.4,54.361861496241005,165.68754007253244,193.5341808175716,200.9384011521222,154.55969857299658,62.80327640918591,66.94958832902415,60.59723566252978,55.15403691182354,54.361861496241005,28.53644091115416,24.273071805364552,25.23088623096399
2026-09-27,EP902026,22,2026-10-01 18:00:00,4 days 18:00:00,114,17.46,-109.96,972.4,78.9,29.050674117505103,160.5636944551958,171.63740066984525,155.9379330897845,149.3616017051227,74.54610833402376,68.83279147822942,62.85058470616901,60.27449865815396,35.833610288074496,33.531345587129906,28.2959758317232,30.069673198270998
2026-09-27,EP902026,22,2026-10-02 00:00:00,5 days 00:00:00,120,18.21,-109.78,980.8,68.4,45.74893152205709,231.45653619858604,253.00325985670952,220.30156262622583,232.51027668291132,119.01502124345188,118.68049708824492,100.75861250461548,107.3037622003926,76.14307402510258,72.47435382010144,61.606292248307454,66.21429476887988
2026-09-27,EP902026,22,2026-10-02 06:00:00,5 days 06:00:00,126,18.71,-109.66,987.0,55.9,51.92948294368911,297.02096805276574,338.9963270945044,253.51002250620968,239.25251367733085,165.22399558691762,163.02313114904211,123.88131126085396,131.74864116609228,0.0,0.0,0.0,0.0
2026-09-27,EP902026,22,2026-10-02 12:00:00,5 days 12:00:00,132,19.2,-109.8,978.5,67.3,50.15299010285004,204.74391224702896,232.1450275631726,175.01918306577244,159.1549486585306,109.01358680074928,106.68397195166423,81.6876849983376,84.38652378184088,56.60116313670866,52.981031319157374,42.30715311252966,46.8678491458324
2026-09-27,EP902026,22,2026-10-02 18:00:00,5 days 18:00:00,138,19.97,-109.29,977.8,65.5,39.68576210113572,223.48758446119277,217.8185749190633,124.88087042748091,163.09433517283793,106.64427193218006,89.86753429502471,56.16831471106742,72.30025076399096,52.65860800388349,44.61846410450157,34.474465873222826,42.41382662112319
2026-09-27,EP902026,22,2026-10-03 00:00:00,6 days 00:00:00,144,20.4,-108.93,978.4,71.8,1.2346829850490053,205.05271047051588,207.7299165730717,121.6704422445904,157.52273338108125,96.71525436065896,82.01528145101065,55.622491058206776,72.64555423799118,38.13903117400707,32.68831838807512,26.35184568430753,32.34614606431961
2026-09-27,EP902026,22,2026-10-03 06:00:00,6 days 06:00:00,150,20.88,-108.82,964.1,88.8,39.00566268205871,229.05541354091,223.1038127573727,166.53448632712028,203.15225679424816,106.23357458157076,94.1907087615952,69.89016453988516,82.2285119404918,65.56685192872308,59.81789352814085,47.85076084077431,54.953364495025184
2026-09-27,EP902026,22,2026-10-03 12:00:00,6 days 12:00:00,156,21.41,-108.65,953.5,100.2,13.580122497871317,231.9008548603465,221.8184269042928,181.4140177482161,201.84800042030463,115.5916799518231,110.96955902975516,90.02633115483187,98.21216231287111,64.98986025707116,60.99530716326174,49.804702928432974,55.87553806022629
2026-09-27,EP902026,22,2026-10-03 18:00:00,6 days 18:00:00,162,22.06,-108.39,963.6,93.5,36.28462728846039,196.8197570169906,206.42804799599628,180.77250247686948,148.10350859270187,110.99573502178411,100.23217012370878,77.78294846899638,88.21733403308465,63.7642190343695,56.08561819182593,44.09439686290368,51.62274524886431
2026-09-27,EP902026,22,2026-10-04 00:00:00,7 days 00:00:00,168,22.63,-108.33,954.5,94.8,31.69425731805745,253.5266758908364,237.5743140283492,198.29721567740015,230.98362124723823,112.57083561078905,105.0453888987858,85.61103875538691,86.86483733835708,59.078407132715526,52.72615797322592,42.80566532417943,48.02404916527885
2026-09-27,EP902026,22,2026-10-04 06:00:00,7 days 06:00:00,174,23.91,-108.71,966.1,89.1,12.516626746444672,214.29554342772465,183.75296898843956,178.99070117180236,189.7181500293664,136.03189676829788,109.2332506321909,88.1373681676996,108.54723849296715,55.90011620369842,46.57379954735734,36.273303073554416,47.34027243500896
2026-09-27,EP902026,22,2026-10-04 12:00:00,7 days 12:00:00,180,24.89,-109.06,972.2,85.1,5.290386121672963,198.36901363853983,185.503770440198,148.61668019632992,149.6764595468584,103.93407239602794,90.12548249598424,66.2110977152713,88.4362773595021,61.06678785627285,52.91850703249445,41.01574443343986,51.00059892758364
2026-09-27,EP902026,22,2026-10-04 18:00:00,7 days 18:00:00,186,26.07,-108.97,980.2,60.9,13.84457551797922,128.12817867507147,128.42879861772994,92.74433042676203,70.74336140671164,69.88817543648526,71.53499450115991,42.36037669911156,43.43793820685172,0.0,0.0,0.0,0.0
2026-09-27,EP902026,22,2026-10-05 00:00:00,8 days 00:00:00,192,27.71,-109.11,992.3,38.0,42.84738553613509,170.4709733983694,159.1648253081421,101.40336080582648,135.3280870691172,0.0,0.0,0.0,0.0,0.0,0.0,0.0,0.0
2026-09-27,WP252026,22,2026-09-27 00:00:00,0 days 00:00:00,0,24.6,127.6,964.0,89.0,22.0,102.0,121.0,102.0,93.0,,,,,,,,
2026-09-27,WP252026,22,2026-09-27 06:00:00,0 days 06:00:00,6,25.17,128.27,950.7,107.7,23.4162214156078,159.6312650718247,162.32365512762738,75.89033239902955,95.50771825309158,71.56665776610768,73.43027841674973,51.70090582080667,53.34147119803501,41.64093810917126,41.84742223176526,35.616847915104444,36.128244243307456
2026-09-27,WP252026,22,2026-09-27 12:00:00,0 days 12:00:00,12,25.9,129.06,961.3,99.6,15.094507769657604,89.09359351996174,142.81444535053606,115.6416239333926,63.34501514716116,59.00082578842429,71.18210345380663,57.5970037780573,42.24238236988314,37.29447210758066,38.46012193158796,33.925848958900964,31.145038265780983
2026-09-27,WP252026,22,2026-09-27 18:00:00,0 days 18:00:00,18,26.66,129.81,958.1,100.0,8.670462674807535,119.24599957508124,169.98151323399657,110.81618076557234,95.37364174413224,60.07532534847767,81.04736823514575,58.111643868034015,46.35478666610898,32.36523578902636,34.81442977104941,29.35453882792756,23.960004603524855
2026-09-27,WP252026,22,2026-09-28 00:00:00,1 days 00:00:00,24,27.17,130.82,971.0,75.3,17.554003744812597,131.8000260468621,172.3430100042226,115.92141974598567,92.2170159195702,62.84842611024568,71.87879709690071,47.73889945154543,46.69880466595017,25.32214959411881,25.789589675931676,19.327564179494324,20.452702743332644
2026-09-27,WP252026,22,2026-09-28 06:00:00,1 days 06:00:00,30,27.49,131.57,985.2,55.0,50.82361195163677,172.28535620367737,208.7242370321709,149.600429828749,129.41047431673266,56.22282182966296,55.93906640308876,41.3670383683815,40.46257058558829,0.0,0.0,0.0,0.0
2026-09-27,WP252026,22,2026-09-28 12:00:00,1 days 12:00:00,36,27.94,132.77,990.1,49.9,31.61391810829037,108.05580532863776,138.97309036411858,116.780385815744,97.88269327529945,0.0,0.0,0.0,0.0,0.0,0.0,0.0,0.0
2026-09-27,WP252026,22,2026-09-28 18:00:00,1 days 18:00:00,42,28.7,133.68,988.4,49.0,28.11828333737672,143.32472634798526,167.400197416685,77.92707623505376,100.19067767166324,0.0,0.0,0.0,0.0,0.0,0.0,0.0,0.0
2026-09-27,WP252026,22,2026-09-29 00:00:00,2 days 00:00:00,48,29.22,134.8,996.1,41.5,68.57913358719124,80.87410676006809,93.45534779349474,52.07995831636303,45.46550172852886,0.0,0.0,0.0,0.0,0.0,0.0,0.0,0.0
2026-09-27,WP252026,22,2026-09-29 06:00:00,2 days 06:00:00,54,29.84,136.43,994.6,39.7,84.66602373469914,146.46417907644025,174.89976486957357,131.74345516749662,121.10104485734216,0.0,0.0,0.0,0.0,0.0,0.0,0.0,0.0
2026-09-27,WP252026,22,2026-09-29 12:00:00,2 days 12:00:00,60,30.63,137.9,996.4,37.7,130.91439489163224,32.485639816874546,130.91439489163224,32.37248667543028,19.82173006584599,0.0,0.0,0.0,0.0,0.0,0.0,0.0,0.0
2026-09-27,WP252026,22,2026-09-29 18:00:00,2 days 18:00:00,66,31.4,139.24,996.2,39.4,89.45935907522016,48.000932665764566,89.45935907522016,26.107661494090365,14.219763675990237,0.0,0.0,0.0,0.0,0.0,0.0,0.0,0.0
2026-09-27,WP252026,22,2026-09-30 00:00:00,3 days 00:00:00,72,31.94,140.83,995.5,37.6,133.923834298326,97.675811356306,138.4049204992494,90.3654549567638,69.57478696898178,0.0,0.0,0.0,0.0,0.0,0.0,0.0,0.0
2026-09-27,WP252026,22,2026-09-30 06:00:00,3 days 06:00:00,78,32.95,142.68,998.6,34.6,119.4811951839809,36.25489282559977,119.4811951839809,39.76392247478062,31.287938383587317,0.0,0.0,0.0,0.0,0.0,0.0,0.0,0.0
2026-09-27,WP252026,22,2026-09-30 12:00:00,3 days 12:00:00,84,34.16,144.79,1002.3,32.9,35.09926754977862,0.0,0.0,0.0,0.0,0.0,0.0,0.0,0.0,0.0,0.0,0.0,0.0
2026-09-27,WP252026,22,2026-09-30 18:00:00,3 days 18:00:00,90,34.89,146.21,1005.0,36.9,92.79036578932931,0.0,92.79036578932931,0.0,0.0,0.0,0.0,0.0,0.0,0.0,0.0,0.0,0.0
2026-09-27,WP252026,22,2026-10-01 00:00:00,4 days 00:00:00,96,35.63,147.84,1001.3,19.3,142.93359686491218,0.0,0.0,0.0,0.0,0.0,0.0,0.0,0.0,0.0,0.0,0.0,0.0
2026-09-27,WP252026,22,2026-10-01 06:00:00,4 days 06:00:00,102,37.59,150.98,1004.1,25.6,159.64986817322557,0.0,0.0,0.0,0.0,0.0,0.0,0.0,0.0,0.0,0.0,0.0,0.0
2026-09-27,WP252026,22,2026-10-01 12:00:00,4 days 12:00:00,108,37.93,152.05,1005.3,20.9,172.20383306708788,0.0,0.0,0.0,0.0,0.0,0.0,0.0,0.0,0.0,0.0,0.0,0.0
2026-09-27,WP252026,22,2026-10-01 18:00:00,4 days 18:00:00,114,39.24,154.45,1005.3,19.6,147.9147417057491,0.0,0.0,0.0,0.0,0.0,0.0,0.0,0.0,0.0,0.0,0.0,0.0
2026-09-27,WP252026,22,2026-10-02 00:00:00,5 days 00:00:00,120,41.05,156.86,1000.7,25.9,139.8049378709273,0.0,0.0,0.0,0.0,0.0,0.0,0.0,0.0,0.0,0.0,0.0,0.0
2026-09-27,AL062026,23,2026-09-27 00:00:00,0 days 00:00:00,0,29.8,-43.9,1010.0,29.0,56.0,0.0,0.0,0.0,0.0,0.0,0.0,0.0,0.0,0.0,0.0,0.0,0.0
2026-09-27,AL062026,23,2026-09-27 06:00:00,0 days 06:00:00,6,29.73,-43.93,1007.8,27.9,119.1705505820546,0.0,0.0,0.0,0.0,0.0,0.0,0.0,0.0,0.0,0.0,0.0,0.0
2026-09-27,EP152026,23,2026-09-27 00:00:00,0 days 00:00:00,0,16.7,-156.1,972.0,80.0,37.0,241.0,185.0,185.0,241.0,93.0,74.0,93.0,111.0,56.0,46.0,56.0,56.0
2026-09-27,EP152026,23,2026-09-27 06:00:00,0 days 06:00:00,6,16.5,-156.93,969.6,92.3,36.168264442637,211.76789371445057,176.84376475471072,189.53237098989396,234.49882440276724,86.64245506067073,85.67666352926767,86.92294814647494,93.7258208664216,66.29287192187553,60.452695409019725,54.55506637391943,61.50233702844798
2026-09-27,EP152026,23,2026-09-27 12:00:00,0 days 12:00:00,12,16.23,-157.71,959.7,99.1,41.86134381865341,172.04094022306015,129.49929953568676,135.34806291062816,188.8909295662252,85.92626745490958,70.46350774681912,71.62743484562219,86.75801789734331,53.91009674590634,48.82283409595807,41.95400587585185,51.68352183103684
2026-09-27,EP152026,23,2026-09-27 18:00:00,0 days 18:00:00,18,16.03,-158.45,959.3,108.5,17.57815444671489,179.07582381117254,146.96756631484726,115.817983870325,174.44210718085296,110.13970474651028,85.9308134871397,77.08715136642581,103.83387601228296,58.408541429116056,46.69837467053056,39.491242854640376,54.98965153912125
2026-09-27,EP152026,23,2026-09-28 00:00:00,1 days 00:00:00,24,16.28,-159.62,952.2,108.9,29.31054824851261,192.45990237489195,125.11355193485812,154.13498690641035,191.3405082021482,102.70647550038947,72.16250263220098,72.89040754828314,102.10576281592462,59.64719291466054,47.41314029071459,38.56651573520992,56.59332076096126
2026-09-27,EP152026,23,2026-09-28 06:00:00,1 days 06:00:00,30,16.31,-160.77,948.1,113.5,40.1510361038245,171.8620307281861,129.52731282015347,148.0844060344898,171.6272494064913,99.1055807434638,79.2701041047699,78.27602976805846,95.0399474970022,58.29889192956253,48.75611919294143,43.32603585159674,52.8449330634388
2026-09-27,EP152026,23,2026-09-28 12:00:00,1 days 12:00:00,36,16.8,-162.04,934.4,122.4,0.0,238.0518861603628,194.6783355244156,155.6637473214863,181.30563966589887,104.88837676235408,86.75805205839816,68.82878987138719,88.70131497124066,53.7389174759112,43.43318991353226,36.630481775218726,46.86655674731361
2026-09-27,EP152026,23,2026-09-28 18:00:00,1 days 18:00:00,42,17.45,-162.76,958.0,112.2,18.76343885371567,172.2076413993495,119.88403767143608,105.91170956718445,125.65949031474292,91.47251297249512,63.47081446166895,52.304596037771546,78.60727403303154,58.515004825903496,44.028779443643394,32.73535569852832,48.52496913967586
2026-09-27,EP152026,23,2026-09-29 00:00:00,2 days 00:00:00,48,18.55,-163.38,951.7,115.0,54.70011115386774,194.30793477853527,158.51664377531378,112.8697070106888,138.45398320019416,99.71405493257645,78.78033869699728,56.5431776273809,82.34492902309313,66.0885954799295,55.07229644907068,42.19757248409319,56.69871540098322
2026-09-27,EP152026,23,2026-09-29 06:00:00,2 days 06:00:00,54,19.57,-163.73,963.3,98.7,6.184370378711719,157.04002272463777,137.7731170198413,112.28798334343844,120.96638266116156,99.32528570937984,80.07346149911837,55.425841415995535,76.28228601312594,51.222667293556185,42.680050877268,30.06555056183049,42.69790899181703
2026-09-27,EP152026,23,2026-09-29 12:00:00,2 days 12:00:00,60,20.54,-164.05,967.7,99.0,24.038583122536657,180.79213034130092,170.82295483057936,113.71042497105664,159.93523291106092,92.25960268080966,85.53481108470018,58.35903743609671,81.32781393294516,60.84250297458897,51.112256994415645,38.1641304607242,48.87788640575845
2026-09-27,EP152026,23,2026-09-29 18:00:00,2 days 18:00:00,66,21.58,-163.89,973.1,84.6,25.00428142300257,229.89170979667136,188.2578419257071,125.56567672712356,203.8662276067753,109.12062213126045,91.32824043511977,65.95203415267143,85.50837799217744,51.51108813838815,44.60632015415338,33.49306439889647,42.32317211209781
2026-09-27,EP152026,23,2026-09-30 00:00:00,3 days 00:00:00,72,22.19,-164.2,975.5,74.3,66.13248552959283,200.20674042775497,185.1973427621953,177.69806570981467,211.2955226079253,119.93662807257354,107.9583973312289,97.8031720645512,115.10187303963173,66.13248552959283,53.02791041531531,46.92628789536723,50.69873492320049
2026-09-27,EP152026,23,2026-09-30 06:00:00,3 days 06:00:00,78,22.47,-164.33,987.8,54.4,49.117860343083976,174.66376445483866,131.54823416740965,133.59594163280735,178.9538832355979,111.37088591998918,96.86847219897072,78.32406608429415,102.35654406290836,0.0,0.0,0.0,0.0
2026-09-27,EP152026,23,2026-09-30 12:00:00,3 days 12:00:00,84,22.24,-164.65,978.7,64.3,58.79244130531527,168.8831760935409,154.36568668226937,146.8790520045377,176.32931953368097,104.6583851678688,85.33007348607634,68.26574555994011,89.47238842907359,58.79244130531527,22.544822495085327,16.919609545485372,23.779147018481467
2026-09-27,EP152026,23,2026-09-30 18:00:00,3 days 18:00:00,90,22.13,-164.79,990.3,60.3,52.73489648084026,151.26762195670597,111.83371918514848,121.12916843373029,169.9853717191652,104.75546119921933,84.44367679237342,67.2215143489667,96.4151768179084,0.0,0.0,0.0,0.0
2026-09-27,EP152026,23,2026-10-01 00:00:00,4 days 00:00:00,96,22.09,-164.92,986.5,58.5,51.11282666075044,225.5499675248899,166.20929657575192,168.8547295632761,219.10228309219585,158.50846633494825,129.15171795432587,97.3071802595358,126.48293530291964,0.0,0.0,0.0,0.0
2026-09-27,EP152026,23,2026-10-01 06:00:00,4 days 06:00:00,102,21.89,-165.26,993.1,46.8,40.89890789249399,225.8435121029337,169.53487680456428,152.54855096538853,211.6406635252161,0.0,0.0,0.0,0.0,0.0,0.0,0.0,0.0
2026-09-27,EP152026,23,2026-10-01 12:00:00,4 days 12:00:00,108,21.8,-165.59,996.7,51.5,82.30637099978638,226.0938716796628,161.29820097544822,157.3001827925217,217.6160200717661,82.30637099978638,0.0,0.931224024925898,3.733679277962388,0.0,0.0,0.0,0.0
2026-09-27,EP152026,23,2026-10-01 18:00:00,4 days 18:00:00,114,21.94,-166.44,992.4,51.1,62.70708410841856,228.04621443064565,168.69675205221648,154.3773312119493,204.0424549888908,62.70708410841856,26.402938998132846,24.02208166140877,33.40078455940987,0.0,0.0,0.0,0.0
2026-09-27,EP152026,23,2026-10-02 00:00:00,5 days 00:00:00,120,21.98,-166.79,989.9,47.1,100.49072814982516,243.9446349590736,203.4363165837144,160.24695661679365,212.1485737657985,0.0,0.0,0.0,0.0,0.0,0.0,0.0,0.0
2026-09-27,EP152026,23,2026-10-02 06:00:00,5 days 06:00:00,126,22.0,-167.37,990.6,53.3,101.05802097674548,207.71457542490143,172.79777841907048,135.67935049713725,185.5315843446615,101.05802097674548,17.43781972678442,12.580475138369664,17.778566471178095,0.0,0.0,0.0,0.0
2026-09-27,EP152026,23,2026-10-02 12:00:00,5 days 12:00:00,132,21.95,-168.0,995.2,51.1,55.04355005204207,194.19608020651503,133.28693273015472,126.94770966210984,176.33204674698072,55.04355005204207,41.2372530812094,30.878912185330563,45.34344128062556,0.0,0.0,0.0,0.0
2026-09-27,EP152026,23,2026-10-02 18:00:00,5 days 18:00:00,138,21.98,-168.76,993.0,47.5,61.36419597292901,164.91898206091977,138.5339695435414,99.73806447855668,155.54667328374563,0.0,0.0,0.0,0.0,0.0,0.0,0.0,0.0
2026-09-27,EP152026,23,2026-10-03 00:00:00,6 days 00:00:00,144,21.45,-169.57,990.6,56.5,54.76446761083576,209.42576935416537,165.10413295708034,125.2188853518046,196.71396914442505,73.63508689909818,58.41763687808329,38.61354702222744,60.19996482383167,0.0,0.0,0.0,0.0
2026-09-27,EP152026,23,2026-10-03 06:00:00,6 days 06:00:00,150,21.55,-170.86,984.5,60.4,49.90687256337317,209.57895375615283,162.6539506232224,125.19287748746632,194.70362687587743,49.90687256337317,31.496004492979864,24.45238175191636,36.21901180392182,0.0,0.0,0.0,0.0
2026-09-27,EP152026,23,2026-10-03 12:00:00,6 days 12:00:00,156,21.64,-172.16,986.3,66.0,39.43970610271194,238.16898411370155,111.65308924814902,117.0921707885101,247.70188794119676,123.30457401842656,85.93553472139098,59.19028263285532,101.07722794957527,39.43970610271194,10.193827091095436,5.473466397427749,19.91073067687603
2026-09-27,EP152026,23,2026-10-03 18:00:00,6 days 18:00:00,162,21.84,-173.78,988.5,62.9,47.119560518411504,239.59462238468268,166.6233405546174,112.48721625017552,189.0862391957976,77.11826120866712,54.49670458390662,38.92730687726427,55.5240483507616,0.0,0.0,0.0,0.0
2026-09-27,EP152026,23,2026-10-04 00:00:00,7 days 00:00:00,168,21.99,-175.75,988.4,58.3,66.79438199787879,216.5242506129909,139.2159421446744,99.74011064214012,202.5611628698931,104.188688799829,77.31102389424063,53.75259229627389,79.32870411893124,0.0,0.0,0.0,0.0
2026-09-27,EP152026,23,2026-10-04 06:00:00,7 days 06:00:00,174,22.56,-177.48,987.5,56.5,38.75945634782322,253.8086637557469,148.55201106332413,79.44614897159573,209.69603794882067,80.07166591647551,57.525551023282816,36.76593243269738,61.46775041588584,0.0,0.0,0.0,0.0
2026-09-27,EP152026,23,2026-10-04 12:00:00,7 days 12:00:00,180,23.41,-179.41,986.9,64.3,46.71015739016201,279.5952039124761,172.79642517837695,121.80139823410464,254.6511943690437,133.67924076211122,97.31674532353676,64.40075929591673,117.3977867884812,46.71015739016201,30.10029015174302,21.117371943043334,37.86396683870549
2026-09-27,EP152026,23,2026-10-04 18:00:00,7 days 18:00:00,186,24.07,178.95,982.8,65.4,59.72354619270118,273.3000884767116,180.33150756332725,161.26680046359888,226.76868843594093,107.03620184293776,81.58077554728197,65.89556210221508,93.29083120184804,59.72354619270118,22.011552833116127,16.216997611072486,24.750293781707683
2026-09-27,EP152026,23,2026-10-05 00:00:00,8 days 00:00:00,192,24.58,177.78,988.4,62.3,38.77543411272844,192.83733463122533,137.80502082115697,109.2415663836032,179.7030586089981,89.08528965411818,80.01284288961679,59.414918241709,77.36910220012922,0.0,0.0,0.0,0.0
2026-09-27,EP152026,23,2026-10-05 06:00:00,8 days 06:00:00,198,25.24,176.39,985.4,60.1,37.79822382504187,219.67246885790016,164.1463330719239,109.57665549845228,189.89702681581093,101.1186162669419,86.08558018963936,56.85061283578796,73.82168504618085,0.0,0.0,0.0,0.0
2026-09-27,EP152026,23,2026-10-05 12:00:00,8 days 12:00:00,204,25.33,175.1,991.1,56.1,68.13772413531468,245.2587830717653,183.39294121807336,132.02058009578917,205.54761095282163,68.13772413531468,47.90270176096072,28.959828013488284,44.3915498012931,0.0,0.0,0.0,0.0
2026-09-27,EP152026,23,2026-10-05 18:00:00,8 days 18:00:00,210,25.65,174.16,991.2,53.2,66.64085777181815,151.68778606670088,127.3926248989178,88.85108859181247,138.5859796137156,66.64085777181815,50.09672510962332,32.14652235258767,45.32052862799257,0.0,0.0,0.0,0.0
2026-09-27,EP152026,23,2026-10-06 00:00:00,9 days 00:00:00,216,25.56,173.15,991.1,56.0,36.21243980010144,194.3222280399448,108.9787675071804,76.15050627289328,152.2081577109394,36.21243980010144,16.3158543841504,11.42119563544925,19.023675029413013,0.0,0.0,0.0,0.0
2026-09-27,EP152026,23,2026-10-06 06:00:00,9 days 06:00:00,222,25.86,171.82,994.2,49.7,63.91742376378667,243.52609894522283,162.63092521698545,103.8073348473893,193.82668101002497,0.0,0.0,0.0,0.0,0.0,0.0,0.0,0.0
2026-09-27,EP152026,23,2026-10-06 12:00:00,9 days 12:00:00,228,25.82,170.14,997.7,49.5,56.59734707259119,255.2000758054809,159.8299492060318,98.57836309698402,197.2545098616032,0.0,0.0,0.0,0.0,0.0,0.0,0.0,0.0
2026-09-27,EP152026,23,2026-10-06 18:00:00,9 days 18:00:00,234,25.76,168.27,1000.2,41.8,66.07964206416698,152.10600284533444,78.95593581255096,54.05806691428488,114.93795982994476,0.0,0.0,0.0,0.0,0.0,0.0,0.0,0.0
2026-09-27,EP152026,23,2026-10-07 00:00:00,10 days 00:00:00,240,26.45,166.11,1002.3,38.6,82.00837229589662,201.85024981880983,146.95817454473732,131.28901813026965,164.311484096959,0.0,0.0,0.0,0.0,0.0,0.0,0.0,0.0
2026-09-27,EP152026,23,2026-10-07 06:00:00,10 days 06:00:00,246,27.44,164.94,1000.6,40.7,61.84239489328704,130.33657937030236,81.5269448802256,32.93778949224045,86.8477143942004,0.0,0.0,0.0,0.0,0.0,0.0,0.0,0.0
2026-09-27,EP152026,23,2026-10-07 12:00:00,10 days 12:00:00,252,29.3,163.48,1001.9,39.1,73.69827435200651,96.52543803642898,60.79834815087476,24.81138642931244,52.60870141946592,0.0,0.0,0.0,0.0,0.0,0.0,0.0,0.0
2026-09-27,EP152026,23,2026-10-07 18:00:00,10 days 18:00:00,258,31.82,163.01,1004.4,26.9,60.93850594203756,0.0,0.0,0.0,0.0,0.0,0.0,0.0,0.0,0.0,0.0,0.0,0.0
2026-09-27,EP162026,23,2026-09-27 00:00:00,0 days 00:00:00,0,20.8,-123.6,975.0,76.0,28.0,167.0,167.0,148.0,185.0,93.0,74.0,74.0,93.0,65.0,46.0,37.0,56.0
2026-09-27,EP162026,23,2026-09-27 06:00:00,0 days 06:00:00,6,21.37,-123.16,989.7,60.2,12.043816497337255,131.03135617959396,108.2183295275892,94.08281526421592,146.83793343399412,85.36809288046325,76.28256417785343,50.90084473583835,72.98356272589723,0.0,0.0,0.0,0.0
2026-09-27,EP162026,23,2026-09-27 12:00:00,0 days 12:00:00,12,22.23,-123.12,994.0,49.4,17.686679125146696,158.15438625776247,139.21814332229704,70.97754687175413,120.18086510433734,0.0,0.0,0.0,0.0,0.0,0.0,0.0,0.0
2026-09-27,EP162026,23,2026-09-27 18:00:00,0 days 18:00:00,18,22.41,-122.91,1001.5,40.5,54.42854924600428,83.21500543840082,71.57293561556097,59.84193244208584,70.85343955604844,0.0,0.0,0.0,0.0,0.0,0.0,0.0,0.0
2026-09-27,EP162026,23,2026-09-28 00:00:00,1 days 00:00:00,24,22.44,-122.75,1001.7,29.6,78.99277120629068,0.0,0.0,0.0,0.0,0.0,0.0,0.0,0.0,0.0,0.0,0.0,0.0
2026-09-27,EP162026,23,2026-09-28 06:00:00,1 days 06:00:00,30,22.44,-122.46,1002.3,31.0,90.47135513544944,0.0,0.0,0.0,0.0,0.0,0.0,0.0,0.0,0.0,0.0,0.0,0.0
2026-09-27,EP162026,23,2026-09-28 12:00:00,1 days 12:00:00,36,22.54,-122.44,1003.5,27.2,116.71524721216824,0.0,0.0,0.0,0.0,0.0,0.0,0.0,0.0,0.0,0.0,0.0,0.0
2026-09-27,EP162026,23,2026-09-28 18:00:00,1 days 18:00:00,42,21.93,-122.17,1004.5,24.3,104.92157758408432,0.0,0.0,0.0,0.0,0.0,0.0,0.0,0.0,0.0,0.0,0.0,0.0
2026-09-27,EP162026,23,2026-09-29 00:00:00,2 days 00:00:00,48,21.4,-122.09,1003.5,22.4,90.10651228236364,0.0,0.0,0.0,0.0,0.0,0.0,0.0,0.0,0.0,0.0,0.0,0.0
2026-09-27,EP162026,23,2026-09-29 06:00:00,2 days 06:00:00,54,20.76,-122.17,1005.5,20.9,107.60413120157716,0.0,0.0,0.0,0.0,0.0,0.0,0.0,0.0,0.0,0.0,0.0,0.0
2026-09-27,EP162026,23,2026-09-29 12:00:00,2 days 12:00:00,60,20.36,-122.12,1005.0,21.9,101.42378369981876,0.0,0.0,0.0,0.0,0.0,0.0,0.0,0.0,0.0,0.0,0.0,0.0
2026-09-27,EP162026,23,2026-09-29 18:00:00,2 days 18:00:00,66,19.79,-122.48,1006.0,23.0,91.82556517891572,0.0,0.0,0.0,0.0,0.0,0.0,0.0,0.0,0.0,0.0,0.0,0.0
2026-09-27,EP162026,23,2026-09-30 00:00:00,3 days 00:00:00,72,19.38,-122.76,1006.0,24.9,124.09099498680794,0.0,0.0,0.0,0.0,0.0,0.0,0.0,0.0,0.0,0.0,0.0,0.0
2026-09-27,EP162026,23,2026-09-30 06:00:00,3 days 06:00:00,78,19.04,-123.5,1009.3,15.7,74.50653441118277,0.0,0.0,0.0,0.0,0.0,0.0,0.0,0.0,0.0,0.0,0.0,0.0
2026-09-27,EP162026,23,2026-09-30 12:00:00,3 days 12:00:00,84,18.97,-124.18,1007.7,20.7,152.24349657699574,0.0,0.0,0.0,0.0,0.0,0.0,0.0,0.0,0.0,0.0,0.0,0.0
2026-09-27,EP172026,23,2026-09-27 00:00:00,0 days 00:00:00,0,19.0,-112.9,946.0,111.0,28.0,259.0,185.0,167.0,185.0,111.0,111.0,93.0,93.0,65.0,65.0,46.0,56.0
2026-09-27,EP172026,23,2026-09-27 06:00:00,0 days 06:00:00,6,19.78,-113.25,949.5,108.9,5.918565622123268,220.26143287832457,242.62005007961784,178.07189273284837,180.2337266126268,107.19479722582167,95.30718394628724,64.01246712030034,88.42765221829978,58.98776750534874,49.15332967011557,35.97667343463316,49.38978314955381
2026-09-27,EP172026,23,2026-09-27 12:00:00,0 days 12:00:00,12,20.6,-113.74,932.6,133.0,11.3911071303391,231.9419956224055,247.7883041196997,178.39806220482046,216.6809101442107,81.20320664900974,77.32784472238201,59.56024283634294,63.13460562634586,55.36650713961373,48.680066330758144,41.64623120017485,47.30549450364269
2026-09-27,EP172026,23,2026-09-27 18:00:00,0 days 18:00:00,18,21.74,-114.13,940.6,120.2,0.4588071721923938,130.8799437286743,154.51719017952655,126.09583024934912,119.75524642668532,66.965699397677,79.19793294390124,55.54862169774968,48.025860278707015,61.28158340095081,58.35992009380468,46.59131231438553,48.025860278707015
2026-09-27,EP172026,23,2026-09-28 00:00:00,1 days 00:00:00,24,22.92,-114.0,943.4,116.3,6.946712635018102,203.01231931360763,236.6644692833035,165.86495548268087,147.7339044911518,85.87939572010339,81.09975092152476,52.39682338058542,59.98492200223397,43.302086966061495,38.410298163686775,29.367647924866315,34.86145178390606
2026-09-27,EP172026,23,2026-09-28 06:00:00,1 days 06:00:00,30,23.55,-113.84,950.3,112.4,3.5927975638701355,179.8444233305254,214.9600633242628,168.0522019952715,145.87121812803855,100.74376841010168,103.66495456865516,75.37806625391391,67.86117118325194,58.90828299241775,57.8158028033252,48.41977191309519,47.24384443302938
2026-09-27,EP172026,23,2026-09-28 12:00:00,1 days 12:00:00,36,24.5,-113.35,944.3,119.5,36.35586420412624,192.98326872976764,233.8852178075541,169.36075503421233,156.022405838255,104.06117195951649,109.90930987620234,76.35014340988532,69.8594545585024,69.42372033904434,67.32193638809397,53.62756086247296,57.670281114839696
2026-09-27,EP172026,23,2026-09-28 18:00:00,1 days 18:00:00,42,25.44,-112.46,959.5,94.3,5.963019326998506,183.02772931375307,180.31928435722955,130.20717478765144,149.95092760674072,91.96645432448712,86.8067398440345,63.51203460083262,71.1607439612931,58.174339101705456,55.1710327596693,43.89214050506166,49.20694581305159
2026-09-27,EP172026,23,2026-09-29 00:00:00,2 days 00:00:00,48,26.43,-111.65,978.5,66.5,15.28419124034367,175.38348879186557,173.35445786349015,100.55872998236924,89.38791311070187,79.53601109586451,77.70619087708162,53.45179111465534,47.25749107766915,32.2526872314933,31.90438308882301,21.83962199337293,24.077114685603508
2026-09-27,EP172026,23,2026-09-29 06:00:00,2 days 06:00:00,54,27.53,-110.59,977.4,76.7,11.758620406755838,140.48785243898317,149.06484375337453,77.23893555698046,90.7392330888408,62.087665115476895,69.92864844931114,49.548922031149104,47.09073345007482,36.020825486208054,35.590729135918465,26.8325357525416,28.03292949811981
2026-09-27,EP172026,23,2026-09-29 12:00:00,2 days 12:00:00,60,29.25,-109.34,993.1,42.7,57.71382187862932,57.71382187862932,34.35989686772464,8.936606378202228,4.100967312495939,0.0,0.0,0.0,0.0,0.0,0.0,0.0,0.0
2026-09-27,EP902026,23,2026-09-27 00:00:00,0 days 00:00:00,0,12.0,-98.6,1008.0,25.0,111.0,0.0,0.0,0.0,0.0,0.0,0.0,0.0,0.0,0.0,0.0,0.0,0.0
2026-09-27,EP902026,23,2026-09-27 06:00:00,0 days 06:00:00,6,12.0,-98.65,1006.0,30.9,78.90691482606306,0.0,0.0,0.0,0.0,0.0,0.0,0.0,0.0,0.0,0.0,0.0,0.0
2026-09-27,EP902026,23,2026-09-27 12:00:00,0 days 12:00:00,12,12.15,-98.57,1008.5,28.7,64.67671426594154,0.0,0.0,0.0,0.0,0.0,0.0,0.0,0.0,0.0,0.0,0.0,0.0
2026-09-27,EP902026,23,2026-09-27 18:00:00,0 days 18:00:00,18,12.11,-99.09,1003.4,35.5,73.09907813608743,73.09907813608743,40.65348462360871,20.75266035310503,29.51643383869279,0.0,0.0,0.0,0.0,0.0,0.0,0.0,0.0
2026-09-27,EP902026,23,2026-09-28 00:00:00,1 days 00:00:00,24,12.75,-99.7,1005.5,37.4,112.28939576579756,52.35668825816709,112.28939576579756,23.26724020124377,21.57712549491437,0.0,0.0,0.0,0.0,0.0,0.0,0.0,0.0
2026-09-27,EP902026,23,2026-09-28 06:00:00,1 days 06:00:00,30,12.92,-100.22,1000.8,40.0,93.7459393054922,93.7459393054922,71.09819553193012,45.67500865428399,59.58806678276474,0.0,0.0,0.0,0.0,0.0,0.0,0.0,0.0
2026-09-27,EP902026,23,2026-09-28 12:00:00,1 days 12:00:00,36,13.29,-100.89,1001.8,36.9,114.36848461062688,114.36848461062688,42.4409523371715,26.36394745451596,29.013639026958664,0.0,0.0,0.0,0.0,0.0,0.0,0.0,0.0
2026-09-27,EP902026,23,2026-09-28 18:00:00,1 days 18:00:00,42,13.7,-101.76,1002.9,46.8,63.54541461982103,207.0014638890816,183.02126172394765,138.47884539660458,169.99093022644865,0.0,0.0,0.0,0.0,0.0,0.0,0.0,0.0
2026-09-27,EP902026,23,2026-09-29 00:00:00,2 days 00:00:00,48,14.18,-102.99,1000.3,41.7,100.20708369075648,100.20708369075648,65.2896095185697,26.15452073201999,51.18606269885106,0.0,0.0,0.0,0.0,0.0,0.0,0.0,0.0
2026-09-27,EP902026,23,2026-09-29 06:00:00,2 days 06:00:00,54,14.46,-103.97,998.0,42.5,95.0877337635652,95.0877337635652,33.692000978235626,14.92239043704636,30.89327597509296,0.0,0.0,0.0,0.0,0.0,0.0,0.0,0.0
2026-09-27,EP902026,23,2026-09-29 12:00:00,2 days 12:00:00,60,14.75,-105.06,996.4,46.5,91.10501339255292,265.20197079237226,242.31184294086623,195.79393357791668,225.2333273306778,0.0,0.0,0.0,0.0,0.0,0.0,0.0,0.0
2026-09-27,EP902026,23,2026-09-29 18:00:00,2 days 18:00:00,66,15.38,-105.94,990.3,54.2,62.21032019713337,280.2136722637305,273.8162068405871,222.3602501943422,238.7520246834721,62.21032019713337,37.030353969548365,22.879667225900143,28.006587718895688,0.0,0.0,0.0,0.0
2026-09-27,EP902026,23,2026-09-30 00:00:00,3 days 00:00:00,72,16.25,-106.65,982.9,57.4,61.348812434847794,215.1094375160197,189.73156712393904,141.1727725757758,158.80794602188809,61.348812434847794,46.00365111650587,27.073835522265227,40.36032500930839,0.0,0.0,0.0,0.0
2026-09-27,EP902026,23,2026-09-30 06:00:00,3 days 06:00:00,78,17.1,-107.53,978.3,70.6,43.35906097295833,189.22810369249328,203.09593900897997,147.75852074452428,139.97273677344447,84.31621297285119,73.36642645534823,50.23060726978275,65.6179533317362,43.35906097295833,33.46773355160997,26.47732116742276,33.98834783791972
2026-09-27,EP902026,23,2026-09-30 12:00:00,3 days 12:00:00,84,17.57,-108.01,973.8,89.5,34.050664144874446,221.09469906629647,282.4387605230485,198.8112328759339,186.4518117532632,106.96636615745842,100.23648141413456,77.60402274306784,87.49074695163449,65.63235009033647,56.62553542069057,48.329416437974544,55.0589443480381
2026-09-27,EP902026,23,2026-09-30 18:00:00,3 days 18:00:00,90,18.1,-108.42,962.0,89.9,14.810941954978665,255.39833369987315,277.20685671362105,240.05729721360188,224.6324145220732,140.46492871947268,127.99535005330388,105.60133320574704,123.7955426972859,75.91464642255269,67.69051663255615,57.10231034221368,65.18017137851254
2026-09-27,EP902026,23,2026-10-01 00:00:00,4 days 00:00:00,96,18.44,-109.0,963.9,91.8,14.143138500623396,219.0726656963597,216.83472916798613,177.96182029627954,176.04514308435807,101.43483670837074,87.01803344819041,66.81716109922829,80.15785327532458,42.00541533323647,37.96429086682686,29.438887324950223,37.542532646586864
2026-09-27,EP902026,23,2026-10-01 06:00:00,4 days 06:00:00,102,18.4,-109.43,951.9,105.6,13.166843976822577,195.7526619087649,214.7753137918364,168.66756471741778,165.6969224005678,111.81604978721202,103.73061347405697,77.15617864870788,92.4973608381753,48.90462190328287,41.16771814718152,32.217224689361615,42.06538333153187
2026-09-27,EP902026,23,2026-10-01 12:00:00,4 days 12:00:00,108,18.53,-109.82,960.0,87.5,15.841646316946594,183.7016032874444,204.6768028863562,196.04590757952903,169.8158258611346,102.4729298284558,96.31108810599926,88.71439481370527,96.09402422708138,51.57652082667977,46.78026281892989,39.7016868637661,45.49868255388583
2026-09-27,EP902026,23,2026-10-01 18:00:00,4 days 18:00:00,114,18.32,-110.01,967.3,80.7,47.43292005914094,154.39268212497652,171.2380385859184,152.3953545378763,149.4758493019425,85.77268011025916,82.69413094339045,76.15442695133304,82.62437998487894,51.93925098359349,47.5080689581737,43.18957975203312,46.288717306826186
2026-09-27,EP902026,23,2026-10-02 00:00:00,5 days 00:00:00,120,18.78,-110.01,971.9,75.6,34.8622914423682,193.2264138941545,214.3213891558792,195.50686615671137,203.4147304173129,89.53629585549712,91.69448459959445,75.60989947782026,75.08607688664017,48.65633771172829,45.03849281882362,38.37423070542901,41.50696475151038
2026-09-27,EP902026,23,2026-10-02 06:00:00,5 days 06:00:00,126,19.03,-109.94,985.0,65.1,32.329760442046805,185.89947020700137,184.2136234651392,179.76935253922323,203.0688634170853,95.65890942397628,89.97217324902465,71.90728908698105,82.08152683078518,41.97005078742721,40.26464928292769,32.773879526894966,37.86853833039631
2026-09-27,EP902026,23,2026-10-02 12:00:00,5 days 12:00:00,132,19.34,-110.25,983.1,57.5,51.06275244023627,204.91154192043143,204.53106213727028,138.3213674570476,158.89513770800454,51.490361861111865,41.75679713663504,26.35170192770724,34.63879767953533,0.0,0.0,0.0,0.0
2026-09-27,EP902026,23,2026-10-02 18:00:00,5 days 18:00:00,138,19.67,-110.4,984.3,60.5,45.41739149048563,159.4312808600305,160.48976162689442,130.08576461735197,137.59237931073693,73.69211033339279,64.36991658532173,39.46580349144027,50.76229897618138,0.0,0.0,0.0,0.0
2026-09-27,EP902026,23,2026-10-03 00:00:00,6 days 00:00:00,144,20.03,-110.52,981.0,60.4,44.41419636567717,163.50975198277962,183.1345589624139,117.21975545299188,123.24265033856447,52.184147659792416,47.154107553679246,26.019931088224425,32.60475360570405,0.0,0.0,0.0,0.0
2026-09-27,EP902026,23,2026-10-03 06:00:00,6 days 06:00:00,150,20.3,-110.63,979.5,67.1,28.58734912047416,173.89700291969027,194.46690899905627,149.53909493933156,145.0279513989604,55.65624594285866,51.00656707980996,30.030938160943137,35.86127439733996,28.58734912047416,0.0,0.0,0.0
2026-09-27,EP902026,23,2026-10-03 12:00:00,6 days 12:00:00,156,20.21,-110.69,975.4,75.8,28.77901848738509,150.38696385135614,171.98475941858692,146.9013045464489,149.4397068528255,83.44258597345683,82.2345574008209,64.1061884079371,69.62342367640936,29.28332980561393,26.77106554982092,24.41364545482551,26.080495825778115
2026-09-27,EP902026,23,2026-10-03 18:00:00,6 days 18:00:00,162,20.37,-110.93,979.1,72.7,30.564296123534668,169.06517518708208,176.34691416233207,90.8887298187784,134.72340458357658,85.1497726771609,64.32929068775454,47.01898474711307,65.8786820578782,32.042823111456435,25.112668636341773,19.987703737402956,28.198538508679302
2026-09-27,EP902026,23,2026-10-04 00:00:00,7 days 00:00:00,168,20.42,-110.99,980.4,65.0,31.69167913632456,205.6725446573876,211.4104796847902,147.97729741222457,191.01073754790215,97.73144799891838,86.48527440030156,60.80593036277572,71.71429051566258,31.69167913632456,1.2955481871590355,0.0,2.689526305060974
2026-09-27,EP902026,23,2026-10-04 06:00:00,7 days 06:00:00,174,20.79,-111.51,979.8,67.7,41.37983717142828,241.0249686763093,235.2202781642852,165.8150005567335,209.9962052545772,105.2498322521088,89.87998046525209,61.28176351377442,83.5968354697542,41.37983717142828,0.1248509845283565,0.0,3.457672857319637
2026-09-27,EP902026,23,2026-10-04 12:00:00,7 days 12:00:00,180,20.85,-111.85,974.0,74.7,28.12670003376132,142.3309616595336,147.90572994840664,146.5394590528991,126.60950150727447,68.54211381697195,56.9156841707506,48.40495473533305,61.01501248847961,32.684250493935046,26.317890061913133,21.19468701961854,27.46316684552448
2026-09-27,EP902026,23,2026-10-04 18:00:00,7 days 18:00:00,186,20.63,-112.22,968.4,82.4,32.933679657946875,154.9669404391083,170.52645349160545,143.6202657256892,156.09911061522948,81.6499880761879,70.9169057209302,62.62053829554664,70.17377740291624,39.697764245759394,34.829048270331306,29.84500839809492,34.46700671783927
2026-09-27,EP902026,23,2026-10-05 00:00:00,8 days 00:00:00,192,20.87,-112.51,980.4,72.5,13.519345177589631,173.66451902623874,169.0518304790936,116.167488235165,167.247258046358,84.65916046837668,62.602216713243685,46.9913339296543,70.24994286835397,44.878845607247655,35.38031617945437,28.189873302863283,37.47434900657326
2026-09-27,EP902026,23,2026-10-05 06:00:00,8 days 06:00:00,198,20.85,-112.65,979.9,72.3,13.389553929622402,145.9485482296797,153.93297295812434,143.16918447516133,140.53723807341618,73.85011387963378,67.14232663591822,55.73647787376342,68.26885543583607,28.997490330936152,23.13383800684645,19.804585514321467,24.96478673828159
2026-09-27,EP902026,23,2026-10-05 12:00:00,8 days 12:00:00,204,20.76,-113.04,975.3,73.1,37.455856727349904,233.5284788808562,211.3986776185345,178.15853419927706,199.01564345809308,123.27704956468637,107.73045976405125,82.55061225872939,102.79823968077172,38.91437257957359,32.156962875021435,25.64989500353069,32.85442709962215
2026-09-27,EP902026,23,2026-10-05 18:00:00,8 days 18:00:00,210,21.23,-113.59,984.2,67.9,33.3310721107396,132.8294463249752,135.61119625794686,125.82400764357016,144.38517449312263,71.5307279919717,62.09776059222578,48.36575066533995,61.924795545072,33.3310721107396,24.46318044470698,17.957919193032147,25.216002757481185
2026-09-27,EP902026,23,2026-10-06 00:00:00,9 days 00:00:00,216,21.07,-114.21,986.1,61.7,41.02708297079214,182.07572679039703,154.9567863759045,116.08800365950071,185.3058869292174,89.0078291089165,74.94388756320429,53.01273908103505,71.81776516881082,0.0,0.0,0.0,0.0
2026-09-27,EP902026,23,2026-10-06 06:00:00,9 days 06:00:00,222,20.78,-114.85,990.0,59.0,55.3355820239306,199.7785507296732,161.36854342144034,139.44607698499436,193.19584535994304,63.26295196178441,51.45741103103988,38.97837106758915,52.62484438451455,0.0,0.0,0.0,0.0
2026-09-27,EP902026,23,2026-10-06 12:00:00,9 days 12:00:00,228,20.49,-115.74,993.8,53.9,37.48406556392172,158.94175299489132,118.42985934522652,116.94057541682923,163.98696098093455,107.18017544395376,79.21221506867249,59.83613570549221,89.38923728274483,0.0,0.0,0.0,0.0
2026-09-27,EP902026,23,2026-10-06 18:00:00,9 days 18:00:00,234,20.78,-116.63,995.7,42.8,94.84791934973376,94.84791934973376,58.01599376634046,40.84111855623407,59.95145598785621,0.0,0.0,0.0,0.0,0.0,0.0,0.0,0.0
2026-09-27,EP902026,23,2026-10-07 00:00:00,10 days 00:00:00,240,20.46,-117.44,994.6,40.5,98.73372809120556,98.73372809120556,29.72034104739345,20.99320931943488,40.79717429374752,0.0,0.0,0.0,0.0,0.0,0.0,0.0,0.0
2026-09-27,EP902026,23,2026-10-07 06:00:00,10 days 06:00:00,246,20.72,-118.0,998.3,34.2,57.44790071673998,57.44790071673998,6.024241650169678,5.380846787839879,22.849924176732088,0.0,0.0,0.0,0.0,0.0,0.0,0.0,0.0
2026-09-27,EP902026,23,2026-10-07 12:00:00,10 days 12:00:00,252,20.78,-118.58,998.3,37.1,57.88815224264099,57.88815224264099,32.37424802760782,18.083444193894167,29.86185227900021,0.0,0.0,0.0,0.0,0.0,0.0,0.0,0.0
2026-09-27,EP902026,23,2026-10-07 18:00:00,10 days 18:00:00,258,20.79,-119.45,999.1,42.5,70.6009041774218,70.6009041774218,39.84651572429729,32.21604290852383,38.94254645938608,0.0,0.0,0.0,0.0,0.0,0.0,0.0,0.0
2026-09-27,EP902026,23,2026-10-08 00:00:00,11 days 00:00:00,264,20.86,-120.01,1000.4,39.7,71.2886385808797,110.82700686412318,94.85057603053248,77.39089451946529,102.12543555697266,0.0,0.0,0.0,0.0,0.0,0.0,0.0,0.0
2026-09-27,EP902026,23,2026-10-08 06:00:00,11 days 06:00:00,270,20.93,-120.15,998.5,37.8,87.97829180658468,145.92667934246543,117.9178367398401,75.38212046795084,128.7296697518425,0.0,0.0,0.0,0.0,0.0,0.0,0.0,0.0
2026-09-27,EP902026,23,2026-10-08 12:00:00,11 days 12:00:00,276,21.08,-120.14,1001.9,39.7,91.62986929495668,146.9607560934283,134.25476540533978,115.48847965621724,113.21276673981228,0.0,0.0,0.0,0.0,0.0,0.0,0.0,0.0
2026-09-27,EP902026,23,2026-10-08 18:00:00,11 days 18:00:00,282,21.36,-119.54,1002.4,38.6,56.41396362909976,137.09016268114092,139.1732919949527,112.00688551070031,108.33342235748992,0.0,0.0,0.0,0.0,0.0,0.0,0.0,0.0
2026-09-27,EP902026,23,2026-10-09 00:00:00,12 days 00:00:00,288,21.12,-118.82,995.2,45.6,111.67659420926668,222.55893520724047,246.21507770226475,190.6489423540027,183.57016752015687,0.0,0.0,0.0,0.0,0.0,0.0,0.0,0.0
2026-09-27,EP902026,23,2026-10-09 06:00:00,12 days 06:00:00,294,21.63,-117.51,997.2,42.7,112.4059277231059,72.87304687651121,112.4059277231059,50.15280680956205,47.38985785660272,0.0,0.0,0.0,0.0,0.0,0.0,0.0,0.0
2026-09-27,EP902026,23,2026-10-09 12:00:00,12 days 12:00:00,300,22.26,-116.24,998.3,40.8,97.77485939088098,34.70637576983294,97.77485939088098,19.66601439908926,18.554976655525028,0.0,0.0,0.0,0.0,0.0,0.0,0.0,0.0
2026-09-27,EP902026,23,2026-10-09 18:00:00,12 days 18:00:00,306,22.49,-114.79,1000.2,38.5,64.98644975661048,50.33312010547329,64.98644975661048,23.76695182999872,28.79630883664167,0.0,0.0,0.0,0.0,0.0,0.0,0.0,0.0
2026-09-27,EP902026,23,2026-10-10 00:00:00,13 days 00:00:00,312,23.41,-113.55,1000.1,38.7,119.94475474615535,70.00621720804556,119.94475474615535,50.45273166787622,36.893247337619655,0.0,0.0,0.0,0.0,0.0,0.0,0.0,0.0
2026-09-27,EP902026,23,2026-10-10 06:00:00,13 days 06:00:00,318,24.24,-112.26,998.0,41.8,184.455254355868,36.52775561936773,184.455254355868,37.19994458137552,10.732131871231845,0.0,0.0,0.0,0.0,0.0,0.0,0.0,0.0
2026-09-27,EP902026,23,2026-10-10 12:00:00,13 days 12:00:00,324,25.68,-110.51,999.3,42.6,51.55267920150057,121.19364544216953,156.14045283649318,57.22316043932464,88.00647479321478,0.0,0.0,0.0,0.0,0.0,0.0,0.0,0.0
2026-09-27,WP252026,23,2026-09-27 00:00:00,0 days 00:00:00,0,24.6,127.6,964.0,89.0,22.0,102.0,121.0,102.0,93.0,,,,,,,,
2026-09-27,WP252026,23,2026-09-27 06:00:00,0 days 06:00:00,6,25.38,128.36,940.9,117.0,12.92147891456493,131.57645296290764,175.7426042859517,136.94885592762608,104.26120830978778,87.92763038487553,97.0975463919213,68.97316390208766,64.19106240506353,50.68629797589637,50.19568551871756,40.054114647989486,41.01223841827537
2026-09-27,WP252026,23,2026-09-27 12:00:00,0 days 12:00:00,12,25.97,128.78,944.3,121.4,11.05582912412802,89.54977271715435,165.53343556353877,133.27005831446587,55.86746244921673,74.77166403890632,108.0608673281486,88.15608364044833,55.86746244921673,39.37170764379616,44.675547685790384,41.119750232838086,32.72478988588284
2026-09-27,WP252026,23,2026-09-27 18:00:00,0 days 18:00:00,18,26.77,129.69,958.6,103.8,26.329811943665888,84.31863309341504,171.62721256791195,110.21977799938506,56.56644822400296,49.71267389005997,72.7968769746057,58.9570700974212,39.438039043330406,32.52068211488126,34.580541158240386,28.626499566180524,25.79210818054684
2026-09-27,WP252026,23,2026-09-28 00:00:00,1 days 00:00:00,24,27.43,130.47,958.8,92.1,15.27528777315414,162.14856410830205,180.6877624246936,126.80699475146,100.58508923177553,92.30043742385747,100.91432625304614,72.46753878980974,70.43748874567382,56.35344911939935,55.49913806531585,44.05233081344912,45.20643807827426
2026-09-27,WP252026,23,2026-09-28 06:00:00,1 days 06:00:00,30,27.86,131.68,981.7,72.3,28.26998452858223,110.490247981044,148.23930021804895,116.75132321033831,84.67641131346973,56.76996368445708,67.54580250922164,54.30911304497955,40.91666681446301,20.245916866773563,28.26998452858223,20.90907369659803,16.20158107230156
2026-09-27,WP252026,23,2026-09-28 12:00:00,1 days 12:00:00,36,28.06,132.4,986.1,61.4,39.012543608789805,93.34362062876754,149.6646388805002,117.70655297594476,86.15447817865618,49.232107379405626,59.12408257250283,43.82934601172915,40.44068710387405,0.0,0.0,0.0,0.0
2026-09-27,WP252026,23,2026-09-28 18:00:00,1 days 18:00:00,42,28.96,133.99,988.8,49.2,15.522803245420722,100.94978989119892,118.20113713525154,78.49352707707392,71.10406503546506,0.0,0.0,0.0,0.0,0.0,0.0,0.0,0.0
2026-09-27,WP252026,23,2026-09-29 00:00:00,2 days 00:00:00,48,29.8,134.97,997.5,40.7,95.26969883131711,130.79853308722477,145.91174600019275,85.04380454575923,82.39398822965731,0.0,0.0,0.0,0.0,0.0,0.0,0.0,0.0
2026-09-27,WP252026,23,2026-09-29 06:00:00,2 days 06:00:00,54,30.58,136.43,993.9,38.0,89.0258628265376,67.27859028012168,105.29998185469714,51.25249542143689,32.66897704279869,0.0,0.0,0.0,0.0,0.0,0.0,0.0,0.0
2026-09-27,WP252026,23,2026-09-29 12:00:00,2 days 12:00:00,60,31.82,137.82,1002.5,35.8,110.79500470859207,146.06520802599076,150.38104332962376,97.72610911197552,100.44066971500745,0.0,0.0,0.0,0.0,0.0,0.0,0.0,0.0
2026-09-27,WP252026,23,2026-09-29 18:00:00,2 days 18:00:00,66,32.79,139.53,997.5,39.5,142.1902589138969,21.49408609868042,142.1902589138969,9.560241976029848,6.22339803469305,0.0,0.0,0.0,0.0,0.0,0.0,0.0,0.0
2026-09-27,WP252026,23,2026-09-30 00:00:00,3 days 00:00:00,72,33.79,141.8,996.2,43.7,134.88930053777733,213.6251751732713,241.7218714866285,177.44516406742804,176.2785759635331,0.0,0.0,0.0,0.0,0.0,0.0,0.0,0.0
2026-09-27,WP252026,23,2026-09-30 06:00:00,3 days 06:00:00,78,34.76,143.97,995.4,41.5,115.8752840890486,264.4200548495893,298.3511089131116,215.0447968443122,216.02657170564265,0.0,0.0,0.0,0.0,0.0,0.0,0.0,0.0
2026-09-27,WP252026,23,2026-09-30 12:00:00,3 days 12:00:00,84,35.72,145.61,992.3,43.7,157.2077994761342,270.4056668798252,300.8910039085863,223.43881164688608,203.96961445149483,0.0,0.0,0.0,0.0,0.0,0.0,0.0,0.0
2026-09-27,WP252026,23,2026-09-30 18:00:00,3 days 18:00:00,90,36.63,147.51,996.7,36.3,129.56034624178477,139.68411840448977,151.73466087035723,68.0265093442403,82.84976366728489,0.0,0.0,0.0,0.0,0.0,0.0,0.0,0.0
2026-09-27,WP252026,23,2026-10-01 00:00:00,4 days 00:00:00,96,37.3,149.31,993.5,34.9,116.57578909863116,176.75101534656113,210.4875942977708,152.1568763343866,149.5803421253646,0.0,0.0,0.0,0.0,0.0,0.0,0.0,0.0
2026-09-27,WP252026,23,2026-10-01 06:00:00,4 days 06:00:00,102,38.42,151.64,996.8,32.0,145.6547129315314,0.0,0.0,0.0,0.0,0.0,0.0,0.0,0.0,0.0,0.0,0.0,0.0
2026-09-27,WP252026,23,2026-10-01 12:00:00,4 days 12:00:00,108,39.84,154.63,996.8,35.2,133.38107617867263,9.801291934649967,133.38107617867263,38.2501086344389,0.0,0.0,0.0,0.0,0.0,0.0,0.0,0.0,0.0
2026-09-27,WP252026,23,2026-10-01 18:00:00,4 days 18:00:00,114,41.04,157.14,996.5,34.7,99.69627460002758,95.56920176752443,115.23696147950308,75.39619606787726,53.378043542444274,0.0,0.0,0.0,0.0,0.0,0.0,0.0,0.0
2026-09-27,WP252026,23,2026-10-02 00:00:00,5 days 00:00:00,120,42.41,160.78,999.8,34.9,123.0410020094507,108.14146457262922,144.72129741260557,137.78510094126946,65.5253316142872,0.0,0.0,0.0,0.0,0.0,0.0,0.0,0.0
2026-09-27,WP252026,23,2026-10-02 06:00:00,5 days 06:00:00,126,43.18,164.53,1000.6,39.5,196.06918473691223,59.58918083128511,196.06918473691223,53.10003251757809,17.494399394732767,0.0,0.0,0.0,0.0,0.0,0.0,0.0,0.0
2026-09-27,WP252026,23,2026-10-02 12:00:00,5 days 12:00:00,132,44.14,167.98,1000.7,29.3,99.73362298820732,0.0,0.0,0.0,0.0,0.0,0.0,0.0,0.0,0.0,0.0,0.0,0.0
2026-09-27,WP252026,23,2026-10-02 18:00:00,5 days 18:00:00,138,44.73,171.17,999.1,33.3,102.83358667071732,0.0,0.0,0.0,0.0,0.0,0.0,0.0,0.0,0.0,0.0,0.0,0.0
2026-09-27,AL062026,24,2026-09-27 00:00:00,0 days 00:00:00,0,29.8,-43.9,1010.0,29.0,56.0,0.0,0.0,0.0,0.0,0.0,0.0,0.0,0.0,0.0,0.0,0.0,0.0
2026-09-27,AL062026,24,2026-09-27 06:00:00,0 days 06:00:00,6,29.85,-44.33,1007.8,22.9,123.45179095093243,0.0,0.0,0.0,0.0,0.0,0.0,0.0,0.0,0.0,0.0,0.0,0.0
2026-09-27,EP152026,24,2026-09-27 00:00:00,0 days 00:00:00,0,16.7,-156.1,972.0,80.0,37.0,241.0,185.0,185.0,241.0,93.0,74.0,93.0,111.0,56.0,46.0,56.0,56.0
2026-09-27,EP152026,24,2026-09-27 06:00:00,0 days 06:00:00,6,16.5,-156.83,961.0,101.6,27.507529238242185,193.8451346687013,165.39777314948188,209.20214252944504,240.2198027349586,94.65716796565042,88.76050346897858,96.51556911959544,106.11948877733856,64.2241288799705,58.1812615602601,52.51365736132151,61.353589847940825
2026-09-27,EP152026,24,2026-09-27 12:00:00,0 days 12:00:00,12,16.34,-157.68,954.3,111.2,15.806774687633569,163.61378932210624,103.2089950858432,148.66870367232556,183.74539135126503,82.56810262122823,50.655956995716274,54.83343415404797,88.13785265246116,51.62515052775946,40.44753616050664,33.38427129164396,49.343150864569495
2026-09-27,EP152026,24,2026-09-27 18:00:00,0 days 18:00:00,18,16.33,-158.89,952.2,104.1,2.22118025581138,176.92971975294185,171.89618946993613,164.92764050543673,190.38657098282857,94.78475934478602,80.59356035492209,70.07606818194066,86.67987217837988,60.08451099409264,50.75515473112876,41.86574124809367,53.865843487148105
2026-09-27,EP152026,24,2026-09-28 00:00:00,1 days 00:00:00,24,16.51,-159.8,957.0,107.1,18.768694115215848,195.42744259542607,150.9277242096456,116.0961302232691,168.7023874501248,94.16181634026763,70.46960461634572,59.02068373527613,86.99444792973102,55.20178537996206,40.73470243603444,31.495277353034844,47.9428327608192
2026-09-27,EP152026,24,2026-09-28 06:00:00,1 days 06:00:00,30,16.88,-160.92,949.1,113.2,35.35309382544505,173.4266486704204,129.4645451384764,123.46992184445811,167.65903241616877,101.73472240133806,76.52773325469974,63.82644233405523,92.22201125604424,53.8512409214522,44.24168053125736,36.70212602836206,49.798114502949744
2026-09-27,EP152026,24,2026-09-28 12:00:00,1 days 12:00:00,36,17.36,-161.83,932.7,129.3,0.0,167.76712975005915,165.42195468317902,127.99238167883334,139.91349453974487,89.74969365829133,76.75622127802245,64.0554557839227,77.47499903217175,51.86956730425917,42.22795770294076,34.71739786657274,45.89467459541598
2026-09-27,EP152026,24,2026-09-28 18:00:00,1 days 18:00:00,42,18.15,-162.8,953.0,108.7,28.7261609583868,169.68583808562255,137.62881043318538,121.96815304066794,135.5242024103273,82.86685130743544,63.50902028715712,51.44885489500324,78.9215911155776,49.81621739484392,39.66373373808925,31.872213905419244,43.22671515003273
2026-09-27,EP152026,24,2026-09-29 00:00:00,2 days 00:00:00,48,18.85,-163.34,948.5,115.0,10.39884534361633,175.3935881097778,160.72817525150657,121.93349434703724,154.25966804855742,89.01484248132166,75.50914789674084,55.11157821887279,75.36859090660634,64.30746826874257,55.745805485398776,42.34799677809782,55.18248269629507
2026-09-27,EP152026,24,2026-09-29 06:00:00,2 days 06:00:00,54,20.09,-163.82,967.3,94.4,10.587944651045753,236.87909924557133,202.8576039309917,124.67207995938767,194.110115851646,118.6477428892274,103.7633411353368,64.47042291204284,91.52183523464028,61.59509432112449,55.50892707104624,41.26266843694381,49.24128309885446
2026-09-27,EP152026,24,2026-09-29 12:00:00,2 days 12:00:00,60,21.02,-164.13,971.4,77.7,28.49023642091465,223.51430348443944,193.36362402118664,100.1577447813317,146.12694441812107,112.82116541984873,89.74288455071172,62.09266308942799,85.64763947276982,49.57377856468838,44.82541365033819,33.474472791137515,41.414304447612444
2026-09-27,EP152026,24,2026-09-29 18:00:00,2 days 18:00:00,66,21.7,-164.44,985.9,65.2,25.341228961157466,238.51946298690063,188.6736977137853,146.05112732703302,213.58830946160916,113.35563316980593,92.2652788719886,70.68106108402077,96.70002319469056,25.341228961157466,11.706713636469509,9.525382547042993,15.67247251630425
2026-09-27,EP152026,24,2026-09-30 00:00:00,3 days 00:00:00,72,22.35,-164.69,987.4,62.9,46.4059910097025,192.6657831422341,134.02672242598766,100.92304283554068,176.59343931173956,101.56919867126958,76.51439796531335,58.92880813926556,90.73964715247736,0.0,0.0,0.0,0.0
2026-09-27,EP152026,24,2026-09-30 06:00:00,3 days 06:00:00,78,22.91,-165.2,984.9,52.8,45.19861543561334,243.22992650155217,202.86003475014263,151.8246822089535,222.6849941071739,126.3677236715994,110.29884557566892,86.3144373667525,105.35795977174698,0.0,0.0,0.0,0.0
2026-09-27,EP152026,24,2026-09-30 12:00:00,3 days 12:00:00,84,22.78,-165.63,986.9,57.0,67.35157186740807,315.0736955209617,245.92170027770803,219.43100488926592,323.09660785156615,176.11908799823885,149.21743234660806,118.76369884381268,163.37517488918365,0.0,0.0,0.0,0.0
2026-09-27,EP152026,24,2026-09-30 18:00:00,3 days 18:00:00,90,22.51,-166.04,983.4,59.6,39.41256132602532,217.91907814015192,172.48056927131833,123.77000569627222,168.9848589337128,126.5297330406436,94.852707438425,70.5859191960913,100.688899257457,0.0,0.0,0.0,0.0
2026-09-27,EP152026,24,2026-10-01 00:00:00,4 days 00:00:00,96,22.44,-166.6,989.4,54.8,61.9177759756477,261.8606949927938,201.4302602884673,174.10928371613716,248.24223165838683,67.81177017100639,47.51921011469579,33.626298143862265,53.94978832367244,0.0,0.0,0.0,0.0
2026-09-27,EP152026,24,2026-10-01 06:00:00,4 days 06:00:00,102,22.12,-167.28,986.2,59.0,51.58022563314454,191.08856173728444,118.1918591733478,95.38317164099436,175.48497358474344,110.11982896457592,85.76462959240132,71.2660862900526,95.04878865924104,0.0,0.0,0.0,0.0
2026-09-27,EP152026,24,2026-10-01 12:00:00,4 days 12:00:00,108,22.0,-168.17,985.9,56.3,88.3385421034975,235.4570742830852,173.54325013151754,127.41703336419842,216.66798305343747,98.4665560274413,73.65349794985185,56.357948929779766,79.55709045662421,0.0,0.0,0.0,0.0
2026-09-27,EP152026,24,2026-10-01 18:00:00,4 days 18:00:00,114,21.93,-168.46,993.0,54.8,63.74450991709664,204.57450566233865,173.13084214058512,149.99204682028073,188.6613505833746,63.74450991709664,31.569287919556853,20.965282847481618,27.80374683244912,0.0,0.0,0.0,0.0
2026-09-27,EP152026,24,2026-10-02 00:00:00,5 days 00:00:00,120,22.16,-168.81,987.9,53.9,89.8130819035236,193.44899629516547,179.37901256449743,154.02825175319765,179.27397828033668,89.8130819035236,40.47314199821277,28.225916588015856,36.11188211695181,0.0,0.0,0.0,0.0
2026-09-27,EP152026,24,2026-10-02 06:00:00,5 days 06:00:00,126,22.06,-169.23,982.6,54.9,67.55524681119591,209.93728644417345,157.71400990832535,132.8974404701806,217.7712376659076,100.35091568490064,80.8458042123552,64.22132083026455,90.25439101361673,0.0,0.0,0.0,0.0
2026-09-27,EP152026,24,2026-10-02 12:00:00,5 days 12:00:00,132,22.29,-170.51,980.3,66.3,42.5268937840534,246.94747392754664,150.57491039322954,167.68471222772976,243.3728583884715,114.13067164787316,86.31099796412946,75.55061084994465,104.58110629321656,42.5268937840534,32.692186009582635,27.576149004092624,37.19058008362454
2026-09-27,EP152026,24,2026-10-02 18:00:00,5 days 18:00:00,138,22.34,-171.14,974.9,76.1,49.3137542065649,229.66893600544375,164.1846033079285,137.83819578583015,195.0513150041482,91.6875096601249,65.44151874878793,59.5489773067152,81.19587800107129,49.3137542065649,31.82305437057787,24.771130731020456,35.468965416109185
2026-09-27,EP152026,24,2026-10-03 00:00:00,6 days 00:00:00,144,21.98,-172.19,978.4,75.2,42.5928712183516,255.29875055127215,172.01373690826313,175.74974421991055,272.74308179586546,124.0976869572545,96.6590566044301,83.52443662800655,122.3738765753589,73.64444944675728,62.43462920765856,52.57042734073156,66.7195023980151
2026-09-27,EP152026,24,2026-10-03 06:00:00,6 days 06:00:00,150,21.99,-173.46,975.0,73.5,25.360792622971644,281.1488676332599,202.706737770432,183.36297635843655,263.2601471422911,143.59882519948957,104.02155611894804,85.20922990721004,127.43676232602768,78.9871918631822,63.13972712003088,52.36903948150279,71.03405170774617
2026-09-27,EP152026,24,2026-10-03 12:00:00,6 days 12:00:00,156,22.17,-175.07,967.1,89.3,32.90221495614426,257.37362998857634,205.29563159259283,161.5593096386988,231.38526807323643,114.8664880789728,95.96948948400012,69.397494158464,98.83931499244956,63.85118898599819,54.299175669661565,41.580030326580506,57.10433339276527
2026-09-27,EP152026,24,2026-10-03 18:00:00,6 days 18:00:00,162,22.56,-177.0,963.4,92.7,27.453614420952576,277.2297357960766,246.61470877576664,135.1647938967934,233.112593314788,112.20393837420812,89.85283667989924,58.740944501794274,93.9886799821831,62.76720469316624,49.94950079743596,37.20609198654512,54.58069029278613
2026-09-27,EP152026,24,2026-10-04 00:00:00,7 days 00:00:00,168,22.95,-178.82,972.7,81.4,46.83727717778162,265.50062658458694,187.75381845387452,156.69699958852968,256.6010762494463,128.53280945351185,95.7158812077124,66.50286517008863,104.14758961079008,58.40504830293875,45.62593477492546,33.64941094181776,50.11256549449832
2026-09-27,EP152026,24,2026-10-04 06:00:00,7 days 06:00:00,174,23.64,179.36,975.2,80.6,30.59832798050517,257.3587868590209,221.1045894554803,161.42030699229167,207.56488970071223,123.72568526859412,103.63539625799564,74.55594411067207,101.15525446715714,58.74333261978282,49.95226331273486,36.574677420888605,49.67611349404373
2026-09-27,EP152026,24,2026-10-04 12:00:00,7 days 12:00:00,180,24.5,177.66,968.6,87.3,39.08437401921952,287.234694845591,234.22596667078292,151.3016819542139,241.7357125247905,144.7636087789311,119.66809623378118,81.6331159758139,125.98683907718816,88.34795861669696,73.10593730847202,53.535838302091065,76.47167917222723
2026-09-27,EP152026,24,2026-10-04 18:00:00,7 days 18:00:00,186,25.48,176.36,960.2,89.7,22.11629781399214,275.7547446104296,260.97869368502666,182.5910217805848,236.7123742662265,150.9660344656126,126.07610518997676,88.87036753863012,127.61456271324823,77.97126771582762,65.08542850415724,49.17364148897992,66.86649132236485
2026-09-27,EP152026,24,2026-10-05 00:00:00,8 days 00:00:00,192,26.49,174.33,967.2,82.1,26.385207058572234,291.7977505257128,249.6374084692176,155.97684026465015,227.0524663660392,109.11308466286732,87.34675580680039,57.232218049124384,82.76492372586242,40.38260987094763,32.19616313314614,22.67588253492714,31.198031008073897
2026-09-27,EP152026,24,2026-10-05 06:00:00,8 days 06:00:00,198,27.71,173.15,976.7,77.7,28.52159850204709,275.60184090925674,222.38641015041776,161.0444364179091,235.92003871607412,124.09504184156611,98.69868032859527,62.29393849037591,92.9342063587998,62.13970060564856,50.90652230759345,36.75591167142899,49.16273377428496
2026-09-27,EP152026,24,2026-10-05 12:00:00,8 days 12:00:00,204,29.02,172.17,973.3,79.1,38.98290684416041,245.5701843919911,237.70247642876149,181.073739131436,181.23478649317556,153.32284614649922,135.9703208115578,90.52761049846788,119.22195067876888,86.81853912493872,75.30983630553789,54.31738211192766,70.45235052406683
2026-09-27,EP152026,24,2026-10-05 18:00:00,8 days 18:00:00,210,30.07,171.64,977.0,71.0,15.758041461113365,239.20489734597223,236.1229384067504,158.97642505238457,179.12050660443242,135.2352449055382,122.81708617697872,77.90639684777062,94.27446203155134,26.68280905695809,20.725025409531355,11.472545223987463,16.953570780190137
2026-09-27,EP152026,24,2026-10-06 00:00:00,9 days 00:00:00,216,31.29,171.45,984.2,65.3,37.106960876503024,214.11495258354535,214.1131227602816,162.27061595481857,149.76918830850013,135.03254072279913,120.9984067348584,76.43218371693706,97.23943169944532,64.72657288991567,58.424746289348114,42.92309808169071,50.717895151313925
2026-09-27,EP152026,24,2026-10-06 06:00:00,9 days 06:00:00,222,32.11,171.62,990.2,56.3,39.16882136265184,268.9957875558196,264.7022070161256,180.5061154297728,175.0261135771102,108.1825522801396,98.69313068878672,58.36799493524427,70.45163001921333,0.0,0.0,0.0,0.0
2026-09-27,EP152026,24,2026-10-06 12:00:00,9 days 12:00:00,228,33.32,171.68,988.9,61.2,69.50256407049363,151.71975625128022,168.59067099331543,110.58178361294358,115.30661284448492,98.29140889443738,96.1984492789716,59.10298789747675,73.14163375417542,0.0,0.0,0.0,0.0
2026-09-27,EP152026,24,2026-10-06 18:00:00,9 days 18:00:00,234,34.13,172.06,994.7,50.3,54.904179522961215,180.80318976392027,186.23653493185907,132.7069346792257,131.33164730925398,68.06804852442747,62.21803465785717,42.71419448979253,49.86588698571472,0.0,0.0,0.0,0.0
2026-09-27,EP152026,24,2026-10-07 00:00:00,10 days 00:00:00,240,34.87,172.23,992.2,41.5,79.73042127637288,228.8063390116551,218.0205526752011,172.6498437701385,176.78133514598147,0.0,0.0,0.0,0.0,0.0,0.0,0.0,0.0
2026-09-27,EP152026,24,2026-10-07 06:00:00,10 days 06:00:00,246,36.02,172.86,1001.6,37.6,77.18321679845124,191.5346143420811,182.23684464174687,114.41607171249342,123.17062358564648,0.0,0.0,0.0,0.0,0.0,0.0,0.0,0.0
2026-09-27,EP152026,24,2026-10-07 12:00:00,10 days 12:00:00,252,37.02,174.47,993.6,39.2,114.99347328375072,52.72917597443547,114.99347328375072,4.816963875376658,2.923628796111423,0.0,0.0,0.0,0.0,0.0,0.0,0.0,0.0
2026-09-27,EP152026,24,2026-10-07 18:00:00,10 days 18:00:00,258,37.98,176.47,992.8,41.4,126.6711214993182,143.2860745552428,167.69665724539493,78.48933759225184,75.86045333253963,0.0,0.0,0.0,0.0,0.0,0.0,0.0,0.0
2026-09-27,EP152026,24,2026-10-08 00:00:00,11 days 00:00:00,264,38.53,174.25,988.4,38.0,162.42574008623686,253.852868877744,245.9861053258848,163.3104801921732,150.9817711614739,0.0,0.0,0.0,0.0,0.0,0.0,0.0,0.0
2026-09-27,EP152026,24,2026-10-08 06:00:00,11 days 06:00:00,270,37.84,174.04,985.7,43.2,191.36655560856207,465.48763096495566,499.0537362942511,449.9011675252665,403.9596123309372,0.0,0.0,0.0,0.0,0.0,0.0,0.0,0.0
2026-09-27,EP152026,24,2026-10-08 12:00:00,11 days 12:00:00,276,39.09,177.98,986.0,53.4,152.42198191882608,247.67399686320016,277.7911750786734,285.9773292987235,226.59541071658123,17.801991009517756,21.101565271603636,152.42198191882608,20.629635078054733,0.0,0.0,0.0,0.0
2026-09-27,EP152026,24,2026-10-08 18:00:00,11 days 18:00:00,282,40.78,-175.07,986.0,49.4,190.0131334640286,256.5393024049938,337.7021607347974,269.90326917170296,186.0058413799203,0.0,0.0,0.0,0.0,0.0,0.0,0.0,0.0
2026-09-27,EP152026,24,2026-10-09 00:00:00,12 days 00:00:00,288,40.91,-170.81,974.0,58.4,119.9717663651602,374.5618559293408,448.3265896702517,402.7514640197511,299.3779909352339,61.48748707539656,119.9717663651602,73.02545151187692,49.32539286855717,0.0,0.0,0.0,0.0
2026-09-27,EP162026,24,2026-09-27 00:00:00,0 days 00:00:00,0,20.8,-123.6,975.0,76.0,28.0,167.0,167.0,148.0,185.0,93.0,74.0,74.0,93.0,65.0,46.0,37.0,56.0
2026-09-27,EP162026,24,2026-09-27 06:00:00,0 days 06:00:00,6,21.43,-123.4,990.4,55.0,65.30226075549447,263.9111413054329,236.9457084872733,178.37571330168953,226.4680790397441,65.30226075549447,30.73479178608509,14.551837703099562,33.07749933555607,0.0,0.0,0.0,0.0
2026-09-27,EP162026,24,2026-09-27 12:00:00,0 days 12:00:00,12,22.08,-123.19,999.4,43.5,44.05839795785691,172.12854093737275,146.4977599816637,84.80770325355533,130.42363811931665,0.0,0.0,0.0,0.0,0.0,0.0,0.0,0.0
2026-09-27,EP162026,24,2026-09-27 18:00:00,0 days 18:00:00,18,22.19,-122.74,997.9,37.1,142.60974596602043,15.483196204343372,142.60974596602043,10.39312357464835,0.0,0.0,0.0,0.0,0.0,0.0,0.0,0.0,0.0
2026-09-27,EP162026,24,2026-09-28 00:00:00,1 days 00:00:00,24,22.0,-122.86,1002.7,30.0,109.87331929214754,0.0,0.0,0.0,0.0,0.0,0.0,0.0,0.0,0.0,0.0,0.0,0.0
2026-09-27,EP162026,24,2026-09-28 06:00:00,1 days 06:00:00,30,21.84,-122.49,1003.3,28.0,63.19839671392536,0.0,0.0,0.0,0.0,0.0,0.0,0.0,0.0,0.0,0.0,0.0,0.0
2026-09-27,EP162026,24,2026-09-28 12:00:00,1 days 12:00:00,36,21.7,-122.1,1005.6,24.6,137.37086727210732,0.0,0.0,0.0,0.0,0.0,0.0,0.0,0.0,0.0,0.0,0.0,0.0
2026-09-27,EP162026,24,2026-09-28 18:00:00,1 days 18:00:00,42,20.97,-122.09,1004.6,27.9,61.39764711702729,0.0,0.0,0.0,0.0,0.0,0.0,0.0,0.0,0.0,0.0,0.0,0.0
2026-09-27,EP162026,24,2026-09-29 00:00:00,2 days 00:00:00,48,20.62,-121.75,1005.5,22.2,64.24018408397501,0.0,0.0,0.0,0.0,0.0,0.0,0.0,0.0,0.0,0.0,0.0,0.0
2026-09-27,EP162026,24,2026-09-29 06:00:00,2 days 06:00:00,54,20.0,-121.32,1006.9,22.5,89.33516625958526,0.0,0.0,0.0,0.0,0.0,0.0,0.0,0.0,0.0,0.0,0.0,0.0
2026-09-27,EP162026,24,2026-09-29 12:00:00,2 days 12:00:00,60,19.32,-121.07,1007.1,23.9,104.03199769994578,0.0,0.0,0.0,0.0,0.0,0.0,0.0,0.0,0.0,0.0,0.0,0.0
2026-09-27,EP162026,24,2026-09-29 18:00:00,2 days 18:00:00,66,19.32,-121.09,1006.3,22.0,148.68578494992835,0.0,0.0,0.0,0.0,0.0,0.0,0.0,0.0,0.0,0.0,0.0,0.0
2026-09-27,EP172026,24,2026-09-27 00:00:00,0 days 00:00:00,0,19.0,-112.9,946.0,111.0,28.0,259.0,185.0,167.0,185.0,111.0,111.0,93.0,93.0,65.0,65.0,46.0,56.0
2026-09-27,EP172026,24,2026-09-27 06:00:00,0 days 06:00:00,6,19.78,-113.1,937.5,126.0,12.276372509204066,241.8003645539775,253.4158128681888,198.36812194653703,230.07185947771177,129.68598939755248,120.26585942667656,90.10874278764844,104.72326154989878,78.8888500697251,68.88297576436685,54.28769905429101,68.41046545829181
2026-09-27,EP172026,24,2026-09-27 12:00:00,0 days 12:00:00,12,20.62,-113.74,960.7,104.9,29.375714021796625,197.478572138202,164.98886063547172,138.81644962252437,162.13584087515483,85.33297217038864,77.40865693977113,60.97571915671301,63.09961482759476,40.25789316317022,34.96714697857466,28.78614387354404,32.617928286941215
2026-09-27,EP172026,24,2026-09-27 18:00:00,0 days 18:00:00,18,21.48,-113.85,942.6,121.8,0.0,216.1355869327848,229.8813768626785,168.5227025586213,176.21752813040052,102.53010172140796,91.41858637118612,56.38720311270029,68.520360575067,61.65815131678548,51.86901697594118,37.41833784028594,50.28736014349937
2026-09-27,EP172026,24,2026-09-28 00:00:00,1 days 00:00:00,24,22.26,-114.25,953.1,112.8,20.00496230261844,163.2774216782891,192.8819604937729,89.61001626919084,92.6857493817684,81.70096082448592,87.01887218943108,54.24104015397506,50.44219673544174,44.13177945714257,44.502951483961546,34.4045153939072,36.67790839788369
2026-09-27,EP172026,24,2026-09-28 06:00:00,1 days 06:00:00,30,23.07,-114.23,939.1,125.0,8.515769972852063,175.75880097957366,185.69145959153457,140.01209943824404,117.386118294032,76.71079390515202,86.99626969625271,61.83168626812587,58.2136630825628,47.70701722980543,46.6354522848461,40.30799499553181,39.10951153440721
2026-09-27,EP172026,24,2026-09-28 12:00:00,1 days 12:00:00,36,23.73,-113.82,950.0,107.1,27.30905859590621,198.5144714704784,224.64344487314105,146.0324528851332,171.56819205010476,96.09091048903603,101.94932054228464,73.42221622349912,72.01032189357326,67.69056304185631,67.9702758352107,54.86372999122096,55.98899349841594
2026-09-27,EP172026,24,2026-09-28 18:00:00,1 days 18:00:00,42,24.67,-113.49,961.5,93.4,6.777855016751502,92.0893229924425,129.19289522200177,88.59656493228616,82.82153489107947,52.33464746280626,64.50421408092717,45.7406435128988,41.1179423001591,41.459235332656206,40.04667995037066,31.940846193865585,33.87847791905995
2026-09-27,EP172026,24,2026-09-29 00:00:00,2 days 00:00:00,48,25.16,-112.92,950.2,109.6,21.904936010250687,142.2025063780318,148.9771194521949,95.65552308279878,102.08107748438312,73.04157728248161,85.3181634950224,62.163919588703166,57.86601279097193,41.95727756220655,43.540803117042806,36.59673646428536,36.76366817016947
2026-09-27,EP172026,24,2026-09-29 06:00:00,2 days 06:00:00,54,26.02,-112.27,983.4,66.8,40.20313057621833,208.2566513877024,206.0504524297796,106.85110458588946,157.41039088292183,94.58739826745028,88.46654565031918,60.54963736753335,72.18701365628715,40.20313057621833,13.809034536687076,6.980577723765588,11.539983185794751
2026-09-27,EP172026,24,2026-09-29 12:00:00,2 days 12:00:00,60,27.2,-111.69,990.5,51.5,26.924274294184443,147.8829505961101,186.0635808715742,71.10762923721335,75.27728748606341,6.674220580386828,26.924274294184443,5.68085879897144,0.0,0.0,0.0,0.0,0.0
2026-09-27,EP902026,24,2026-09-27 00:00:00,0 days 00:00:00,0,12.0,-98.6,1008.0,25.0,111.0,0.0,0.0,0.0,0.0,0.0,0.0,0.0,0.0,0.0,0.0,0.0,0.0
2026-09-27,EP902026,24,2026-09-27 06:00:00,0 days 06:00:00,6,11.63,-98.55,1004.9,31.0,147.27133290636417,0.0,0.0,0.0,0.0,0.0,0.0,0.0,0.0,0.0,0.0,0.0,0.0
2026-09-27,EP902026,24,2026-09-27 12:00:00,0 days 12:00:00,12,12.0,-98.54,1006.9,32.3,57.35380366059401,0.0,0.0,0.0,0.0,0.0,0.0,0.0,0.0,0.0,0.0,0.0,0.0
2026-09-27,EP902026,24,2026-09-27 18:00:00,0 days 18:00:00,18,12.02,-98.77,1002.2,40.3,164.24580822619257,164.24580822619257,29.91671823031723,9.253012268399374,16.328466485049642,0.0,0.0,0.0,0.0,0.0,0.0,0.0,0.0
2026-09-27,EP902026,24,2026-09-28 00:00:00,1 days 00:00:00,24,12.16,-99.35,1000.8,41.6,89.09087685190167,174.00021326624875,154.63281103938607,87.28273393702403,134.99020290794596,0.0,0.0,0.0,0.0,0.0,0.0,0.0,0.0
2026-09-27,EP902026,24,2026-09-28 06:00:00,1 days 06:00:00,30,12.57,-99.79,998.6,49.5,76.69803608832997,130.17347372139537,112.8668802396718,62.87160977548513,89.77011825765375,0.0,0.0,0.0,0.0,0.0,0.0,0.0,0.0
2026-09-27,EP902026,24,2026-09-28 12:00:00,1 days 12:00:00,36,13.25,-100.24,994.1,47.3,64.97785536227536,111.93526705631824,106.97860425319072,74.51659860980646,86.06789528940635,0.0,0.0,0.0,0.0,0.0,0.0,0.0,0.0
2026-09-27,EP902026,24,2026-09-28 18:00:00,1 days 18:00:00,42,13.73,-101.55,1000.3,43.6,83.65370836429653,97.24876008847176,79.17938051822495,36.31058787935193,51.743690842564206,0.0,0.0,0.0,0.0,0.0,0.0,0.0,0.0
2026-09-27,EP902026,24,2026-09-29 00:00:00,2 days 00:00:00,48,14.12,-102.5,998.5,44.7,78.95480166323696,178.49854968608582,154.75712959533786,99.18884019777246,127.94499592095984,0.0,0.0,0.0,0.0,0.0,0.0,0.0,0.0
2026-09-27,EP902026,24,2026-09-29 06:00:00,2 days 06:00:00,54,14.62,-103.28,1000.7,45.6,93.80195741564074,329.5299740481794,271.8782708645537,198.09756803078653,266.27485034328663,0.0,0.0,0.0,0.0,0.0,0.0,0.0,0.0
2026-09-27,EP902026,24,2026-09-29 12:00:00,2 days 12:00:00,60,14.66,-104.22,996.0,44.8,71.270128617973,209.83980800111183,164.02128691461516,149.15155385612766,181.58701411262572,0.0,0.0,0.0,0.0,0.0,0.0,0.0,0.0
2026-09-27,EP902026,24,2026-09-29 18:00:00,2 days 18:00:00,66,15.22,-105.13,993.0,60.3,53.0469073279956,241.44186578066285,233.0715760694461,154.92208707455575,206.44087912039504,104.9608512660335,74.80468606344891,48.61193237440585,76.13617308208842,0.0,0.0,0.0,0.0
2026-09-27,EP902026,24,2026-09-30 00:00:00,3 days 00:00:00,72,15.86,-106.0,988.3,59.9,39.459547378047375,300.7642553366891,294.6906351766771,208.5343790697173,239.8671962897722,159.7144359718876,135.98701185895095,92.99138500054973,120.5823512353719,0.0,0.0,0.0,0.0
2026-09-27,EP902026,24,2026-09-30 06:00:00,3 days 06:00:00,78,16.24,-107.06,983.4,73.6,50.48666671335389,225.71782600325952,254.8642152947797,199.44309305713975,180.254273771512,123.22911255450596,110.04407050291536,85.14706010594679,99.06746390676048,50.48666671335389,20.572504163984465,18.63668001694985,22.48744269415006
2026-09-27,EP902026,24,2026-09-30 12:00:00,3 days 12:00:00,84,17.3,-107.73,972.0,74.8,6.07209888010091,235.05655121856384,227.28952697572493,198.75884755156423,217.05896385889912,116.37209757139568,90.8502674697916,75.78321578565121,101.20472378855698,52.55005823673575,43.79240517057092,36.39167923566442,45.71010359516971
2026-09-27,EP902026,24,2026-09-30 18:00:00,3 days 18:00:00,90,17.81,-108.53,964.0,96.3,42.88331661234952,178.2672105635977,203.4475409531624,157.38951323131153,144.38324898552355,72.98744915613946,66.05522641854964,52.26661438208865,57.99238900815527,50.99620757258208,43.82264461293428,37.53299834110901,42.36573343872715
2026-09-27,EP902026,24,2026-10-01 00:00:00,4 days 00:00:00,96,18.19,-109.17,964.9,91.8,21.864366146073703,170.1446463247537,166.7586181085124,145.11234483591562,169.2844984150844,69.04320194235589,60.542929116152806,55.096436487569335,64.71741868553309,50.79506029040502,43.16845068823987,36.97937149599264,44.41953429518716
2026-09-27,EP902026,24,2026-10-01 06:00:00,4 days 06:00:00,102,18.37,-110.02,968.1,85.8,40.18054553268624,213.6487523326498,211.3180359407064,201.01570643530567,196.95550962705735,111.4057887288617,104.36167813131829,96.32584213402151,106.9127222351297,68.27137022269659,60.35716340516663,53.56812639284632,60.68681196472187
2026-09-27,EP902026,24,2026-10-01 12:00:00,4 days 12:00:00,108,18.25,-110.06,980.7,73.1,31.63402161143457,187.08990099445245,190.07864503420737,199.8426516677613,202.1084522962658,90.0469763090214,85.64260582305964,80.9220652418359,88.95231628846066,45.92873891501591,42.36936927335166,38.5821463802267,42.28094583194947
2026-09-27,EP902026,24,2026-10-01 18:00:00,4 days 18:00:00,114,18.21,-110.62,977.3,67.0,30.94621286916117,152.08867882113145,125.4714611822094,145.41216767800347,152.33145309346412,77.4964801286834,72.14118776740725,67.09573879397084,69.20411540848716,30.94621286916117,12.2549830529262,12.619468924691034,12.166906252964004
2026-09-27,EP902026,24,2026-10-02 00:00:00,5 days 00:00:00,120,18.25,-110.6,982.9,67.5,24.634372519009705,120.9437082344664,152.0498507786354,99.77842269115746,107.12191656622248,62.87893017473608,59.17007086777591,45.869598176247536,51.532958003537175,33.14404328930668,28.499487035825737,24.3758377958232,26.99831665348738
2026-09-27,EP902026,24,2026-10-02 06:00:00,5 days 06:00:00,126,18.19,-110.54,990.1,56.5,45.33967075765672,177.3623200822209,186.5120035394749,162.30045417483967,160.72584490289955,45.33967075765672,27.58903294745518,21.13902974714244,20.92513981921391,0.0,0.0,0.0,0.0
2026-09-27,EP902026,24,2026-10-02 12:00:00,5 days 12:00:00,132,18.38,-110.87,985.0,53.5,56.72551137165495,183.4788153935745,206.90303106044237,172.5085353636507,157.08749050649527,56.72551137165495,39.83272153598287,28.91171595129937,30.889162002828627,0.0,0.0,0.0,0.0
2026-09-27,EP902026,24,2026-10-02 18:00:00,5 days 18:00:00,138,18.15,-110.95,986.6,65.9,45.77641747509424,123.89646565628712,109.3525426375908,126.08043236927382,143.75476643288525,60.59767529266696,56.74081594170438,50.99985221081375,53.92161681117919,45.77641747509424,25.270279346312023,21.40263755195505,23.124731660069006
2026-09-27,EP902026,24,2026-10-03 00:00:00,6 days 00:00:00,144,17.94,-110.95,981.1,61.3,25.654666042369666,119.77874387710828,131.03522332784686,119.04220185621875,126.15496136290508,79.76569526085993,73.44261021309235,49.87580251743158,60.118677007321054,0.0,0.0,0.0,0.0
2026-09-27,EP902026,24,2026-10-03 06:00:00,6 days 06:00:00,150,18.14,-110.75,986.5,60.6,44.57505790708073,156.16282429703196,183.41667987981327,130.54263722049197,129.80618358507496,93.83645900438496,83.10106523254413,55.15247100897546,71.99847651538587,0.0,0.0,0.0,0.0
2026-09-27,EP902026,24,2026-10-03 12:00:00,6 days 12:00:00,156,18.24,-110.78,986.0,64.9,41.650680371218456,112.61367283800274,144.85874158923846,128.5321494180506,108.04138013443745,62.96169395503346,63.19434099515541,51.000960324479074,48.83169755428298,41.650680371218456,24.855994547432008,20.13935720389756,21.69927302518022
2026-09-27,EP902026,24,2026-10-03 18:00:00,6 days 18:00:00,162,18.69,-110.74,985.5,59.5,32.292371512914535,114.83185813720254,144.6748300791822,117.61583974418768,97.9225155571173,68.46249524513132,66.70593978644094,46.886938195230414,46.416978291825465,0.0,0.0,0.0,0.0
2026-09-27,EP902026,24,2026-10-04 00:00:00,7 days 00:00:00,168,18.96,-110.59,974.1,73.0,27.07977047020065,180.9900021843588,230.74875710615208,152.31496085186205,150.8401483370509,84.6162988546166,91.1600380718141,62.67218283851712,62.06191868071783,28.028561989850573,27.152672379883622,22.041903101209456,24.106272615161988
2026-09-27,EP902026,24,2026-10-04 06:00:00,7 days 06:00:00,174,19.36,-110.23,982.6,67.9,45.70107799982264,170.9342691172892,205.0507080880052,148.0976181449887,138.71929618913737,92.06682423538882,93.909532067413,66.48284919929245,68.55348051468673,45.70107799982264,17.027056538982833,12.036526526673155,13.591353531244437
2026-09-27,EP902026,24,2026-10-04 12:00:00,7 days 12:00:00,180,19.72,-109.69,976.4,74.4,14.09912901610942,130.83227974894697,170.52232271580243,117.91012528717728,104.82879499123622,61.60610775583624,65.4445681582443,50.47366652814405,47.87289324748453,37.45102765676155,36.66152867023454,29.967058538601904,31.1093107043322
2026-09-27,EP902026,24,2026-10-04 18:00:00,7 days 18:00:00,186,20.41,-109.06,980.9,66.4,22.70720186764385,175.33032375386517,193.0410299465646,128.63246575859222,116.5541777638297,99.84097243041646,96.77128280294966,65.91849823633385,75.5784191440195,26.976979498317192,24.978750366894587,19.296045828229666,22.18712579644793
2026-09-27,EP902026,24,2026-10-05 00:00:00,8 days 00:00:00,192,20.95,-108.98,978.0,72.6,29.06556870109959,226.25655413622,240.727919301492,166.28201702346416,186.9419297666277,109.57221132391996,105.8434900941734,74.66436585610133,89.57975147476927,48.53778459816164,42.525812835607695,32.92004178931772,40.15768131373599
2026-09-27,EP902026,24,2026-10-05 06:00:00,8 days 06:00:00,198,21.47,-108.63,971.7,77.1,60.97196225443227,280.8948965305688,287.9728022945852,207.36795365169175,209.4453187992368,131.11916457161442,126.99019723491074,99.21519402381344,100.44777769505616,68.25302155172035,65.33534309713448,53.40347850228375,55.357938792949454
2026-09-27,EP902026,24,2026-10-05 12:00:00,8 days 12:00:00,204,22.22,-108.49,969.9,79.3,20.844092326832037,345.847218662965,331.9141629723532,229.3448239322653,263.86728875835325,145.1790138038109,127.86958994729925,87.41352044316919,99.63156590664624,26.84063979749381,23.848249060825463,15.86570595260772,18.804729613801623
2026-09-27,EP902026,24,2026-10-05 18:00:00,8 days 18:00:00,210,23.14,-108.44,969.9,86.8,41.35593178090904,256.7763165243814,249.81491296226497,210.7995921991038,223.03685929602165,132.31976977270202,119.50535638306282,95.2412664170168,105.5284337317468,73.45670552018075,67.5075736819081,53.05980324583869,60.80013981796769
2026-09-27,EP902026,24,2026-10-06 00:00:00,9 days 00:00:00,216,23.75,-108.52,971.8,77.5,42.02746357716234,270.6104787746708,241.6192825794037,178.19900002478926,241.0862204298805,123.37676263578965,105.97711705578422,77.37528950569254,95.83613465730924,71.47304124028017,65.3448694627856,50.62194210449587,59.27021772439832
2026-09-27,EP902026,24,2026-10-06 06:00:00,9 days 06:00:00,222,24.57,-108.24,970.7,73.6,3.641350644860406,191.78285229982475,159.17157965894563,127.05150811049872,143.31429082151874,106.46189980765912,88.93728112527108,63.6799064564096,81.08496942657781,29.823264530496395,24.730101762176265,18.74114045063292,24.336355636595652
2026-09-27,EP902026,24,2026-10-06 12:00:00,9 days 12:00:00,228,26.04,-108.38,993.0,42.1,135.08303994973994,150.42309806075264,149.55978936126303,82.9420063934208,98.5007044558015,0.0,0.0,0.0,0.0,0.0,0.0,0.0,0.0
2026-09-27,EP902026,24,2026-10-06 18:00:00,9 days 18:00:00,234,25.81,-108.99,1002.6,23.4,77.39380290603663,0.0,0.0,0.0,0.0,0.0,0.0,0.0,0.0,0.0,0.0,0.0,0.0
2026-09-27,WP252026,24,2026-09-27 00:00:00,0 days 00:00:00,0,24.6,127.6,964.0,89.0,22.0,102.0,121.0,102.0,93.0,,,,,,,,
2026-09-27,WP252026,24,2026-09-27 06:00:00,0 days 06:00:00,6,25.4,128.32,942.8,118.3,9.223955593126092,175.1669674152576,228.08425917320227,165.08376773694903,126.21817326047584,93.37651059932855,95.87586905883872,63.84568337202028,62.84018128528356,48.59056208237536,45.24308268078926,36.49727139412396,38.611175443631765
2026-09-27,WP252026,24,2026-09-27 12:00:00,0 days 12:00:00,12,26.01,128.98,953.8,114.7,49.56202096151753,78.00510129101565,135.1799964123586,112.6625514821543,53.05271865536986,68.5063103713261,88.96313530731993,76.73674392021212,53.05271865536986,39.98715616836341,49.56202096151753,42.42960385641118,34.2243530372354
2026-09-27,WP252026,24,2026-09-27 18:00:00,0 days 18:00:00,18,26.48,130.11,963.7,90.7,4.806050184001865,164.1857211434325,195.480793715892,182.5920677117797,157.5534245422515,78.20711372989217,95.89545562472688,69.2563977856509,60.827145580897415,54.15895818063499,53.95506018336481,44.75362005113407,42.09342325065376
2026-09-27,WP252026,24,2026-09-28 00:00:00,1 days 00:00:00,24,27.0,130.92,972.0,80.3,31.54188674036631,120.51727471968228,145.61218025075547,135.76563921305518,96.00822464737524,70.73720360648133,76.17362239516252,65.04471790513993,54.93495082819331,45.46565306672083,46.66139038242674,39.26651476318136,38.68157356103556
2026-09-27,WP252026,24,2026-09-28 06:00:00,1 days 06:00:00,30,27.51,131.6,983.8,61.9,29.365277704157904,164.14247915905133,193.0269723388339,116.18567305395288,109.05514789050054,75.4117692519039,81.352033081511,51.5048556112602,50.16581597791414,0.0,0.0,0.0,0.0
2026-09-27,WP252026,24,2026-09-28 12:00:00,1 days 12:00:00,36,27.89,132.41,992.1,56.8,37.5782767259127,100.7614989921708,147.17414142600774,83.96076417061431,88.2974094069773,61.04776118504378,60.31764957074756,40.67490467255129,45.56434502206275,0.0,0.0,0.0,0.0
2026-09-27,WP252026,24,2026-09-28 18:00:00,1 days 18:00:00,42,28.53,133.11,995.1,52.3,40.59455484795307,164.1839370712725,190.45711303540983,138.8179810842745,114.48543149281436,40.59455484795307,17.668280419759192,13.091026283346435,11.963189322580444,0.0,0.0,0.0,0.0
2026-09-27,WP252026,24,2026-09-29 00:00:00,2 days 00:00:00,48,29.34,134.12,997.4,47.2,85.66507072665867,127.79367306114798,138.0921834869078,74.63048493427767,84.24089369559921,0.0,0.0,0.0,0.0,0.0,0.0,0.0,0.0
2026-09-27,WP252026,24,2026-09-29 06:00:00,2 days 06:00:00,54,30.11,135.23,998.9,41.3,56.21883507045232,130.579779663135,151.0173187940809,93.6979260631033,86.41485156561475,0.0,0.0,0.0,0.0,0.0,0.0,0.0,0.0
2026-09-27,WP252026,24,2026-09-29 12:00:00,2 days 12:00:00,60,30.36,136.32,997.6,40.8,62.29705744312619,92.4727197051466,95.77803708794072,57.54778398096495,63.616664334868645,0.0,0.0,0.0,0.0,0.0,0.0,0.0,0.0
2026-09-27,WP252026,24,2026-09-29 18:00:00,2 days 18:00:00,66,31.27,137.83,993.5,38.7,98.76296340698948,103.73523798738154,146.94954835531888,93.11693249756698,80.38078703119751,0.0,0.0,0.0,0.0,0.0,0.0,0.0,0.0
2026-09-27,WP252026,24,2026-09-30 00:00:00,3 days 00:00:00,72,31.77,139.38,996.9,40.0,57.62274182956179,79.71947977786353,112.69944195801968,57.487791135012166,44.25881523668754,0.0,0.0,0.0,0.0,0.0,0.0,0.0,0.0
2026-09-27,WP252026,24,2026-09-30 06:00:00,3 days 06:00:00,78,32.68,141.13,994.1,37.0,92.72137897486952,167.40004015054794,238.07903112279757,163.34260613947382,123.15130803288405,0.0,0.0,0.0,0.0,0.0,0.0,0.0,0.0
2026-09-27,WP252026,24,2026-09-30 12:00:00,3 days 12:00:00,84,33.7,142.83,996.3,43.3,118.2814376814112,64.4975166851861,132.42672622558482,39.23065652757434,44.30463432225092,0.0,0.0,0.0,0.0,0.0,0.0,0.0,0.0
2026-09-27,WP252026,24,2026-09-30 18:00:00,3 days 18:00:00,90,34.51,144.59,991.7,43.9,71.57035403314332,126.72218671272782,148.1775264001104,91.4947289868958,54.68366329220147,0.0,0.0,0.0,0.0,0.0,0.0,0.0,0.0
2026-09-27,WP252026,24,2026-10-01 00:00:00,4 days 00:00:00,96,35.5,146.46,993.3,34.0,94.51049853093386,82.07160331147949,161.49263378421222,91.89198382454752,63.46212636892686,0.0,0.0,0.0,0.0,0.0,0.0,0.0,0.0
2026-09-27,WP252026,24,2026-10-01 06:00:00,4 days 06:00:00,102,36.34,148.36,998.7,30.0,87.813068447863,0.0,0.0,0.0,0.0,0.0,0.0,0.0,0.0,0.0,0.0,0.0,0.0
2026-09-27,WP252026,24,2026-10-01 12:00:00,4 days 12:00:00,108,37.75,150.87,996.5,36.0,105.99228524338506,52.61723691123495,105.99228524338506,44.59953770553657,11.722507446858677,0.0,0.0,0.0,0.0,0.0,0.0,0.0,0.0
2026-09-27,WP252026,24,2026-10-01 18:00:00,4 days 18:00:00,114,39.09,153.62,993.7,33.4,37.07104696604856,0.0,0.0,0.0,0.0,0.0,0.0,0.0,0.0,0.0,0.0,0.0,0.0
2026-09-27,WP252026,24,2026-10-02 00:00:00,5 days 00:00:00,120,41.08,157.85,997.8,32.0,126.160693776283,0.0,0.0,0.0,0.0,0.0,0.0,0.0,0.0,0.0,0.0,0.0,0.0
2026-09-27,WP252026,24,2026-10-02 06:00:00,5 days 06:00:00,126,42.07,162.36,997.8,39.1,181.61913943643617,75.19191934261426,181.61913943643617,85.85907533759905,30.07457991185765,0.0,0.0,0.0,0.0,0.0,0.0,0.0,0.0
2026-09-27,WP252026,24,2026-10-02 12:00:00,5 days 12:00:00,132,43.48,165.93,996.6,44.5,189.84444932961745,2.95523302497827,189.84444932961745,21.6982299510991,0.0,0.0,0.0,0.0,0.0,0.0,0.0,0.0,0.0
2026-09-27,AL062026,25,2026-09-27 00:00:00,0 days 00:00:00,0,29.8,-43.9,1010.0,29.0,56.0,0.0,0.0,0.0,0.0,0.0,0.0,0.0,0.0,0.0,0.0,0.0,0.0
2026-09-27,AL062026,25,2026-09-27 06:00:00,0 days 06:00:00,6,29.47,-44.28,1008.1,30.6,83.45842350316502,0.0,0.0,0.0,0.0,0.0,0.0,0.0,0.0,0.0,0.0,0.0,0.0
2026-09-27,AL062026,25,2026-09-27 12:00:00,0 days 12:00:00,12,29.55,-44.0,1008.5,27.2,66.92433233277542,0.0,0.0,0.0,0.0,0.0,0.0,0.0,0.0,0.0,0.0,0.0,0.0
2026-09-27,AL062026,25,2026-09-27 18:00:00,0 days 18:00:00,18,29.17,-44.03,1010.9,24.9,96.43680519290416,0.0,0.0,0.0,0.0,0.0,0.0,0.0,0.0,0.0,0.0,0.0,0.0
2026-09-27,AL062026,25,2026-09-28 00:00:00,1 days 00:00:00,24,28.7,-44.26,1010.0,26.3,49.61796935332024,0.0,0.0,0.0,0.0,0.0,0.0,0.0,0.0,0.0,0.0,0.0,0.0
2026-09-27,AL062026,25,2026-09-28 06:00:00,1 days 06:00:00,30,28.85,-44.98,1009.2,31.9,117.57855257247527,0.0,0.0,0.0,0.0,0.0,0.0,0.0,0.0,0.0,0.0,0.0,0.0
2026-09-27,AL062026,25,2026-09-28 12:00:00,1 days 12:00:00,36,27.55,-44.85,1012.2,27.4,149.56935865412328,0.0,0.0,0.0,0.0,0.0,0.0,0.0,0.0,0.0,0.0,0.0,0.0
2026-09-27,AL062026,25,2026-09-28 18:00:00,1 days 18:00:00,42,26.7,-45.36,1013.4,19.5,88.99780474868552,0.0,0.0,0.0,0.0,0.0,0.0,0.0,0.0,0.0,0.0,0.0,0.0
2026-09-27,AL062026,25,2026-09-29 00:00:00,2 days 00:00:00,48,26.14,-45.68,1012.7,21.9,86.23061324256575,0.0,0.0,0.0,0.0,0.0,0.0,0.0,0.0,0.0,0.0,0.0,0.0
2026-09-27,EP152026,25,2026-09-27 00:00:00,0 days 00:00:00,0,16.7,-156.1,972.0,80.0,37.0,241.0,185.0,185.0,241.0,93.0,74.0,93.0,111.0,56.0,46.0,56.0,56.0
2026-09-27,EP152026,25,2026-09-27 06:00:00,0 days 06:00:00,6,16.57,-156.89,971.9,91.5,21.012957861681976,129.1406229839647,126.3498397015894,147.83827004583856,145.9222625436758,65.096230089729,55.121003639600126,55.34144987385378,67.90359754185633,33.89321128742759,27.482029834396688,24.55515450389284,31.63954380090346
2026-09-27,EP152026,25,2026-09-27 12:00:00,0 days 12:00:00,12,16.25,-157.67,961.9,104.5,18.90445666705305,182.47216840338731,145.93688944122414,119.06039750076698,182.574256371631,95.72363098765813,74.6927186912238,60.188571261028,87.23955842430234,51.62572227764271,42.7344633616113,36.04217626332603,46.2827377920834
2026-09-27,EP152026,25,2026-09-27 18:00:00,0 days 18:00:00,18,16.03,-158.59,959.8,105.0,13.855779458679898,170.18471342621308,117.56877841997272,94.37599429087152,169.5477736159473,92.89832783734217,77.88961929488593,65.68367249612406,91.06669175925376,54.46972391372535,44.969752509502754,37.85578139835855,48.354103258308456
2026-09-27,EP152026,25,2026-09-28 00:00:00,1 days 00:00:00,24,15.98,-159.49,957.4,103.5,20.1938414109566,211.6888269756228,153.89859721909204,140.38877390143475,204.94027380286536,105.78517888665478,80.70639300159772,64.65727549184888,94.25118005842393,53.46894700887216,42.650637208302456,35.68796077268198,47.2090568230314
2026-09-27,EP152026,25,2026-09-28 06:00:00,1 days 06:00:00,30,16.27,-160.28,989.5,60.8,32.8693817633059,141.2910663130636,144.94728932650355,91.71338900934536,115.30513529387204,74.79575170065044,60.4653089597403,38.25805300326679,60.12855729064295,0.0,0.0,0.0,0.0
2026-09-27,EP152026,25,2026-09-28 12:00:00,1 days 12:00:00,36,16.67,-161.19,990.1,64.7,29.32957060726176,161.81396427281422,103.93643133730704,60.893923182274015,141.16308440779284,83.57934688382366,55.849678563355226,33.51962817265885,66.65990319198511,29.32957060726176,0.0,0.0,3.468625235900372
2026-09-27,EP152026,25,2026-09-28 18:00:00,1 days 18:00:00,42,17.56,-162.0,967.8,92.9,17.115216569070256,142.9691583766798,83.55632964103363,87.30064678653312,140.7879090134615,80.34170641708708,50.42140610435251,34.02355043181829,64.72475970550082,45.19662012758634,32.68463034746635,24.75990158704673,37.33029511895413
2026-09-27,EP152026,25,2026-09-29 00:00:00,2 days 00:00:00,48,18.53,-162.65,957.8,97.9,0.0,179.84440561218616,155.1652182187554,103.8618346311489,157.8250706420547,90.4101789786546,71.06888956515832,52.41347640424851,70.81256398565142,52.03268042026264,45.71138265516481,36.08644637623871,44.8090637200246
2026-09-27,EP152026,25,2026-09-29 06:00:00,2 days 06:00:00,54,19.39,-162.83,970.1,89.7,19.821135951855084,193.202584653086,178.17539211951822,136.67043034743662,186.35734252791883,114.98581009346948,99.69360932243616,77.35299852071554,94.28290669562722,70.45797795044767,62.9313641537241,50.601942930209006,57.86957496650095
2026-09-27,EP152026,25,2026-09-29 12:00:00,2 days 12:00:00,60,20.26,-163.06,973.7,85.0,57.80576456448351,130.75971458041818,146.6497017383474,124.01810108702142,126.34932580457982,77.62670882198103,74.31723822699524,60.64152556560896,68.9977129956032,57.80576456448351,42.10499769799745,35.29990452873537,38.52041369882008
2026-09-27,EP152026,25,2026-09-29 18:00:00,2 days 18:00:00,66,21.21,-162.9,977.8,78.2,29.193853932818456,187.28125947619992,130.8880809125476,108.5630767082148,146.8849281292205,94.808117277149,67.91233511355313,49.31957053050792,76.12779931658952,48.25034618263817,40.76285785394248,29.667642524360417,40.33760547538259
2026-09-27,EP152026,25,2026-09-30 00:00:00,3 days 00:00:00,72,21.62,-162.55,986.1,66.9,36.57219861934792,131.9237487483026,108.62833454342628,102.28500481822684,129.75739807224795,73.41981030079823,70.51582409401483,54.35693813337203,65.92136288982664,36.57219861934792,29.644002273707656,26.18936885762747,27.192909990108436
2026-09-27,EP152026,25,2026-09-30 06:00:00,3 days 06:00:00,78,21.94,-162.25,984.5,64.9,58.87835626132512,209.74031398132044,189.93079098425468,154.9200897182537,198.62197240471664,107.83053131295225,103.25222169588793,79.26084318678534,91.58303279279296,58.87835626132512,29.00176010714716,21.226774983029426,26.298813952386887
2026-09-27,EP152026,25,2026-09-30 12:00:00,3 days 12:00:00,84,21.93,-162.33,989.1,56.7,75.06566087834636,185.3380710168193,154.21048026598044,134.5314938580295,203.22536985466107,75.06566087834636,55.17049778797064,40.06941422289545,51.077145335983005,0.0,0.0,0.0,0.0
2026-09-27,EP152026,25,2026-09-30 18:00:00,3 days 18:00:00,90,22.02,-161.91,994.3,51.8,42.62445453567899,157.46187180782417,132.44353422850614,118.99446028633324,137.50473282521668,6.298418005085272,5.160008688566066,3.538748486905975,42.62445453567899,0.0,0.0,0.0,0.0
2026-09-27,EP152026,25,2026-10-01 00:00:00,4 days 00:00:00,96,22.05,-161.44,993.2,53.1,31.15751290444715,179.5125669107644,142.64337856222096,124.93753306316508,154.11641698357346,31.15751290444715,22.013881494267032,16.487949306482527,25.02837663998793,0.0,0.0,0.0,0.0
2026-09-27,EP152026,25,2026-10-01 06:00:00,4 days 06:00:00,102,21.8,-161.31,996.1,54.9,48.27883823611925,127.91805216412531,116.74139515391482,109.2930723728456,166.97515775927587,79.08485925326092,66.38964472613208,47.10885337193034,65.03680929788244,0.0,0.0,0.0,0.0
2026-09-27,EP152026,25,2026-10-01 12:00:00,4 days 12:00:00,108,21.93,-161.57,994.0,45.2,82.69498547935441,285.5041654994853,206.1003963017276,176.6528613160486,268.28701932083334,0.0,0.0,0.0,0.0,0.0,0.0,0.0,0.0
2026-09-27,EP152026,25,2026-10-01 18:00:00,4 days 18:00:00,114,22.0,-161.69,993.9,55.1,69.90422998053066,142.98697162505027,95.84826450294425,102.13302920207678,179.9668146292529,104.39924564213266,82.62147890054172,61.37615807543594,87.07161939147642,0.0,0.0,0.0,0.0
2026-09-27,EP152026,25,2026-10-02 00:00:00,5 days 00:00:00,120,22.36,-162.14,990.3,52.4,68.9636298985092,206.466889253485,147.0423926946426,101.91270352715276,161.66161950185506,68.9636298985092,48.349153419717496,33.180716023176466,50.031245737901855,0.0,0.0,0.0,0.0
2026-09-27,EP152026,25,2026-10-02 06:00:00,5 days 06:00:00,126,22.69,-162.44,993.4,45.8,106.07164418833456,232.23044254485572,192.76374144367784,140.27731431694878,175.8361561385501,0.0,0.0,0.0,0.0,0.0,0.0,0.0,0.0
2026-09-27,EP152026,25,2026-10-02 12:00:00,5 days 12:00:00,132,22.89,-162.89,994.6,49.7,92.41325140642311,277.3582631715287,203.863751427882,143.80678526334253,240.47665794561084,0.0,0.0,0.0,0.0,0.0,0.0,0.0,0.0
2026-09-27,EP152026,25,2026-10-02 18:00:00,5 days 18:00:00,138,23.28,-163.37,995.1,48.8,63.19224878730751,237.8822846519433,186.2269739039093,140.86510300480063,185.00352035213623,0.0,0.0,0.0,0.0,0.0,0.0,0.0,0.0
2026-09-27,EP152026,25,2026-10-03 00:00:00,6 days 00:00:00,144,23.76,-163.97,994.2,45.9,133.87229500538723,253.424785760195,226.7726300357691,177.0643962111584,200.93723063482216,0.0,0.0,0.0,0.0,0.0,0.0,0.0,0.0
2026-09-27,EP152026,25,2026-10-03 06:00:00,6 days 06:00:00,150,23.95,-164.22,994.8,52.5,57.13101711290138,231.54863511564184,187.9853488587416,152.04006177538955,202.6646770049616,57.13101711290138,8.149587336595548,3.861072986170261,9.930139443403204,0.0,0.0,0.0,0.0
2026-09-27,EP152026,25,2026-10-03 12:00:00,6 days 12:00:00,156,23.71,-164.69,993.5,49.1,101.33951333735398,294.5818028992917,257.64438467989095,216.5887333077178,285.8038544870669,0.0,0.0,0.0,0.0,0.0,0.0,0.0,0.0
2026-09-27,EP152026,25,2026-10-03 18:00:00,6 days 18:00:00,162,23.59,-165.11,993.7,44.4,65.93525829709743,201.50041988486868,175.50567965847472,145.30907537386145,187.31218979991115,0.0,0.0,0.0,0.0,0.0,0.0,0.0,0.0
2026-09-27,EP152026,25,2026-10-04 00:00:00,7 days 00:00:00,168,23.24,-166.32,991.9,49.7,63.485485234289456,118.2205792878896,99.13311231371858,73.36305181921037,116.11947659397264,0.0,0.0,0.0,0.0,0.0,0.0,0.0,0.0
2026-09-27,EP152026,25,2026-10-04 06:00:00,7 days 06:00:00,174,22.95,-167.88,997.5,46.5,45.95640370866749,158.3784563015215,94.787352347048,71.75645573309157,132.12964283919428,0.0,0.0,0.0,0.0,0.0,0.0,0.0,0.0
2026-09-27,EP152026,25,2026-10-04 12:00:00,7 days 12:00:00,180,22.85,-169.53,994.7,55.5,55.04826391542822,166.38099215981526,113.15702536224768,76.0871944397681,143.1857046730197,55.04826391542822,0.0,0.0,1.8574232892269045,0.0,0.0,0.0,0.0
2026-09-27,EP152026,25,2026-10-04 18:00:00,7 days 18:00:00,186,23.04,-171.49,997.5,49.4,37.99996225900415,216.70947784183085,126.65072766977288,108.2172939566971,197.88727081531675,0.0,0.0,0.0,0.0,0.0,0.0,0.0,0.0
2026-09-27,EP152026,25,2026-10-05 00:00:00,8 days 00:00:00,192,23.31,-172.84,996.8,50.4,53.78082160479623,211.29791390805184,111.21180087203628,85.14462559011542,202.6878864300928,53.78082160479623,33.947630219357634,21.753934528362223,39.140185780448725,0.0,0.0,0.0,0.0
2026-09-27,EP152026,25,2026-10-05 06:00:00,8 days 06:00:00,198,23.84,-174.43,997.5,46.9,82.7959850524845,267.69764110800725,175.1439463829701,112.6044956714522,232.6821707440712,0.0,0.0,0.0,0.0,0.0,0.0,0.0,0.0
2026-09-27,EP152026,25,2026-10-05 12:00:00,8 days 12:00:00,204,24.42,-175.61,994.5,53.9,52.32011456344832,194.11835688153255,121.53368295583788,63.11971555589097,183.0095378465548,83.3232776371629,67.50531887720084,45.18536964366661,70.20344920640812,0.0,0.0,0.0,0.0
2026-09-27,EP152026,25,2026-10-05 18:00:00,8 days 18:00:00,210,25.46,-176.99,989.8,57.9,53.60251718282902,223.94222031752355,176.28714609640534,109.96850871006036,152.53897844425512,53.60251718282902,28.21448839711607,20.4996311894161,31.176890980569475,0.0,0.0,0.0,0.0
2026-09-27,EP152026,25,2026-10-06 00:00:00,9 days 00:00:00,216,26.57,-178.25,988.8,69.3,26.01441930698805,179.09959443778007,130.0146621451434,138.41515267269395,164.55216204015238,97.80378131136322,81.24915359875627,66.95084320909095,88.44323642218154,43.23535182184389,37.60028884908074,30.541990042741617,37.72071359152413
2026-09-27,EP152026,25,2026-10-06 06:00:00,9 days 06:00:00,222,26.76,-179.5,983.3,70.7,56.06917048526756,236.97437214351828,199.1634667746269,165.35554603908383,226.74585147263429,113.1167246733396,112.08371292190628,92.35008058813624,109.43985193835236,56.06917048526756,40.10195399415488,33.396066253243504,37.1041626004627
2026-09-27,EP152026,25,2026-10-06 12:00:00,9 days 12:00:00,228,26.83,179.59,983.4,67.4,39.23425609932633,204.58678583171692,144.69830416115792,133.60126633506616,199.62086213962996,117.43379853665374,82.02511176777693,69.63068004918046,111.73420747980344,67.70952244587625,54.134459300670414,42.7767043173086,60.03541869410742
2026-09-27,EP152026,25,2026-10-06 18:00:00,9 days 18:00:00,234,26.63,178.52,984.5,77.5,45.85393710403622,195.36695225635327,132.75031616561031,142.3655956428419,201.64039480881004,101.21444236898265,74.24118163568549,63.3142702055375,91.05828568624524,45.85393710403622,19.402984600212264,16.005519202655577,25.371275983719777
2026-09-27,EP152026,25,2026-10-07 00:00:00,10 days 00:00:00,240,25.66,176.97,981.5,74.1,37.34974129465033,230.05144516132555,144.22094020889529,175.64458566706935,250.8609920799372,104.29199495054183,86.25093137896829,73.36457171549517,94.83411782900475,39.55043635400776,30.777299262742105,27.566858060931096,34.69011438696067
2026-09-27,EP152026,25,2026-10-07 06:00:00,10 days 06:00:00,246,24.74,175.34,980.1,74.1,30.15364908342117,210.7895503940132,147.0068344797265,109.15204249005848,219.71872200320288,86.27041378118781,64.35345652509429,50.10170868533921,77.2478550221987,39.91390060969112,31.496649683964048,24.98547200466809,36.33523429460071
2026-09-27,EP152026,25,2026-10-07 12:00:00,10 days 12:00:00,252,24.04,173.16,979.2,80.4,29.46549448128624,210.9446217380199,156.15935159095483,144.18001766040646,228.72795061023783,106.5875890545473,74.92103185587709,58.02404905284455,91.02965153035984,56.36415719170866,44.34699779341265,36.53761409335526,49.176220860576265
2026-09-27,EP152026,25,2026-10-07 18:00:00,10 days 18:00:00,258,23.42,170.92,983.0,71.7,27.73956330589556,151.36772975139618,144.27819033279007,106.50902174275237,135.06647115548037,80.72401419885881,63.86934195839153,45.25009762761985,66.76898423661984,27.73956330589556,17.105600656259355,13.096892977599977,21.25218271320131
2026-09-27,EP152026,25,2026-10-08 00:00:00,11 days 00:00:00,264,22.83,169.07,987.4,75.6,38.28847911003186,172.7045643601782,162.91580582646907,114.77123248182204,171.83559243905552,101.25240906870386,69.33431593192535,57.19594702403015,88.86173706148435,52.5859806906291,40.4238212601434,34.29344932505187,45.06387420022884
2026-09-27,EP152026,25,2026-10-08 06:00:00,11 days 06:00:00,270,22.32,167.18,988.1,72.1,12.473555823775996,204.6896167956945,143.00031602089825,119.7441534804958,196.62958749027663,80.42700543855858,47.69226305586096,47.32148476473151,73.60601803176462,46.78682671432347,36.076907920386645,32.23317869913501,40.09446465423287
2026-09-27,EP152026,25,2026-10-08 12:00:00,11 days 12:00:00,276,21.8,165.08,977.6,80.3,17.312585157360445,179.03046597901994,108.42013260034582,78.63866314245752,156.8097215628586,81.89429434818885,52.78773185995669,36.95002356955956,72.30704762595997,31.88237679546546,22.751630209477295,18.98796954887439,27.43250982729387
2026-09-27,EP152026,25,2026-10-08 18:00:00,11 days 18:00:00,282,21.96,163.51,991.5,47.0,51.99573222464254,203.87404559912463,165.6207735786772,110.63682047254566,149.4553330397245,0.0,0.0,0.0,0.0,0.0,0.0,0.0,0.0
2026-09-27,EP152026,25,2026-10-09 00:00:00,12 days 00:00:00,288,22.53,162.07,998.8,44.0,98.50300237653968,115.30027471712992,81.543769707725,77.17732962928562,97.1213886339664,0.0,0.0,0.0,0.0,0.0,0.0,0.0,0.0
2026-09-27,EP152026,25,2026-10-09 06:00:00,12 days 06:00:00,294,22.97,160.4,1000.0,38.8,57.32816851594544,94.6247615821303,77.18054375225438,37.103005147042495,66.52930635493522,0.0,0.0,0.0,0.0,0.0,0.0,0.0,0.0
2026-09-27,EP152026,25,2026-10-09 12:00:00,12 days 12:00:00,300,23.32,159.09,1001.2,36.2,92.21931040860828,92.21931040860828,14.459501183249357,0.0,15.955336791960766,0.0,0.0,0.0,0.0,0.0,0.0,0.0,0.0
2026-09-27,EP152026,25,2026-10-09 18:00:00,12 days 18:00:00,306,23.59,157.48,1002.0,32.9,107.67472940994216,0.0,0.0,0.0,0.0,0.0,0.0,0.0,0.0,0.0,0.0,0.0,0.0
2026-09-27,EP152026,25,2026-10-10 00:00:00,13 days 00:00:00,312,24.06,155.55,1005.3,30.2,127.37340683871928,0.0,0.0,0.0,0.0,0.0,0.0,0.0,0.0,0.0,0.0,0.0,0.0
2026-09-27,EP152026,25,2026-10-10 06:00:00,13 days 06:00:00,318,25.05,153.66,1005.2,26.7,65.54398239276291,0.0,0.0,0.0,0.0,0.0,0.0,0.0,0.0,0.0,0.0,0.0,0.0
2026-09-27,EP152026,25,2026-10-10 12:00:00,13 days 12:00:00,324,25.92,152.15,1006.0,22.1,66.00794189126972,0.0,0.0,0.0,0.0,0.0,0.0,0.0,0.0,0.0,0.0,0.0,0.0
2026-09-27,EP152026,25,2026-10-10 18:00:00,13 days 18:00:00,330,27.86,150.23,1002.7,23.5,87.70450286671814,0.0,0.0,0.0,0.0,0.0,0.0,0.0,0.0,0.0,0.0,0.0,0.0
2026-09-27,EP152026,25,2026-10-11 00:00:00,14 days 00:00:00,336,30.06,148.57,998.0,30.7,133.88565791129804,0.0,0.0,0.0,0.0,0.0,0.0,0.0,0.0,0.0,0.0,0.0,0.0
2026-09-27,EP162026,25,2026-09-27 00:00:00,0 days 00:00:00,0,20.8,-123.6,975.0,76.0,28.0,167.0,167.0,148.0,185.0,93.0,74.0,74.0,93.0,65.0,46.0,37.0,56.0
2026-09-27,EP162026,25,2026-09-27 06:00:00,0 days 06:00:00,6,21.28,-123.23,990.6,57.6,46.64244181996131,146.62409883563782,172.26620265217892,117.61724332713908,157.51411235933656,46.64244181996131,40.2773534787262,25.90344449582328,43.07617575192665,0.0,0.0,0.0,0.0
2026-09-27,EP162026,25,2026-09-27 12:00:00,0 days 12:00:00,12,22.22,-123.28,997.6,48.3,63.26099881894539,221.07716033293724,186.00820136261308,121.6222405265813,170.30373828024528,0.0,0.0,0.0,0.0,0.0,0.0,0.0,0.0
2026-09-27,EP162026,25,2026-09-27 18:00:00,0 days 18:00:00,18,22.24,-123.18,1003.3,32.6,62.044678469695725,0.0,0.0,0.0,0.0,0.0,0.0,0.0,0.0,0.0,0.0,0.0,0.0
2026-09-27,EP162026,25,2026-09-28 00:00:00,1 days 00:00:00,24,22.31,-123.15,1004.7,33.5,109.29200486913363,0.0,0.0,0.0,0.0,0.0,0.0,0.0,0.0,0.0,0.0,0.0,0.0
2026-09-27,EP162026,25,2026-09-28 06:00:00,1 days 06:00:00,30,22.33,-122.71,1003.4,26.0,66.92230603067534,0.0,0.0,0.0,0.0,0.0,0.0,0.0,0.0,0.0,0.0,0.0,0.0
2026-09-27,EP162026,25,2026-09-28 12:00:00,1 days 12:00:00,36,22.26,-122.58,1005.2,27.1,63.2017808764123,0.0,0.0,0.0,0.0,0.0,0.0,0.0,0.0,0.0,0.0,0.0,0.0
2026-09-27,EP162026,25,2026-09-28 18:00:00,1 days 18:00:00,42,21.99,-122.46,1004.6,24.6,70.26158576325997,0.0,0.0,0.0,0.0,0.0,0.0,0.0,0.0,0.0,0.0,0.0,0.0
2026-09-27,EP162026,25,2026-09-29 00:00:00,2 days 00:00:00,48,21.09,-122.4,1004.6,19.5,90.27596861284162,0.0,0.0,0.0,0.0,0.0,0.0,0.0,0.0,0.0,0.0,0.0,0.0
2026-09-27,EP162026,25,2026-09-29 06:00:00,2 days 06:00:00,54,20.68,-122.06,1006.6,24.9,84.64672796387352,0.0,0.0,0.0,0.0,0.0,0.0,0.0,0.0,0.0,0.0,0.0,0.0
2026-09-27,EP162026,25,2026-09-29 12:00:00,2 days 12:00:00,60,19.89,-121.82,1005.3,23.5,140.24707875479498,0.0,0.0,0.0,0.0,0.0,0.0,0.0,0.0,0.0,0.0,0.0,0.0
2026-09-27,EP162026,25,2026-09-29 18:00:00,2 days 18:00:00,66,19.54,-121.49,1006.2,21.5,82.77148517604473,0.0,0.0,0.0,0.0,0.0,0.0,0.0,0.0,0.0,0.0,0.0,0.0
2026-09-27,EP162026,25,2026-09-30 00:00:00,3 days 00:00:00,72,19.22,-121.5,1005.6,20.6,88.65661367550183,0.0,0.0,0.0,0.0,0.0,0.0,0.0,0.0,0.0,0.0,0.0,0.0
2026-09-27,EP172026,25,2026-09-27 00:00:00,0 days 00:00:00,0,19.0,-112.9,946.0,111.0,28.0,259.0,185.0,167.0,185.0,111.0,111.0,93.0,93.0,65.0,65.0,46.0,56.0
2026-09-27,EP172026,25,2026-09-27 06:00:00,0 days 06:00:00,6,19.99,-113.21,946.4,108.4,36.31330493918772,243.59736306042825,252.1276149663977,191.98727610638483,246.5549616876884,120.8482447588806,115.58395570405588,86.51381536621022,103.68608340246335,71.62102197655929,64.34428964312328,51.87259252758582,62.46125333664486
2026-09-27,EP172026,25,2026-09-27 12:00:00,0 days 12:00:00,12,20.57,-113.7,941.7,118.2,4.358410681922514,238.20014544434943,209.6241173352853,131.67622833670583,164.20756932315288,94.2487061942139,80.0993770690342,47.874479910512434,77.22344517567261,64.38485254419263,52.81358343047423,39.756604882688016,53.87054349544725
2026-09-27,EP172026,25,2026-09-27 18:00:00,0 days 18:00:00,18,21.68,-113.87,944.1,114.0,14.697048110048849,194.20728999237664,202.29983490824037,170.7968442557938,143.7529921215232,94.67977982072054,76.90787411713917,53.48863468122373,68.45386929591943,54.544032984019005,45.32846488544882,33.82982031148478,44.58097076957014
2026-09-27,EP172026,25,2026-09-28 00:00:00,1 days 00:00:00,24,22.55,-114.11,945.0,120.9,17.552097679963907,191.49229831208183,239.50624578024733,159.63196686319066,152.73223412124594,96.91035805456556,97.0854768481322,64.467449224609,71.70085316554054,55.82373510372258,53.71995767997379,41.80453773089784,48.58762303440085
2026-09-27,EP172026,25,2026-09-28 06:00:00,1 days 06:00:00,30,23.8,-114.15,936.1,131.9,21.548887350191208,181.0246508999745,212.03759026201996,150.13945871215589,146.57448277778622,101.54476275732054,117.18483859619644,88.07699598001662,79.15012623735277,60.26130140699881,62.00195996729806,50.78074988017149,51.85315635832089
2026-09-27,EP172026,25,2026-09-28 12:00:00,1 days 12:00:00,36,24.48,-114.08,956.0,103.3,25.082839603790696,163.76462311402793,195.36857519532,145.88087338875783,115.7519316478211,96.7549558021961,89.18363989329055,59.88543078524219,64.14809537618032,62.29503547817623,54.5573620957914,41.78884633051084,51.12873933687122
2026-09-27,EP172026,25,2026-09-28 18:00:00,1 days 18:00:00,42,25.46,-113.49,965.2,92.4,14.62359161324953,165.28735630374683,175.30164697179686,143.24193894955766,131.06576757097127,91.90416195633364,98.4661359944682,67.45293533760763,68.20259516711769,46.55374080531482,45.80447162857725,34.953027859266555,38.64263845223174
2026-09-27,EP172026,25,2026-09-29 00:00:00,2 days 00:00:00,48,26.22,-112.54,952.8,104.0,22.685086469028004,170.23399041190078,209.79010415379832,119.74099426933358,98.02413660746892,84.7315452661665,84.16697632669653,53.138907452175445,53.34445109219973,42.75848667783077,41.41138175917396,30.34710696073924,34.4438872986719
2026-09-27,EP172026,25,2026-09-29 06:00:00,2 days 06:00:00,54,27.37,-111.74,985.1,69.9,39.35858517223306,159.15742656497918,169.55008995332912,116.43768877512188,120.34559660400828,102.9310858157231,107.14405072155408,73.12340531233204,67.50680881496655,39.35858517223306,4.121901885857525,0.0,0.4491863855718423
2026-09-27,EP172026,25,2026-09-29 12:00:00,2 days 12:00:00,60,28.75,-110.75,992.4,41.6,40.60849592402287,71.37832312865882,114.7812713155554,65.52373082247001,46.42282790347713,0.0,0.0,0.0,0.0,0.0,0.0,0.0,0.0
2026-09-27,EP902026,25,2026-09-27 00:00:00,0 days 00:00:00,0,12.0,-98.6,1008.0,25.0,111.0,0.0,0.0,0.0,0.0,0.0,0.0,0.0,0.0,0.0,0.0,0.0,0.0
2026-09-27,EP902026,25,2026-09-27 06:00:00,0 days 06:00:00,6,11.93,-98.58,1003.8,32.1,125.37070490277554,0.0,0.0,0.0,0.0,0.0,0.0,0.0,0.0,0.0,0.0,0.0,0.0
2026-09-27,EP902026,25,2026-09-27 12:00:00,0 days 12:00:00,12,11.88,-98.69,1005.0,31.5,83.97869306116402,0.0,0.0,0.0,0.0,0.0,0.0,0.0,0.0,0.0,0.0,0.0,0.0
2026-09-27,EP902026,25,2026-09-27 18:00:00,0 days 18:00:00,18,12.37,-98.88,1004.2,36.8,125.73645658452526,125.73645658452526,27.490752723091987,2.5720935408481083,13.08546939460539,0.0,0.0,0.0,0.0,0.0,0.0,0.0,0.0
2026-09-27,EP902026,25,2026-09-28 00:00:00,1 days 00:00:00,24,12.56,-99.49,1002.1,34.6,91.63298090499708,91.63298090499708,30.92510253569221,20.04780745271894,41.63746651990319,0.0,0.0,0.0,0.0,0.0,0.0,0.0,0.0
2026-09-27,EP902026,25,2026-09-28 06:00:00,1 days 06:00:00,30,12.89,-100.27,1005.1,40.3,92.90331897960613,176.36432358314448,142.18492085977778,93.45894637212916,137.44114953050604,0.0,0.0,0.0,0.0,0.0,0.0,0.0,0.0
2026-09-27,EP902026,25,2026-09-28 12:00:00,1 days 12:00:00,36,13.33,-100.81,996.7,47.6,52.95321169779227,191.7112749364396,166.03018887231377,125.94480414338156,154.06542671568698,0.0,0.0,0.0,0.0,0.0,0.0,0.0,0.0
2026-09-27,EP902026,25,2026-09-28 18:00:00,1 days 18:00:00,42,13.61,-101.62,998.4,50.9,32.64905967803172,213.6766579794804,194.19933360427743,135.34677869581424,167.49448500797433,32.64905967803172,12.72541630361142,0.510610170469123,5.707031117444679,0.0,0.0,0.0,0.0
2026-09-27,EP902026,25,2026-09-29 00:00:00,2 days 00:00:00,48,13.96,-102.91,998.4,48.9,88.60404328161621,123.81270862831389,98.97591917003864,35.545848166020505,81.74228398861942,0.0,0.0,0.0,0.0,0.0,0.0,0.0,0.0
2026-09-27,EP902026,25,2026-09-29 06:00:00,2 days 06:00:00,54,14.73,-103.63,992.0,57.2,137.34262560624688,271.0164823948694,267.53247622865274,176.0507654969881,202.8309344390136,9.156881985579304,137.34262560624688,5.557108050349783,5.224459920255086,0.0,0.0,0.0,0.0
2026-09-27,EP902026,25,2026-09-29 12:00:00,2 days 12:00:00,60,15.16,-104.38,990.6,53.4,93.28476961803156,227.2831322812698,228.49841917126625,157.38720160040856,173.75626358424802,93.28476961803156,1.395090218774305,0.0,0.0,0.0,0.0,0.0,0.0
2026-09-27,EP902026,25,2026-09-29 18:00:00,2 days 18:00:00,66,15.82,-105.22,985.9,61.7,68.35496623166743,220.13722289005293,215.83250378376337,130.29551706630585,186.2789652910873,124.7989266735744,104.8639424665833,71.27046170072441,95.64020144039402,0.0,0.0,0.0,0.0
2026-09-27,EP902026,25,2026-09-30 00:00:00,3 days 00:00:00,72,16.21,-106.14,981.6,65.4,29.24989796890473,168.03201078042702,185.8771307470661,114.36722667781788,119.91699660745968,85.89669532422444,69.95957392663522,36.22279916784375,58.31459828203084,29.24989796890473,8.917969886081263,1.997136269317742,8.47625438102116
2026-09-27,EP902026,25,2026-09-30 06:00:00,3 days 06:00:00,78,16.87,-106.85,970.5,81.9,45.47530871200193,291.9280458272881,293.207026398855,224.89418720203457,245.49280337327104,135.97040620076962,120.22967633352084,92.6754115064339,116.05885674731036,64.38032956165948,55.38879683347797,45.36886357457112,53.5558804142212
2026-09-27,EP902026,25,2026-09-30 12:00:00,3 days 12:00:00,84,17.51,-107.64,967.6,87.3,24.859701394568106,202.79361140245655,231.89654966211788,169.81793437884767,166.54870028726452,105.51994782372526,100.6102106002274,74.26866170039096,83.47930855223336,63.59066992467007,57.51253384425343,46.43944918072256,53.33912355756513
2026-09-27,EP902026,25,2026-09-30 18:00:00,3 days 18:00:00,90,17.72,-108.04,965.3,92.7,27.491383046892334,227.36806810102732,241.06170355270297,165.1644905435769,156.90059721257012,105.64041306185572,90.5336267014527,60.33504692515464,74.29866876451933,53.94047823445396,46.00931280707039,33.712495819704145,43.6803371323872
2026-09-27,EP902026,25,2026-10-01 00:00:00,4 days 00:00:00,96,18.18,-108.67,952.6,105.4,20.016371392059227,200.3820382350823,220.2642830121185,154.16016293453868,159.92500050489616,71.70793950741063,61.32877125238156,41.140422640670295,54.622842061085976,37.918397753270256,32.33226275615016,24.20722465144536,31.30251542348924
2026-09-27,EP902026,25,2026-10-01 06:00:00,4 days 06:00:00,102,18.02,-109.39,970.9,82.8,19.665454956667052,224.9099468261702,212.6415675309761,201.6648157189196,222.8109558256908,112.86542413286044,100.52018261181972,91.42382930367874,105.85145029960394,67.2050925078297,61.93988121774761,52.93302034890057,59.51760206160647
2026-09-27,EP902026,25,2026-10-01 12:00:00,4 days 12:00:00,108,18.23,-109.48,981.8,76.8,16.59461590229948,189.51193007408483,206.0759803032865,189.9920726080932,158.13960531524708,95.32957412961343,82.59489973423598,72.39204428029024,83.1223759081899,29.26067163759818,25.167109394939114,21.505446674427105,24.984138793994923
2026-09-27,EP902026,25,2026-10-01 18:00:00,4 days 18:00:00,114,18.13,-109.71,979.2,67.9,42.48974129486939,167.9298705723268,164.83824764185496,164.973110174464,186.58607954488457,110.54157563223734,95.81471080635372,83.2207617904219,101.29522536397046,42.9828690715113,36.755209486993394,32.34726518066283,37.9707565493592
2026-09-27,EP902026,25,2026-10-02 00:00:00,5 days 00:00:00,120,18.48,-109.88,982.2,62.8,45.16652623404233,183.92722137497023,194.0026032768448,155.9176061112436,150.7433079823448,98.14172736338524,92.65473573155222,68.46773609986937,76.02880962924661,0.0,0.0,0.0,0.0
2026-09-27,EP902026,25,2026-10-02 06:00:00,5 days 06:00:00,126,18.77,-110.1,980.5,63.6,56.57565593941909,183.42771362322375,194.96742761974755,183.39588110338332,153.93349624893,102.42966120001653,92.30890905048298,74.16578294358472,83.22263830880459,0.0,0.0,0.0,0.0
2026-09-27,EP902026,25,2026-10-02 12:00:00,5 days 12:00:00,132,18.64,-110.26,986.5,58.4,73.64248349562158,166.40294225414064,194.23232088230768,161.82358643383924,166.21993164504065,80.87663820920883,74.25833977596031,54.917118803177694,61.58195011571684,0.0,0.0,0.0,0.0
2026-09-27,EP902026,25,2026-10-02 18:00:00,5 days 18:00:00,138,19.17,-110.23,983.6,61.3,51.49695395958452,193.26818833811225,218.07164039843468,150.90096439935934,130.13484626560137,78.09270088883393,69.93531208100914,48.06203528894335,51.616203866465966,0.0,0.0,0.0,0.0
2026-09-27,EP902026,25,2026-10-03 00:00:00,6 days 00:00:00,144,19.64,-110.65,977.6,60.6,68.35942551746474,261.8686461859518,296.5420406967955,192.0247878191904,213.1028501872201,137.0333563891956,115.83191971292554,85.42604895135645,105.92252736408116,0.0,0.0,0.0,0.0
2026-09-27,EP902026,25,2026-10-03 06:00:00,6 days 06:00:00,150,19.53,-111.11,980.0,68.1,22.825291107121657,209.18741597497169,217.652709458459,156.80545300862426,188.65176969013675,92.59867103264034,75.64551651073276,53.44560178655886,70.37532253231187,22.825291107121657,0.7298660590547184,0.0,3.929579240925845
2026-09-27,EP902026,25,2026-10-03 12:00:00,6 days 12:00:00,156,19.9,-111.18,970.1,78.9,40.531914465215536,189.0137957617953,204.28882301231917,180.47032410373532,183.8050851616688,90.69624718864785,87.4331667726374,75.15028412653189,79.1320163795582,53.400430954671336,47.431403012311925,41.71567815547344,47.05426697421095
2026-09-27,EP902026,25,2026-10-03 18:00:00,6 days 18:00:00,162,19.91,-111.46,969.6,78.7,25.798660343906334,187.9348843327056,209.1183521954841,181.27855281262865,176.92122054134086,106.14625762582791,97.45743706919868,78.96420248027778,88.91570116167472,54.60302658246674,49.50300170289026,41.58913533576075,48.06966002675948
2026-09-27,EP902026,25,2026-10-04 00:00:00,7 days 00:00:00,168,20.0,-111.45,970.8,71.9,19.090157393242063,167.18533333137086,168.50574748997957,161.48347748781168,165.29644037809828,75.66847603386373,74.89460710312089,65.35986376412872,60.98114205351396,27.878431060830465,27.534056706764623,24.35952524308083,23.519869985195307
2026-09-27,EP902026,25,2026-10-04 06:00:00,7 days 06:00:00,174,20.57,-111.76,975.8,68.1,8.608402415632185,213.4912012516944,220.5695709648462,189.56511582340863,172.07611466767662,122.79633771280646,104.42241371846666,76.21749062208039,91.14781998667394,24.31494503033568,20.66454495061228,15.975619000304556,19.02254035445253
2026-09-27,EP902026,25,2026-10-04 12:00:00,7 days 12:00:00,180,20.88,-112.12,981.2,62.0,49.64163887964469,176.15126013175492,193.0829985631152,162.9695041742716,155.6073607029342,110.95299476491826,98.57390718462035,70.48669173003304,83.60738289940781,0.0,0.0,0.0,0.0
2026-09-27,EP902026,25,2026-10-04 18:00:00,7 days 18:00:00,186,21.31,-112.76,986.0,60.7,36.0353529375941,155.4451741189996,164.53115317286574,126.68745495898338,129.2915720176511,110.32112097519166,93.32617162533144,61.703020648089705,81.78468276203057,0.0,0.0,0.0,0.0
2026-09-27,EP902026,25,2026-10-05 00:00:00,8 days 00:00:00,192,21.9,-113.5,986.7,53.9,93.1350857361779,239.7282218996016,233.6529975779245,171.71960438035674,188.2102613199468,93.1350857361779,12.173471366481488,7.232879761294195,12.152800436367604,0.0,0.0,0.0,0.0
2026-09-27,EP902026,25,2026-10-05 06:00:00,8 days 06:00:00,198,22.38,-114.17,986.1,51.3,22.0404521866362,206.04032989161203,176.97945072081677,105.8881361263004,160.3442301435372,47.62845906304063,40.43311241616596,19.883145920654396,31.02911897256517,0.0,0.0,0.0,0.0
2026-09-27,EP902026,25,2026-10-05 12:00:00,8 days 12:00:00,204,23.3,-115.22,989.4,54.3,65.66633600780095,249.35915360559017,222.8429686526686,161.7820096557401,195.28552004519352,65.66633600780095,17.19327871031722,9.68629537752355,20.21979168521201,0.0,0.0,0.0,0.0
2026-09-27,EP902026,25,2026-10-05 18:00:00,8 days 18:00:00,210,23.94,-115.81,982.5,60.6,37.15178220712976,212.64076211858776,208.58355447166616,144.1449940496692,153.34556448729336,48.98226615296292,39.48713673920153,24.45501417956487,33.49809983149054,0.0,0.0,0.0,0.0
2026-09-27,EP902026,25,2026-10-06 00:00:00,9 days 00:00:00,216,24.95,-116.66,975.9,72.8,36.74645616559568,235.61702033523937,219.19105658800203,143.32766479586076,183.6982007377185,113.98988685884864,96.09834947351838,67.60727487270776,88.60476705732485,52.0299480880993,44.97408449226185,33.85916113819161,41.70418500659592
2026-09-27,EP902026,25,2026-10-06 06:00:00,9 days 06:00:00,222,25.73,-117.56,982.8,59.2,48.59181308763834,191.97724845870405,160.19201480789843,132.62222285053576,190.4705900057725,127.83621836713336,99.22967267802152,66.68700274550753,107.2185973383164,0.0,0.0,0.0,0.0
2026-09-27,EP902026,25,2026-10-06 12:00:00,9 days 12:00:00,228,26.61,-118.45,989.6,55.8,76.38349600881575,288.629315262398,256.6811151424332,169.3829619475825,230.5640356187808,76.38349600881575,45.46655530003592,24.95595466301973,39.43858698595999,0.0,0.0,0.0,0.0
2026-09-27,EP902026,25,2026-10-06 18:00:00,9 days 18:00:00,234,27.43,-119.8,987.8,54.7,85.91530238360461,247.1304156879056,199.71163402714043,123.05133699670051,169.22416224725862,85.91530238360461,60.65117650101509,39.20910020416995,56.08192535114395,0.0,0.0,0.0,0.0
2026-09-27,EP902026,25,2026-10-07 00:00:00,10 days 00:00:00,240,28.01,-120.52,991.6,50.6,102.89918661055704,263.94185396585186,225.56055820659935,152.01066014394587,212.47591989302416,102.89918661055704,9.49935463115858,3.555186539692643,11.81182989934148,0.0,0.0,0.0,0.0
2026-09-27,EP902026,25,2026-10-07 06:00:00,10 days 06:00:00,246,28.49,-121.4,998.8,39.3,88.8681054169985,110.36183998891676,80.53260895665701,41.34941571548379,75.59864461047854,0.0,0.0,0.0,0.0,0.0,0.0,0.0,0.0
2026-09-27,EP902026,25,2026-10-07 12:00:00,10 days 12:00:00,252,29.26,-122.22,998.0,39.1,76.77893938163135,76.77893938163135,29.107692895154702,20.734269434125263,33.53214503595009,0.0,0.0,0.0,0.0,0.0,0.0,0.0,0.0
2026-09-27,EP902026,25,2026-10-07 18:00:00,10 days 18:00:00,258,30.03,-122.99,1003.3,28.1,43.633718951332185,0.0,0.0,0.0,0.0,0.0,0.0,0.0,0.0,0.0,0.0,0.0,0.0
2026-09-27,EP902026,25,2026-10-08 00:00:00,11 days 00:00:00,264,30.8,-123.53,1003.9,20.5,104.92095478638072,0.0,0.0,0.0,0.0,0.0,0.0,0.0,0.0,0.0,0.0,0.0,0.0
2026-09-27,EP902026,25,2026-10-08 06:00:00,11 days 06:00:00,270,31.94,-124.5,1005.6,18.2,111.5985881168602,0.0,0.0,0.0,0.0,0.0,0.0,0.0,0.0,0.0,0.0,0.0,0.0
2026-09-27,EP902026,25,2026-10-08 12:00:00,11 days 12:00:00,276,32.9,-124.98,1006.8,21.3,146.29249440486092,0.0,0.0,0.0,0.0,0.0,0.0,0.0,0.0,0.0,0.0,0.0,0.0
2026-09-27,EP902026,25,2026-10-08 18:00:00,11 days 18:00:00,282,33.75,-126.63,1009.3,15.1,88.99745452807646,0.0,0.0,0.0,0.0,0.0,0.0,0.0,0.0,0.0,0.0,0.0,0.0
2026-09-27,WP252026,25,2026-09-27 00:00:00,0 days 00:00:00,0,24.6,127.6,964.0,89.0,22.0,102.0,121.0,102.0,93.0,,,,,,,,
2026-09-27,WP252026,25,2026-09-27 06:00:00,0 days 06:00:00,6,25.29,128.2,945.5,111.7,14.598647698764267,160.84082175998503,198.4210174339214,165.0397914446561,144.76352715332683,100.18719238481935,101.79072460137326,72.35840089756829,74.61283259210302,52.037493666192745,51.00120435656044,40.44627547979505,41.68746818541797
2026-09-27,WP252026,25,2026-09-27 12:00:00,0 days 12:00:00,12,25.93,129.21,943.6,119.6,35.83152083754546,124.03269037647658,172.24428692988266,142.41278319021734,76.7903261380397,70.09473966944441,92.69032661589983,74.70360679255559,53.52807096081875,43.10851839016176,45.87508596849858,39.60034978113482,37.85018893466562
2026-09-27,WP252026,25,2026-09-27 18:00:00,0 days 18:00:00,18,26.62,129.72,944.6,113.1,0.0,149.67810694292518,173.7786082117459,82.72889152320998,109.29447102806334,56.50500249502336,59.92101832796318,36.93786808561267,39.65796184704442,29.75127529461262,29.911500511705245,25.313059135250946,23.31186153152445
2026-09-27,WP252026,25,2026-09-28 00:00:00,1 days 00:00:00,24,27.03,130.76,976.0,74.4,53.938757375902,110.9839790242214,127.32057691439144,53.55661407843641,63.72927944588776,86.66518537125484,79.99385736426552,50.949655098152434,63.72927944588776,53.938757375902,37.48628829101203,25.748262893959364,30.423598171980423
2026-09-27,WP252026,25,2026-09-28 06:00:00,1 days 06:00:00,30,27.91,131.67,986.6,58.8,17.543417936107964,86.3844010651672,143.47127901924316,92.2934669149242,79.06883804843291,61.4806186649719,68.29530600965924,44.73462869657372,46.30052865160295,0.0,0.0,0.0,0.0
2026-09-27,WP252026,25,2026-09-28 12:00:00,1 days 12:00:00,36,28.34,132.69,992.6,52.6,41.24160698404288,140.31055861292276,184.35273914788215,125.26371586938188,104.6775752733982,17.113043198233555,41.24160698404288,12.553884121080545,9.239003585739326,0.0,0.0,0.0,0.0
2026-09-27,WP252026,25,2026-09-28 18:00:00,1 days 18:00:00,42,29.65,133.91,998.1,43.7,46.510364740218336,129.00090045124324,143.3205739597691,99.16973467733932,88.77839214397216,0.0,0.0,0.0,0.0,0.0,0.0,0.0,0.0
2026-09-27,WP252026,25,2026-09-29 00:00:00,2 days 00:00:00,48,30.27,135.14,997.4,46.2,47.83109941358945,172.13835805072875,192.61971008846905,121.31241678135277,127.81584824648928,0.0,0.0,0.0,0.0,0.0,0.0,0.0,0.0
2026-09-27,WP252026,25,2026-09-29 06:00:00,2 days 06:00:00,54,31.21,137.12,991.5,44.5,71.08494017644927,168.21184770556204,186.03892226118683,145.9043526581545,123.70502968366644,0.0,0.0,0.0,0.0,0.0,0.0,0.0,0.0
2026-09-27,WP252026,25,2026-09-29 12:00:00,2 days 12:00:00,60,32.17,139.62,998.9,42.4,111.63805905559428,105.42480078629605,151.07135809815773,61.13409365602323,75.86235794934034,0.0,0.0,0.0,0.0,0.0,0.0,0.0,0.0
2026-09-27,WP252026,25,2026-09-29 18:00:00,2 days 18:00:00,66,33.9,142.16,1000.9,33.0,91.54298208495078,0.0,0.0,0.0,0.0,0.0,0.0,0.0,0.0,0.0,0.0,0.0,0.0
2026-09-27,WP252026,25,2026-09-30 00:00:00,3 days 00:00:00,72,34.92,145.37,999.3,39.2,100.90203778557192,49.43515949454216,105.75309622994897,36.275970294754735,13.217305740902004,0.0,0.0,0.0,0.0,0.0,0.0,0.0,0.0
2026-09-27,WP252026,25,2026-09-30 06:00:00,3 days 06:00:00,78,36.0,148.85,993.3,41.6,161.53612095895642,284.67560543586296,318.4027102811833,246.223027067781,226.8836255101478,0.0,0.0,0.0,0.0,0.0,0.0,0.0,0.0
2026-09-27,WP252026,25,2026-09-30 12:00:00,3 days 12:00:00,84,35.97,150.63,996.6,38.2,124.35318540023036,61.21772871006942,124.35318540023036,72.0219418636716,53.28709652310136,0.0,0.0,0.0,0.0,0.0,0.0,0.0,0.0
2026-09-27,WP252026,25,2026-09-30 18:00:00,3 days 18:00:00,90,36.59,153.76,997.0,37.8,12.901771681601735,66.97443523726639,78.62777402990444,24.31444074605953,30.41312665276397,0.0,0.0,0.0,0.0,0.0,0.0,0.0,0.0
2026-09-27,WP252026,25,2026-10-01 00:00:00,4 days 00:00:00,96,37.15,155.94,1003.5,30.2,59.01191555365983,0.0,0.0,0.0,0.0,0.0,0.0,0.0,0.0,0.0,0.0,0.0,0.0
2026-09-27,WP252026,25,2026-10-01 06:00:00,4 days 06:00:00,102,37.31,157.37,1003.8,30.6,107.15157149968712,0.0,0.0,0.0,0.0,0.0,0.0,0.0,0.0,0.0,0.0,0.0,0.0
2026-09-27,WP252026,25,2026-10-01 12:00:00,4 days 12:00:00,108,37.95,158.41,1006.1,28.1,124.45716269403349,0.0,0.0,0.0,0.0,0.0,0.0,0.0,0.0,0.0,0.0,0.0,0.0
2026-09-27,WP252026,25,2026-10-01 18:00:00,4 days 18:00:00,114,38.26,159.65,1005.5,20.2,99.5475841848878,0.0,0.0,0.0,0.0,0.0,0.0,0.0,0.0,0.0,0.0,0.0,0.0
2026-09-27,AL062026,26,2026-09-27 00:00:00,0 days 00:00:00,0,29.8,-43.9,1010.0,29.0,56.0,0.0,0.0,0.0,0.0,0.0,0.0,0.0,0.0,0.0,0.0,0.0,0.0
2026-09-27,AL062026,26,2026-09-27 06:00:00,0 days 06:00:00,6,30.0,-44.1,1009.2,24.9,93.0126232685956,0.0,0.0,0.0,0.0,0.0,0.0,0.0,0.0,0.0,0.0,0.0,0.0
2026-09-27,EP152026,26,2026-09-27 00:00:00,0 days 00:00:00,0,16.7,-156.1,972.0,80.0,37.0,241.0,185.0,185.0,241.0,93.0,74.0,93.0,111.0,56.0,46.0,56.0,56.0
2026-09-27,EP152026,26,2026-09-27 06:00:00,0 days 06:00:00,6,16.48,-156.79,974.9,89.5,15.30139081418983,154.49327024033468,124.29886703725818,117.43960258766312,150.88213200548066,77.61295020583304,58.88064228660805,57.567646509061255,75.46967626775131,38.87932841068899,32.17699173084665,26.78603336326767,34.8258450519105
2026-09-27,EP152026,26,2026-09-27 12:00:00,0 days 12:00:00,12,16.4,-157.7,953.6,110.3,25.213647298068768,161.2434931212373,118.9508883146466,150.3236702516896,160.29923414204893,71.4920070936286,55.17294160863196,53.91184473422548,76.38355364992246,48.342191536006766,39.45172323266941,32.08400206744773,44.86801210122669
2026-09-27,EP152026,26,2026-09-27 18:00:00,0 days 18:00:00,18,16.32,-158.78,956.9,108.1,28.43989219186531,184.02390394970527,138.59741858391905,130.75300806524157,186.8901017608784,93.93350646338224,75.98545793936013,67.6113076127045,96.6589276754376,65.10775674900299,54.48528080427916,46.04263930724223,59.71016831854406
2026-09-27,EP152026,26,2026-09-28 00:00:00,1 days 00:00:00,24,16.34,-159.92,947.2,111.8,13.271433634274096,193.499253939271,158.1048085004035,142.8030511393636,176.5726863628725,111.71283364131716,86.22227097781992,70.78176144848298,103.41891694215924,66.30165949731244,52.3982815929924,43.0677439003453,60.11239477536154
2026-09-27,EP152026,26,2026-09-28 06:00:00,1 days 06:00:00,30,16.44,-161.06,955.2,106.0,57.4361159904567,203.77595176627293,161.22821625526387,130.78536380635308,176.432263767743,97.3066008157167,77.69477591702304,67.14827599539416,87.34156130978616,57.4361159904567,40.73008161763438,35.50660507667202,44.2184091795904
2026-09-27,EP152026,26,2026-09-28 12:00:00,1 days 12:00:00,36,17.04,-162.03,946.2,116.2,0.492730322656584,179.9454168556528,135.667604895495,150.5913057651254,180.57497681777025,107.39669402872266,85.17750241446882,71.20120679562794,101.29537257347503,73.90240567097655,59.06658210332657,46.79594919209052,65.23480152637023
2026-09-27,EP152026,26,2026-09-28 18:00:00,1 days 18:00:00,42,17.67,-162.64,947.3,117.5,0.0995366544031597,231.02672229485628,209.70332405119044,153.21068660776285,214.00831917249224,109.77155972160996,88.21113997708213,62.06266318138891,91.73149109483172,71.95368105901981,56.833814868761465,44.23244493348996,61.9938895746105
2026-09-27,EP152026,26,2026-09-29 00:00:00,2 days 00:00:00,48,19.02,-163.55,952.2,114.2,28.904321366983663,183.4931262684944,149.99535109657694,143.17334295681712,149.80821697485936,114.86442832920426,97.69427694642675,82.05385905797804,101.21334249953524,55.68254970378554,45.27270603444732,34.78870145084696,49.66599967146025
2026-09-27,EP152026,26,2026-09-29 06:00:00,2 days 06:00:00,54,19.89,-163.91,955.7,103.7,27.589265566494944,164.34077909229728,128.4530572052476,122.8330962271662,137.24781395491829,97.9831399119931,78.04107577862868,63.44158805665273,78.6584224538998,50.84375538642794,40.63202554565117,32.488442144287546,43.96548530159329
2026-09-27,EP152026,26,2026-09-29 12:00:00,2 days 12:00:00,60,21.02,-164.25,956.3,97.8,9.720429790989217,287.32999918318,214.02344845991547,90.6974461963988,217.05834470955503,118.72779657029582,90.27985164877532,50.63168157946694,89.73998762584677,57.49490071154838,47.29493411718835,34.39941192513248,45.43003414838017
2026-09-27,EP152026,26,2026-09-29 18:00:00,2 days 18:00:00,66,21.99,-164.4,970.1,78.3,43.59214529209265,240.42222956068775,177.80350815323618,151.2095766458576,221.19198285492809,120.60441568166834,102.81296321720164,79.2651864323773,97.7696328791555,73.33396352036797,67.26228225073481,51.66590998515696,61.09655727245063
2026-09-27,EP152026,26,2026-09-30 00:00:00,3 days 00:00:00,72,22.49,-164.61,986.2,61.8,59.346274689725306,167.99504836897336,122.87088148290697,123.18258613445973,178.10022708774113,95.47920531715954,75.66260584008376,61.21972412428863,79.32360858551874,0.0,0.0,0.0,0.0
2026-09-27,EP152026,26,2026-09-30 06:00:00,3 days 06:00:00,78,22.79,-164.89,985.7,57.5,53.500622075850885,231.51727314680625,198.68125592914404,162.06532409690874,194.3514257143656,91.01096900933788,73.42168779154233,55.0191512001848,73.4803721974738,0.0,0.0,0.0,0.0
2026-09-27,EP152026,26,2026-09-30 12:00:00,3 days 12:00:00,84,22.41,-164.62,989.0,58.6,66.23346058344532,217.12080123405835,217.78661648298475,207.7646790645888,225.86538249497417,94.90434098886033,87.29855426047888,67.1786986697596,74.72534138867442,0.0,0.0,0.0,0.0
2026-09-27,EP152026,26,2026-09-30 18:00:00,3 days 18:00:00,90,22.18,-164.47,984.9,57.2,97.31603513037224,236.51920674792,205.0510549444421,201.13643518071245,253.13135596219013,97.31603513037224,40.81793266749962,28.543973698306363,38.86910796119797,0.0,0.0,0.0,0.0
2026-09-27,EP152026,26,2026-10-01 00:00:00,4 days 00:00:00,96,22.32,-164.66,990.8,51.9,81.5407105751215,225.08737852885608,157.59974620575497,153.94145841463808,238.38339431757467,81.5407105751215,55.77152203709786,45.630081466494566,62.67133104090059,0.0,0.0,0.0,0.0
2026-09-27,EP152026,26,2026-10-01 06:00:00,4 days 06:00:00,102,22.51,-164.91,996.9,50.1,95.37023994865808,242.79575920981827,168.02956820295378,139.46649498793724,231.0248694739793,95.37023994865808,37.48459006206672,29.13388023663478,44.59853316131642,0.0,0.0,0.0,0.0
2026-09-27,EP152026,26,2026-10-01 12:00:00,4 days 12:00:00,108,22.47,-165.28,987.7,57.2,52.93021619224984,211.52634671291156,150.96344745926314,110.77556730693316,189.34447303896,78.78118210532048,62.56553212366606,46.73445095956182,68.21387751852798,0.0,0.0,0.0,0.0
2026-09-27,EP152026,26,2026-10-01 18:00:00,4 days 18:00:00,114,22.77,-166.09,984.9,53.5,64.72577537603769,208.05996077216983,138.08301055661445,139.609835167146,202.53422834057315,101.7590085734642,81.95781495039749,64.09003942619307,84.80760863488175,0.0,0.0,0.0,0.0
2026-09-27,EP152026,26,2026-10-02 00:00:00,5 days 00:00:00,120,23.06,-166.28,987.5,50.9,83.84887231160712,207.96039600623808,176.5781930281005,168.21196265467773,204.36046780670648,83.84887231160712,20.58583735209592,17.763010660776608,26.236904714677244,0.0,0.0,0.0,0.0
2026-09-27,EP152026,26,2026-10-02 06:00:00,5 days 06:00:00,126,23.51,-166.96,990.6,49.8,58.2959217375026,248.6473836067097,156.36928521032672,126.42600770554976,225.5297769393137,0.0,0.0,0.0,0.0,0.0,0.0,0.0,0.0
2026-09-27,EP152026,26,2026-10-02 12:00:00,5 days 12:00:00,132,23.56,-167.33,986.8,56.6,64.96446588132864,141.6814346798647,143.3623160732859,117.32436015820446,144.40828556840822,96.59651063744786,81.3447022793993,57.55416573651611,77.16829464840919,0.0,0.0,0.0,0.0
2026-09-27,EP152026,26,2026-10-02 18:00:00,5 days 18:00:00,138,24.0,-167.38,991.1,53.6,52.252038905458,213.9888561628541,168.25984427990457,109.93410591449984,192.67328068956664,70.95042771187482,52.07963903073573,28.4082923660075,50.876279806761744,0.0,0.0,0.0,0.0
2026-09-27,EP152026,26,2026-10-03 00:00:00,6 days 00:00:00,144,23.83,-168.03,981.9,61.5,60.70926722415707,205.27955110994583,155.73007089620526,140.50927243038225,224.60806892225207,66.13549708699577,49.030054655613,39.37525012279959,55.837870224615074,0.0,0.0,0.0,0.0
2026-09-27,EP152026,26,2026-10-03 06:00:00,6 days 06:00:00,150,23.72,-168.69,983.3,66.0,30.241280370658377,165.49242681232403,133.534273239432,137.6568238010482,169.4677363613628,101.941204722773,75.93485007062279,61.6576962516608,85.45396328196558,30.241280370658377,15.437767268172143,13.007373490561523,20.56735855064015
2026-09-27,EP152026,26,2026-10-03 12:00:00,6 days 12:00:00,156,23.32,-169.97,990.4,62.2,44.28742935396912,160.82543008357217,93.8274781394026,92.38891731148888,179.79689924486007,44.28742935396912,29.499973625116944,23.886738179384928,37.735207948093965,0.0,0.0,0.0,0.0
2026-09-27,EP152026,26,2026-10-03 18:00:00,6 days 18:00:00,162,23.17,-171.27,993.5,54.9,47.10656667433088,249.9989941168369,161.45970922862534,124.05976315438272,235.65611134477007,107.5659483406938,84.39628623682847,58.27878100773347,84.53746853103297,0.0,0.0,0.0,0.0
2026-09-27,EP152026,26,2026-10-04 00:00:00,7 days 00:00:00,168,22.82,-172.91,987.1,61.4,34.932501331612,162.4826557270139,124.20171302969776,80.98366705846786,145.17484075258574,65.6435274879646,53.54399677583086,35.07400392679318,48.95086049315455,0.0,0.0,0.0,0.0
2026-09-27,EP152026,26,2026-10-04 06:00:00,7 days 06:00:00,174,22.92,-174.36,987.8,68.9,21.602196324416752,183.67911267755608,133.8743004067152,63.83419635307779,172.88708754499726,65.17005286643858,50.17945095650667,32.36273021474855,60.38262387212494,21.602196324416752,11.925578255385185,8.564725175731756,16.336064797144445
2026-09-27,EP152026,26,2026-10-04 12:00:00,7 days 12:00:00,180,23.04,-175.85,985.0,74.0,5.835077762841024,176.80544318060106,130.27489974526756,103.49747322687222,175.92172117453987,100.48971624301876,80.41020530620509,57.94427424719024,88.1258664443289,44.4439662714904,36.46333869762296,28.75859303093049,39.52672931400603
2026-09-27,EP152026,26,2026-10-04 18:00:00,7 days 18:00:00,186,23.82,-177.69,984.1,67.2,20.288666317377988,195.98972212018052,132.18417438780432,107.03731813616946,186.39869429817304,108.75138794091208,80.75252518623148,56.515741130045086,93.272898196555,64.86785654123855,53.100925538760265,40.342696665662,56.5682290997043
2026-09-27,EP152026,26,2026-10-05 00:00:00,8 days 00:00:00,192,24.07,-179.61,967.3,89.7,29.21153908497162,228.58460427297763,189.75938536478571,126.48999084894206,212.006865620833,115.97396420949327,96.43338026341256,67.63903077690162,97.76301968602496,68.7766142068512,54.82902787312961,41.48481851587102,56.747096708467
2026-09-27,EP152026,26,2026-10-05 06:00:00,8 days 06:00:00,198,24.55,178.8,963.3,95.5,29.373142729834484,228.8268671967057,163.2316793362969,134.5762063386419,217.0406272729172,118.22333301660592,93.01761417889298,66.00701044467854,108.1830838402782,73.83188662265673,61.29285871826983,45.38511385366616,65.69016288523471
2026-09-27,EP152026,26,2026-10-05 12:00:00,8 days 12:00:00,204,25.04,176.7,963.3,98.0,14.468604169530977,256.58659165642985,175.45786605256376,159.24348442926748,227.8407387623506,120.81856189974314,94.17155216671551,69.9965073292243,106.45678123382606,61.30047172932143,49.90547011527349,37.70748495429007,54.33143906442842
2026-09-27,EP152026,26,2026-10-05 18:00:00,8 days 18:00:00,210,25.47,174.69,956.1,104.4,7.60526125742545,321.3379192354328,257.6935370629272,184.19416156305147,258.1050014888632,150.76498915139177,121.51694660835214,81.67920694198774,123.62623269757025,70.1829855887728,58.783516729176,46.0855399866538,60.51799402526748
2026-09-27,EP152026,26,2026-10-06 00:00:00,9 days 00:00:00,216,25.99,173.12,968.2,91.5,34.67514278373523,211.89152650149884,196.8124127880632,124.41045631488004,156.4656486343431,133.50036918493677,107.60957384728312,73.59421598508868,105.42444663404044,63.72597080358186,52.49654191919706,37.37663637253082,53.47225490287467
2026-09-27,EP152026,26,2026-10-06 06:00:00,9 days 06:00:00,222,26.4,171.37,962.9,96.0,26.14301159471949,242.80119153343327,204.68241412509752,150.08650177595308,197.92457439897,116.9448466794278,91.59355676646445,67.28307801544136,95.8421747565233,67.26794456825175,54.44699982925385,41.14448154652276,57.18979420994002
2026-09-27,EP152026,26,2026-10-06 12:00:00,9 days 12:00:00,228,27.32,169.58,970.2,90.6,27.063125686694235,240.4998423353228,211.6944090463121,126.96739508895304,164.6891825603392,120.82200390931143,94.06230117998749,58.64868366944644,89.61468172021011,51.84001553296504,40.00174192553894,28.98528264323821,42.53737100145312
2026-09-27,EP152026,26,2026-10-06 18:00:00,9 days 18:00:00,234,28.03,168.38,973.7,86.3,24.969920597765217,260.28751489906097,249.3154727934713,189.6050963074211,191.2593276523185,122.99196760154184,109.993161095532,74.07001803017073,90.41101216972284,52.50539159111951,46.65736110571076,36.303759417953295,44.74132078564051
2026-09-27,EP152026,26,2026-10-07 00:00:00,10 days 00:00:00,240,28.97,167.77,971.6,86.0,16.16726850201947,212.38585563643124,224.1236158737604,191.8279784873364,194.4842251464228,113.71148883123344,102.92131346672672,73.43050522678699,84.92727953709662,50.11779732556918,41.74712246910909,31.418636960877286,40.15747011740276
2026-09-27,EP152026,26,2026-10-07 06:00:00,10 days 06:00:00,246,29.79,167.9,980.2,73.0,24.517140831321758,196.15974840093327,212.4007683242159,160.80252666246133,161.34962680592415,96.8049659916797,89.19162747129457,58.33123330383519,65.90674705293921,33.43309667706906,30.80804653762972,22.21988420714529,24.310643196347712
2026-09-27,EP152026,26,2026-10-07 12:00:00,10 days 12:00:00,252,30.67,168.25,972.9,74.8,48.11011162978234,208.4357160144692,224.1361483647452,201.5255214835225,191.5891643785548,113.99963240865183,110.44494628629792,77.64867369393016,79.09832176028391,49.84168250953678,48.43104275176832,36.58696344858458,38.36839813852632
2026-09-27,EP152026,26,2026-10-07 18:00:00,10 days 18:00:00,258,31.29,168.82,979.2,66.2,33.561280494670115,203.76364280543748,223.50366944200616,160.24167544279814,171.05709579660265,101.35578604306544,96.23458017321944,66.2042506828385,71.43290445613363,33.561280494670115,17.463630969815835,11.620732571251866,13.946587313860324
2026-09-27,EP152026,26,2026-10-08 00:00:00,11 days 00:00:00,264,31.91,169.13,977.0,67.5,53.187274471744246,255.3254373204454,267.1144797727426,226.93033442228463,212.3675909731664,171.47022259960448,170.66219072115626,129.8112011182724,136.73173868802127,28.261731766768065,53.187274471744246,23.454215446961022,22.55241209689576
2026-09-27,EP152026,26,2026-10-08 06:00:00,11 days 06:00:00,270,32.15,169.42,984.8,59.2,76.99408665494747,339.0029410484401,333.39387689556656,304.8608684558171,326.79588346682567,174.7102068558787,156.1470590262619,128.0164165183731,137.39253011571668,0.0,0.0,0.0,0.0
2026-09-27,EP152026,26,2026-10-08 12:00:00,11 days 12:00:00,276,32.15,169.4,985.8,61.7,53.50114621573045,206.50152467653663,189.54023788462783,227.527213766254,222.36875908236453,142.23674191453566,134.9160399188399,117.70190336070418,129.25248797185202,0.0,0.0,0.0,0.0
2026-09-27,EP152026,26,2026-10-08 18:00:00,11 days 18:00:00,282,32.04,169.55,990.4,59.1,63.79805859930867,223.2858056052728,215.44464753048803,207.8774980624252,225.3296379606686,95.24097463541004,88.43804214897777,67.47338192225378,70.79527598908699,0.0,0.0,0.0,0.0
2026-09-27,EP152026,26,2026-10-09 00:00:00,12 days 00:00:00,288,32.32,169.81,984.1,61.2,54.544420687960326,175.64869096156366,214.75435384202297,187.99250867743612,166.65626793735862,125.53035038203753,127.44145366957544,95.46894256587154,96.13814343128504,0.0,0.0,0.0,0.0
2026-09-27,EP152026,26,2026-10-09 06:00:00,12 days 06:00:00,294,32.41,170.48,989.4,58.4,82.4219706747459,215.8783103096512,232.9236031724407,211.87867043776305,176.36019265136392,167.21425110194832,160.01881904093813,128.12809111453606,130.95014807955084,0.0,0.0,0.0,0.0
2026-09-27,EP152026,26,2026-10-09 12:00:00,12 days 12:00:00,300,32.6,171.66,987.0,65.5,81.61591315561392,220.97948948101333,249.1995482732924,241.7634848740217,211.72443274545012,145.60359944148507,165.57369423853623,136.22022901433434,124.89070022195662,31.273322828468068,81.61591315561392,30.06970777737334,27.48653923282815
2026-09-27,EP152026,26,2026-10-09 18:00:00,12 days 18:00:00,306,32.82,172.69,991.8,50.8,15.919882289614748,129.99581967218046,172.58401632399227,107.09702898760791,92.8339589003865,51.108197490993234,61.91842571146572,36.0546183758247,41.518010949351606,0.0,0.0,0.0,0.0
2026-09-27,EP152026,26,2026-10-10 00:00:00,13 days 00:00:00,312,32.97,174.55,994.1,48.4,102.73166939003806,164.8929992951082,211.5071094914881,172.76368457726312,141.74489838937757,0.0,0.0,0.0,0.0,0.0,0.0,0.0,0.0
2026-09-27,EP152026,26,2026-10-10 06:00:00,13 days 06:00:00,318,33.11,176.6,996.6,42.3,70.3729809678207,81.41166738145375,121.36622997235054,87.15679726894814,76.70184195649927,0.0,0.0,0.0,0.0,0.0,0.0,0.0,0.0
2026-09-27,EP152026,26,2026-10-10 12:00:00,13 days 12:00:00,324,33.44,178.47,1001.1,40.3,99.96735499711532,117.032707972533,157.83868777535827,124.37685292693097,87.96990905676239,0.0,0.0,0.0,0.0,0.0,0.0,0.0,0.0
2026-09-27,EP152026,26,2026-10-10 18:00:00,13 days 18:00:00,330,33.65,-178.72,997.3,46.2,134.18495746948872,11.387707725004958,134.18495746948872,21.3621359423686,0.0,0.0,0.0,0.0,0.0,0.0,0.0,0.0,0.0
2026-09-27,EP152026,26,2026-10-11 00:00:00,14 days 00:00:00,336,34.08,-175.56,1001.9,39.6,72.4664230251019,0.0,72.4664230251019,0.0,0.0,0.0,0.0,0.0,0.0,0.0,0.0,0.0,0.0
2026-09-27,EP162026,26,2026-09-27 00:00:00,0 days 00:00:00,0,20.8,-123.6,975.0,76.0,28.0,167.0,167.0,148.0,185.0,93.0,74.0,74.0,93.0,65.0,46.0,37.0,56.0
2026-09-27,EP162026,26,2026-09-27 06:00:00,0 days 06:00:00,6,21.36,-123.29,996.4,52.7,49.283849417892014,172.21076339360263,211.5799319649917,131.3908379179366,162.03294031706366,15.863264997733836,14.36348140351886,3.756798222769273,49.283849417892014,0.0,0.0,0.0,0.0
2026-09-27,EP162026,26,2026-09-27 12:00:00,0 days 12:00:00,12,21.98,-123.0,999.7,45.8,67.69068741699664,123.83628473707324,100.13450314785916,68.07202501019412,82.97280454002009,0.0,0.0,0.0,0.0,0.0,0.0,0.0,0.0
2026-09-27,EP162026,26,2026-09-27 18:00:00,0 days 18:00:00,18,22.37,-123.01,1002.1,35.8,45.36905386733041,29.382257083771943,45.36905386733041,22.05176429387313,25.54021573714434,0.0,0.0,0.0,0.0,0.0,0.0,0.0,0.0
2026-09-27,EP162026,26,2026-09-28 00:00:00,1 days 00:00:00,24,22.4,-122.69,1004.3,27.0,100.42301048766636,0.0,0.0,0.0,0.0,0.0,0.0,0.0,0.0,0.0,0.0,0.0,0.0
2026-09-27,EP162026,26,2026-09-28 06:00:00,1 days 06:00:00,30,22.22,-122.9,1003.4,29.7,54.34512959290429,0.0,0.0,0.0,0.0,0.0,0.0,0.0,0.0,0.0,0.0,0.0,0.0
2026-09-27,EP162026,26,2026-09-28 12:00:00,1 days 12:00:00,36,22.36,-122.88,1006.0,23.5,86.30099777014406,0.0,0.0,0.0,0.0,0.0,0.0,0.0,0.0,0.0,0.0,0.0,0.0
2026-09-27,EP162026,26,2026-09-28 18:00:00,1 days 18:00:00,42,21.89,-122.55,1004.7,25.4,127.87032114509636,0.0,0.0,0.0,0.0,0.0,0.0,0.0,0.0,0.0,0.0,0.0,0.0
2026-09-27,EP162026,26,2026-09-29 00:00:00,2 days 00:00:00,48,21.48,-122.48,1003.0,24.7,94.14078640631575,0.0,0.0,0.0,0.0,0.0,0.0,0.0,0.0,0.0,0.0,0.0,0.0
2026-09-27,EP162026,26,2026-09-29 06:00:00,2 days 06:00:00,54,20.88,-122.8,1006.3,24.4,96.16990644526982,0.0,0.0,0.0,0.0,0.0,0.0,0.0,0.0,0.0,0.0,0.0,0.0
2026-09-27,EP162026,26,2026-09-29 12:00:00,2 days 12:00:00,60,20.45,-122.78,1005.3,26.0,82.81978577448308,0.0,0.0,0.0,0.0,0.0,0.0,0.0,0.0,0.0,0.0,0.0,0.0
2026-09-27,EP162026,26,2026-09-29 18:00:00,2 days 18:00:00,66,19.99,-122.73,1006.6,17.0,116.4580993184232,0.0,0.0,0.0,0.0,0.0,0.0,0.0,0.0,0.0,0.0,0.0,0.0
2026-09-27,EP162026,26,2026-09-30 00:00:00,3 days 00:00:00,72,19.46,-123.39,1005.9,16.6,107.80240774885476,0.0,0.0,0.0,0.0,0.0,0.0,0.0,0.0,0.0,0.0,0.0,0.0
2026-09-27,EP162026,26,2026-09-30 06:00:00,3 days 06:00:00,78,16.15,-125.19,1005.8,27.2,33.092582778459764,0.0,0.0,0.0,0.0,0.0,0.0,0.0,0.0,0.0,0.0,0.0,0.0
2026-09-27,EP162026,26,2026-09-30 12:00:00,3 days 12:00:00,84,15.24,-125.5,1004.9,25.7,65.81619633258163,0.0,0.0,0.0,0.0,0.0,0.0,0.0,0.0,0.0,0.0,0.0,0.0
2026-09-27,EP162026,26,2026-09-30 18:00:00,3 days 18:00:00,90,15.31,-124.63,1003.6,22.8,154.50403055515574,0.0,0.0,0.0,0.0,0.0,0.0,0.0,0.0,0.0,0.0,0.0,0.0
2026-09-27,EP162026,26,2026-10-01 00:00:00,4 days 00:00:00,96,15.6,-124.16,1003.4,22.9,125.18069346639996,0.0,0.0,0.0,0.0,0.0,0.0,0.0,0.0,0.0,0.0,0.0,0.0
2026-09-27,EP172026,26,2026-09-27 00:00:00,0 days 00:00:00,0,19.0,-112.9,946.0,111.0,28.0,259.0,185.0,167.0,185.0,111.0,111.0,93.0,93.0,65.0,65.0,46.0,56.0
2026-09-27,EP172026,26,2026-09-27 06:00:00,0 days 06:00:00,6,19.74,-113.23,947.0,108.2,1.0395566618628251,234.14708224746715,226.0830996135893,195.8539356771649,185.2363839388546,122.09452128199186,111.63123226619273,81.08719268732607,98.514442585547,55.65356906735366,46.73815694681554,34.58415204571311,46.480754160283325
2026-09-27,EP172026,26,2026-09-27 12:00:00,0 days 12:00:00,12,20.58,-113.83,944.8,122.9,11.479786769536869,147.6378459213955,182.96157042396555,132.88190115672154,100.61960548062292,91.08146921129632,85.17035996247611,64.04270344382128,68.87859901501336,54.0859767567634,48.96236267686721,37.62839878273076,45.65852167003501
2026-09-27,EP172026,26,2026-09-27 18:00:00,0 days 18:00:00,18,21.52,-113.94,948.5,115.4,17.075739887922303,190.8204104568609,184.92443734045827,107.37025159055496,134.81557798665537,89.71796846862583,80.83513593932403,49.49697239684465,62.71545574589466,52.666689902334966,45.88611079158234,32.39880291812298,42.740851844090656
2026-09-27,EP172026,26,2026-09-28 00:00:00,1 days 00:00:00,24,22.42,-114.07,946.5,116.1,3.976995022416944,229.7227615173372,246.9226124505039,176.99398337764185,165.27701174340962,108.37934467945,104.0838666890053,76.84493621121962,82.56520039982152,58.62387610107415,53.283193990328186,41.99679837330655,48.67637283698602
2026-09-27,EP172026,26,2026-09-28 06:00:00,1 days 06:00:00,30,23.35,-114.09,953.0,107.8,18.485790048062725,148.96493082547624,222.11252005250725,160.8230905993015,105.42196144482988,68.04931613886382,74.07885208262583,52.34681617756844,57.85973775445045,40.39056194268096,36.67146045008678,29.95802944946869,33.80639586329808
2026-09-27,EP172026,26,2026-09-28 12:00:00,1 days 12:00:00,36,24.06,-113.63,958.2,97.9,21.73210295901602,198.73196351045985,235.85009711130468,168.1338889265487,147.60726192374156,99.16970817176636,105.20174756691824,68.70027244874284,66.67249320485108,57.54512773319819,55.42244999964333,41.68582219531145,45.56455368936855
2026-09-27,EP172026,26,2026-09-28 18:00:00,1 days 18:00:00,42,24.63,-113.41,952.1,101.7,19.640510015691703,144.91363852329988,206.50763620513752,163.86326845538136,132.83839768589274,96.37009581993988,119.32859766951836,97.85203633660711,75.23336859220119,62.23914719033409,65.05787329179434,56.15187609384075,52.219960685319634
2026-09-27,EP172026,26,2026-09-29 00:00:00,2 days 00:00:00,48,25.5,-112.54,976.9,81.7,41.31175692309225,195.4528072224495,181.6735265101091,163.03941351644045,172.3367925965142,95.08787044089244,93.40613895351537,66.45423041661321,64.56427475341667,53.5802597834263,55.1964784014377,44.64856364288372,43.21799560042682
2026-09-27,EP172026,26,2026-09-29 06:00:00,2 days 06:00:00,54,26.22,-111.73,981.7,66.3,45.20302655568116,205.6081213981679,203.61070425119715,126.23570814052688,127.8746319072826,98.6615020570514,102.90102474299148,76.70926594678735,71.91975516316802,7.872871422603872,45.20302655568116,9.164069346864338,6.751572300475068
2026-09-27,EP172026,26,2026-09-29 12:00:00,2 days 12:00:00,60,27.07,-111.08,988.7,54.0,30.035958459452686,154.98454668323433,167.020166943547,97.72245183766,103.19756048168074,16.17862595732509,30.035958459452686,10.040571911814208,9.58053540944676,0.0,0.0,0.0,0.0
2026-09-27,EP172026,26,2026-09-29 18:00:00,2 days 18:00:00,66,28.7,-110.19,999.4,28.3,66.02674607932687,0.0,0.0,0.0,0.0,0.0,0.0,0.0,0.0,0.0,0.0,0.0,0.0
2026-09-27,EP902026,26,2026-09-27 00:00:00,0 days 00:00:00,0,12.0,-98.6,1008.0,25.0,111.0,0.0,0.0,0.0,0.0,0.0,0.0,0.0,0.0,0.0,0.0,0.0,0.0
2026-09-27,EP902026,26,2026-09-27 06:00:00,0 days 06:00:00,6,12.12,-98.47,1004.4,31.4,139.70735080135478,0.0,0.0,0.0,0.0,0.0,0.0,0.0,0.0,0.0,0.0,0.0,0.0
2026-09-27,EP902026,26,2026-09-27 12:00:00,0 days 12:00:00,12,12.01,-98.48,1004.8,33.2,141.13665277826968,0.0,0.0,0.0,0.0,0.0,0.0,0.0,0.0,0.0,0.0,0.0,0.0
2026-09-27,EP902026,26,2026-09-27 18:00:00,0 days 18:00:00,18,12.27,-98.97,1005.8,28.7,100.05076548388342,0.0,0.0,0.0,0.0,0.0,0.0,0.0,0.0,0.0,0.0,0.0,0.0
2026-09-27,EP902026,26,2026-09-28 00:00:00,1 days 00:00:00,24,12.75,-99.14,1004.3,35.8,129.13552039409768,129.13552039409768,84.66775242451678,56.915964552160176,74.79815036091259,0.0,0.0,0.0,0.0,0.0,0.0,0.0,0.0
2026-09-27,EP902026,26,2026-09-28 06:00:00,1 days 06:00:00,30,12.72,-99.92,1001.7,34.7,101.42977050534898,101.42977050534898,0.0,0.0,0.0,0.0,0.0,0.0,0.0,0.0,0.0,0.0,0.0
2026-09-27,EP902026,26,2026-09-28 12:00:00,1 days 12:00:00,36,13.22,-100.56,1005.1,42.4,101.8341502863263,250.9676953412581,215.624892559026,159.97314343830462,217.19209305698692,0.0,0.0,0.0,0.0,0.0,0.0,0.0,0.0
2026-09-27,EP902026,26,2026-09-28 18:00:00,1 days 18:00:00,42,13.54,-101.37,999.1,48.2,99.74282995653824,317.82227080624307,255.12186705453723,201.29187314070168,282.9991646409003,0.0,0.0,0.0,0.0,0.0,0.0,0.0,0.0
2026-09-27,EP902026,26,2026-09-29 00:00:00,2 days 00:00:00,48,13.97,-102.62,998.7,42.8,125.03566573224522,297.653466915505,270.1310550774264,220.78464768569245,265.8494579576602,0.0,0.0,0.0,0.0,0.0,0.0,0.0,0.0
2026-09-27,EP902026,26,2026-09-29 06:00:00,2 days 06:00:00,54,14.31,-103.65,998.9,49.1,126.84412351018295,307.5849690733318,274.77196331107194,239.7630563563555,277.79983631651896,0.0,0.0,0.0,0.0,0.0,0.0,0.0,0.0
2026-09-27,EP902026,26,2026-09-29 12:00:00,2 days 12:00:00,60,14.42,-104.49,998.9,45.4,65.66135803436407,256.6158508806279,243.1107009251185,182.4537360753848,223.0872404474271,0.0,0.0,0.0,0.0,0.0,0.0,0.0,0.0
2026-09-27,EP902026,26,2026-09-29 18:00:00,2 days 18:00:00,66,15.14,-105.49,995.1,47.8,72.1048975352032,249.42710336350547,231.6984092925831,218.2464309579784,242.053493477662,0.0,0.0,0.0,0.0,0.0,0.0,0.0,0.0
2026-09-27,EP902026,26,2026-09-30 00:00:00,3 days 00:00:00,72,15.66,-106.25,993.6,52.4,53.57767286571308,265.0994710418488,237.314156501271,185.63183272790468,254.74624399668605,150.72379275249563,128.84066060592278,101.00267016046855,123.97823715967677,0.0,0.0,0.0,0.0
2026-09-27,EP902026,26,2026-09-30 06:00:00,3 days 06:00:00,78,16.04,-107.18,986.3,64.9,35.07410542324496,169.49841235695482,173.12809515196705,108.54563568134532,112.89836082163424,82.79364812342112,74.47543732401803,52.17784005054704,66.32751133678948,35.07410542324496,5.426107013447398,2.139136229377523,9.351467388179154
2026-09-27,EP902026,26,2026-09-30 12:00:00,3 days 12:00:00,84,16.52,-108.32,986.1,70.2,19.05889157197295,196.1782122248186,199.8115672189009,157.25331199475846,180.3457681014648,115.3902144699073,100.0428386083795,65.33756775157009,82.44588903914376,19.05889157197295,5.020077914840717,1.8223142731117128,4.446036114967748
2026-09-27,EP902026,26,2026-09-30 18:00:00,3 days 18:00:00,90,16.93,-108.76,967.1,86.8,0.5031103883885635,118.65630878065758,170.19798525775786,142.69655701497825,131.56219427980477,76.51590597279437,64.82199420304232,57.974158343899376,69.86335997492142,49.39796048467713,41.05150748352878,34.630259323957375,43.45502312380722
2026-09-27,EP902026,26,2026-10-01 00:00:00,4 days 00:00:00,96,17.63,-109.25,973.6,75.3,19.64112294955445,205.0252618080526,210.6775232278713,170.72427608495616,174.47753183699712,86.97446346217916,75.1248569274505,51.01865856017878,68.19963251542508,26.04983852150791,20.782711395637733,14.78050900047387,22.03338371852121
2026-09-27,EP902026,26,2026-10-01 06:00:00,4 days 06:00:00,102,17.71,-109.82,979.4,74.5,37.69453490540994,146.7386984514377,146.61827043269648,149.87394647251097,156.19504394556066,74.92977608349496,63.976968954064574,57.68737200289874,73.73979770058301,37.69453490540994,31.543187259091184,26.941580324730825,33.02582176386208
2026-09-27,EP902026,26,2026-10-01 12:00:00,4 days 12:00:00,108,17.69,-110.17,975.1,81.0,32.37651125685943,101.59489073207968,140.62923308527922,142.6588599017112,124.20239719353523,46.43158743420458,45.44024366573236,47.44699559790708,49.59983396290514,32.37651125685943,26.77402389578498,23.78784057926065,28.76994846316906
2026-09-27,EP902026,26,2026-10-01 18:00:00,4 days 18:00:00,114,17.52,-110.37,976.4,74.4,27.13121544589965,98.2691836463788,100.38149346123193,122.19552062132124,109.01119784353064,54.30231076497239,42.43260042536846,42.96559614741972,51.087717749182325,32.341304261874555,28.32630107229734,24.949732853783324,29.219038120655604
2026-09-27,EP902026,26,2026-10-02 00:00:00,5 days 00:00:00,120,17.31,-110.65,973.5,75.3,23.554494472629926,110.40564838405282,146.94578190982338,121.91282896285202,119.52320651547257,71.60496514007968,65.06848262687879,55.937462231231336,66.5394637697973,41.99807660056791,37.65772255046068,33.158245279382726,37.95586202861557
2026-09-27,EP902026,26,2026-10-02 06:00:00,5 days 06:00:00,126,17.37,-110.6,977.9,73.8,30.391903651149164,132.74157661595595,148.49829326793275,149.4758569786036,138.08124656172652,77.67503258357473,75.85259228016551,63.15665088199033,61.87181680125735,30.391903651149164,20.213252960902487,17.136032353472135,16.740806807646358
2026-09-27,EP902026,26,2026-10-02 12:00:00,5 days 12:00:00,132,17.42,-110.58,985.1,58.4,55.687721509083765,176.74455204391717,224.0535192218738,210.18212219249293,181.52184547567012,38.47891209034641,55.687721509083765,26.345677916125297,27.776783313161207,0.0,0.0,0.0,0.0
2026-09-27,EP902026,26,2026-10-02 18:00:00,5 days 18:00:00,138,17.55,-110.13,983.0,63.7,51.07606444631772,143.19868216756743,171.24540124121668,172.7651374099826,152.08159214522925,72.94637696265956,74.47409909776164,68.16498034874375,65.51129617931596,0.0,0.0,0.0,0.0
2026-09-27,EP902026,26,2026-10-03 00:00:00,6 days 00:00:00,144,17.68,-109.9,981.7,61.8,33.41145304785937,115.8657372712239,169.21422685586276,146.1437779900025,131.36495265972894,78.27076665109439,78.8090578427582,54.2200185673687,56.71965240382429,0.0,0.0,0.0,0.0
2026-09-27,EP902026,26,2026-10-03 06:00:00,6 days 06:00:00,150,18.0,-109.58,977.7,67.1,38.60858573886806,123.47261910422591,154.89124739644626,145.14419289809456,121.82108651206504,65.35586990773298,72.47233903484772,61.079839481600345,54.43713659669695,38.60858573886806,24.72146811111369,21.49277966202788,21.28476942562668
2026-09-27,EP902026,26,2026-10-03 12:00:00,6 days 12:00:00,156,18.42,-109.57,987.3,59.1,45.24340814627101,82.68236410352893,116.72069784059433,103.6748241662226,81.56930951979552,53.850837149762015,61.7244637009278,44.316434753977205,43.46087887357487,0.0,0.0,0.0,0.0
2026-09-27,EP902026,26,2026-10-03 18:00:00,6 days 18:00:00,162,19.02,-109.05,991.5,51.3,53.56639453584262,132.06820599571904,152.53493832710296,105.15273016527442,89.48805111369302,55.602954238794325,51.1838650384168,31.475266036760047,35.56896386346534,0.0,0.0,0.0,0.0
2026-09-27,EP902026,26,2026-10-04 00:00:00,7 days 00:00:00,168,19.67,-108.67,992.0,47.1,37.54870526836987,211.65794774816325,252.2440813884585,155.31507359265572,147.46675736581832,0.0,0.0,0.0,0.0,0.0,0.0,0.0,0.0
2026-09-27,EP902026,26,2026-10-04 06:00:00,7 days 06:00:00,174,20.37,-108.6,984.5,56.7,37.33220347035156,135.95518874038808,169.1837466771442,110.73027073271628,103.04800996217804,68.59528736930298,69.51617344384712,40.98899697449426,44.055838487744616,0.0,0.0,0.0,0.0
2026-09-27,EP902026,26,2026-10-04 12:00:00,7 days 12:00:00,180,21.02,-108.43,983.3,66.4,49.75336025247724,256.72078185123365,256.13185369817694,171.6613716464883,181.93733995290623,147.59824164626465,129.1055587884498,84.70641962864639,109.74974138896113,49.75336025247724,18.746563599549585,11.34966510289126,17.671932911978498
2026-09-27,EP902026,26,2026-10-04 18:00:00,7 days 18:00:00,186,21.58,-108.5,977.9,61.2,48.62860431762378,233.0422757063899,215.76864979058556,126.98799543813485,174.39963061998924,112.4248576529514,90.55237350790642,56.96038280803509,77.64201437410966,0.0,0.0,0.0,0.0
2026-09-27,EP902026,26,2026-10-05 00:00:00,8 days 00:00:00,192,22.27,-108.39,976.3,70.5,18.61233337650848,215.40117801451908,235.0069444432511,131.4466223340862,144.45321292499406,102.59254605233572,89.76161702744626,58.33484079054784,72.11535148070011,25.455523792648165,21.857650623221623,14.743488697644906,19.23732658222329
2026-09-27,EP902026,26,2026-10-05 06:00:00,8 days 06:00:00,198,22.91,-108.05,968.0,89.6,29.08701917261277,257.66407823930945,262.2662319735737,196.042347540074,213.88929063501092,115.3605801766003,96.67734250423906,65.86052474283085,85.36139231337592,57.42432494889029,51.82327030330004,40.80570171235715,46.96507147000389
2026-09-27,EP902026,26,2026-10-05 12:00:00,8 days 12:00:00,204,23.63,-107.86,972.1,79.9,30.23038325025788,177.53144476639545,169.19104585798704,137.18163963091502,167.08950269757852,108.30767528784612,98.09489845074538,76.50312488859716,87.79353042530262,56.261831247357634,52.71516904747112,41.18226178830329,48.132395630728254
2026-09-27,EP902026,26,2026-10-05 18:00:00,8 days 18:00:00,210,24.22,-107.51,971.8,81.9,10.351673379207796,190.31536283345213,186.81090719592797,145.5838666260388,169.91424375322003,109.52183630205492,94.98993614846722,69.70277470360134,86.15627997553702,49.63699384116944,44.26539190327594,34.44418669711149,40.14707832824615
2026-09-27,EP902026,26,2026-10-06 00:00:00,9 days 00:00:00,216,25.01,-107.45,998.1,44.3,33.573873236503694,102.03031973249708,94.66198169125424,45.06608875116292,96.36571422513477,0.0,0.0,0.0,0.0,0.0,0.0,0.0,0.0
2026-09-27,EP902026,26,2026-10-06 06:00:00,9 days 06:00:00,222,25.36,-107.3,996.6,37.9,60.44519149804216,135.5117822218369,138.9192330503759,73.18115050335831,100.31087541407332,0.0,0.0,0.0,0.0,0.0,0.0,0.0,0.0
2026-09-27,WP252026,26,2026-09-27 00:00:00,0 days 00:00:00,0,24.6,127.6,964.0,89.0,22.0,102.0,121.0,102.0,93.0,,,,,,,,
2026-09-27,WP252026,26,2026-09-27 06:00:00,0 days 06:00:00,6,25.4,128.31,949.6,109.3,28.05721562501219,75.43545037971003,146.31757735009865,140.693915623479,64.90620941918257,61.29042606025949,70.76681184182547,56.94731355428608,45.47068576279152,34.64495749909115,34.51854801098112,29.784317329447056,28.12117691806596
2026-09-27,WP252026,26,2026-09-27 12:00:00,0 days 12:00:00,12,26.06,129.02,947.6,112.3,28.546782302708905,116.86829357243543,164.04662435055323,115.19253436936042,84.07339100882768,57.58491052318767,82.99513517445848,65.42532955158059,41.38789758724032,39.44483025235656,45.59285569950945,39.17910871867272,33.7278043770439
2026-09-27,WP252026,26,2026-09-27 18:00:00,0 days 18:00:00,18,26.67,130.05,961.6,93.0,8.275831091519784,99.67699863162986,181.84947247905677,159.55143758480736,82.79943369370224,54.19611175720719,79.9100331752814,62.31243278699407,38.56806440567469,39.270199602169725,42.02544491137506,33.52929647679737,29.636235408689597
2026-09-27,WP252026,26,2026-09-28 00:00:00,1 days 00:00:00,24,27.3,130.83,979.7,80.3,14.92523788442898,74.67080780609444,132.28137799039473,111.18735086995048,94.49312252922914,62.32182835389051,75.78305104785323,60.11129979366024,52.17315473672642,34.668957020150714,36.19605597339316,30.771440605565147,28.086976737107832
2026-09-27,WP252026,26,2026-09-28 06:00:00,1 days 06:00:00,30,27.79,132.34,970.3,75.5,9.017623926834275,142.75837951606275,174.30668134341147,104.94684239983948,68.41052415043536,67.30346121145776,81.65238401830189,57.702545039248655,49.54439312327138,23.63105892348854,28.030905787653708,21.98573382952635,18.33858423558938
2026-09-27,WP252026,26,2026-09-28 12:00:00,1 days 12:00:00,36,28.43,133.1,986.2,61.0,29.832205251068032,149.07395279361037,184.9166416059701,135.41406874361385,143.96193569010222,56.02792439588299,63.36425340276938,34.6836873182845,41.61521720108752,0.0,0.0,0.0,0.0
2026-09-27,WP252026,26,2026-09-28 18:00:00,1 days 18:00:00,42,28.89,133.93,989.6,51.2,48.966647976928726,145.63209888914048,179.63493176788106,106.65938885860226,102.05052426414105,20.663400310079226,48.966647976928726,10.463941330912323,13.180094973499456,0.0,0.0,0.0,0.0
2026-09-27,WP252026,26,2026-09-29 00:00:00,2 days 00:00:00,48,29.78,135.16,995.5,46.1,93.4506374429287,179.0709337306319,230.68864010631324,148.02967489006272,133.71451071337725,0.0,0.0,0.0,0.0,0.0,0.0,0.0,0.0
2026-09-27,WP252026,26,2026-09-29 06:00:00,2 days 06:00:00,54,29.88,136.36,995.4,37.3,111.36063982200722,159.87872921009557,186.2859014128258,152.12304037175602,132.34527397522305,0.0,0.0,0.0,0.0,0.0,0.0,0.0,0.0
2026-09-27,WP252026,26,2026-09-29 12:00:00,2 days 12:00:00,60,30.04,137.77,993.1,41.7,49.14104310156871,172.55179974608382,201.91320478502388,163.26527416620473,125.177215525994,0.0,0.0,0.0,0.0,0.0,0.0,0.0,0.0
2026-09-27,WP252026,26,2026-09-29 18:00:00,2 days 18:00:00,66,30.89,139.14,995.6,38.8,45.69833008634743,46.37373366809374,76.0648579177901,44.238823659321895,22.878086001616037,0.0,0.0,0.0,0.0,0.0,0.0,0.0,0.0
2026-09-27,WP252026,26,2026-09-30 00:00:00,3 days 00:00:00,72,31.71,140.26,1000.2,34.5,89.38656055498637,89.38656055498637,40.73445336071328,9.743043510244703,30.523658086115788,0.0,0.0,0.0,0.0,0.0,0.0,0.0,0.0
2026-09-27,WP252026,26,2026-09-30 06:00:00,3 days 06:00:00,78,32.53,141.65,1003.0,35.8,71.10387107270239,71.10387107270239,59.27316727360437,34.304096634560864,45.365812887973775,0.0,0.0,0.0,0.0,0.0,0.0,0.0,0.0
2026-09-27,WP252026,26,2026-09-30 12:00:00,3 days 12:00:00,84,33.24,142.84,998.9,30.8,165.20638891275382,0.0,0.0,0.0,0.0,0.0,0.0,0.0,0.0,0.0,0.0,0.0,0.0
2026-09-27,WP252026,26,2026-09-30 18:00:00,3 days 18:00:00,90,33.94,143.69,996.8,37.4,142.0961220763121,146.82639635158398,157.72294665245707,125.50380147816182,110.63407734133116,0.0,0.0,0.0,0.0,0.0,0.0,0.0,0.0
2026-09-27,WP252026,26,2026-10-01 00:00:00,4 days 00:00:00,96,34.89,144.79,1000.6,37.1,156.0463661632009,96.90672231476684,156.0463661632009,45.18518022753443,63.237210005141264,0.0,0.0,0.0,0.0,0.0,0.0,0.0,0.0
2026-09-27,WP252026,26,2026-10-01 06:00:00,4 days 06:00:00,102,36.37,146.18,1003.1,29.9,155.75850128341222,0.0,0.0,0.0,0.0,0.0,0.0,0.0,0.0,0.0,0.0,0.0,0.0
2026-09-27,WP252026,26,2026-10-01 12:00:00,4 days 12:00:00,108,38.52,148.66,998.5,29.1,115.0918062731543,0.0,0.0,0.0,0.0,0.0,0.0,0.0,0.0,0.0,0.0,0.0,0.0
2026-09-27,WP252026,26,2026-10-01 18:00:00,4 days 18:00:00,114,40.28,151.7,999.3,31.2,100.52896652923988,0.0,0.0,0.0,0.0,0.0,0.0,0.0,0.0,0.0,0.0,0.0,0.0
2026-09-27,WP252026,26,2026-10-02 00:00:00,5 days 00:00:00,120,41.44,156.3,992.2,35.7,173.42426120146047,127.89411834795692,173.42426120146047,112.66315784238832,61.63034812146077,0.0,0.0,0.0,0.0,0.0,0.0,0.0,0.0
2026-09-27,WP252026,26,2026-10-02 06:00:00,5 days 06:00:00,126,43.12,160.68,995.8,38.9,111.54680658683976,71.55374320275547,142.27020234872202,98.84572161366316,11.744736186549105,0.0,0.0,0.0,0.0,0.0,0.0,0.0,0.0
2026-09-27,AL062026,27,2026-09-27 00:00:00,0 days 00:00:00,0,29.8,-43.9,1010.0,29.0,56.0,0.0,0.0,0.0,0.0,0.0,0.0,0.0,0.0,0.0,0.0,0.0,0.0
2026-09-27,AL062026,27,2026-09-27 06:00:00,0 days 06:00:00,6,29.71,-43.92,1010.0,28.5,43.13671594305476,0.0,0.0,0.0,0.0,0.0,0.0,0.0,0.0,0.0,0.0,0.0,0.0
2026-09-27,AL062026,27,2026-09-27 12:00:00,0 days 12:00:00,12,29.52,-43.73,1011.2,26.9,65.30049982407282,0.0,0.0,0.0,0.0,0.0,0.0,0.0,0.0,0.0,0.0,0.0,0.0
2026-09-27,AL062026,27,2026-09-27 18:00:00,0 days 18:00:00,18,28.86,-44.02,1008.9,30.7,87.50330867533751,0.0,0.0,0.0,0.0,0.0,0.0,0.0,0.0,0.0,0.0,0.0,0.0
2026-09-27,AL062026,27,2026-09-28 00:00:00,1 days 00:00:00,24,28.57,-43.86,1010.6,29.8,113.25603541015909,0.0,0.0,0.0,0.0,0.0,0.0,0.0,0.0,0.0,0.0,0.0,0.0
2026-09-27,AL062026,27,2026-09-28 06:00:00,1 days 06:00:00,30,27.89,-44.04,1008.0,21.5,103.1998813595516,0.0,0.0,0.0,0.0,0.0,0.0,0.0,0.0,0.0,0.0,0.0,0.0
2026-09-27,EP152026,27,2026-09-27 00:00:00,0 days 00:00:00,0,16.7,-156.1,972.0,80.0,37.0,241.0,185.0,185.0,241.0,93.0,74.0,93.0,111.0,56.0,46.0,56.0,56.0
2026-09-27,EP152026,27,2026-09-27 06:00:00,0 days 06:00:00,6,16.44,-156.81,969.4,90.2,31.23114562300989,195.16619322112933,163.2351764326885,141.74466664661617,188.12471842636995,100.88634534481947,84.04940061972135,76.3264648658398,97.71374253038556,61.87884455943792,54.04460600330242,46.600254496510246,54.46149364588304
2026-09-27,EP152026,27,2026-09-27 12:00:00,0 days 12:00:00,12,16.35,-157.62,958.9,104.8,20.62258957460888,130.2614830985902,97.89824599476631,129.2066154519201,150.89012888185033,71.28464948350873,56.46214365786935,57.90994847295761,77.11882223299907,45.6641207580235,38.488196093699685,33.67122691487829,43.10094431274197
2026-09-27,EP152026,27,2026-09-27 18:00:00,0 days 18:00:00,18,16.08,-158.49,954.5,110.9,12.179358895715716,138.0642871390913,111.46995770944744,121.21445654805632,144.53191955149893,85.0552925088254,67.96055705943049,72.8924503980145,91.628999109139,51.66662036954609,44.34951344643091,39.587577236653175,48.56468414810749
2026-09-27,EP152026,27,2026-09-28 00:00:00,1 days 00:00:00,24,15.94,-159.41,946.7,117.7,20.9461871874816,162.14331863658924,86.72526316763327,123.2612377261303,163.2215416261837,87.28486979428435,59.773771648707736,57.78140401446226,88.57206926342499,57.26433480649402,44.96184595844411,36.59552641629645,53.40090448898665
2026-09-27,EP152026,27,2026-09-28 06:00:00,1 days 06:00:00,30,16.11,-160.48,936.1,125.6,27.768442916275063,137.22143716474312,107.16465515389422,141.49216925866398,143.39206772198804,76.57464838273187,60.77578625360015,61.2934960109476,76.14680751222923,48.72184512213943,40.115322994397935,35.152662531397375,45.038055628781294
2026-09-27,EP152026,27,2026-09-28 12:00:00,1 days 12:00:00,36,16.45,-161.24,948.6,116.6,24.63436898793523,176.93234464729915,124.41932306771376,126.36697668180295,161.84182731090823,114.78649382743843,80.13983701615808,66.5057948222398,107.29752629291904,67.88925458381607,51.74374138110231,41.09326677655813,64.31696250781418
2026-09-27,EP152026,27,2026-09-28 18:00:00,1 days 18:00:00,42,16.88,-161.96,947.3,112.7,26.967059931920787,157.77912275840433,144.73914561561963,136.5806097547897,164.97083627059993,85.71775065317898,66.7952586071116,56.79209611448759,76.42393595580688,66.87236631861573,55.01227317498928,44.62820410671986,58.723968475097095
2026-09-27,EP152026,27,2026-09-29 00:00:00,2 days 00:00:00,48,17.96,-162.58,945.9,121.5,16.46554087858919,195.82443301471417,182.02041048388045,136.31593963302137,167.3701726568118,117.01224438105668,89.80147403225712,63.91452115884391,98.91011335096226,67.10783607571884,53.846184736749336,39.9859844575048,60.32094943947564
2026-09-27,EP152026,27,2026-09-29 06:00:00,2 days 06:00:00,54,18.64,-163.05,953.3,115.1,14.124607536969664,207.1361627548736,188.8709071737951,125.04020694448698,179.6909276375183,112.65150550899016,96.653868367142,64.32046526904504,92.04910740379916,70.27472868204822,59.43774518499046,43.78909429661408,58.750212146751295
2026-09-27,EP152026,27,2026-09-29 12:00:00,2 days 12:00:00,60,19.59,-162.93,962.9,101.8,31.200220347528823,190.3061096198331,154.49423011481076,115.967018306877,150.44722165770946,106.40595949230442,92.37357213270664,70.25959683836263,87.48043510270674,59.48725254065769,51.49214481118202,40.27062337327932,51.22726326287045
2026-09-27,EP152026,27,2026-09-29 18:00:00,2 days 18:00:00,66,20.2,-162.82,967.4,102.4,41.37354655085231,168.9469463945021,146.59304530798602,148.93503719771223,145.87834677723106,108.83770211085522,102.40100266868951,91.37210985671936,94.6727533096437,46.36599640302813,42.46751179337625,37.454298679643856,42.69045947496721
2026-09-27,EP152026,27,2026-09-30 00:00:00,3 days 00:00:00,72,20.76,-162.44,960.9,99.3,25.787167617840645,181.9069498932612,183.83188480975235,156.25251803542315,168.97408558396165,114.17905471669452,109.44907129039598,87.6685435559631,98.78381826347572,73.36808561611416,68.91626913100214,55.40647992514761,62.121142354884185
2026-09-27,EP152026,27,2026-09-30 06:00:00,3 days 06:00:00,78,21.24,-162.32,983.0,73.1,47.49002237316022,141.7280206560297,123.3595592300418,100.56745020056772,131.18039624611436,81.34697903554756,81.81829448081862,69.36667836768945,74.57571545460739,47.49002237316022,24.93804935169001,24.357960599327328,25.09133537680555
2026-09-27,EP152026,27,2026-09-30 12:00:00,3 days 12:00:00,84,21.41,-161.97,989.6,58.9,48.72218478144968,226.77131874577128,207.2867307491323,171.78757527373386,192.1942788010824,114.33130823169336,103.15770266506736,86.25504801808867,96.48612149229388,0.0,0.0,0.0,0.0
2026-09-27,EP152026,27,2026-09-30 18:00:00,3 days 18:00:00,90,20.84,-162.14,988.9,60.3,34.37810674306515,158.98486258422258,140.93553326552183,117.506718000568,182.1083852152185,94.13003910702967,83.01609939509808,66.1869918936652,81.65337795767604,0.0,0.0,0.0,0.0
2026-09-27,EP152026,27,2026-10-01 00:00:00,4 days 00:00:00,96,20.7,-162.14,995.0,52.0,38.1974655138207,150.63599116777434,130.83600820789013,119.39128566615555,165.5038997985906,83.5872317206906,71.95687612411243,55.943030242664506,71.22277044062852,0.0,0.0,0.0,0.0
2026-09-27,EP152026,27,2026-10-01 06:00:00,4 days 06:00:00,102,20.37,-162.16,994.3,50.0,63.29101103306188,174.77401955205045,122.7620602332155,114.35581494571944,176.07268243990205,0.0,0.0,0.0,0.0,0.0,0.0,0.0,0.0
2026-09-27,EP152026,27,2026-10-01 12:00:00,4 days 12:00:00,108,20.33,-162.45,995.4,43.4,117.82297289667304,264.8356516820659,214.67354727070688,195.55265572708004,242.2061190049408,0.0,0.0,0.0,0.0,0.0,0.0,0.0,0.0
2026-09-27,EP152026,27,2026-10-01 18:00:00,4 days 18:00:00,114,20.38,-162.73,994.6,41.8,76.2579410347243,216.86818479273504,169.34080480952582,157.59589209229898,211.0185519995914,0.0,0.0,0.0,0.0,0.0,0.0,0.0,0.0
2026-09-27,EP152026,27,2026-10-02 00:00:00,5 days 00:00:00,120,20.71,-162.99,994.8,42.7,122.13105885582566,239.6835981878523,197.1642477006577,121.87090189436752,206.95742048024744,0.0,0.0,0.0,0.0,0.0,0.0,0.0,0.0
2026-09-27,EP152026,27,2026-10-02 06:00:00,5 days 06:00:00,126,21.04,-163.51,988.2,54.0,49.87442732318866,238.49628108464577,162.98442823183194,145.5394014973884,187.3555198980456,53.25401166975776,35.328158172954346,21.251372875547126,41.71441305473961,0.0,0.0,0.0,0.0
2026-09-27,EP152026,27,2026-10-02 12:00:00,5 days 12:00:00,132,21.63,-163.96,993.1,49.4,55.92248999121807,184.1987587463464,132.2691223295442,110.43342406663804,182.9051788831912,0.0,0.0,0.0,0.0,0.0,0.0,0.0,0.0
2026-09-27,EP152026,27,2026-10-02 18:00:00,5 days 18:00:00,138,21.64,-164.12,994.4,50.1,51.82268900522477,225.723036937343,184.53551394342932,141.72317859447867,194.2440050096434,51.82268900522477,17.800603868817227,9.99282574018731,21.247332751714215,0.0,0.0,0.0,0.0
2026-09-27,EP152026,27,2026-10-03 00:00:00,6 days 00:00:00,144,21.82,-164.94,993.0,45.9,79.29475050953101,215.71650198348053,186.93871113248295,154.9640406180311,172.56342234662142,0.0,0.0,0.0,0.0,0.0,0.0,0.0,0.0
2026-09-27,EP152026,27,2026-10-03 06:00:00,6 days 06:00:00,150,21.55,-164.98,999.4,42.0,130.673714915618,130.673714915618,73.3129901633181,59.99591902644324,64.36083357340532,0.0,0.0,0.0,0.0,0.0,0.0,0.0,0.0
2026-09-27,EP152026,27,2026-10-03 12:00:00,6 days 12:00:00,156,21.5,-165.18,992.3,50.0,90.31900706352404,93.18824163820636,75.84902638656814,56.50269519308836,91.2644219426532,0.0,0.0,0.0,0.0,0.0,0.0,0.0,0.0
2026-09-27,EP152026,27,2026-10-03 18:00:00,6 days 18:00:00,162,21.36,-165.93,999.7,39.3,63.997970327467215,91.3932738512874,50.76786473857726,40.45366215322696,57.52689293997099,0.0,0.0,0.0,0.0,0.0,0.0,0.0,0.0
2026-09-27,EP152026,27,2026-10-04 00:00:00,7 days 00:00:00,168,21.19,-166.79,1001.2,39.3,97.96785250077258,131.4462001889268,77.83748469311041,59.01165439856887,105.34543889281692,0.0,0.0,0.0,0.0,0.0,0.0,0.0,0.0
2026-09-27,EP152026,27,2026-10-04 06:00:00,7 days 06:00:00,174,21.04,-167.67,1001.5,38.7,44.77282244628358,107.59312354726993,33.50344714143351,30.804617454899,93.64144942676738,0.0,0.0,0.0,0.0,0.0,0.0,0.0,0.0
2026-09-27,EP152026,27,2026-10-04 12:00:00,7 days 12:00:00,180,20.64,-169.12,1002.0,37.0,92.7086837202976,285.5942231591225,189.559197075102,140.3664342533657,251.84238744168945,0.0,0.0,0.0,0.0,0.0,0.0,0.0,0.0
2026-09-27,EP152026,27,2026-10-04 18:00:00,7 days 18:00:00,186,20.64,-170.53,998.1,38.0,104.47878353295415,104.47878353295415,0.0,0.0,29.22535167377677,0.0,0.0,0.0,0.0,0.0,0.0,0.0,0.0
2026-09-27,EP152026,27,2026-10-05 00:00:00,8 days 00:00:00,192,20.71,-172.02,1001.9,41.4,50.75381658809022,79.29544843268374,17.848926731283626,9.823293667257824,57.53414987589869,0.0,0.0,0.0,0.0,0.0,0.0,0.0,0.0
2026-09-27,EP152026,27,2026-10-05 06:00:00,8 days 06:00:00,198,20.43,-173.3,997.0,43.7,74.26962829994571,225.15139296304136,150.6450454644662,94.70034206848428,172.79466800023835,0.0,0.0,0.0,0.0,0.0,0.0,0.0,0.0
2026-09-27,EP152026,27,2026-10-05 12:00:00,8 days 12:00:00,204,20.68,-174.48,989.5,55.5,24.33838139906718,186.7818633625802,115.05263699200091,38.4364762580183,138.64770853399597,95.24592143984792,60.62845840336685,36.29253351840221,67.0832076496598,0.0,0.0,0.0,0.0
2026-09-27,EP152026,27,2026-10-05 18:00:00,8 days 18:00:00,210,20.39,-175.33,990.8,52.3,31.030673351900106,250.13306814916743,157.46424808227533,116.01545967618812,195.6772119282292,62.16081595697813,35.446207397917334,16.93796348461281,45.38113585104301,0.0,0.0,0.0,0.0
2026-09-27,EP152026,27,2026-10-06 00:00:00,9 days 00:00:00,216,20.37,-176.37,986.3,63.8,28.713170372226788,185.5106958196253,135.34427946526478,85.4983759925896,155.83805484444804,92.59205362027714,60.01390355806427,35.23176298670802,71.9931973051865,0.0,0.0,0.0,0.0
2026-09-27,EP152026,27,2026-10-06 06:00:00,9 days 06:00:00,222,19.81,-177.68,976.3,72.8,19.571292163012995,196.5040292122092,97.86354118123624,72.29818706374708,188.4160486110225,83.38246013399768,48.27041503177048,28.93683651176401,67.39048290597647,19.571292163012995,7.891075042246023,3.1933876405413337,13.64563580432258
2026-09-27,EP152026,27,2026-10-06 12:00:00,9 days 12:00:00,228,19.61,-178.86,972.8,93.3,38.13027482390135,212.7636279442668,131.63649256930512,105.33930398664596,210.67662900447613,100.78892099273072,71.10406119509207,51.59417687249879,92.79041532235716,62.928103572550754,48.636623259135376,39.07877513870335,54.840992303510575
2026-09-27,EP152026,27,2026-10-06 18:00:00,9 days 18:00:00,234,19.33,179.82,966.5,96.5,14.088959164696742,166.26306163670455,134.26532279069826,107.3088130236007,131.92314719441544,79.51394717276298,59.419638960489294,46.18069428400952,76.27374374568983,47.46982298941688,35.370450571938136,26.710079203322604,42.113991907098494
2026-09-27,EP152026,27,2026-10-07 00:00:00,10 days 00:00:00,240,18.98,178.21,957.5,103.5,3.7236648048667647,167.14492190411303,114.86854483682104,127.3032611488246,149.029184408164,105.6040927158742,79.32170024487277,59.02059688713456,90.89089868723056,57.15734690298795,44.70456071164133,33.58018104811639,51.71794983580072
2026-09-27,EP152026,27,2026-10-07 06:00:00,10 days 06:00:00,246,19.0,176.24,947.9,120.4,28.654464150009616,248.0678965302671,156.6134370800337,136.61810688522047,226.35629212269103,96.82578437782158,68.36429408776046,50.73479184027434,87.54809483857785,59.22781523195255,47.85179315406303,40.24962556116476,51.86826958593733
2026-09-27,EP152026,27,2026-10-07 12:00:00,10 days 12:00:00,252,18.86,174.12,934.6,126.7,26.997642313123325,222.0141790801364,163.56107687548007,140.86674363420084,187.90496616405957,113.286886819619,100.09110942941292,79.43492561290887,102.3625589945557,67.48161401330296,55.22577390525746,46.74421877496145,58.80511925942507
2026-09-27,EP152026,27,2026-10-07 18:00:00,10 days 18:00:00,258,18.67,172.0,946.9,116.6,19.94613279305229,208.76950606608744,136.75792831929806,133.3629140567965,192.0000811410821,115.81430500633226,91.29998336005656,73.46745099884842,105.49803490707896,67.319346662638,54.347932116525214,45.24667316848303,59.90890572489883
2026-09-27,EP152026,27,2026-10-08 00:00:00,11 days 00:00:00,264,19.0,170.63,939.5,122.3,0.0,174.33816969889403,130.37676678839694,124.49839681120476,150.05649058377003,103.75671590360456,76.18097354047359,68.0956857636184,99.54244362587168,63.9075217702416,49.29761696018744,39.57340335427983,59.97388172929584
2026-09-27,EP152026,27,2026-10-08 06:00:00,11 days 06:00:00,270,19.5,168.37,948.2,109.9,10.43272109575156,216.58976302286575,130.59275095605858,156.6846284012181,219.69621624138608,111.75326959199448,81.00729295300812,67.45685862504774,103.00881600908474,68.98834036718756,54.7720996328988,45.55137710692373,63.20747556997958
2026-09-27,EP152026,27,2026-10-08 12:00:00,11 days 12:00:00,276,19.65,167.1,935.4,127.2,0.0,194.4764912085423,147.5180766049702,136.69057901656475,183.9264302115024,114.90700049790648,90.15705713190268,78.32815667100012,104.8121084749048,74.86948557810959,60.04079226674146,48.99158494765945,67.18820326440972
2026-09-27,EP152026,27,2026-10-08 18:00:00,11 days 18:00:00,282,20.12,165.77,947.6,117.5,23.85204488556831,201.91560787075667,154.20110840660823,157.0802677770193,150.28101486660643,110.70992408888054,94.74401023801823,77.82815139692647,103.55951230332424,76.7570223954194,62.88516793326151,49.24435385010362,68.18216787715616
2026-09-27,EP152026,27,2026-10-09 00:00:00,12 days 00:00:00,288,20.71,164.17,935.1,130.8,0.0,197.06647522872515,178.5729227708978,179.81610150499668,196.43719573743635,115.42091005240304,97.23443396593598,86.07437773602865,112.7168018024562,75.92970782294562,63.66202364722689,49.8348374550329,67.68502498774676
2026-09-27,EP152026,27,2026-10-09 06:00:00,12 days 06:00:00,294,21.31,163.28,949.2,113.5,13.837436577341103,227.585957284446,210.0192610197933,165.7493277793564,183.98494903799437,135.88905281368113,119.4124220932638,94.28646615826852,128.29133914689464,79.54880479460356,65.55129955190779,49.92827267588603,70.77537202897837
2026-09-27,EP152026,27,2026-10-09 12:00:00,12 days 12:00:00,300,21.91,162.51,956.0,98.3,33.65321061892746,256.3281239172902,203.29235013554532,155.42675822335875,194.6945971989262,89.83451272757156,78.86538568388823,60.12581142205818,74.59767361250033,57.42330262646192,49.95971884601386,39.24425383699736,48.588288267729695
2026-09-27,EP152026,27,2026-10-09 18:00:00,12 days 18:00:00,306,22.06,162.12,960.4,97.5,35.52363000153927,172.27592620589297,184.9020348476745,206.49546226040368,186.02516147961157,108.32941113059636,94.84781583619645,83.11814196557158,100.2491051444357,65.37923983203447,55.63646970899384,44.0064829991833,59.8986437363091
2026-09-27,EP152026,27,2026-10-10 00:00:00,13 days 00:00:00,312,22.35,161.58,958.0,98.1,27.559278671409857,172.08102793750015,169.39031916928946,174.33539432649764,161.47213420547996,115.25687285932588,96.6603056184909,79.6736496220827,104.38355210972668,67.12542106108319,57.35729484883223,46.76007584510171,59.24508122977375
2026-09-27,EP152026,27,2026-10-10 06:00:00,13 days 06:00:00,318,22.6,160.87,948.5,101.5,42.90170432087706,199.6896350363617,172.68354227889552,189.800996364718,188.6688833857665,118.79118790207454,111.34195530575712,106.17308153989516,121.4309796955217,66.81681822355063,57.80394269785535,50.5559488705634,62.51946516725843
2026-09-27,EP152026,27,2026-10-10 12:00:00,13 days 12:00:00,324,22.83,160.02,947.6,114.1,41.48898179998514,195.33238463323687,174.00486164117683,165.05845238944949,161.76279479725508,120.10921603725,104.99749556088771,98.05482956141076,117.23858444635198,67.2040659784409,57.90514271971392,50.25377209880003,63.15173348132839
2026-09-27,EP152026,27,2026-10-10 18:00:00,13 days 18:00:00,330,23.04,159.07,965.0,95.2,15.175481535895118,159.53718795623212,139.36533223239863,175.1910394617936,154.56761890961457,95.57439320779528,78.0460272798945,67.15864789412403,89.41803257310679,54.529039241020456,42.46116063810779,34.26588951492005,50.85421145944336
2026-09-27,EP152026,27,2026-10-11 00:00:00,14 days 00:00:00,336,23.35,158.61,951.0,105.4,22.025847573808427,169.29967514111866,185.33015774190807,185.15747912810173,161.26307064887317,101.8772379781166,94.68933115391503,86.94707136857065,95.60825834744408,59.594219633934905,50.89764031815396,42.391114676232576,52.78044308875168
2026-09-27,EP152026,27,2026-10-11 06:00:00,14 days 06:00:00,342,24.21,157.81,958.6,102.2,4.977690487461274,238.849839601612,229.66667313803052,187.98993574384716,215.61823277402775,130.7231985338035,115.53529312870783,80.99142651827071,102.61836651449278,71.88445086684936,60.31632186990038,44.65273904605596,59.7486029107111
2026-09-27,EP152026,27,2026-10-11 12:00:00,14 days 12:00:00,348,24.82,157.37,949.6,106.5,23.04868134312551,201.37831820113524,207.0001353919533,170.275596916405,186.66647892360743,128.04653469146933,117.20631633279775,91.04995930940004,111.57002631440628,78.15994119046309,68.51564657414406,54.84825178353253,66.88683206735777
2026-09-27,EP152026,27,2026-10-11 18:00:00,14 days 18:00:00,354,25.84,157.04,958.3,96.3,27.07736822153777,244.08048363842244,192.9642733055052,182.89147905098403,199.9157592261741,131.83691185813004,113.89736171518314,95.83153482498062,112.13024808275586,85.75628384948884,77.8569483652176,61.8593541916018,73.54327616192754
2026-09-27,EP152026,27,2026-10-12 00:00:00,15 days 00:00:00,360,26.61,157.44,962.4,93.0,16.9988540618974,226.63231072219097,220.94757290700636,173.97177856831732,199.8062049444505,119.29844876872366,110.38234030040908,88.21991400647681,92.54813076299666,86.15890612742183,80.57993317544485,62.32741731645601,72.36450415531998
2026-09-27,EP162026,27,2026-09-27 00:00:00,0 days 00:00:00,0,20.8,-123.6,975.0,76.0,28.0,167.0,167.0,148.0,185.0,93.0,74.0,74.0,93.0,65.0,46.0,37.0,56.0
2026-09-27,EP162026,27,2026-09-27 06:00:00,0 days 06:00:00,6,21.48,-123.55,989.7,54.9,48.04672655381224,168.8790339824406,158.74676737583414,88.79734657607008,146.37920204729355,56.41720774703873,38.910313317026265,20.202919597526357,43.447227561824114,0.0,0.0,0.0,0.0
2026-09-27,EP162026,27,2026-09-27 12:00:00,0 days 12:00:00,12,22.04,-123.39,999.8,40.7,82.03354030370012,82.03354030370012,38.6270080673401,12.407393333304007,30.74525649435561,0.0,0.0,0.0,0.0,0.0,0.0,0.0,0.0
2026-09-27,EP162026,27,2026-09-27 18:00:00,0 days 18:00:00,18,22.37,-123.46,1002.8,33.4,63.99037572836578,0.0,0.0,0.0,0.0,0.0,0.0,0.0,0.0,0.0,0.0,0.0,0.0
2026-09-27,EP162026,27,2026-09-28 00:00:00,1 days 00:00:00,24,22.65,-123.31,1001.2,33.2,77.52410097546178,0.0,0.0,0.0,0.0,0.0,0.0,0.0,0.0,0.0,0.0,0.0,0.0
2026-09-27,EP162026,27,2026-09-28 06:00:00,1 days 06:00:00,30,22.86,-123.14,1004.7,25.5,74.37842829062721,0.0,0.0,0.0,0.0,0.0,0.0,0.0,0.0,0.0,0.0,0.0,0.0
2026-09-27,EP162026,27,2026-09-28 12:00:00,1 days 12:00:00,36,22.59,-123.15,1005.5,22.2,126.43780684419988,0.0,0.0,0.0,0.0,0.0,0.0,0.0,0.0,0.0,0.0,0.0,0.0
2026-09-27,EP162026,27,2026-09-28 18:00:00,1 days 18:00:00,42,22.21,-123.01,1004.9,25.1,89.90312661940533,0.0,0.0,0.0,0.0,0.0,0.0,0.0,0.0,0.0,0.0,0.0,0.0
2026-09-27,EP162026,27,2026-09-29 00:00:00,2 days 00:00:00,48,22.1,-123.2,1003.6,21.0,103.81400649212613,0.0,0.0,0.0,0.0,0.0,0.0,0.0,0.0,0.0,0.0,0.0,0.0
2026-09-27,EP162026,27,2026-09-29 06:00:00,2 days 06:00:00,54,21.1,-123.49,1005.3,21.3,138.38842231179478,0.0,0.0,0.0,0.0,0.0,0.0,0.0,0.0,0.0,0.0,0.0,0.0
2026-09-27,EP172026,27,2026-09-27 00:00:00,0 days 00:00:00,0,19.0,-112.9,946.0,111.0,28.0,259.0,185.0,167.0,185.0,111.0,111.0,93.0,93.0,65.0,65.0,46.0,56.0
2026-09-27,EP172026,27,2026-09-27 06:00:00,0 days 06:00:00,6,19.62,-113.39,942.4,115.0,28.774623116305733,177.2940747479962,168.5493249939566,155.43912625813527,175.87577761450046,99.19193035187652,84.06319347694566,72.11152008890838,82.57652543860718,71.11569280750007,59.43125629566599,49.331233804116366,61.88590297202376
2026-09-27,EP172026,27,2026-09-27 12:00:00,0 days 12:00:00,12,20.46,-113.99,942.3,127.6,13.61916661568797,231.77124716259735,222.05017255932577,178.4071050280869,222.5778027547888,117.4366381071161,97.00646978669964,72.11690548867173,93.15377915317283,71.85006267575058,62.826492046656895,49.75200866146351,60.20513353625023
2026-09-27,EP172026,27,2026-09-27 18:00:00,0 days 18:00:00,18,20.9,-114.18,946.4,116.8,5.71694709132354,220.8762188917557,232.6586725776108,157.7891673362181,196.8824356856445,123.73207907038191,113.65684376908656,80.09152285526451,96.3802667354294,80.74747310064386,72.41721029194333,54.9989306506988,67.70322332552703
2026-09-27,EP172026,27,2026-09-28 00:00:00,1 days 00:00:00,24,21.96,-114.16,948.1,118.1,30.311397523573447,168.7778661741694,157.2240078806546,111.18445916186847,105.558722703086,82.17409539826826,78.73259977123202,55.74167303469688,56.9666526847669,43.93265946286407,41.4147877532867,32.51191988668104,34.996803871147975
2026-09-27,EP172026,27,2026-09-28 06:00:00,1 days 06:00:00,30,22.79,-114.13,937.5,118.4,7.034512677442855,184.8913180533911,206.78443866767853,144.92009553711924,148.44696350415705,74.46013456156217,80.39387301866634,56.98208126728412,53.25420617460613,48.48423936365619,48.03427568145274,41.481310127356366,40.046827785237866
2026-09-27,EP172026,27,2026-09-28 12:00:00,1 days 12:00:00,36,23.6,-114.01,958.5,102.4,9.204228082032593,141.36932722094005,188.4973825553089,131.77021136429005,104.26852288901136,78.6591069937532,86.90279153777186,59.44229160743457,51.40757157043899,51.621370098391424,50.83519311036048,42.251917601796734,41.46983366770009
2026-09-27,EP172026,27,2026-09-28 18:00:00,1 days 18:00:00,42,24.46,-113.52,961.6,88.2,8.831347903397855,150.0584142528544,165.51862715382248,135.0691228275386,133.58919073320044,75.95079609527814,80.69098794050107,52.691826881801,54.449063451424166,47.70536669616319,46.40101372983103,35.852068067174145,37.80285903882033
2026-09-27,EP172026,27,2026-09-29 00:00:00,2 days 00:00:00,48,24.95,-113.15,972.1,81.5,21.40959502917051,143.27187166692056,154.8657714956407,107.78019838085186,103.40537236025568,72.53320284421834,75.94324828415418,54.16505397816195,59.04815893673575,34.99276684664124,34.86909841808398,29.35461459216261,30.15774461768622
2026-09-27,EP172026,27,2026-09-29 06:00:00,2 days 06:00:00,54,25.86,-112.32,976.8,68.0,27.6169274818229,168.97448278495733,187.30158671792248,90.68402972167851,115.4644633652696,79.6157721455383,78.37705214464016,42.476516185496976,51.64404764289205,27.6169274818229,10.855410087453375,2.278985285345076,7.339130488946014
2026-09-27,EP172026,27,2026-09-29 12:00:00,2 days 12:00:00,60,27.02,-111.57,986.6,54.0,41.06959440843247,196.92002402137268,206.83426377716276,126.59658050629504,154.30518435523868,31.188622840149662,41.06959440843247,17.70061422646114,15.246901618288206,0.0,0.0,0.0,0.0
2026-09-27,EP172026,27,2026-09-29 18:00:00,2 days 18:00:00,66,28.4,-110.55,995.0,38.3,60.41427713445477,35.75144642899676,72.49171868307171,8.97783544646464,0.0,0.0,0.0,0.0,0.0,0.0,0.0,0.0,0.0
2026-09-27,EP902026,27,2026-09-27 00:00:00,0 days 00:00:00,0,12.0,-98.6,1008.0,25.0,111.0,0.0,0.0,0.0,0.0,0.0,0.0,0.0,0.0,0.0,0.0,0.0,0.0
2026-09-27,EP902026,27,2026-09-27 06:00:00,0 days 06:00:00,6,12.15,-98.05,1003.8,31.4,46.05305711400255,0.0,0.0,0.0,0.0,0.0,0.0,0.0,0.0,0.0,0.0,0.0,0.0
2026-09-27,EP902026,27,2026-09-27 12:00:00,0 days 12:00:00,12,12.26,-98.5,1002.3,37.8,60.74144982656346,69.61818413607232,72.97507198675115,36.76051183739999,49.50303463040942,0.0,0.0,0.0,0.0,0.0,0.0,0.0,0.0
2026-09-27,EP902026,27,2026-09-27 18:00:00,0 days 18:00:00,18,12.32,-98.86,1003.2,36.0,100.2050759122904,12.789811219112387,100.2050759122904,0.7078119244351164,1.2291826553190006,0.0,0.0,0.0,0.0,0.0,0.0,0.0,0.0
2026-09-27,EP902026,27,2026-09-28 00:00:00,1 days 00:00:00,24,12.43,-98.97,999.5,44.9,90.85623848860818,114.53642191126796,99.88212642706858,51.99907767978946,88.19066469513945,0.0,0.0,0.0,0.0,0.0,0.0,0.0,0.0
2026-09-27,EP902026,27,2026-09-28 06:00:00,1 days 06:00:00,30,12.63,-99.98,1001.6,46.8,84.6779827371302,183.7586024068696,172.6196519343041,128.83817254914226,152.0398411931884,0.0,0.0,0.0,0.0,0.0,0.0,0.0,0.0
2026-09-27,EP902026,27,2026-09-28 12:00:00,1 days 12:00:00,36,12.96,-100.57,999.4,48.3,46.05188787363028,240.29609889332232,232.2951374890033,157.44349088794502,209.88763786997515,0.0,0.0,0.0,0.0,0.0,0.0,0.0,0.0
2026-09-27,EP902026,27,2026-09-28 18:00:00,1 days 18:00:00,42,13.52,-101.38,992.2,54.5,38.51483241505496,159.8870352393688,144.338253251369,102.7109460789966,135.64505011300807,50.259145888452736,42.50248050337244,23.608275931206123,32.74339936574769,0.0,0.0,0.0,0.0
2026-09-27,EP902026,27,2026-09-29 00:00:00,2 days 00:00:00,48,14.31,-102.74,998.8,48.5,73.73362698619175,263.80900844208526,220.1780916369284,175.3648987611687,240.64378035629665,0.0,0.0,0.0,0.0,0.0,0.0,0.0,0.0
2026-09-27,EP902026,27,2026-09-29 06:00:00,2 days 06:00:00,54,14.56,-103.93,992.5,60.9,44.75926500077284,305.96344700744544,301.8663492168823,234.94231335126028,256.95840018453055,79.29014047083069,61.79369144388511,38.96499908905352,55.17777841588247,0.0,0.0,0.0,0.0
2026-09-27,EP902026,27,2026-09-29 12:00:00,2 days 12:00:00,60,14.8,-104.54,981.3,76.3,11.942659099225544,155.4756536559042,178.63934859343505,120.63366092382216,139.06618594814552,77.40947389737684,64.61537874524939,44.62266009326604,60.23563281082483,21.713604674837512,18.607350173647053,15.790005733978736,18.34639728871235
2026-09-27,EP902026,27,2026-09-29 18:00:00,2 days 18:00:00,66,15.71,-105.42,971.8,82.2,40.036335185463,224.0806125838506,218.35871449591167,156.8896502102524,147.16384669399153,83.5578986687859,76.36687318634814,49.46996694220535,60.74652147818758,40.036335185463,19.96112882056291,13.38650520818322,16.519390491021923
2026-09-27,EP902026,27,2026-09-30 00:00:00,3 days 00:00:00,72,16.08,-105.91,960.0,91.9,19.00001181094231,263.63702410769014,224.14019520673563,167.06710130641886,205.9058785241191,100.32836537901,77.12414400859299,51.685700680732495,78.47700921366086,47.19822822427656,37.64527090265021,28.60938832736345,39.04168898517686
2026-09-27,EP902026,27,2026-09-30 06:00:00,3 days 06:00:00,78,17.02,-106.56,955.3,98.5,5.147270094799438,258.84110073975575,272.1135355289062,186.8658612413872,181.1425457132029,93.78422674629428,91.53469039736576,65.52916542917086,72.54289034308479,58.80662454432316,52.97683817562888,42.67526317093198,48.17292499083709
2026-09-27,EP902026,27,2026-09-30 12:00:00,3 days 12:00:00,84,17.71,-107.05,955.9,97.4,17.928443380497555,274.3031676971427,292.0511066176025,216.9238688108074,232.06734809213367,137.89560549022605,122.08579502175046,100.9925325682416,121.2836908052853,85.68486765579314,76.06071122179529,61.33283133593714,73.7844332495789
2026-09-27,EP902026,27,2026-09-30 18:00:00,3 days 18:00:00,90,17.76,-107.52,964.1,91.4,46.04183426220498,234.6202616662964,244.95665659914488,194.0160425320124,179.80057465111247,134.1668706791089,121.12123506968489,103.22113887909232,114.96248008157414,47.356206208187416,44.81841408901814,36.511267255769454,41.84869192204605
2026-09-27,EP902026,27,2026-10-01 00:00:00,4 days 00:00:00,96,18.19,-108.0,961.0,97.1,40.20049493231329,216.08033794780025,276.7173491316212,182.7161734230276,177.53673566008,112.2651989270198,109.65929015506867,90.389384993146,100.06253663493204,65.28792420390835,56.40700110935302,47.88627976384794,54.07441923671013
2026-09-27,EP902026,27,2026-10-01 06:00:00,4 days 06:00:00,102,18.56,-108.28,973.9,71.3,36.23101365409484,196.88786532169323,222.1498621196576,184.39292283023303,194.75736410595923,104.7094247958292,101.01154369272967,83.82938979022856,85.11124509672115,49.37659335096888,45.01440783595642,37.879984661819634,40.324698966592905
2026-09-27,EP902026,27,2026-10-01 12:00:00,4 days 12:00:00,108,19.2,-108.34,974.5,71.2,53.10571906129951,213.9397124345678,239.29264094292284,213.26705205090184,180.65146416710104,122.137265321393,115.62882595420795,87.09093158347196,91.2400961509154,53.10571906129951,27.755370298125055,19.62396648869634,23.36558725365296
2026-09-27,EP902026,27,2026-10-01 18:00:00,4 days 18:00:00,114,19.33,-108.52,978.3,68.6,24.7725004801506,168.76072092383455,205.44534785482472,158.3525838232864,159.0279532945957,82.09777265901326,75.46750380163758,57.66419923256764,57.76402073056863,18.54814899018441,24.7725004801506,13.328527974240531,13.11617022211647
2026-09-27,EP902026,27,2026-10-02 00:00:00,5 days 00:00:00,120,19.64,-108.29,976.4,66.2,24.04749227463327,207.04146309300307,255.40881544917576,175.4915197665863,171.1152895898907,110.98888478093816,107.17605898390693,75.40794165343452,88.70766861422833,35.63341039046604,33.84076994274527,25.744038530837443,29.06371002180707
2026-09-27,EP902026,27,2026-10-02 06:00:00,5 days 06:00:00,126,19.85,-108.56,983.8,56.0,36.39784134517308,234.4074010704529,237.14533068595512,159.87250014745854,169.31619175536986,54.20092779039395,48.99078184959063,26.34150453251192,41.03998141498781,0.0,0.0,0.0,0.0
2026-09-27,EP902026,27,2026-10-02 12:00:00,5 days 12:00:00,132,20.34,-108.84,992.4,46.9,60.83149745313885,181.55456376750493,182.8130712666087,138.70280221289624,136.2761332766291,0.0,0.0,0.0,0.0,0.0,0.0,0.0,0.0
2026-09-27,EP902026,27,2026-10-02 18:00:00,5 days 18:00:00,138,20.55,-109.06,996.0,44.6,57.93541796264896,112.1670546921022,126.3383674414344,83.2561042247435,68.92888183680242,0.0,0.0,0.0,0.0,0.0,0.0,0.0,0.0
2026-09-27,EP902026,27,2026-10-03 00:00:00,6 days 00:00:00,144,20.87,-109.38,991.2,44.6,94.77923257467592,200.40167407244007,233.887311520728,168.10626060033246,162.99493499715754,0.0,0.0,0.0,0.0,0.0,0.0,0.0,0.0
2026-09-27,EP902026,27,2026-10-03 06:00:00,6 days 06:00:00,150,20.88,-109.68,987.2,54.0,48.34071626764877,165.52680295539838,172.3473632336295,128.3433746101078,151.5203293743212,104.107666711133,90.83590295461067,62.557933478030094,80.95148717276265,0.0,0.0,0.0,0.0
2026-09-27,EP902026,27,2026-10-03 12:00:00,6 days 12:00:00,156,21.23,-109.83,981.7,62.2,28.516322737134907,182.2795648512062,188.7530878194311,113.23557203871384,106.52515178557653,100.51191428219748,82.94043572729798,45.6003461429627,66.04847358703337,0.0,0.0,0.0,0.0
2026-09-27,EP902026,27,2026-10-03 18:00:00,6 days 18:00:00,162,21.56,-109.94,982.2,66.7,39.6904012444484,158.44950215044673,196.05721749891563,149.28281326575035,143.25052815642425,89.99013825267576,82.06891768358332,57.98399338162198,60.96575707355927,39.6904012444484,15.633572398433571,11.723264047069293,13.482681562932264
2026-09-27,EP902026,27,2026-10-04 00:00:00,7 days 00:00:00,168,21.72,-109.93,974.5,70.6,17.483439704788257,171.97838144296094,185.81064324802145,123.01595323248632,136.26685278000704,82.90724303393532,72.20956302770503,46.33063711138577,59.1240122392171,34.13961781690218,30.07920931804749,22.67100853867212,28.248397463551758
2026-09-27,EP902026,27,2026-10-04 06:00:00,7 days 06:00:00,174,21.98,-110.15,978.5,68.4,22.419183758220235,132.61474307130564,136.5009699019166,131.08289322954704,135.34329838295315,81.56400357549147,68.6109976720106,53.15646209905015,64.68110500231356,38.04440963456655,31.471835836252588,26.626653817584856,31.33272840463046
2026-09-27,EP902026,27,2026-10-04 12:00:00,7 days 12:00:00,180,22.52,-110.84,981.2,66.2,1.4171743675229038,185.27608403049544,179.46671646550527,134.4751189925703,174.20360896551745,101.7081324247826,90.24132583388776,61.7508793460366,83.18023055244402,13.43249890334002,9.593944866463398,6.174226605025089,10.308112856910164
2026-09-27,EP902026,27,2026-10-04 18:00:00,7 days 18:00:00,186,22.76,-111.44,981.4,65.2,31.782869938328503,185.1715427741407,179.46556834694837,123.66933327110276,171.73582013742347,111.35578030225804,82.59024653575922,55.75666186707454,84.02821495823878,45.264606204716735,34.19256426104302,23.292599491178382,35.47516274808014
2026-09-27,EP902026,27,2026-10-05 00:00:00,8 days 00:00:00,192,23.2,-111.84,966.4,85.6,11.070103325636351,141.77704421687295,159.83613286103082,125.72034046733852,118.85066951381866,80.89110728520998,76.64557007138853,53.88767835578653,62.6037867047182,43.39739393306231,38.74828676685348,30.58504842423659,35.788087153835136
2026-09-27,EP902026,27,2026-10-05 06:00:00,8 days 06:00:00,198,23.64,-112.79,973.2,78.0,20.30775887382527,171.33988338514206,140.60901280488582,113.38970109437746,168.4148046942385,79.21544898780392,65.01096370588142,44.788967712578206,65.36118081407817,26.18766752359433,17.287263218161453,12.363956749735069,22.97572482722594
2026-09-27,EP902026,27,2026-10-05 12:00:00,8 days 12:00:00,204,23.61,-113.53,982.7,68.1,28.227033640700284,134.3887105863813,132.58529005546836,98.53888105128392,137.22910028270826,76.58477209081889,60.32068544032285,42.87812350480726,64.24904603266367,28.227033640700284,18.673502439648345,13.141454464723717,21.35967684273922
2026-09-27,EP902026,27,2026-10-05 18:00:00,8 days 18:00:00,210,23.75,-114.32,988.8,60.3,22.01182208488824,131.65269941068104,130.96385142107033,114.04493264537236,141.72446404893066,90.65032123521011,72.82858243386742,51.70800095325776,73.02952739618584,0.0,0.0,0.0,0.0
2026-09-27,EP902026,27,2026-10-06 00:00:00,9 days 00:00:00,216,23.61,-115.31,986.6,55.6,39.03373123638579,105.07488833319712,99.20157213201335,89.76420902693835,104.29204843918228,55.12607133678862,46.01039928008366,31.425629245246324,43.54847841898443,0.0,0.0,0.0,0.0
2026-09-27,EP902026,27,2026-10-06 06:00:00,9 days 06:00:00,222,23.41,-115.85,989.7,49.9,33.81715401166932,153.32776531928675,115.24728712517368,98.3630166653495,150.0354125022567,0.0,0.0,0.0,0.0,0.0,0.0,0.0,0.0
2026-09-27,EP902026,27,2026-10-06 12:00:00,9 days 12:00:00,228,23.04,-116.57,996.8,51.3,26.285287440957347,119.95333372522956,96.21528261773813,69.76927992754895,115.65145859744332,26.285287440957347,4.464237947759272,3.5801118739187934,11.100552083772795,0.0,0.0,0.0,0.0
2026-09-27,EP902026,27,2026-10-06 18:00:00,9 days 18:00:00,234,22.6,-117.63,998.2,46.5,55.04380615921052,117.13541240551048,91.09905802762133,83.12444724585674,108.45718940417537,0.0,0.0,0.0,0.0,0.0,0.0,0.0,0.0
2026-09-27,EP902026,27,2026-10-07 00:00:00,10 days 00:00:00,240,22.46,-118.28,997.1,41.8,28.35614576117554,119.8867183950308,86.45732402397945,58.48936140282335,101.96086212668324,0.0,0.0,0.0,0.0,0.0,0.0,0.0,0.0
2026-09-27,EP902026,27,2026-10-07 06:00:00,10 days 06:00:00,246,22.14,-119.2,997.3,39.7,50.51146543741192,55.118003449941966,33.87004905623356,34.032845907251925,55.49608209957657,0.0,0.0,0.0,0.0,0.0,0.0,0.0,0.0
2026-09-27,EP902026,27,2026-10-07 12:00:00,10 days 12:00:00,252,22.02,-119.95,1001.3,41.1,28.35630654548845,96.37512647244046,71.05049450472107,70.26372183306864,109.5467188065147,0.0,0.0,0.0,0.0,0.0,0.0,0.0,0.0
2026-09-27,EP902026,27,2026-10-07 18:00:00,10 days 18:00:00,258,21.93,-121.07,1001.4,36.5,56.902914642139024,56.902914642139024,29.70703008232716,22.089897707553217,29.14849410468624,0.0,0.0,0.0,0.0,0.0,0.0,0.0,0.0
2026-09-27,EP902026,27,2026-10-08 00:00:00,11 days 00:00:00,264,22.25,-121.93,1000.8,34.1,56.66111503584254,3.0696481030879763,56.66111503584254,2.37733745927841,4.645814247360006,0.0,0.0,0.0,0.0,0.0,0.0,0.0,0.0
2026-09-27,EP902026,27,2026-10-08 06:00:00,11 days 06:00:00,270,22.23,-123.32,1004.0,30.4,59.11664721120784,0.0,0.0,0.0,0.0,0.0,0.0,0.0,0.0,0.0,0.0,0.0,0.0
2026-09-27,EP902026,27,2026-10-08 12:00:00,11 days 12:00:00,276,22.54,-124.5,1006.7,29.1,40.22325513167293,0.0,0.0,0.0,0.0,0.0,0.0,0.0,0.0,0.0,0.0,0.0,0.0
2026-09-27,EP902026,27,2026-10-08 18:00:00,11 days 18:00:00,282,22.85,-125.61,1006.3,26.7,86.5064479206743,0.0,0.0,0.0,0.0,0.0,0.0,0.0,0.0,0.0,0.0,0.0,0.0
2026-09-27,EP902026,27,2026-10-09 00:00:00,12 days 00:00:00,288,23.23,-126.41,1003.8,25.7,122.85345066608436,0.0,0.0,0.0,0.0,0.0,0.0,0.0,0.0,0.0,0.0,0.0,0.0
2026-09-27,EP902026,27,2026-10-09 06:00:00,12 days 06:00:00,294,22.96,-127.51,1006.2,24.5,72.44115328803287,0.0,0.0,0.0,0.0,0.0,0.0,0.0,0.0,0.0,0.0,0.0,0.0
2026-09-27,EP902026,27,2026-10-09 12:00:00,12 days 12:00:00,300,23.05,-128.46,1008.0,23.4,68.9670401376494,0.0,0.0,0.0,0.0,0.0,0.0,0.0,0.0,0.0,0.0,0.0,0.0
2026-09-27,EP902026,27,2026-10-09 18:00:00,12 days 18:00:00,306,23.04,-129.75,1006.4,23.2,85.35154654538141,0.0,0.0,0.0,0.0,0.0,0.0,0.0,0.0,0.0,0.0,0.0,0.0
2026-09-27,EP902026,27,2026-10-10 00:00:00,13 days 00:00:00,312,23.03,-130.3,1007.8,18.1,134.00161367799242,0.0,0.0,0.0,0.0,0.0,0.0,0.0,0.0,0.0,0.0,0.0,0.0
2026-09-27,EP902026,27,2026-10-10 06:00:00,13 days 06:00:00,318,22.66,-131.42,1009.7,18.7,131.4622717295431,0.0,0.0,0.0,0.0,0.0,0.0,0.0,0.0,0.0,0.0,0.0,0.0
2026-09-27,EP902026,27,2026-10-10 12:00:00,13 days 12:00:00,324,22.64,-132.15,1007.4,16.3,54.09114381362393,0.0,0.0,0.0,0.0,0.0,0.0,0.0,0.0,0.0,0.0,0.0,0.0
2026-09-27,EP902026,27,2026-10-10 18:00:00,13 days 18:00:00,330,22.72,-132.87,1008.8,16.2,93.62624421218416,0.0,0.0,0.0,0.0,0.0,0.0,0.0,0.0,0.0,0.0,0.0,0.0
2026-09-27,EP902026,27,2026-10-11 00:00:00,14 days 00:00:00,336,22.34,-133.33,1005.4,17.7,115.73112306593526,0.0,0.0,0.0,0.0,0.0,0.0,0.0,0.0,0.0,0.0,0.0,0.0
2026-09-27,EP902026,27,2026-10-11 06:00:00,14 days 06:00:00,342,21.7,-134.4,1008.7,16.5,118.0537109152169,0.0,0.0,0.0,0.0,0.0,0.0,0.0,0.0,0.0,0.0,0.0,0.0
2026-09-27,WP252026,27,2026-09-27 00:00:00,0 days 00:00:00,0,24.6,127.6,964.0,89.0,22.0,102.0,121.0,102.0,93.0,,,,,,,,
2026-09-27,WP252026,27,2026-09-27 06:00:00,0 days 06:00:00,6,25.27,128.18,944.5,118.3,29.06308006986237,117.87542226756489,148.6657727116669,122.56311034853852,92.20453128583368,82.12496520470154,96.97575654942771,81.3993832013164,65.50712717289659,46.64655692817982,53.69142611450047,46.89321063726217,40.965849225865526
2026-09-27,WP252026,27,2026-09-27 12:00:00,0 days 12:00:00,12,25.9,128.83,947.7,112.9,0.0,88.66368305092152,143.84673272089412,123.37229394407728,59.94889506956112,48.93086176158761,73.41697300926239,62.31833946844185,39.66837392374271,25.36289775477114,29.98230189635544,30.26656578201313,20.736174594431404
2026-09-27,WP252026,27,2026-09-27 18:00:00,0 days 18:00:00,18,26.47,129.55,969.3,91.0,16.84601414959053,89.38303158736963,152.2428630658,118.09659134,97.24113438897278,64.97251650547966,82.37167346827428,62.608776904241225,53.02646489355746,43.04747335320656,47.47353989474409,40.07332862718488,35.628776117594256
2026-09-27,WP252026,27,2026-09-28 00:00:00,1 days 00:00:00,24,26.89,130.88,974.9,78.9,38.846952596995976,136.38151953965496,194.0167324218393,154.52632372735593,114.6576173758665,72.31759497451094,85.32988767366832,65.75148169074279,54.9450539487598,41.21969183029877,43.62294425342175,35.861713212797355,33.52389765127931
2026-09-27,WP252026,27,2026-09-28 06:00:00,1 days 06:00:00,30,27.3,131.56,984.9,64.1,43.18729980740402,122.15657712831288,142.64640248457732,97.51934529761948,92.75549500257917,62.74145386585448,69.1018555550754,52.32913836687105,51.23066690833621,0.0,43.18729980740402,2.34866667907832,0.0
2026-09-27,WP252026,27,2026-09-28 12:00:00,1 days 12:00:00,36,27.72,132.75,982.5,61.5,44.204724743343405,122.42202380607648,174.1639664211097,110.9869160520286,99.27904264278492,74.80136656662592,82.3952331882411,54.01802903922251,62.0869598134484,0.0,0.0,0.0,0.0
2026-09-27,WP252026,27,2026-09-28 18:00:00,1 days 18:00:00,42,28.68,133.37,993.2,55.0,21.878370101086176,146.31672688982962,176.20771043257434,88.17917883146589,89.56650119657792,31.32982474182043,29.878108427271727,11.421422113903915,16.34609939424572,0.0,0.0,0.0,0.0
2026-09-27,WP252026,27,2026-09-29 00:00:00,2 days 00:00:00,48,29.32,134.27,993.7,47.8,48.36634806149556,140.4539945430115,164.05191088712172,92.13315958276225,98.09333060338224,0.0,0.0,0.0,0.0,0.0,0.0,0.0,0.0
2026-09-27,WP252026,27,2026-09-29 06:00:00,2 days 06:00:00,54,29.98,135.77,999.0,42.3,89.96049009077333,147.92763665304432,187.94204866169812,103.43196576155304,105.45697581261804,0.0,0.0,0.0,0.0,0.0,0.0,0.0,0.0
2026-09-27,WP252026,27,2026-09-29 12:00:00,2 days 12:00:00,60,30.58,137.05,995.7,45.5,63.156840879671705,95.1614475422837,117.19777605107669,63.48813843618147,55.09674331213223,0.0,0.0,0.0,0.0,0.0,0.0,0.0,0.0
2026-09-27,WP252026,27,2026-09-29 18:00:00,2 days 18:00:00,66,31.68,138.5,995.7,43.5,86.29347209507355,108.83086447452597,115.04010293813047,69.28752340041027,77.49059882712544,0.0,0.0,0.0,0.0,0.0,0.0,0.0,0.0
2026-09-27,WP252026,27,2026-09-30 00:00:00,3 days 00:00:00,72,32.56,140.59,997.0,46.6,127.26098881204145,86.97924503031118,144.2686246714602,104.90429844439312,65.93818985612779,0.0,0.0,0.0,0.0,0.0,0.0,0.0,0.0
2026-09-27,WP252026,27,2026-09-30 06:00:00,3 days 06:00:00,78,33.02,142.84,995.9,48.0,62.58907797064859,113.20628243697628,153.1808567887989,120.29729713256631,88.6453604382582,0.0,0.0,0.0,0.0,0.0,0.0,0.0,0.0
2026-09-27,WP252026,27,2026-09-30 12:00:00,3 days 12:00:00,84,33.86,145.38,1001.4,38.8,100.43321532797574,160.5027780830328,172.86220022437794,136.88482336696404,123.7867657276716,0.0,0.0,0.0,0.0,0.0,0.0,0.0,0.0
2026-09-27,WP252026,27,2026-09-30 18:00:00,3 days 18:00:00,90,34.72,147.16,992.6,38.8,96.3776124859468,86.1768848280397,112.40693805486244,59.19906933234394,53.86652036232452,0.0,0.0,0.0,0.0,0.0,0.0,0.0,0.0
2026-09-27,WP252026,27,2026-10-01 00:00:00,4 days 00:00:00,96,35.43,148.72,996.4,38.9,64.65498421271721,27.450803325250646,64.65498421271721,44.58307140014391,12.137560820591377,0.0,0.0,0.0,0.0,0.0,0.0,0.0,0.0
2026-09-27,WP252026,27,2026-10-01 06:00:00,4 days 06:00:00,102,36.44,150.06,1000.9,30.3,94.5803700801701,0.0,0.0,0.0,0.0,0.0,0.0,0.0,0.0,0.0,0.0,0.0,0.0
2026-09-27,WP252026,27,2026-10-01 12:00:00,4 days 12:00:00,108,37.8,151.83,1000.8,30.0,137.74594016868633,0.0,0.0,0.0,0.0,0.0,0.0,0.0,0.0,0.0,0.0,0.0,0.0
2026-09-27,WP252026,27,2026-10-01 18:00:00,4 days 18:00:00,114,39.64,154.5,1001.2,32.1,85.74404403446442,0.0,0.0,0.0,0.0,0.0,0.0,0.0,0.0,0.0,0.0,0.0,0.0
2026-09-27,WP252026,27,2026-10-02 00:00:00,5 days 00:00:00,120,41.31,158.94,995.3,33.6,154.64262334277268,0.0,0.0,0.0,0.0,0.0,0.0,0.0,0.0,0.0,0.0,0.0,0.0
2026-09-27,AL062026,28,2026-09-27 00:00:00,0 days 00:00:00,0,29.8,-43.9,1010.0,29.0,56.0,0.0,0.0,0.0,0.0,0.0,0.0,0.0,0.0,0.0,0.0,0.0,0.0
2026-09-27,AL062026,28,2026-09-27 06:00:00,0 days 06:00:00,6,29.75,-43.87,1009.5,28.2,63.65968645046769,0.0,0.0,0.0,0.0,0.0,0.0,0.0,0.0,0.0,0.0,0.0,0.0
2026-09-27,AL062026,28,2026-09-27 12:00:00,0 days 12:00:00,12,29.38,-43.68,1010.3,28.9,89.62940827364218,0.0,0.0,0.0,0.0,0.0,0.0,0.0,0.0,0.0,0.0,0.0,0.0
2026-09-27,AL062026,28,2026-09-27 18:00:00,0 days 18:00:00,18,29.27,-43.67,1011.8,21.6,76.14051615635745,0.0,0.0,0.0,0.0,0.0,0.0,0.0,0.0,0.0,0.0,0.0,0.0
2026-09-27,AL062026,28,2026-09-28 00:00:00,1 days 00:00:00,24,28.66,-43.96,1013.3,21.0,74.1032942025214,0.0,0.0,0.0,0.0,0.0,0.0,0.0,0.0,0.0,0.0,0.0,0.0
2026-09-27,AL062026,28,2026-09-28 06:00:00,1 days 06:00:00,30,28.05,-44.15,1011.1,27.9,106.33728211582144,0.0,0.0,0.0,0.0,0.0,0.0,0.0,0.0,0.0,0.0,0.0,0.0
2026-09-27,AL062026,28,2026-09-28 12:00:00,1 days 12:00:00,36,27.32,-44.7,1013.1,25.3,140.25185964406592,0.0,0.0,0.0,0.0,0.0,0.0,0.0,0.0,0.0,0.0,0.0,0.0
2026-09-27,AL062026,28,2026-09-28 18:00:00,1 days 18:00:00,42,26.78,-45.49,1013.3,23.7,106.55655149414068,0.0,0.0,0.0,0.0,0.0,0.0,0.0,0.0,0.0,0.0,0.0,0.0
2026-09-27,AL062026,28,2026-09-29 00:00:00,2 days 00:00:00,48,26.52,-45.71,1012.0,22.0,135.57070225278812,0.0,0.0,0.0,0.0,0.0,0.0,0.0,0.0,0.0,0.0,0.0,0.0
2026-09-27,AL062026,28,2026-09-29 06:00:00,2 days 06:00:00,54,25.23,-46.98,1012.2,22.4,139.61076254554916,0.0,0.0,0.0,0.0,0.0,0.0,0.0,0.0,0.0,0.0,0.0,0.0
2026-09-27,EP152026,28,2026-09-27 00:00:00,0 days 00:00:00,0,16.7,-156.1,972.0,80.0,37.0,241.0,185.0,185.0,241.0,93.0,74.0,93.0,111.0,56.0,46.0,56.0,56.0
2026-09-27,EP152026,28,2026-09-27 06:00:00,0 days 06:00:00,6,16.67,-157.02,963.5,94.0,30.180085985804297,155.24926196044152,148.4929174789023,138.8651475853809,180.3266402299776,70.17004823328332,67.64284520636753,70.95566489562867,74.05622655279686,48.40079847813577,44.767753943662,38.43623408599244,44.5433489090612
2026-09-27,EP152026,28,2026-09-27 12:00:00,0 days 12:00:00,12,16.38,-157.83,953.2,112.8,25.546993580054632,202.9276295260068,114.93376169943784,146.54113229184478,208.54972186512757,82.6070901759631,55.45287462722925,53.64030228088191,84.05421982628562,56.47258637846557,43.53547840901658,37.57347697373192,52.93026427060692
2026-09-27,EP152026,28,2026-09-27 18:00:00,0 days 18:00:00,18,16.29,-158.67,946.3,115.2,15.438628213343192,167.4397360420448,121.95425308172456,122.66478268999836,171.90671473847158,79.85056695323439,64.09749907882778,61.495331575415975,85.27730435990944,46.79041207504143,38.52161435003652,34.83578575259075,44.55150379363855
2026-09-27,EP152026,28,2026-09-28 00:00:00,1 days 00:00:00,24,16.06,-159.58,940.0,120.7,3.875308749191003,153.15061326481177,94.69243257970844,128.57846435279126,155.298474101041,94.433149342607,71.3265439436776,66.89377628347155,92.1782761756232,55.56232678819069,42.91361312259029,36.26690399972771,53.69826083077005
2026-09-27,EP152026,28,2026-09-28 06:00:00,1 days 06:00:00,30,16.27,-160.65,958.6,101.5,23.75689394101465,158.40455934577878,109.83859655244196,80.3193592994403,124.99826248459426,67.75037887313951,46.30423043219336,39.61332420042167,58.46261193901307,37.07737107679792,28.196364271250687,25.65814152478333,33.45648958275369
2026-09-27,EP152026,28,2026-09-28 12:00:00,1 days 12:00:00,36,16.76,-161.62,951.2,103.7,19.552368167894517,165.69248184227573,164.86606365110794,105.74329059667537,150.43348601559904,73.27573389322819,64.62792929861864,56.373599673187385,66.78226438796699,50.2795153508073,43.07964689081762,35.70138347935728,43.01583771926458
2026-09-27,EP152026,28,2026-09-28 18:00:00,1 days 18:00:00,42,17.35,-162.37,957.1,109.4,0.0,198.46231752882883,152.21656632347288,98.11023925485064,168.6431767541502,86.60382796096596,66.00394805851212,43.05252493206583,69.19437060040157,48.15085366611507,40.14246815233467,30.09385301802522,42.04341795296524
2026-09-27,EP152026,28,2026-09-29 00:00:00,2 days 00:00:00,48,18.44,-163.07,952.1,111.2,14.612187845898816,270.23584085330674,242.45478479516356,146.5287184306532,200.3323599196245,118.52390392762098,105.0438563999308,70.13181066469865,88.18846421944136,59.51356187794133,52.379007234980186,39.74340424775494,48.77728003969965
2026-09-27,EP152026,28,2026-09-29 06:00:00,2 days 06:00:00,54,19.2,-163.74,961.6,94.6,19.775559408083403,216.76867620935545,151.85116295294625,122.15323038225183,194.0971648969557,121.30016321533483,96.8982864761128,66.09351941243098,93.88615505223798,78.66751094542357,66.58008127373631,50.45525084080735,60.86229218035815
2026-09-27,EP152026,28,2026-09-29 12:00:00,2 days 12:00:00,60,19.86,-163.73,973.9,81.7,25.46396356246811,283.94543811746627,192.59162731571263,126.41532767951784,224.7852739708988,123.00658937232043,92.86563550641546,60.65995648130937,89.84245744144427,53.57670161613781,44.24159663835233,32.473677058797655,42.97404771195825
2026-09-27,EP152026,28,2026-09-29 18:00:00,2 days 18:00:00,66,20.77,-164.23,980.2,72.6,58.60995354392114,276.20161895176466,223.10090317031316,206.15088136072893,252.2624644528456,122.20075245314143,111.67435046302998,90.0913400515569,103.41364682923694,73.4261796423894,67.49999246870817,54.64661250340009,60.27323100243825
2026-09-27,EP152026,28,2026-09-30 00:00:00,3 days 00:00:00,72,21.23,-164.29,988.5,65.3,61.78244586756583,244.8037218851823,162.9365215574091,129.16113976507535,224.37750396207772,143.6267083602792,105.68835608528072,73.4171665561242,115.70713209730916,61.78244586756583,21.26877596690243,12.490807991205209,24.100395761631685
2026-09-27,EP152026,28,2026-09-30 06:00:00,3 days 06:00:00,78,21.79,-164.29,984.7,65.6,49.98120934914128,211.92882448010403,189.88737847589147,161.8903940871356,203.3582433463429,132.26861629876117,120.58545011081752,99.48447216421482,115.47854515955336,49.98120934914128,32.54780633150476,26.344498197824528,32.047626142720155
2026-09-27,EP152026,28,2026-09-30 12:00:00,3 days 12:00:00,84,21.94,-163.9,985.5,57.9,73.88080276041478,307.907200368924,270.4239784210057,216.93784420015544,279.72337121273046,110.0339624992941,98.67251882285127,77.48218328312842,93.30924451671112,0.0,0.0,0.0,0.0
2026-09-27,EP152026,28,2026-09-30 18:00:00,3 days 18:00:00,90,22.44,-163.89,989.5,61.6,54.366190946475726,199.529657240036,188.1736770269376,147.86575213028823,174.4387055794589,136.6623215440918,119.24362700559408,95.65785827638896,110.65501104393816,0.0,0.0,0.0,0.0
2026-09-27,EP152026,28,2026-10-01 00:00:00,4 days 00:00:00,96,22.99,-164.53,989.9,52.2,74.57015502606086,286.84775855342366,204.2843342862037,162.020397863529,271.3881327545271,159.62008134626927,133.51619440995916,96.30314109489116,137.95237712026696,0.0,0.0,0.0,0.0
2026-09-27,EP152026,28,2026-10-01 06:00:00,4 days 06:00:00,102,23.32,-165.45,986.9,59.1,79.15272090808054,219.8121537379945,166.00719210138422,131.94180163740072,221.413636943576,124.93387262059248,108.15152847382178,82.31218560289463,111.73611802414244,0.0,0.0,0.0,0.0
2026-09-27,EP152026,28,2026-10-01 12:00:00,4 days 12:00:00,108,23.33,-167.01,986.0,51.9,46.585973095636064,270.5913848725311,187.50124094686143,144.65586319724764,242.9780321653966,99.95436821272028,81.67773948165348,63.5630960415044,86.07605318429921,0.0,0.0,0.0,0.0
2026-09-27,EP152026,28,2026-10-01 18:00:00,4 days 18:00:00,114,23.3,-168.16,981.5,57.9,45.13060700613554,295.7534242655663,240.98121671567645,169.90612170516312,236.57054238595,74.2985606759272,59.1734845173234,44.77879065100043,64.01201120606092,0.0,0.0,0.0,0.0
2026-09-27,EP152026,28,2026-10-02 00:00:00,5 days 00:00:00,120,23.51,-169.29,981.4,69.9,62.40464372641311,230.9110092943855,178.69415645406735,168.1013881177005,213.0512114707926,122.376538849505,93.55270369829606,71.93740434744718,103.691821347549,62.40464372641311,31.37782957623004,24.14541501847521,36.114288875214754
2026-09-27,EP152026,28,2026-10-02 06:00:00,5 days 06:00:00,126,23.27,-169.85,983.7,58.4,37.69598468158345,227.2245864373305,199.8910720359713,170.2405719254556,185.12335110869827,105.1404644730316,89.26871284044205,63.04634541795619,83.27291522775533,0.0,0.0,0.0,0.0
2026-09-27,EP152026,28,2026-10-02 12:00:00,5 days 12:00:00,132,23.3,-170.49,984.5,62.2,61.223543644779966,221.06901327021887,193.98796986281516,149.49338434522724,176.5168573756864,101.19145702026049,81.53365450625654,57.33270330793903,76.06858362176843,0.0,0.0,0.0,0.0
2026-09-27,EP152026,28,2026-10-02 18:00:00,5 days 18:00:00,138,23.5,-171.12,989.1,57.0,56.90647655436997,209.7261287557248,146.07016616897002,141.39417528774607,207.0166157890308,132.386821443213,103.84442629710796,78.01530873064942,107.5731435200561,0.0,0.0,0.0,0.0
2026-09-27,EP152026,28,2026-10-03 00:00:00,6 days 00:00:00,144,23.38,-172.19,990.3,54.6,37.01091137293667,264.8062473826348,183.1205501449361,173.67241150779736,239.27192647800535,74.65970113170047,55.52836397007303,41.92046108712001,60.23944572785645,0.0,0.0,0.0,0.0
2026-09-27,EP152026,28,2026-10-03 06:00:00,6 days 06:00:00,150,23.36,-173.55,990.1,51.2,81.19017780568282,183.80076536377453,139.9695579230513,105.52079837592908,153.72140965554092,81.19017780568282,14.984642664074734,13.00510164162234,16.819127117477016,0.0,0.0,0.0,0.0
2026-09-27,EP152026,28,2026-10-03 12:00:00,6 days 12:00:00,156,23.61,-175.0,991.4,58.7,41.1144275267966,234.4777111094577,148.72544311114788,99.60344635848014,218.43372768052384,102.6309189228932,74.49183986461577,49.269597170868536,80.97323243195972,0.0,0.0,0.0,0.0
2026-09-27,EP152026,28,2026-10-03 18:00:00,6 days 18:00:00,162,23.81,-176.44,987.2,62.2,23.590849376033358,217.507381931928,162.6042941393139,118.43969970688563,187.1800168908873,95.85329225974604,78.84260624218167,53.90338531785883,74.03932244010876,0.0,0.0,0.0,0.0
2026-09-27,EP152026,28,2026-10-04 00:00:00,7 days 00:00:00,168,24.26,-178.31,980.6,70.2,37.05342919765085,225.40376874036832,178.0462790314627,132.2387792494278,192.2832149673683,101.22518727679022,79.32765840760442,50.55029314748224,81.63319996740013,37.05342919765085,15.737761586531729,10.540675198301496,18.375212155320582
2026-09-27,EP152026,28,2026-10-04 06:00:00,7 days 06:00:00,174,24.91,179.94,976.4,76.7,33.80511335309261,262.1517065035497,194.23481828878047,117.88282401578564,216.11412637739303,97.56063609028688,69.41891311930897,43.425693562702286,76.34673933596427,34.06741230075436,24.566799348391918,17.914341772614684,28.75104988609639
2026-09-27,EP152026,28,2026-10-04 12:00:00,7 days 12:00:00,180,25.65,178.26,970.3,86.8,31.090437011882656,263.3909352351544,221.0535783170031,163.65317055594664,199.66178366028797,122.92955260300516,106.24720802123758,73.10017731784903,97.79146783472324,62.695976517979055,53.250165219696335,42.423835752598926,52.963188457186064
2026-09-27,EP152026,28,2026-10-04 18:00:00,7 days 18:00:00,186,26.29,176.79,963.8,94.6,3.075259027231368,273.0585729217473,242.19596206010647,155.25736138465982,206.5735541383256,123.89041868036838,103.29449492428192,68.90489775123388,94.20426846396094,56.00316886911423,46.54632744007131,35.06111338955907,45.646757183915724
2026-09-27,EP152026,28,2026-10-05 00:00:00,8 days 00:00:00,192,26.81,175.88,964.1,90.9,19.55980959891798,226.2797658638164,198.9237721749838,139.91884834890823,201.4018696693065,114.32775137075112,87.20517279629757,60.03020607737066,98.09903070293228,60.53462090011678,47.655216292353884,35.02586266203142,52.40536376869522
2026-09-27,EP152026,28,2026-10-05 06:00:00,8 days 06:00:00,198,27.67,175.03,962.0,87.2,37.05999544344249,334.8815227542942,309.7794874232955,239.29986686545703,256.0212286745804,136.0704647777727,111.4333096288805,80.95376922592774,106.46226192549084,62.47031057257072,52.00930428979043,40.19665552100659,50.98366050406704
2026-09-27,EP152026,28,2026-10-05 12:00:00,8 days 12:00:00,204,28.03,173.89,974.2,78.5,21.392953136330107,216.71610999807427,200.1150131540064,166.88829120858196,175.5198688653608,104.5927971983716,87.34243459282399,63.33904701672678,81.76721485746242,26.533704119485648,18.31560547461193,15.418765308598791,22.25265999512265
2026-09-27,EP152026,28,2026-10-05 18:00:00,8 days 18:00:00,210,28.34,172.81,977.2,70.7,34.3191075527908,254.52847585787092,226.77881036799545,180.2812345145876,223.28751409047163,143.52244077301748,112.36516339943682,81.93247504284818,123.2715392790426,73.39033989970221,61.08272294849292,47.82675409850469,62.59053658100788
2026-09-27,EP152026,28,2026-10-06 00:00:00,9 days 00:00:00,216,28.3,171.86,975.7,72.1,32.011776593786266,254.03573308483573,186.94719210029143,155.12008709149185,220.65054202379585,127.18236308821668,93.80919134320048,70.42656628416381,109.13811412322998,48.327652719592855,38.76812683839926,28.115851801673227,43.22493215077338
2026-09-27,EP152026,28,2026-10-06 06:00:00,9 days 06:00:00,222,28.21,170.43,972.6,82.8,24.531313096135825,266.92823654875906,177.58569625560935,136.66562672409066,233.7265095540123,144.50443958958795,107.57752036279322,83.98748832170924,130.77656960491777,88.20930103250929,74.80934089724218,59.87441408662944,76.78225515857923
2026-09-27,EP152026,28,2026-10-06 12:00:00,9 days 12:00:00,228,28.16,169.23,984.3,68.0,41.81939359543252,254.73358042851032,153.2144983961698,108.65945226829282,222.3886060087912,104.09453389897035,73.15336811860418,54.5953023539881,82.67667020728192,41.81939359543252,10.191261093206103,5.84275940838939,11.38238029104718
2026-09-27,EP152026,28,2026-10-06 18:00:00,9 days 18:00:00,234,28.26,167.9,981.6,69.3,42.78433354295685,285.43503356321446,230.35273165868747,132.60979860572766,213.7605291134416,136.9868620165165,114.84788099696848,82.4955473483047,114.55452377587422,42.78433354295685,20.460503278586835,15.263236501978884,22.788884187582752
2026-09-27,EP152026,28,2026-10-07 00:00:00,10 days 00:00:00,240,28.59,166.32,985.2,66.2,29.475898673739444,233.5487528447406,152.46321583188433,61.29934927554445,185.13951218909605,111.17173328364235,71.43133797917596,44.197560201402496,88.40713549018322,36.12426768460516,26.64235342622506,18.423209850700356,29.848472828045665
2026-09-27,EP152026,28,2026-10-07 06:00:00,10 days 06:00:00,246,29.1,164.75,990.6,55.9,56.07283937546551,246.6910619663629,169.37782317633545,86.96442953814557,189.64043817703487,56.07283937546551,34.41317175235034,20.11207981202876,32.681431811548315,0.0,0.0,0.0,0.0
2026-09-27,EP152026,28,2026-10-07 12:00:00,10 days 12:00:00,252,29.68,163.53,993.5,48.0,66.21353370378209,178.8574699777968,157.57699081262706,69.660667906675,141.54838646646982,0.0,0.0,0.0,0.0,0.0,0.0,0.0,0.0
2026-09-27,EP152026,28,2026-10-07 18:00:00,10 days 18:00:00,258,30.65,162.34,992.6,47.6,39.34680159124353,201.1007498565829,198.91691241934356,120.62199123143633,152.47591713864514,0.0,0.0,0.0,0.0,0.0,0.0,0.0,0.0
2026-09-27,EP152026,28,2026-10-08 00:00:00,11 days 00:00:00,264,32.03,161.76,999.7,34.3,66.11117979280365,70.28228568977275,62.38779114562651,12.035698291141442,34.30059709588683,0.0,0.0,0.0,0.0,0.0,0.0,0.0,0.0
2026-09-27,EP152026,28,2026-10-08 06:00:00,11 days 06:00:00,270,32.85,162.71,994.5,42.8,42.061059286977496,98.75667126208332,108.6084512205994,72.57669293316323,52.98058697398052,0.0,0.0,0.0,0.0,0.0,0.0,0.0,0.0
2026-09-27,EP152026,28,2026-10-08 12:00:00,11 days 12:00:00,276,33.65,164.26,1002.2,29.9,45.44099334065005,0.0,0.0,0.0,0.0,0.0,0.0,0.0,0.0,0.0,0.0,0.0,0.0
2026-09-27,EP152026,28,2026-10-08 18:00:00,11 days 18:00:00,282,33.76,166.68,997.9,29.3,104.95740697878637,0.0,0.0,0.0,0.0,0.0,0.0,0.0,0.0,0.0,0.0,0.0,0.0
2026-09-27,EP152026,28,2026-10-09 00:00:00,12 days 00:00:00,288,34.34,169.79,1002.6,29.4,61.45986436748416,0.0,0.0,0.0,0.0,0.0,0.0,0.0,0.0,0.0,0.0,0.0,0.0
2026-09-27,EP152026,28,2026-10-09 06:00:00,12 days 06:00:00,294,34.3,172.94,1006.4,27.8,107.8584837198034,0.0,0.0,0.0,0.0,0.0,0.0,0.0,0.0,0.0,0.0,0.0,0.0
2026-09-27,EP162026,28,2026-09-27 00:00:00,0 days 00:00:00,0,20.8,-123.6,975.0,76.0,28.0,167.0,167.0,148.0,185.0,93.0,74.0,74.0,93.0,65.0,46.0,37.0,56.0
2026-09-27,EP162026,28,2026-09-27 06:00:00,0 days 06:00:00,6,21.37,-123.03,990.1,50.9,29.551093445378218,203.15752082959423,139.94775374055837,89.73608738955404,180.5291807442662,60.02218395307145,42.38682783461502,21.775206725901818,48.59626521716814,0.0,0.0,0.0,0.0
2026-09-27,EP162026,28,2026-09-27 12:00:00,0 days 12:00:00,12,22.25,-123.15,995.0,43.2,56.29515571440989,96.7260264655772,67.32726707707334,57.05401308741276,94.20650204011037,0.0,0.0,0.0,0.0,0.0,0.0,0.0,0.0
2026-09-27,EP162026,28,2026-09-27 18:00:00,0 days 18:00:00,18,22.7,-122.78,999.9,38.5,45.227998775000415,76.77897079889331,55.98150827269966,39.164201228174,55.23102534048043,0.0,0.0,0.0,0.0,0.0,0.0,0.0,0.0
2026-09-27,EP162026,28,2026-09-28 00:00:00,1 days 00:00:00,24,22.66,-122.66,1001.6,34.9,126.84108229003236,53.024490555232575,126.84108229003236,45.23628522492351,40.95676115668641,0.0,0.0,0.0,0.0,0.0,0.0,0.0,0.0
2026-09-27,EP162026,28,2026-09-28 06:00:00,1 days 06:00:00,30,22.88,-122.45,1002.4,27.1,110.56073668378122,0.0,0.0,0.0,0.0,0.0,0.0,0.0,0.0,0.0,0.0,0.0,0.0
2026-09-27,EP162026,28,2026-09-28 12:00:00,1 days 12:00:00,36,22.55,-122.33,1002.6,28.8,102.29348391210102,0.0,0.0,0.0,0.0,0.0,0.0,0.0,0.0,0.0,0.0,0.0,0.0
2026-09-27,EP162026,28,2026-09-28 18:00:00,1 days 18:00:00,42,21.77,-122.1,1005.0,25.6,55.38634902119233,0.0,0.0,0.0,0.0,0.0,0.0,0.0,0.0,0.0,0.0,0.0,0.0
2026-09-27,EP162026,28,2026-09-29 00:00:00,2 days 00:00:00,48,21.23,-121.6,1006.2,21.7,113.05342775035533,0.0,0.0,0.0,0.0,0.0,0.0,0.0,0.0,0.0,0.0,0.0,0.0
2026-09-27,EP162026,28,2026-09-29 06:00:00,2 days 06:00:00,54,20.74,-121.48,1006.7,23.5,126.38985285153878,0.0,0.0,0.0,0.0,0.0,0.0,0.0,0.0,0.0,0.0,0.0,0.0
2026-09-27,EP162026,28,2026-09-29 12:00:00,2 days 12:00:00,60,20.1,-120.94,1005.3,24.7,134.5570064417355,0.0,0.0,0.0,0.0,0.0,0.0,0.0,0.0,0.0,0.0,0.0,0.0
2026-09-27,EP162026,28,2026-09-29 18:00:00,2 days 18:00:00,66,19.31,-121.08,1008.2,20.9,111.84143461752927,0.0,0.0,0.0,0.0,0.0,0.0,0.0,0.0,0.0,0.0,0.0,0.0
2026-09-27,EP162026,28,2026-09-30 00:00:00,3 days 00:00:00,72,18.75,-121.09,1005.5,22.6,124.56525179550584,0.0,0.0,0.0,0.0,0.0,0.0,0.0,0.0,0.0,0.0,0.0,0.0
2026-09-27,EP162026,28,2026-09-30 06:00:00,3 days 06:00:00,78,18.02,-121.84,1007.7,22.5,64.28115637540895,0.0,0.0,0.0,0.0,0.0,0.0,0.0,0.0,0.0,0.0,0.0,0.0
2026-09-27,EP162026,28,2026-09-30 12:00:00,3 days 12:00:00,84,17.69,-122.03,1004.6,23.7,105.63527171672705,0.0,0.0,0.0,0.0,0.0,0.0,0.0,0.0,0.0,0.0,0.0,0.0
2026-09-27,EP162026,28,2026-09-30 18:00:00,3 days 18:00:00,90,17.67,-122.55,1006.8,18.4,85.39396135607421,0.0,0.0,0.0,0.0,0.0,0.0,0.0,0.0,0.0,0.0,0.0,0.0
2026-09-27,EP172026,28,2026-09-27 00:00:00,0 days 00:00:00,0,19.0,-112.9,946.0,111.0,28.0,259.0,185.0,167.0,185.0,111.0,111.0,93.0,93.0,65.0,65.0,46.0,56.0
2026-09-27,EP172026,28,2026-09-27 06:00:00,0 days 06:00:00,6,19.73,-113.16,943.4,119.1,0.0,198.17101186551764,238.87075353958213,162.37350597322336,151.01111744935375,105.59348283884628,97.80441578037066,65.65099868587957,78.39084887461958,58.92656394892981,50.76471527443477,37.85223845992884,48.40888909342856
2026-09-27,EP172026,28,2026-09-27 12:00:00,0 days 12:00:00,12,20.77,-113.94,940.7,117.6,26.414991365559764,184.23786379341647,183.76189960806164,156.21429899246982,155.47845226065454,93.2356586919297,88.3001038527218,69.83422145025585,77.25213338993639,56.34436654523834,51.14307960982061,41.266892700242686,48.96714112739383
2026-09-27,EP172026,28,2026-09-27 18:00:00,0 days 18:00:00,18,21.52,-114.12,936.1,127.8,0.0,113.5451163565526,150.72935104085417,108.17662489907732,111.49276039571966,73.79657814432498,73.32398324135306,59.98885011746109,60.22220848513427,56.35820074405004,50.13180504250441,41.45534321200883,48.533060296658206
2026-09-27,EP172026,28,2026-09-28 00:00:00,1 days 00:00:00,24,22.65,-114.12,942.5,118.3,23.48008664457837,180.13210387277712,193.5823326170537,163.2979593013029,152.4601623293059,100.68772202513156,93.35176425523495,70.85655022877575,76.04641176450104,58.52784609482917,51.35633247278309,41.24772293076597,48.36830658111612
2026-09-27,EP172026,28,2026-09-28 06:00:00,1 days 06:00:00,30,23.64,-114.1,939.9,126.6,26.23238360927261,174.65223489508452,225.783484278874,141.62953934207613,116.88172839929462,68.96016429070738,73.68962735140485,48.21005930974983,39.257597948274,28.001031448476468,27.095745633315715,21.728963390536705,21.37484676635512
2026-09-27,EP172026,28,2026-09-28 12:00:00,1 days 12:00:00,36,24.55,-113.55,945.4,116.5,26.737696187740767,195.89957441787843,207.6887565063448,115.90220379158816,136.39312650468258,71.02436023802797,79.10584667413016,53.40063885335549,49.2032180513262,51.84974341830178,48.69622211087132,37.1106018361675,41.46517940146771
2026-09-27,EP172026,28,2026-09-28 18:00:00,1 days 18:00:00,42,25.29,-112.8,965.0,90.0,9.799683282001116,93.01088641023928,122.9818846253466,85.81009723670395,58.88087367202182,74.02801572583577,77.09005322186869,55.025460152827854,58.88087367202182,40.28544091808777,38.86345339016012,31.561164404763403,34.0500211433405
2026-09-27,EP172026,28,2026-09-29 00:00:00,2 days 00:00:00,48,26.35,-112.05,977.5,71.1,37.1315933165846,175.19768877669458,183.20821567401663,120.51212916011002,97.10143076844211,55.4508615048091,62.51891282528425,46.58920644822638,38.99099193755649,9.90204298728436,37.1315933165846,13.493179908990191,9.656719232991277
2026-09-27,EP172026,28,2026-09-29 06:00:00,2 days 06:00:00,54,27.62,-111.59,988.5,52.4,19.317967182522715,113.87401104929754,153.92742245323456,91.15438624846225,90.70394910182426,72.50197054714062,78.33916032823745,46.67923811690024,52.86798713964861,0.0,0.0,0.0,0.0
2026-09-27,EP172026,28,2026-09-29 12:00:00,2 days 12:00:00,60,29.52,-109.96,992.9,34.2,106.66316177568832,205.8517109614843,209.88604226358507,153.49235447454112,153.13556109242438,0.0,0.0,0.0,0.0,0.0,0.0,0.0,0.0
2026-09-27,EP902026,28,2026-09-27 00:00:00,0 days 00:00:00,0,12.0,-98.6,1008.0,25.0,111.0,0.0,0.0,0.0,0.0,0.0,0.0,0.0,0.0,0.0,0.0,0.0,0.0
2026-09-27,EP902026,28,2026-09-27 06:00:00,0 days 06:00:00,6,12.29,-98.31,1005.3,30.3,76.99886551364531,0.0,0.0,0.0,0.0,0.0,0.0,0.0,0.0,0.0,0.0,0.0,0.0
2026-09-27,EP902026,28,2026-09-27 12:00:00,0 days 12:00:00,12,12.04,-98.75,1005.1,26.9,101.72346439263865,0.0,0.0,0.0,0.0,0.0,0.0,0.0,0.0,0.0,0.0,0.0,0.0
2026-09-27,EP902026,28,2026-09-27 18:00:00,0 days 18:00:00,18,12.14,-99.06,1002.8,40.8,101.4689677862156,110.50155684258488,82.48974089160771,46.29362257455175,82.9428863521635,0.0,0.0,0.0,0.0,0.0,0.0,0.0,0.0
2026-09-27,EP902026,28,2026-09-28 00:00:00,1 days 00:00:00,24,12.26,-99.53,1000.5,45.8,149.06199632105847,236.3055509943801,236.75444907589215,179.20708788226452,187.53885633882263,0.0,0.0,0.0,0.0,0.0,0.0,0.0,0.0
2026-09-27,EP902026,28,2026-09-28 06:00:00,1 days 06:00:00,30,12.81,-99.72,999.6,48.2,44.15855679120883,150.44185588997036,142.03173705492316,109.08118123217558,136.56554582084655,0.0,0.0,0.0,0.0,0.0,0.0,0.0,0.0
2026-09-27,EP902026,28,2026-09-28 12:00:00,1 days 12:00:00,36,13.28,-100.81,996.3,51.6,75.46711916010794,264.7805073742246,233.1823021995203,200.23927387533783,222.2548682055017,75.46711916010794,40.12989266635584,30.22652855432753,34.72130466416272,0.0,0.0,0.0,0.0
2026-09-27,EP902026,28,2026-09-28 18:00:00,1 days 18:00:00,42,13.31,-101.95,995.8,53.8,36.63595401401956,166.21835603629026,137.91853557582246,82.98789271539678,125.60118311837918,36.63595401401956,5.246188616716741,0.0,5.370492272058352,0.0,0.0,0.0,0.0
2026-09-27,EP902026,28,2026-09-29 00:00:00,2 days 00:00:00,48,13.77,-103.16,989.8,56.1,50.1331341603974,173.5737098507151,164.90235239903242,123.59276249949306,133.60341260473825,50.1331341603974,17.183804212894096,7.045649527393681,13.717986846233485,0.0,0.0,0.0,0.0
2026-09-27,EP902026,28,2026-09-29 06:00:00,2 days 06:00:00,54,14.36,-104.02,989.5,63.4,37.96592776875606,179.77627570057157,194.31441631323224,121.4298323806126,147.13663132037823,91.78868672318512,79.21412709900872,48.07533257846809,68.37496828843109,0.0,0.0,0.0,0.0
2026-09-27,EP902026,28,2026-09-29 12:00:00,2 days 12:00:00,60,14.81,-104.91,985.7,66.6,16.143451512836187,204.43974018922407,193.69466525302025,159.9665378385204,199.7756263893156,116.79135763347848,97.84420480258422,66.61101409548023,95.53403718775698,16.143451512836187,9.67631510699778,5.1770221775196585,12.750163200634374
2026-09-27,EP902026,28,2026-09-29 18:00:00,2 days 18:00:00,66,14.98,-106.14,975.1,79.6,53.07475982266201,255.08302464110417,269.4203536687438,207.8493876858206,217.6353809758744,138.71654090663884,114.20078505289416,83.47844814971997,101.89492626610875,53.07475982266201,20.560444924034652,16.22040464743759,22.322338820422985
2026-09-27,EP902026,28,2026-09-30 00:00:00,3 days 00:00:00,72,15.94,-106.89,973.0,90.5,24.52720513811819,219.7133496257596,278.5240473396335,164.37769699750186,173.95478934790845,101.49521385682976,86.69550632243008,63.9844016326343,78.16083540794205,53.14109641684075,45.399922543207495,39.10622020133469,43.92986024084672
2026-09-27,EP902026,28,2026-09-30 06:00:00,3 days 06:00:00,78,16.7,-107.63,969.4,87.3,21.747406507791737,219.7636929524583,214.80152561384048,155.53683608789504,152.44513062985862,88.15193663611316,70.72388201590365,42.02635542048328,61.19773109653878,39.906296312542295,31.09552175277596,20.9804104303572,30.58915547242016
2026-09-27,EP902026,28,2026-09-30 12:00:00,3 days 12:00:00,84,17.48,-108.17,951.1,106.7,4.003391858459281,214.1921476940911,238.0333442397514,162.14205816895105,173.25441745767648,113.98715342479728,109.92608341050276,78.43187214380657,84.24159857536165,52.43465402596581,48.219333474268296,38.79938915993671,46.36265067781346
2026-09-27,EP902026,28,2026-09-30 18:00:00,3 days 18:00:00,90,17.84,-108.62,955.3,102.1,4.0072104149402765,257.6439740872105,288.02652191688423,230.15623553175527,212.40834586846972,127.6474431660593,120.18905760579754,89.99289505409422,96.61219171760573,55.42457402167815,51.205794748364966,41.80639918560812,45.63795589961014
2026-09-27,EP902026,28,2026-10-01 00:00:00,4 days 00:00:00,96,18.21,-108.78,952.0,108.1,0.0,241.58825820681284,286.4319463160067,219.9135641044805,213.33033614836503,108.17110693498437,105.20216931416968,86.19170612273817,80.68171479596674,58.78195046748774,54.68529420806151,45.495117554874085,48.2218996159835
2026-09-27,EP902026,28,2026-10-01 06:00:00,4 days 06:00:00,102,18.42,-108.86,961.8,89.2,31.51955762984444,212.28344299290345,240.14810421589632,211.9142104515077,183.3145300842407,123.9275757992813,124.62413663371125,107.3777726704492,107.44889518000622,71.55900226153823,68.34454274983548,58.68400156171553,61.22132970413324
2026-09-27,EP902026,28,2026-10-01 12:00:00,4 days 12:00:00,108,18.59,-108.97,959.6,89.9,30.4606084408576,205.07189957208575,246.16827520603408,222.55330911214207,190.1416496018503,104.68134715210908,109.87540408343088,93.39399536034172,88.91683085733726,65.92484733645702,62.99671495765219,52.40387016517734,55.623193302960175
2026-09-27,EP902026,28,2026-10-01 18:00:00,4 days 18:00:00,114,18.81,-108.94,974.5,74.6,32.448108703456484,187.8339235085521,223.35398067229687,174.82098660283333,165.64735129328085,81.60227557525108,78.1687160420795,59.00741878619668,66.61047400693784,35.321166121591126,33.03343126154345,26.189959120199685,28.78298399996973
2026-09-27,EP902026,28,2026-10-02 00:00:00,5 days 00:00:00,120,19.0,-108.9,972.2,73.6,37.55913266054972,211.16385902770048,241.83408453049788,204.0406835046533,196.66598441415908,120.6979201293998,117.50515966991998,91.40487443482256,101.79222881945157,61.07943659292033,58.613573438796095,47.80745997873015,52.56473953589375
2026-09-27,EP902026,28,2026-10-02 06:00:00,5 days 06:00:00,126,19.09,-108.72,977.9,66.8,59.058018479902216,202.0861763289654,233.0496765541643,181.5940597971421,148.19190280097405,102.4449272974125,92.19729089364318,65.68741735901051,77.48190689398643,59.058018479902216,18.429604750929627,14.379866922286167,18.13571629196406
2026-09-27,EP902026,28,2026-10-02 12:00:00,5 days 12:00:00,132,19.35,-108.62,978.5,58.9,48.073312573637736,219.31199177391736,237.3139817872048,203.92331341309105,174.34507821085867,150.13272141664885,144.09940376433212,112.26264343107816,120.35969315232828,0.0,0.0,0.0,0.0
2026-09-27,EP902026,28,2026-10-02 18:00:00,5 days 18:00:00,138,19.76,-108.8,986.0,57.7,19.53794538360748,200.52898556968023,222.2027120569536,168.9865662452388,168.16738393858418,59.79679002346961,51.26813710084798,33.73867536581173,39.9420661211507,0.0,0.0,0.0,0.0
2026-09-27,EP902026,28,2026-10-03 00:00:00,6 days 00:00:00,144,20.04,-109.1,985.7,53.4,63.46874422845079,252.39683219153483,248.92494634795423,184.53599150970888,197.23798898355665,63.46874422845079,44.705168281896725,28.40477870748026,38.93281049441322,0.0,0.0,0.0,0.0
2026-09-27,EP902026,28,2026-10-03 06:00:00,6 days 06:00:00,150,20.2,-109.36,983.3,61.7,47.9813917799664,176.295599942048,195.6173332504604,145.6165428918344,165.94426773910118,56.6652095901264,48.55670137401231,31.108554405829008,40.19697110906024,0.0,0.0,0.0,0.0
2026-09-27,EP902026,28,2026-10-03 12:00:00,6 days 12:00:00,156,20.3,-109.58,985.6,55.2,45.814992090480615,191.7787679723997,209.9558302799232,162.3849225612429,165.44749434015552,108.52826881219336,98.29422665617308,72.24753956431715,82.94565521285142,0.0,0.0,0.0,0.0
2026-09-27,EP902026,28,2026-10-03 18:00:00,6 days 18:00:00,162,20.48,-109.85,991.3,56.6,73.07136584973144,168.92555373895974,166.866361850556,98.31613124363768,120.44808466274606,73.07136584973144,11.555645438695512,5.488404193624117,7.544660478838889,0.0,0.0,0.0,0.0
2026-09-27,EP902026,28,2026-10-04 00:00:00,7 days 00:00:00,168,20.69,-110.24,989.5,52.0,48.77816953880978,156.23782104833583,152.20233593809678,120.14512882026328,134.42109710511136,48.77816953880978,29.48052563622984,18.149515573343493,22.106790337624176,0.0,0.0,0.0,0.0
2026-09-27,EP902026,28,2026-10-04 06:00:00,7 days 06:00:00,174,21.03,-110.7,990.8,51.4,89.59143249710087,184.73125257699397,148.005214242472,109.45347959809716,145.96504875402024,89.59143249710087,17.279139728792074,8.290170317866114,14.283026944361724,0.0,0.0,0.0,0.0
2026-09-27,EP902026,28,2026-10-04 12:00:00,7 days 12:00:00,180,21.18,-111.08,989.3,55.0,44.49369844919062,163.10386294643052,163.46090433540274,123.75014769505586,141.06632320161995,80.65684447290413,64.05160789350008,44.911450684962105,58.59127814400731,0.0,0.0,0.0,0.0
2026-09-27,EP902026,28,2026-10-04 18:00:00,7 days 18:00:00,186,20.95,-111.74,987.4,60.4,16.705943153840494,216.69285982862192,187.2051378690379,135.06518677028967,186.64852818584475,62.09917028026196,44.37172781164772,29.140207841977755,43.12871133984629,0.0,0.0,0.0,0.0
2026-09-27,EP902026,28,2026-10-05 00:00:00,8 days 00:00:00,192,21.28,-112.65,992.8,53.9,29.37989744657517,123.17005283952446,106.35447133839216,72.08918768475894,107.15460704646404,29.37989744657517,12.793035827260926,5.919678392336296,10.178193416556772,0.0,0.0,0.0,0.0
2026-09-27,EP902026,28,2026-10-05 06:00:00,8 days 06:00:00,198,21.36,-113.48,982.7,68.6,24.659948147091576,151.93606645723688,149.80918632226636,105.89389636661312,133.9705513897291,78.76169640034837,62.49025476314609,45.92488313401255,65.29667385942052,37.483141721928845,29.25476534720517,24.52247983601312,32.30394674795855
2026-09-27,EP902026,28,2026-10-05 12:00:00,8 days 12:00:00,204,21.32,-114.44,982.4,66.7,13.700641546425716,121.90164797028766,109.44901118508358,92.60561290024026,102.06763490957712,79.51483058922261,59.92106518225992,38.38401010173556,60.78767028985311,13.700641546425716,4.04154059707106,1.2835971308234608,8.1302121659125
2026-09-27,EP902026,28,2026-10-05 18:00:00,8 days 18:00:00,210,21.26,-115.43,983.1,69.8,30.739874190296632,134.95487967204463,130.24473854979806,92.5834927376709,120.66546924655997,75.11431554750561,55.47831607372064,44.1887339512773,63.56058543140989,40.76707348731725,32.644081644701146,27.48971811094316,36.59978564524636
2026-09-27,EP902026,28,2026-10-06 00:00:00,9 days 00:00:00,216,21.38,-116.49,977.8,78.0,13.723627902920926,117.42199094978932,106.58371157123295,103.35709818925982,132.28690462459863,68.82249997433503,58.2228049897505,46.422086948112096,62.43891046381673,34.48524704525071,28.940509807994275,24.002450418690803,31.57529980464094
2026-09-27,EP902026,28,2026-10-06 06:00:00,9 days 06:00:00,222,21.35,-117.63,987.2,70.6,22.54984868739443,141.82519773195398,94.13842984441185,77.28598618214622,120.79562318990494,75.19105669155041,51.92759554545816,35.40662730556612,63.81321318887487,23.062988486787933,16.34427343324368,10.732341647275607,20.383295424502546
2026-09-27,EP902026,28,2026-10-06 12:00:00,9 days 12:00:00,228,21.12,-119.0,983.9,76.4,16.42600850194483,117.84667983323978,87.98759293986005,87.85306186023146,117.6250558803562,59.84592474536057,40.92076044643282,31.52159726911414,54.796286690487975,24.685299233873398,16.070626372061994,10.316564530805088,21.6267540116423
2026-09-27,EP902026,28,2026-10-06 18:00:00,9 days 18:00:00,234,20.85,-120.16,976.7,68.5,0.0,103.84902006120524,91.9807190664474,98.44473915485617,120.21168195611318,47.177096530905736,35.378622267213046,33.46930765209243,45.933099278435066,22.643481036334222,16.117731701172932,13.163096892343209,19.589778260925332
2026-09-27,EP902026,28,2026-10-07 00:00:00,10 days 00:00:00,240,20.82,-121.44,981.2,71.5,27.242717781809915,193.21298231539916,123.32234074624648,114.02725106301295,194.2445901626197,85.7301667117481,60.585630349127314,49.90989714492844,81.23002711987829,38.865384769513184,30.76286742592129,24.004681845065534,34.741205521192114
2026-09-27,EP902026,28,2026-10-07 06:00:00,10 days 06:00:00,246,20.42,-122.65,979.5,70.6,47.35722175911577,123.8149343644757,121.08481684340497,93.9585274828901,119.02994331433884,67.49921983206167,52.96031255862414,42.87457299042986,58.64136799141238,47.35722175911577,14.057535120452842,12.595990023100043,16.958860605976547
2026-09-27,EP902026,28,2026-10-07 12:00:00,10 days 12:00:00,252,20.05,-123.67,989.8,69.7,26.66179203943348,114.27936919005003,61.37377830755446,97.60102242867364,156.64150106270154,61.12572813536863,42.44468533357582,40.15242267105138,68.5407884619338,29.400171846238425,22.368105058402392,17.31751808216236,27.977882104315967
2026-09-27,EP902026,28,2026-10-07 18:00:00,10 days 18:00:00,258,19.69,-124.24,993.2,54.7,0.0,130.33298863848324,81.46515605311284,85.82920086625481,140.34407575479548,61.9066460285862,43.0047181385825,31.135586806067007,57.27635444708745,0.0,0.0,0.0,0.0
2026-09-27,EP902026,28,2026-10-08 00:00:00,11 days 00:00:00,264,19.37,-125.01,988.3,65.5,21.03158623763003,162.5559662864735,113.21313848347144,106.7686874424766,150.15788974522246,69.95469005052695,54.352161672253445,41.0715948941018,61.51861100633667,21.03158623763003,0.0,0.0,4.23603486608414
2026-09-27,EP902026,28,2026-10-08 06:00:00,11 days 06:00:00,270,19.03,-125.41,979.8,70.7,14.307070448270302,133.85021478833988,112.05438474766872,111.99881434067954,144.14559703426215,73.76160543547078,62.13645533117764,51.85940072327352,68.45429242179193,19.323657064810053,14.918541125876956,14.744463105786204,17.077543339430523
2026-09-27,EP902026,28,2026-10-08 12:00:00,11 days 12:00:00,276,18.87,-125.65,994.9,59.3,28.0056999010956,138.75047384137895,118.88057604771586,108.735653406459,129.37587723199067,44.35350467632861,39.46215451237063,27.35982473100813,37.80296310985614,0.0,0.0,0.0,0.0
2026-09-27,EP902026,28,2026-10-08 18:00:00,11 days 18:00:00,282,18.58,-126.03,985.3,64.1,26.93559431345068,83.4856490123102,78.58581041728132,78.03575861489628,109.62450474899016,58.11116294396152,45.804599495324965,42.68494575711202,57.08867640441554,26.93559431345068,11.25597900967854,8.512893352885314,13.3547676477273
2026-09-27,EP902026,28,2026-10-09 00:00:00,12 days 00:00:00,288,18.29,-126.46,991.0,62.4,25.065283019475835,95.00818353385732,71.7611664489134,67.12297712110349,109.04177572002249,55.69698904287834,43.60756502679233,35.764951345373184,52.27143616983095,0.0,0.0,0.0,0.0
2026-09-27,EP902026,28,2026-10-09 06:00:00,12 days 06:00:00,294,17.93,-126.45,991.2,64.5,18.586031756971597,95.98442824784397,88.6796402669159,76.45608128930317,105.5487519505201,51.89392711912429,51.13342944921065,36.57031475320533,44.727212095964816,18.586031756971597,2.7323173282096658,1.7409750971411215,2.135175618937903
2026-09-27,EP902026,28,2026-10-09 12:00:00,12 days 12:00:00,300,17.56,-126.31,988.2,63.9,21.07030055196056,77.10522833078616,79.30501075207454,91.72463801003444,112.35934662964482,47.29350830705721,43.34335017770479,37.83777723239872,46.20582850027657,0.0,0.0,0.0,0.0
2026-09-27,EP902026,28,2026-10-09 18:00:00,12 days 18:00:00,306,17.76,-126.28,983.9,77.4,10.680341985443242,102.30485522736184,76.10887630986507,111.23763081967562,107.05822752339851,57.52431766830166,56.875224655594295,55.87001392570453,50.82618129252104,24.352992494179443,24.57830711258429,23.87957683161812,21.27758764555336
2026-09-27,EP902026,28,2026-10-10 00:00:00,13 days 00:00:00,312,17.68,-125.98,964.2,100.0,0.0,144.545793819062,133.57591385057793,90.35562016009972,109.28486824053846,81.6952131219033,83.16122826754909,60.92869653815828,65.37947193516175,47.869754823385165,43.64690426292381,35.04022157767622,38.785357674837456
2026-09-27,EP902026,28,2026-10-10 06:00:00,13 days 06:00:00,318,17.79,-125.48,976.6,79.3,30.43286504276081,95.2742149104484,118.62278578779882,117.25042166099422,108.46262297921952,57.4821232078011,61.28533895721105,54.49896261069447,53.48623284277144,26.666852426968155,30.43286504276081,23.773721159502568,23.861311098057943
2026-09-27,EP902026,28,2026-10-10 12:00:00,13 days 12:00:00,324,17.75,-125.09,977.7,82.5,7.749843620296364,92.6591317332982,81.73873075469766,82.69446695676578,110.52676856845945,51.7708030224151,56.58351197805045,48.39444062243665,48.76370604182462,27.450630617937037,25.60081301037218,22.376064133295387,21.99824687083521
2026-09-27,EP902026,28,2026-10-10 18:00:00,13 days 18:00:00,330,17.78,-124.6,974.5,81.4,7.61480455763629,69.66646167902121,107.70841639074982,81.51362170231891,69.12327972487216,34.31303859665215,41.84095493101679,30.34548202909504,28.78197058258417,18.59253096744377,18.180909432860837,15.920853226571625,15.85567361938629
2026-09-27,EP902026,28,2026-10-11 00:00:00,14 days 00:00:00,336,17.89,-124.21,981.7,77.2,35.309648304167126,69.57201321027327,114.54256117241584,124.8185004168347,109.6974373133492,43.269365098101474,58.677308153402805,50.87608666487992,39.34717648616146,29.81063741455918,35.309648304167126,27.174229919560773,23.722149313200305
2026-09-27,EP902026,28,2026-10-11 06:00:00,14 days 06:00:00,342,17.92,-123.59,983.2,64.8,29.991412121069416,95.25203301608848,97.473320579361,69.9446863431649,94.7274698047692,48.38651015160378,51.89224533849314,33.02883557304803,39.6551813411245,29.991412121069416,12.918414660131596,9.947783615639198,10.350719598756143
2026-09-27,EP902026,28,2026-10-11 12:00:00,14 days 12:00:00,348,18.17,-122.86,988.3,62.1,28.8664585594928,80.73105609997447,105.38017106218967,65.53567790656632,64.302770648251,40.78064824921273,45.21219883644301,35.905228071132,35.10023014167848,0.0,0.0,0.0,0.0
2026-09-27,EP902026,28,2026-10-11 18:00:00,14 days 18:00:00,354,18.17,-122.22,994.9,53.7,23.45275911440913,109.1926614064684,79.86712092844141,61.490908712942215,106.8592570830495,37.868190838127575,36.48869000557927,21.48594617294297,34.77029285860908,0.0,0.0,0.0,0.0
2026-09-27,EP902026,28,2026-10-12 00:00:00,15 days 00:00:00,360,18.79,-122.36,998.5,44.3,31.904878492852056,155.19534412283392,110.92953112232698,68.39149997198255,112.9989489804196,0.0,0.0,0.0,0.0,0.0,0.0,0.0,0.0
2026-09-27,WP252026,28,2026-09-27 00:00:00,0 days 00:00:00,0,24.6,127.6,964.0,89.0,22.0,102.0,121.0,102.0,93.0,,,,,,,,
2026-09-27,WP252026,28,2026-09-27 06:00:00,0 days 06:00:00,6,25.32,128.13,950.7,104.6,18.34774987233109,124.44336983862767,172.62796573023894,136.7280765286249,98.85494556462643,69.33512621684525,79.06995442449748,59.55719726270519,52.82870005761896,32.48430894374811,34.00928910442879,29.72573956997701,26.93107569466905
2026-09-27,WP252026,28,2026-09-27 12:00:00,0 days 12:00:00,12,26.01,128.85,954.9,105.8,27.54555770906457,90.455963204034,113.90946985206628,101.90800232773476,84.83375241943368,59.967780547204974,76.45078241664315,66.87812376731702,51.82832495011709,36.38604825713581,41.463282272244506,35.26029621310926,31.286461432228247
2026-09-27,WP252026,28,2026-09-27 18:00:00,0 days 18:00:00,18,26.52,129.8,957.6,89.9,26.33489905686507,168.63926519377435,219.60995794155184,126.35661998854718,130.7503679287439,44.44215295927052,60.504430662625126,47.41631360081318,30.578518464238936,23.31007289435348,26.33489905686507,22.05595037572496,16.680124426641896
2026-09-27,WP252026,28,2026-09-28 00:00:00,1 days 00:00:00,24,27.25,130.79,978.9,76.0,26.181313354627832,103.53779940400575,178.34345349353865,135.28727739763562,74.49783962746312,57.95237808435402,78.19318891619336,57.95423860945409,45.04436512454075,14.272182774771071,26.181313354627832,13.153750647246223,11.278201143900406
2026-09-27,WP252026,28,2026-09-28 06:00:00,1 days 06:00:00,30,27.95,131.9,988.1,59.8,81.41578317545682,132.36064787476147,188.25058841380277,82.42518399456267,87.1090488742785,26.4283316627676,81.41578317545682,20.732822229808903,18.878685370500868,0.0,0.0,0.0,0.0
2026-09-27,WP252026,28,2026-09-28 12:00:00,1 days 12:00:00,36,28.58,133.34,992.0,53.2,38.694751033954695,140.89545771118495,159.54052953226866,99.4469513053975,91.29845136089595,20.78873566641653,38.694751033954695,12.295656955435902,12.472343790040537,0.0,0.0,0.0,0.0
2026-09-27,WP252026,28,2026-09-28 18:00:00,1 days 18:00:00,42,29.45,134.09,996.5,49.6,57.56177335156487,169.7339569865381,198.1918152754116,134.87668432945276,129.42478036660864,0.0,0.0,0.0,0.0,0.0,0.0,0.0,0.0
2026-09-27,WP252026,28,2026-09-29 00:00:00,2 days 00:00:00,48,30.09,135.34,998.1,39.1,86.9605737200053,158.14717713210462,184.78466765486812,123.71373491202884,135.24849094669196,0.0,0.0,0.0,0.0,0.0,0.0,0.0,0.0
2026-09-27,WP252026,28,2026-09-29 06:00:00,2 days 06:00:00,54,31.09,136.87,994.0,44.7,85.98192135274331,157.04464921619314,228.17402122453,165.9129747318081,126.98127018294278,0.0,0.0,0.0,0.0,0.0,0.0,0.0,0.0
2026-09-27,WP252026,28,2026-09-29 12:00:00,2 days 12:00:00,60,31.92,138.58,996.1,35.4,131.65985188692136,58.06922954390867,131.65985188692136,33.717898089482176,34.04613203086991,0.0,0.0,0.0,0.0,0.0,0.0,0.0,0.0
2026-09-27,WP252026,28,2026-09-29 18:00:00,2 days 18:00:00,66,32.41,140.46,996.8,39.8,202.5205571850695,409.4811334115079,440.108479748083,358.24422530514335,317.5493649221871,0.0,0.0,0.0,0.0,0.0,0.0,0.0,0.0
2026-09-27,WP252026,28,2026-09-30 00:00:00,3 days 00:00:00,72,33.86,142.94,996.0,38.4,182.86705432322927,57.626447822852654,182.86705432322927,45.18703648958401,50.00854750043119,0.0,0.0,0.0,0.0,0.0,0.0,0.0,0.0
2026-09-27,WP252026,28,2026-09-30 06:00:00,3 days 06:00:00,78,34.72,145.77,998.4,31.1,145.4728321915203,0.0,0.0,0.0,0.0,0.0,0.0,0.0,0.0,0.0,0.0,0.0,0.0
2026-09-27,WP252026,28,2026-09-30 12:00:00,3 days 12:00:00,84,35.76,147.89,994.4,39.5,200.6749421682109,110.07793626077482,200.6749421682109,87.33697383146949,104.76132776386974,0.0,0.0,0.0,0.0,0.0,0.0,0.0,0.0
2026-09-27,WP252026,28,2026-09-30 18:00:00,3 days 18:00:00,90,36.43,150.28,996.8,41.0,103.8130311221654,271.0089891723683,313.0823080345981,227.9132528868745,224.7012175014838,0.0,0.0,0.0,0.0,0.0,0.0,0.0,0.0
2026-09-27,WP252026,28,2026-10-01 00:00:00,4 days 00:00:00,96,36.95,152.62,996.7,38.4,158.27902072875594,273.7636271368416,303.18570080984813,247.48408615436253,235.36786903586423,0.0,0.0,0.0,0.0,0.0,0.0,0.0,0.0
2026-09-27,WP252026,28,2026-10-01 06:00:00,4 days 06:00:00,102,37.8,155.03,1001.4,34.4,140.75560781692067,30.228594317201303,140.75560781692067,27.443007300999625,15.329048040427956,0.0,0.0,0.0,0.0,0.0,0.0,0.0,0.0
2026-09-27,WP252026,28,2026-10-01 12:00:00,4 days 12:00:00,108,38.3,157.2,999.7,30.5,127.9317915281191,0.0,0.0,0.0,0.0,0.0,0.0,0.0,0.0,0.0,0.0,0.0,0.0
2026-09-27,WP252026,28,2026-10-01 18:00:00,4 days 18:00:00,114,39.0,159.43,999.9,35.3,87.81581631934132,5.440620252839697,87.81581631934132,10.419593307483378,0.0,0.0,0.0,0.0,0.0,0.0,0.0,0.0,0.0
2026-09-27,WP252026,28,2026-10-02 00:00:00,5 days 00:00:00,120,39.87,162.23,1003.6,31.3,132.97620395866545,0.0,0.0,0.0,0.0,0.0,0.0,0.0,0.0,0.0,0.0,0.0,0.0
2026-09-27,WP252026,28,2026-10-02 06:00:00,5 days 06:00:00,126,40.7,164.87,1003.3,27.6,90.97172541348246,0.0,0.0,0.0,0.0,0.0,0.0,0.0,0.0,0.0,0.0,0.0,0.0
2026-09-27,WP252026,28,2026-10-02 12:00:00,5 days 12:00:00,132,41.47,167.9,1005.6,28.8,119.62500965849108,0.0,0.0,0.0,0.0,0.0,0.0,0.0,0.0,0.0,0.0,0.0,0.0
2026-09-27,WP252026,28,2026-10-02 18:00:00,5 days 18:00:00,138,41.8,170.77,1007.0,21.7,113.29691434034656,0.0,0.0,0.0,0.0,0.0,0.0,0.0,0.0,0.0,0.0,0.0,0.0
2026-09-27,WP252026,28,2026-10-03 00:00:00,6 days 00:00:00,144,42.97,174.25,1005.9,19.3,128.3722294321907,0.0,0.0,0.0,0.0,0.0,0.0,0.0,0.0,0.0,0.0,0.0,0.0
2026-09-27,AL062026,29,2026-09-27 00:00:00,0 days 00:00:00,0,29.8,-43.9,1010.0,29.0,56.0,0.0,0.0,0.0,0.0,0.0,0.0,0.0,0.0,0.0,0.0,0.0,0.0
2026-09-27,AL062026,29,2026-09-27 06:00:00,0 days 06:00:00,6,29.5,-43.96,1008.4,23.4,61.104177584653385,0.0,0.0,0.0,0.0,0.0,0.0,0.0,0.0,0.0,0.0,0.0,0.0
2026-09-27,AL062026,29,2026-09-27 12:00:00,0 days 12:00:00,12,29.91,-43.68,1007.0,30.6,111.3194254918219,0.0,0.0,0.0,0.0,0.0,0.0,0.0,0.0,0.0,0.0,0.0,0.0
2026-09-27,AL062026,29,2026-09-27 18:00:00,0 days 18:00:00,18,29.53,-43.55,1010.5,25.6,51.10775073969496,0.0,0.0,0.0,0.0,0.0,0.0,0.0,0.0,0.0,0.0,0.0,0.0
2026-09-27,AL062026,29,2026-09-28 00:00:00,1 days 00:00:00,24,28.79,-43.62,1011.4,26.3,96.71033990187097,0.0,0.0,0.0,0.0,0.0,0.0,0.0,0.0,0.0,0.0,0.0,0.0
2026-09-27,AL062026,29,2026-09-28 06:00:00,1 days 06:00:00,30,28.32,-43.79,1012.5,24.8,81.67503185048274,0.0,0.0,0.0,0.0,0.0,0.0,0.0,0.0,0.0,0.0,0.0,0.0
2026-09-27,AL062026,29,2026-09-28 12:00:00,1 days 12:00:00,36,27.39,-43.99,1011.2,31.3,78.97698911626554,0.0,0.0,0.0,0.0,0.0,0.0,0.0,0.0,0.0,0.0,0.0,0.0
2026-09-27,AL062026,29,2026-09-28 18:00:00,1 days 18:00:00,42,27.04,-44.47,1011.2,26.6,55.60168889542504,0.0,0.0,0.0,0.0,0.0,0.0,0.0,0.0,0.0,0.0,0.0,0.0
2026-09-27,AL062026,29,2026-09-29 00:00:00,2 days 00:00:00,48,26.8,-45.02,1010.8,25.3,131.82454787328388,0.0,0.0,0.0,0.0,0.0,0.0,0.0,0.0,0.0,0.0,0.0,0.0
2026-09-27,AL062026,29,2026-09-29 06:00:00,2 days 06:00:00,54,25.83,-46.45,1009.0,26.9,64.33496196115314,0.0,0.0,0.0,0.0,0.0,0.0,0.0,0.0,0.0,0.0,0.0,0.0
2026-09-27,EP152026,29,2026-09-27 00:00:00,0 days 00:00:00,0,16.7,-156.1,972.0,80.0,37.0,241.0,185.0,185.0,241.0,93.0,74.0,93.0,111.0,56.0,46.0,56.0,56.0
2026-09-27,EP152026,29,2026-09-27 06:00:00,0 days 06:00:00,6,16.54,-156.94,972.0,82.1,48.70674922317095,226.20830433916123,182.6604023787126,167.07906249124224,233.93788230747543,87.45410805008721,79.36904257514612,72.02896209644808,91.38436707672209,54.57404771991421,46.47207757226533,41.7638073164338,48.79515703592024
2026-09-27,EP152026,29,2026-09-27 12:00:00,0 days 12:00:00,12,16.23,-157.5,961.7,96.1,21.5457817713043,189.7167088095044,192.0053186867246,165.35489577580546,211.94063191367167,92.50902670060822,75.0800598064505,68.13864385935753,92.17923808241606,59.1133330944415,49.571355926895535,41.65521804686888,53.97045967935976
2026-09-27,EP152026,29,2026-09-27 18:00:00,0 days 18:00:00,18,16.01,-158.63,955.2,102.9,27.19899049962129,156.31395519138812,97.04129918945262,124.46084202554516,165.16136074723954,87.49809062180225,67.7282434320175,65.90931680229397,92.58552728279447,55.06109712562511,41.63320614762657,35.943930860569736,51.629359591606885
2026-09-27,EP152026,29,2026-09-28 00:00:00,1 days 00:00:00,24,15.91,-159.91,935.3,128.6,13.168420329037104,181.24048390908865,130.68496327891108,125.9803192540062,170.12024305852742,105.99851051126052,79.13122456399,65.69245703152946,96.7960146240576,52.60926661026157,41.04991091913223,33.91959315855347,48.698823218899264
2026-09-27,EP152026,29,2026-09-28 06:00:00,1 days 06:00:00,30,16.27,-160.77,963.0,95.4,40.76226231077749,206.8327747921203,117.31876262876813,144.09684071685933,211.64335171339465,95.45499996063336,62.69451840661986,56.26701251620159,92.7774672006949,56.73199410530151,45.46833487905337,37.12862300609504,51.58788930602441
2026-09-27,EP152026,29,2026-09-28 12:00:00,1 days 12:00:00,36,16.91,-161.69,955.2,106.9,20.876630340641498,185.28360656589416,135.48952841269562,139.67735221002243,182.51375658071387,92.72679371313708,67.06546515162161,47.44972605958664,82.77557479953833,62.2727017499065,49.575159754925146,40.0406967661951,54.70748549526076
2026-09-27,EP152026,29,2026-09-28 18:00:00,1 days 18:00:00,42,17.98,-162.72,942.4,120.6,10.294161663539306,205.2477541140319,182.32308334843455,120.73236247925487,146.67096505593616,75.3153974812211,58.19999419468698,40.30691804534681,62.89491020013924,53.0821109892602,43.37044010641392,33.39732564340087,46.83697894823611
2026-09-27,EP152026,29,2026-09-29 00:00:00,2 days 00:00:00,48,18.8,-163.56,957.4,102.2,3.521449416426801,228.0701921427757,182.3547945313597,120.13219663447803,180.14712864348363,119.492443825791,92.32066581559168,62.59725636420256,91.35636221808006,57.06851704808774,47.09202075098453,33.23505444051554,46.11630834609913
2026-09-27,EP152026,29,2026-09-29 06:00:00,2 days 06:00:00,54,19.66,-163.86,961.1,99.3,25.67848761053932,170.11118671918337,170.93161181201836,131.20986880604573,160.2239650574979,107.28524061021584,93.6324496094233,67.40517934446764,83.57749594466324,62.33395695661929,56.31849787029841,42.875816321142494,52.66136385167513
2026-09-27,EP152026,29,2026-09-29 12:00:00,2 days 12:00:00,60,20.87,-164.33,965.2,87.0,21.95072172547872,210.88296475268604,204.76081247768727,134.22646426839788,168.2064637629196,121.63650286859765,109.2074722729503,75.85731317045679,96.255681251952,65.33678351634934,60.87048247326368,45.73416837984347,53.430263896084845
2026-09-27,EP152026,29,2026-09-29 18:00:00,2 days 18:00:00,66,21.62,-164.18,972.7,81.1,25.80107367365912,178.56070750029008,138.02832458235991,126.69189066473557,154.60885925220188,102.13333067133856,87.82352974326726,64.83271752964231,83.2774682346971,60.81283540968752,53.1376243894326,42.196805546564576,51.32731033590683
2026-09-27,EP152026,29,2026-09-30 00:00:00,3 days 00:00:00,72,22.43,-164.55,979.8,75.3,38.918729977254856,211.60716959572292,171.76078108211397,132.36806420322154,189.68445982770288,118.72376118646032,95.93845250295236,75.18209324798994,103.3946702750946,47.68936837023821,37.16551011896516,30.065078532115077,39.4471868941852
2026-09-27,EP152026,29,2026-09-30 06:00:00,3 days 06:00:00,78,22.66,-165.01,988.3,53.2,68.26860382613708,285.4707127703025,236.0091048921968,173.46436211057892,218.516404996538,91.8296049424902,76.36604222228696,54.03865798058556,67.89087095587374,0.0,0.0,0.0,0.0
2026-09-27,EP152026,29,2026-09-30 12:00:00,3 days 12:00:00,84,22.51,-164.91,983.2,62.1,61.90119227323297,239.59446280949976,202.84459968545275,151.0750826292446,242.9799341736352,81.7281648518368,65.37520776141706,48.74980637294469,64.61304498132662,0.0,0.0,0.0,0.0
2026-09-27,EP152026,29,2026-09-30 18:00:00,3 days 18:00:00,90,22.22,-165.17,989.2,53.7,58.652750913794605,215.15298904818468,169.02788300094886,172.02660824095253,240.45011779756263,100.7952682125549,86.3369092427054,63.915841817922,85.68561138872988,0.0,0.0,0.0,0.0
2026-09-27,EP152026,29,2026-10-01 00:00:00,4 days 00:00:00,96,22.11,-165.66,987.1,53.9,86.91935484547156,227.2940238093768,137.84997419148883,135.32287385975496,211.07676645234915,86.91935484547156,52.59981773949119,42.58706583844821,58.668822298426,0.0,0.0,0.0,0.0
2026-09-27,EP152026,29,2026-10-01 06:00:00,4 days 06:00:00,102,21.68,-166.54,994.6,50.7,81.69030263950236,243.7756741729454,175.51143093589303,154.31106129091904,237.62459318036255,81.69030263950236,49.168306889539565,42.196146113932514,51.38825996459792,0.0,0.0,0.0,0.0
2026-09-27,EP152026,29,2026-10-01 12:00:00,4 days 12:00:00,108,21.67,-167.18,991.9,49.5,85.12581010462807,214.8902498126563,136.22775257486455,131.0204979481377,206.39607356921613,0.0,0.0,0.0,0.0,0.0,0.0,0.0,0.0
2026-09-27,EP152026,29,2026-10-01 18:00:00,4 days 18:00:00,114,20.99,-167.82,996.1,52.9,74.76762886267856,173.92906387814463,129.1191153023766,115.5190436086594,191.28129026611768,122.01014669097113,102.0773235845982,79.79594604414146,103.64489040027968,0.0,0.0,0.0,0.0
2026-09-27,EP152026,29,2026-10-02 00:00:00,5 days 00:00:00,120,20.8,-168.08,995.3,48.5,100.72856623789028,263.074081437038,219.57587295604705,222.7649399167772,250.33962818830685,0.0,0.0,0.0,0.0,0.0,0.0,0.0,0.0
2026-09-27,EP152026,29,2026-10-02 06:00:00,5 days 06:00:00,126,21.08,-168.41,991.3,55.1,62.52967785772047,226.2374819519221,170.02104711924738,150.07130262891627,186.051414626282,62.52967785772047,14.101201206302829,6.517704859972671,16.24010526817005,0.0,0.0,0.0,0.0
2026-09-27,EP152026,29,2026-10-02 12:00:00,5 days 12:00:00,132,21.31,-168.92,991.2,53.7,78.385218229142,202.0790152942845,177.65269196149887,125.23672452779245,159.62286860046655,78.385218229142,15.666662810310466,8.780234283442816,10.6764618503383,0.0,0.0,0.0,0.0
2026-09-27,EP152026,29,2026-10-02 18:00:00,5 days 18:00:00,138,21.61,-169.76,987.8,55.6,51.16149663817881,243.39159773974757,183.7681223046189,128.68224680809277,205.7573228060528,54.87288006658899,41.46319881925516,28.01807853879708,42.52122974039733,0.0,0.0,0.0,0.0
2026-09-27,EP152026,29,2026-10-03 00:00:00,6 days 00:00:00,144,22.04,-170.71,986.2,60.0,31.605447491541383,211.71237036330467,168.62749845080214,91.62853026447648,178.0984658053177,71.96181930602285,58.163587424363016,37.2040140314127,62.24649991282894,0.0,0.0,0.0,0.0
2026-09-27,EP152026,29,2026-10-03 06:00:00,6 days 06:00:00,150,22.23,-172.24,988.3,52.6,56.20836111693576,204.83585663618777,148.2412044363392,83.59644805907607,158.1688567728485,56.20836111693576,14.625242459670854,8.81219670070802,17.313965190444684,0.0,0.0,0.0,0.0
2026-09-27,EP152026,29,2026-10-03 12:00:00,6 days 12:00:00,156,22.8,-173.86,993.8,53.0,47.04966645353838,196.55016626663672,112.9445446134986,48.311343944898944,165.09018891731537,55.86061958510542,42.91653206517362,21.70679448599683,44.34396056824403,0.0,0.0,0.0,0.0
2026-09-27,EP152026,29,2026-10-03 18:00:00,6 days 18:00:00,162,23.82,-175.43,989.4,51.0,77.16202841333737,226.48495075808023,140.1540379633879,67.26495197384129,163.800512583976,77.16202841333737,18.831610663843275,8.242863950240482,22.327420309895317,0.0,0.0,0.0,0.0
2026-09-27,EP152026,29,2026-10-04 00:00:00,7 days 00:00:00,168,24.97,-177.48,995.7,55.0,54.33428988610719,323.0632941413152,223.21895412832623,124.6964069243363,295.63059470538064,152.95783543416047,119.04147466515956,80.49047556668746,118.77489090720294,0.0,0.0,0.0,0.0
2026-09-27,EP152026,29,2026-10-04 06:00:00,7 days 06:00:00,174,26.07,-179.23,991.0,50.3,45.39437024283773,189.7666597890904,147.54345447477482,21.117495741781276,147.75096889744967,45.39437024283773,29.04609374279131,12.68341177180653,35.20828951900816,0.0,0.0,0.0,0.0
2026-09-27,EP152026,29,2026-10-04 12:00:00,7 days 12:00:00,180,27.27,179.23,983.5,60.2,29.63201131908681,220.54503630918956,164.31721844324602,84.63508091339145,148.53017953470408,61.95993646539341,45.619572176636666,29.09714398806977,43.61095600359067,0.0,0.0,0.0,0.0
2026-09-27,EP152026,29,2026-10-04 18:00:00,7 days 18:00:00,186,28.47,177.89,980.4,63.1,65.94369948995067,218.25810016117384,183.30240163420228,116.84173203017345,153.74133096820526,65.94369948995067,52.67965389611594,36.56359161883921,47.59690974285304,0.0,0.0,0.0,0.0
2026-09-27,EP152026,29,2026-10-05 00:00:00,8 days 00:00:00,192,29.02,177.06,992.0,52.9,42.40995622094056,161.10118853831636,140.1930400856245,112.47037647442926,137.6207451224941,58.42180917783321,50.40562818595595,36.87727060700399,44.02061464788199,0.0,0.0,0.0,0.0
2026-09-27,EP152026,29,2026-10-05 06:00:00,8 days 06:00:00,198,29.42,177.23,990.2,53.9,103.85632390107278,288.72025269117114,248.1103734573292,188.56449446131225,247.5918595879345,103.85632390107278,42.07792091231567,26.27899572041281,38.92189284276304,0.0,0.0,0.0,0.0
2026-09-27,EP152026,29,2026-10-05 12:00:00,8 days 12:00:00,204,29.97,177.34,990.2,54.6,55.36002371538186,175.505540204382,121.53960275647788,112.78616121192393,163.84563333479744,96.06129183835478,78.23899236027313,56.577507477052514,77.44805510329896,0.0,0.0,0.0,0.0
2026-09-27,EP152026,29,2026-10-05 18:00:00,8 days 18:00:00,210,30.0,177.4,990.7,54.3,31.754859795166546,158.4822492878263,136.72090416347427,96.44102073580488,95.66379979167208,31.754859795166546,23.50104172447569,9.921833974363391,26.11729144373361,0.0,0.0,0.0,0.0
2026-09-27,EP152026,29,2026-10-06 00:00:00,9 days 00:00:00,216,30.53,177.87,995.0,47.0,65.03321943484625,191.5484759679915,180.02268499413978,154.82195052578274,150.73955212989443,0.0,0.0,0.0,0.0,0.0,0.0,0.0,0.0
2026-09-27,EP152026,29,2026-10-06 06:00:00,9 days 06:00:00,222,30.41,178.69,995.6,51.7,115.96398556761416,288.471980629105,273.25601961107714,263.83648591309066,287.4113622981331,133.30589672301903,139.49534092773865,116.86810239673127,124.03822583883856,0.0,0.0,0.0,0.0
2026-09-27,EP152026,29,2026-10-06 12:00:00,9 days 12:00:00,228,30.04,178.92,995.1,46.2,69.6421142548905,96.95232003727556,94.51866487851876,80.04955540034813,101.34270920079658,0.0,0.0,0.0,0.0,0.0,0.0,0.0,0.0
2026-09-27,EP152026,29,2026-10-06 18:00:00,9 days 18:00:00,234,29.07,178.1,1003.6,41.9,51.483281660125584,136.83412453209314,73.3470984839172,89.77913160172858,128.14773151848658,0.0,0.0,0.0,0.0,0.0,0.0,0.0,0.0
2026-09-27,EP152026,29,2026-10-07 00:00:00,10 days 00:00:00,240,28.48,177.25,1004.0,42.7,59.96829804598789,233.0352507482841,166.69254379571794,183.5012283513652,231.05828273666452,0.0,0.0,0.0,0.0,0.0,0.0,0.0,0.0
2026-09-27,EP152026,29,2026-10-07 06:00:00,10 days 06:00:00,246,27.77,176.57,1001.8,38.9,87.313414799345,161.94448631481504,120.62775200890076,135.6195275368987,159.31757976589446,0.0,0.0,0.0,0.0,0.0,0.0,0.0,0.0
2026-09-27,EP152026,29,2026-10-07 12:00:00,10 days 12:00:00,252,27.06,174.92,1003.9,35.6,99.44970548754812,33.72561183319248,10.600357018821498,16.719222570712812,99.44970548754812,0.0,0.0,0.0,0.0,0.0,0.0,0.0,0.0
2026-09-27,EP152026,29,2026-10-07 18:00:00,10 days 18:00:00,258,26.62,172.96,1004.9,31.2,86.61947391418448,0.0,0.0,0.0,0.0,0.0,0.0,0.0,0.0,0.0,0.0,0.0,0.0
2026-09-27,EP152026,29,2026-10-08 00:00:00,11 days 00:00:00,264,26.45,171.51,1005.6,29.8,126.26160984992188,0.0,0.0,0.0,0.0,0.0,0.0,0.0,0.0,0.0,0.0,0.0,0.0
2026-09-27,EP152026,29,2026-10-08 06:00:00,11 days 06:00:00,270,26.29,169.28,1006.2,27.7,91.53658185192906,0.0,0.0,0.0,0.0,0.0,0.0,0.0,0.0,0.0,0.0,0.0,0.0
2026-09-27,EP152026,29,2026-10-08 12:00:00,11 days 12:00:00,276,26.08,166.9,1008.4,23.5,93.58448993730622,0.0,0.0,0.0,0.0,0.0,0.0,0.0,0.0,0.0,0.0,0.0,0.0
2026-09-27,EP152026,29,2026-10-08 18:00:00,11 days 18:00:00,282,26.04,164.53,1011.3,18.6,150.6816341754514,0.0,0.0,0.0,0.0,0.0,0.0,0.0,0.0,0.0,0.0,0.0,0.0
2026-09-27,EP162026,29,2026-09-27 00:00:00,0 days 00:00:00,0,20.8,-123.6,975.0,76.0,28.0,167.0,167.0,148.0,185.0,93.0,74.0,74.0,93.0,65.0,46.0,37.0,56.0
2026-09-27,EP162026,29,2026-09-27 06:00:00,0 days 06:00:00,6,21.41,-123.22,990.4,57.8,19.960168703350345,175.45722269186564,147.66644409386464,96.2069780930122,161.34008945547498,73.00186660933866,62.39790802835029,32.99346988835727,54.906802038939176,0.0,0.0,0.0,0.0
2026-09-27,EP162026,29,2026-09-27 12:00:00,0 days 12:00:00,12,22.16,-123.2,1000.6,47.2,67.10168839197127,158.51543224383923,177.1263937578047,105.45363425358414,116.62865980996872,0.0,0.0,0.0,0.0,0.0,0.0,0.0,0.0
2026-09-27,EP162026,29,2026-09-27 18:00:00,0 days 18:00:00,18,22.74,-123.25,1003.1,31.2,70.40147936445382,0.0,0.0,0.0,0.0,0.0,0.0,0.0,0.0,0.0,0.0,0.0,0.0
2026-09-27,EP162026,29,2026-09-28 00:00:00,1 days 00:00:00,24,22.61,-123.21,1002.5,32.3,104.46701727812716,0.0,0.0,0.0,0.0,0.0,0.0,0.0,0.0,0.0,0.0,0.0,0.0
2026-09-27,EP162026,29,2026-09-28 06:00:00,1 days 06:00:00,30,22.7,-122.95,1003.3,23.2,62.777247636594375,0.0,0.0,0.0,0.0,0.0,0.0,0.0,0.0,0.0,0.0,0.0,0.0
2026-09-27,EP162026,29,2026-09-28 12:00:00,1 days 12:00:00,36,22.35,-123.13,1005.4,23.9,87.81098633193716,0.0,0.0,0.0,0.0,0.0,0.0,0.0,0.0,0.0,0.0,0.0,0.0
2026-09-27,EP162026,29,2026-09-28 18:00:00,1 days 18:00:00,42,22.19,-122.99,1003.0,26.7,96.26613631847208,0.0,0.0,0.0,0.0,0.0,0.0,0.0,0.0,0.0,0.0,0.0,0.0
2026-09-27,EP162026,29,2026-09-29 00:00:00,2 days 00:00:00,48,21.66,-122.94,1002.5,22.3,133.45813658415608,0.0,0.0,0.0,0.0,0.0,0.0,0.0,0.0,0.0,0.0,0.0,0.0
2026-09-27,EP162026,29,2026-09-29 06:00:00,2 days 06:00:00,54,20.94,-123.41,1005.1,23.8,71.0106520645989,0.0,0.0,0.0,0.0,0.0,0.0,0.0,0.0,0.0,0.0,0.0,0.0
2026-09-27,EP162026,29,2026-09-29 12:00:00,2 days 12:00:00,60,20.5,-123.66,1007.3,20.4,90.68317643630068,0.0,0.0,0.0,0.0,0.0,0.0,0.0,0.0,0.0,0.0,0.0,0.0
2026-09-27,EP162026,29,2026-09-29 18:00:00,2 days 18:00:00,66,19.61,-124.22,1007.3,21.6,143.50418536524586,0.0,0.0,0.0,0.0,0.0,0.0,0.0,0.0,0.0,0.0,0.0,0.0
2026-09-27,EP162026,29,2026-09-30 00:00:00,3 days 00:00:00,72,19.27,-124.89,1006.7,20.2,122.9573447753224,0.0,0.0,0.0,0.0,0.0,0.0,0.0,0.0,0.0,0.0,0.0,0.0
2026-09-27,EP172026,29,2026-09-27 00:00:00,0 days 00:00:00,0,19.0,-112.9,946.0,111.0,28.0,259.0,185.0,167.0,185.0,111.0,111.0,93.0,93.0,65.0,65.0,46.0,56.0
2026-09-27,EP172026,29,2026-09-27 06:00:00,0 days 06:00:00,6,19.82,-113.26,941.8,114.3,23.53970049889817,230.22866491237303,240.72277472159837,157.48810239816805,165.95012154414474,92.66521050108008,86.39447858246103,55.860839901658494,66.52126909603328,56.62882794070393,49.45626350689652,35.47484955845473,46.49466743390349
2026-09-27,EP172026,29,2026-09-27 12:00:00,0 days 12:00:00,12,20.63,-113.81,941.0,123.5,21.20464161446964,244.20188803034765,293.6756675621151,221.7629802608323,207.8127126122225,121.79583389922968,116.30782544483895,87.49370296659697,99.25344357841604,75.35762763136579,69.41006675449104,54.941494414031865,65.76698108532155
2026-09-27,EP172026,29,2026-09-27 18:00:00,0 days 18:00:00,18,21.43,-114.16,945.9,122.5,10.87464476755298,128.14095944622798,171.34135948780175,112.50074734938204,94.51734038808884,80.41518250523856,73.15505833852373,58.42063276935575,54.3180063227644,51.78195274503071,49.42044041730706,40.55483677999935,43.93495404075961
2026-09-27,EP172026,29,2026-09-28 00:00:00,1 days 00:00:00,24,22.2,-114.14,944.2,116.3,20.190138442547006,166.39107271439724,174.1060732636603,157.10436053886957,158.15518624883845,87.49577941629599,82.81594825922198,66.19963469217446,68.48801133745346,60.96880491999104,55.36666200493077,46.52184675540103,51.93496159777013
2026-09-27,EP172026,29,2026-09-28 06:00:00,1 days 06:00:00,30,23.09,-114.13,941.0,121.8,17.037147231111803,151.75814533263127,159.58870171172205,141.96207343261307,111.053866125342,60.33078163779231,59.988762481730205,49.62706360388221,41.83442185555441,40.461293336555954,36.89979615682033,30.14116203936272,32.01151721986992
2026-09-27,EP172026,29,2026-09-28 12:00:00,1 days 12:00:00,36,23.72,-113.77,954.7,102.8,21.114648482397957,131.1796855692341,151.33992383017227,100.24275956089576,141.98052572230355,75.86863888289244,78.02429747973878,60.79699046928437,55.25098328721927,50.34314297640307,52.09242007570206,43.86043547736813,45.23546929796109
2026-09-27,EP172026,29,2026-09-28 18:00:00,1 days 18:00:00,42,24.54,-113.23,950.2,105.7,26.155399717503578,143.99658551165086,157.97809715914877,102.6407021006364,97.16335519126878,88.2831398611496,97.54763170490698,74.03096015826162,65.5782012666217,52.9893857288682,55.13809444250084,44.75689124151047,45.581807623585405
2026-09-27,EP172026,29,2026-09-29 00:00:00,2 days 00:00:00,48,25.14,-112.34,963.1,85.8,13.656477044913691,160.17386392592977,193.67200894361648,139.16800869482728,117.68594849842869,74.27056036362009,87.09034055193966,59.94086966807716,56.654138086558106,46.33471780787052,47.66954983050829,39.04639351595439,38.4763345493151
2026-09-27,EP172026,29,2026-09-29 06:00:00,2 days 06:00:00,54,25.8,-111.47,988.4,54.7,37.589722073403934,69.11678297366998,80.37868469633824,36.10071596712672,39.29092891312979,2.338552733706485,37.589722073403934,7.452466638294286,3.8826465521828033,0.0,0.0,0.0,0.0
2026-09-27,EP172026,29,2026-09-29 12:00:00,2 days 12:00:00,60,27.22,-110.99,992.9,47.2,74.1611971461531,94.8590324559175,120.06332679453784,55.545240165771446,56.42743541556512,0.0,0.0,0.0,0.0,0.0,0.0,0.0,0.0
2026-09-27,EP172026,29,2026-09-29 18:00:00,2 days 18:00:00,66,28.46,-110.24,1002.5,28.2,105.66546248024066,0.0,0.0,0.0,0.0,0.0,0.0,0.0,0.0,0.0,0.0,0.0,0.0
2026-09-27,EP902026,29,2026-09-27 00:00:00,0 days 00:00:00,0,12.0,-98.6,1008.0,25.0,111.0,0.0,0.0,0.0,0.0,0.0,0.0,0.0,0.0,0.0,0.0,0.0,0.0
2026-09-27,EP902026,29,2026-09-27 06:00:00,0 days 06:00:00,6,12.0,-98.64,1004.1,29.3,140.11064974805015,0.0,0.0,0.0,0.0,0.0,0.0,0.0,0.0,0.0,0.0,0.0,0.0
2026-09-27,EP902026,29,2026-09-27 12:00:00,0 days 12:00:00,12,12.09,-98.36,1002.5,29.5,168.11613713752843,0.0,0.0,0.0,0.0,0.0,0.0,0.0,0.0,0.0,0.0,0.0,0.0
2026-09-27,EP902026,29,2026-09-27 18:00:00,0 days 18:00:00,18,12.25,-98.65,1004.1,33.8,83.94828248730218,0.0,0.0,0.0,0.0,0.0,0.0,0.0,0.0,0.0,0.0,0.0,0.0
2026-09-27,EP902026,29,2026-09-28 00:00:00,1 days 00:00:00,24,12.66,-99.04,1003.0,36.7,134.77237411490694,134.77237411490694,50.239335101260586,26.09194987533473,33.965878860953254,0.0,0.0,0.0,0.0,0.0,0.0,0.0,0.0
2026-09-27,EP902026,29,2026-09-28 06:00:00,1 days 06:00:00,30,12.73,-99.31,1003.9,37.4,88.20513835795823,220.72219758886763,186.3105859811536,154.93936106315903,189.3511146242201,0.0,0.0,0.0,0.0,0.0,0.0,0.0,0.0
2026-09-27,EP902026,29,2026-09-28 12:00:00,1 days 12:00:00,36,13.28,-100.06,1000.5,42.5,61.82218391878243,221.11573000217012,193.5598499361331,172.0580166259943,188.2202814268959,0.0,0.0,0.0,0.0,0.0,0.0,0.0,0.0
2026-09-27,EP902026,29,2026-09-28 18:00:00,1 days 18:00:00,42,13.98,-101.41,1001.8,35.3,110.83307997909992,15.407961598856218,110.83307997909992,0.0,0.3757375993342293,0.0,0.0,0.0,0.0,0.0,0.0,0.0,0.0
2026-09-27,EP902026,29,2026-09-29 00:00:00,2 days 00:00:00,48,14.22,-102.64,998.0,32.5,109.9087105567562,0.0,0.0,0.0,0.0,0.0,0.0,0.0,0.0,0.0,0.0,0.0,0.0
2026-09-27,EP902026,29,2026-09-29 06:00:00,2 days 06:00:00,54,14.8,-103.48,1002.6,39.5,105.2761212572167,105.2761212572167,46.42300742795756,25.37443757952529,24.907082910142964,0.0,0.0,0.0,0.0,0.0,0.0,0.0,0.0
2026-09-27,EP902026,29,2026-09-29 12:00:00,2 days 12:00:00,60,15.39,-104.33,991.8,42.8,91.38718166300956,297.403176506827,287.412271437878,243.86784625647127,269.7921218428955,0.0,0.0,0.0,0.0,0.0,0.0,0.0,0.0
2026-09-27,EP902026,29,2026-09-29 18:00:00,2 days 18:00:00,66,15.5,-104.93,991.9,50.9,132.11516663960148,128.39943023574278,132.11516663960148,132.11516663960148,93.05237856439597,0.0,0.5820932835249475,132.11516663960148,0.0,0.0,0.0,0.0,0.0
2026-09-27,EP902026,29,2026-09-30 00:00:00,3 days 00:00:00,72,16.23,-105.81,993.9,56.2,81.6177353874501,364.5640358801761,311.8338610342948,240.1531051110898,317.2898890937876,166.4030455027708,141.9216120771917,102.8990856908638,134.28861772156472,0.0,0.0,0.0,0.0
2026-09-27,EP902026,29,2026-09-30 06:00:00,3 days 06:00:00,78,17.04,-106.7,985.5,58.0,66.0100263282012,253.5097780281624,213.59882545138717,152.8331275815483,215.5672268343335,76.82212220659642,62.47364552774684,43.25504269176059,56.572611943522816,0.0,0.0,0.0,0.0
2026-09-27,EP902026,29,2026-09-30 12:00:00,3 days 12:00:00,84,17.78,-107.55,975.9,75.2,27.27544164639171,251.54617241582324,216.29342655033048,184.109269930812,239.5705911003332,118.07809378544924,95.50002986671949,70.21808757026237,99.08369115077144,46.556182040767375,37.56503473918284,29.02569129673853,39.27717189735865
2026-09-27,EP902026,29,2026-09-30 18:00:00,3 days 18:00:00,90,18.02,-108.2,973.0,74.5,24.6735183816254,199.80533465996268,204.23127308351832,178.47547306431807,178.70128370737075,104.96490385532525,88.12692845290076,70.23357800374288,89.78012114948069,45.35263002972352,37.94215486699432,30.640775986507837,39.350073223075015
2026-09-27,EP902026,29,2026-10-01 00:00:00,4 days 00:00:00,96,18.46,-108.57,975.9,73.7,37.07731577473445,189.7044809693905,201.101731250865,149.75046887304725,156.6393567936641,84.02211608894345,76.1702949844846,56.927192668788365,64.11447375962024,45.28948655744568,40.32702257577873,32.26496073880426,37.713941224189
2026-09-27,EP902026,29,2026-10-01 06:00:00,4 days 06:00:00,102,18.53,-108.98,976.7,71.1,32.40026387920393,160.56585214078137,173.69273810730786,161.48016304184958,140.08897995967874,74.78557550600468,77.1607335865899,66.4911406371661,63.45147566486602,32.40026387920393,29.21469796109683,25.70469154757372,26.644837355262407
2026-09-27,EP902026,29,2026-10-01 12:00:00,4 days 12:00:00,108,18.45,-109.12,982.4,57.0,38.23254199554022,164.937887410774,157.40641495203505,150.47430718312586,157.1959713696543,101.6057355419714,96.33608494244044,75.35500555788249,82.50567589926612,0.0,0.0,0.0,0.0
2026-09-27,EP902026,29,2026-10-01 18:00:00,4 days 18:00:00,114,18.88,-109.13,987.9,52.9,62.75974346790698,183.6092239238913,210.33198549827267,162.63379984519355,146.62023984542998,62.75974346790698,43.91347126759648,29.33199308178868,34.3951879652409,0.0,0.0,0.0,0.0
2026-09-27,EP902026,29,2026-10-02 00:00:00,5 days 00:00:00,120,19.27,-109.19,992.6,50.7,83.45395693549682,230.47347561532175,255.5217984419201,219.9672552296345,218.45188962633384,83.45395693549682,23.408703831241308,13.793057346968297,16.79910873533764,0.0,0.0,0.0,0.0
2026-09-27,EP902026,29,2026-10-02 06:00:00,5 days 06:00:00,126,18.87,-109.32,988.0,54.8,40.8695931002528,203.7598101528705,203.8984730579122,188.91000155623144,185.2916869751329,40.8695931002528,37.87195095073753,26.369838089752577,28.511978250904605,0.0,0.0,0.0,0.0
2026-09-27,EP902026,29,2026-10-02 12:00:00,5 days 12:00:00,132,19.07,-109.08,992.0,51.4,47.163474489203615,135.86987565066383,165.43214738018662,152.01920475691313,127.74008164217648,21.101483682364112,47.163474489203615,16.173040134805373,13.97234239278351,0.0,0.0,0.0,0.0
2026-09-27,EP902026,29,2026-10-02 18:00:00,5 days 18:00:00,138,19.15,-109.26,991.6,52.0,46.70774059772104,145.9930905483905,149.33820565688842,116.00131772781673,119.09840673580476,46.70774059772104,18.47080415178099,13.591078777629388,11.239841347317595,0.0,0.0,0.0,0.0
2026-09-27,EP902026,29,2026-10-03 00:00:00,6 days 00:00:00,144,19.42,-109.19,986.8,59.0,45.20875317842811,109.40053352392616,152.84399143757778,109.09807781652266,90.36082252026726,66.51594276470198,63.71670472624999,41.04635383134309,47.27532455704714,0.0,0.0,0.0,0.0
2026-09-27,EP902026,29,2026-10-03 06:00:00,6 days 06:00:00,150,19.9,-108.97,984.3,62.4,40.4187726208462,121.0683229407116,153.1091464571714,101.09060849639808,99.053828121979,68.28124526200759,65.56143191270394,41.87722330541794,47.26698230212651,0.0,0.0,0.0,0.0
2026-09-27,EP902026,29,2026-10-03 12:00:00,6 days 12:00:00,156,20.35,-108.97,981.9,69.1,38.22549685333741,118.18842611382088,148.8596486239786,95.83671677385809,87.62559074391504,54.84457646286012,52.349638190320775,32.77286527253986,39.88935918521881,38.22549685333741,18.26268700940483,13.681692761005458,16.51187849081373
2026-09-27,EP902026,29,2026-10-03 18:00:00,6 days 18:00:00,162,21.11,-108.54,981.5,65.5,46.41220496271114,183.6718254575976,201.6136716829041,142.4811031681894,149.16302131574878,53.333009239808575,51.604951307009074,29.696789626892127,34.464214936595425,46.41220496271114,0.8343997910949614,0.0,0.0
2026-09-27,EP902026,29,2026-10-04 00:00:00,7 days 00:00:00,168,21.41,-108.58,980.2,62.6,50.88188544794116,154.73350990080309,167.25542730606105,134.13756367785598,134.75724335141118,90.15145097963268,86.28436059115865,61.4476193243774,67.87519438573096,0.0,0.0,0.0,0.0
2026-09-27,EP902026,29,2026-10-04 06:00:00,7 days 06:00:00,174,22.2,-108.62,980.9,68.5,39.33373873943718,183.0405694524419,186.65248133225043,139.80839744051292,140.24432026799883,89.91290249316779,82.07698117823747,52.941395221470046,66.30107414723805,39.33373873943718,26.7576276887781,19.309521706598453,25.878901980537904
2026-09-27,EP902026,29,2026-10-04 12:00:00,7 days 12:00:00,180,22.92,-108.84,980.8,64.4,24.189534815641025,169.5360040957512,158.27339229707923,90.53654750102568,99.22337206735232,91.70935161050056,68.12400966953192,36.78071656963112,60.73852367690597,31.65234884193501,23.64011170731709,13.551635757327643,24.75988155041037
2026-09-27,EP902026,29,2026-10-04 18:00:00,7 days 18:00:00,186,23.82,-109.32,981.5,62.8,13.325778105006323,197.16542860352016,159.27967680581347,125.18891827320373,149.9202848094926,103.43149891617492,91.15708924712678,66.19676299692242,84.61141613702793,0.0,0.0,0.0,0.0
2026-09-27,EP902026,29,2026-10-05 00:00:00,8 days 00:00:00,192,24.35,-109.7,978.1,69.0,14.03418630705364,191.69753736792677,153.2034712363957,131.85576635185578,188.1482288393433,101.44781349954263,88.13940791399591,67.07031119789733,86.34841042102863,22.542425920986695,18.29928858698114,14.76696726454209,18.20876736444744
2026-09-27,EP902026,29,2026-10-05 06:00:00,8 days 06:00:00,198,25.06,-110.49,986.6,59.4,26.19621686496427,139.4277532106728,120.6545265352305,83.18082929380421,122.386413632867,96.12242412920762,77.45337160292007,57.36089185659191,80.65840548465036,0.0,0.0,0.0,0.0
2026-09-27,EP902026,29,2026-10-05 12:00:00,8 days 12:00:00,204,26.02,-111.75,992.2,52.3,32.10280204323948,116.25109858265516,88.08447428711419,74.3741462980484,90.3443921416001,10.949658519930097,10.651431723638556,8.638028475706527,32.10280204323948,0.0,0.0,0.0,0.0
2026-09-27,EP902026,29,2026-10-05 18:00:00,8 days 18:00:00,210,26.75,-113.02,1003.9,41.0,72.06027794357007,72.06027794357007,34.16879328001377,21.166983427419996,61.30788855348565,0.0,0.0,0.0,0.0,0.0,0.0,0.0,0.0
2026-09-27,EP902026,29,2026-10-06 00:00:00,9 days 00:00:00,216,27.37,-114.09,1000.2,33.0,73.16132854194358,0.0,0.0,0.0,0.0,0.0,0.0,0.0,0.0,0.0,0.0,0.0,0.0
2026-09-27,EP902026,29,2026-10-06 06:00:00,9 days 06:00:00,222,27.79,-115.1,1002.6,29.1,64.36453610348367,0.0,0.0,0.0,0.0,0.0,0.0,0.0,0.0,0.0,0.0,0.0,0.0
2026-09-27,EP902026,29,2026-10-06 12:00:00,9 days 12:00:00,228,28.48,-116.26,1006.1,33.6,29.514175060076354,0.0,0.0,0.0,0.0,0.0,0.0,0.0,0.0,0.0,0.0,0.0,0.0
2026-09-27,EP902026,29,2026-10-06 18:00:00,9 days 18:00:00,234,29.4,-116.94,1004.8,21.8,78.81372466034452,0.0,0.0,0.0,0.0,0.0,0.0,0.0,0.0,0.0,0.0,0.0,0.0
2026-09-27,EP902026,29,2026-10-07 00:00:00,10 days 00:00:00,240,30.3,-117.56,1006.1,26.4,24.43501201207073,0.0,0.0,0.0,0.0,0.0,0.0,0.0,0.0,0.0,0.0,0.0,0.0
2026-09-27,WP252026,29,2026-09-27 00:00:00,0 days 00:00:00,0,24.6,127.6,964.0,89.0,22.0,102.0,121.0,102.0,93.0,,,,,,,,
2026-09-27,WP252026,29,2026-09-27 06:00:00,0 days 06:00:00,6,25.39,128.25,944.9,108.2,0.0,126.97730611618428,154.53241103919737,93.89162770451458,70.31258324525979,48.77945716295231,69.57246985112079,46.03163493095552,34.518412579340634,31.73573562840956,33.64875379731153,30.008181992773125,25.026745459401333
2026-09-27,WP252026,29,2026-09-27 12:00:00,0 days 12:00:00,12,26.16,129.09,941.3,113.0,3.6503399118322,122.87540755420623,202.86029715398075,159.53360007566076,84.0108616611655,54.44237516779928,82.267575988043,64.87894351862165,39.18819088565131,29.74487057428353,35.0552916147218,29.75615905451348,24.32716465874858
2026-09-27,WP252026,29,2026-09-27 18:00:00,0 days 18:00:00,18,26.63,130.08,944.9,115.1,22.05392500943566,136.9530942064506,210.9942951876203,140.50916097844612,109.7648868720298,64.88597608736958,75.01928819678298,57.38836617723537,45.82552353247149,41.92427254162204,41.40781693507152,36.14078182950115,34.25010026659661
2026-09-27,WP252026,29,2026-09-28 00:00:00,1 days 00:00:00,24,27.47,131.03,967.2,91.8,22.886269725581634,107.77784210713014,153.430560324602,90.2543640319874,76.06220109084359,52.559964880998976,67.74139798339904,46.57629849621735,39.75394228576518,36.5372587861016,37.38258829850975,30.172106385693716,28.269647830711687
2026-09-27,WP252026,29,2026-09-28 06:00:00,1 days 06:00:00,30,28.14,132.3,979.1,70.8,35.866022636525486,97.03830758458572,140.94176538843385,92.82938921493223,63.852789209219054,56.20361013115462,64.50423998054112,47.99407010261825,40.64236532846621,31.934972550006933,35.866022636525486,26.610669932987093,25.290387532944465
2026-09-27,WP252026,29,2026-09-28 12:00:00,1 days 12:00:00,36,28.34,133.23,992.9,53.8,37.65327820121811,140.19252854738653,196.9243620998197,115.30107462908768,111.51301770781332,29.920427374365115,37.65327820121811,19.98405664892333,22.805665748827582,0.0,0.0,0.0,0.0
2026-09-27,WP252026,29,2026-09-28 18:00:00,1 days 18:00:00,42,28.97,134.3,988.8,53.0,30.10800458413987,133.83508141342168,182.28630353607213,118.66262491328465,107.84704215851356,41.16708322628055,40.37477116921622,22.48529728882453,24.5312362891865,0.0,0.0,0.0,0.0
2026-09-27,WP252026,29,2026-09-29 00:00:00,2 days 00:00:00,48,29.61,135.48,995.8,43.3,73.3318787714002,139.0941993654569,192.6664172020425,116.84932620165114,116.67781917950111,0.0,0.0,0.0,0.0,0.0,0.0,0.0,0.0
2026-09-27,WP252026,29,2026-09-29 06:00:00,2 days 06:00:00,54,29.76,136.4,995.0,39.6,58.10288547305167,65.74445500396766,97.70977257702592,39.5848222317892,44.4840006148366,0.0,0.0,0.0,0.0,0.0,0.0,0.0,0.0
2026-09-27,WP252026,29,2026-09-29 12:00:00,2 days 12:00:00,60,30.52,137.53,998.3,36.8,98.62645489738073,74.33213119255686,98.62645489738073,39.62649633217538,50.04434096009493,0.0,0.0,0.0,0.0,0.0,0.0,0.0,0.0
2026-09-27,WP252026,29,2026-09-29 18:00:00,2 days 18:00:00,66,31.07,138.81,1001.7,38.4,103.30052613873386,47.54350011943498,103.30052613873386,20.46284220487387,29.07947313705272,0.0,0.0,0.0,0.0,0.0,0.0,0.0,0.0
2026-09-27,WP252026,29,2026-09-30 00:00:00,3 days 00:00:00,72,32.01,140.55,996.1,36.0,102.44978728038224,18.70713352199676,102.44978728038224,4.702938154861016,0.4793952359890454,0.0,0.0,0.0,0.0,0.0,0.0,0.0,0.0
2026-09-27,WP252026,29,2026-09-30 06:00:00,3 days 06:00:00,78,32.8,142.39,997.6,38.1,107.1114301543513,40.50323733693035,107.1114301543513,17.1880250811146,22.435560526919453,0.0,0.0,0.0,0.0,0.0,0.0,0.0,0.0
2026-09-27,WP252026,29,2026-09-30 12:00:00,3 days 12:00:00,84,33.41,144.03,997.3,36.3,130.8415023633558,60.02451461579618,130.8415023633558,55.89983621524625,41.07851374698957,0.0,0.0,0.0,0.0,0.0,0.0,0.0,0.0
2026-09-27,WP252026,29,2026-09-30 18:00:00,3 days 18:00:00,90,34.22,145.87,998.6,24.4,117.444558209313,0.0,0.0,0.0,0.0,0.0,0.0,0.0,0.0,0.0,0.0,0.0,0.0
2026-09-27,WP252026,29,2026-10-01 00:00:00,4 days 00:00:00,96,35.22,147.5,998.4,29.1,85.12163973150341,0.0,0.0,0.0,0.0,0.0,0.0,0.0,0.0,0.0,0.0,0.0,0.0
2026-09-27,WP252026,29,2026-10-01 06:00:00,4 days 06:00:00,102,36.76,150.08,1000.0,27.0,129.15248198988274,0.0,0.0,0.0,0.0,0.0,0.0,0.0,0.0,0.0,0.0,0.0,0.0
2026-09-27,WP252026,29,2026-10-01 12:00:00,4 days 12:00:00,108,38.37,152.59,1000.7,28.3,130.59627839995704,0.0,0.0,0.0,0.0,0.0,0.0,0.0,0.0,0.0,0.0,0.0,0.0
2026-09-27,WP252026,29,2026-10-01 18:00:00,4 days 18:00:00,114,40.87,156.34,997.0,28.9,169.87916834368855,0.0,0.0,0.0,0.0,0.0,0.0,0.0,0.0,0.0,0.0,0.0,0.0
2026-09-27,WP252026,29,2026-10-02 00:00:00,5 days 00:00:00,120,42.27,161.07,995.6,37.7,153.19335143586807,147.47346223851662,202.5471219397228,158.22428417007427,106.2024012038651,0.0,0.0,0.0,0.0,0.0,0.0,0.0,0.0
2026-09-27,WP252026,29,2026-10-02 06:00:00,5 days 06:00:00,126,43.75,165.73,996.7,28.0,195.78792883008907,0.0,0.0,0.0,0.0,0.0,0.0,0.0,0.0,0.0,0.0,0.0,0.0
2026-09-27,AL062026,3,2026-09-27 00:00:00,0 days 00:00:00,0,29.8,-43.9,1010.0,29.0,56.0,0.0,0.0,0.0,0.0,0.0,0.0,0.0,0.0,0.0,0.0,0.0,0.0
2026-09-27,AL062026,3,2026-09-27 06:00:00,0 days 06:00:00,6,29.63,-44.24,1009.6,27.7,130.24725401551143,0.0,0.0,0.0,0.0,0.0,0.0,0.0,0.0,0.0,0.0,0.0,0.0
2026-09-27,AL062026,3,2026-09-27 12:00:00,0 days 12:00:00,12,29.4,-43.83,1010.1,23.1,77.49134413610733,0.0,0.0,0.0,0.0,0.0,0.0,0.0,0.0,0.0,0.0,0.0,0.0
2026-09-27,AL062026,3,2026-09-27 18:00:00,0 days 18:00:00,18,29.47,-43.57,1009.3,24.3,76.2794308966914,0.0,0.0,0.0,0.0,0.0,0.0,0.0,0.0,0.0,0.0,0.0,0.0
2026-09-27,AL062026,3,2026-09-28 00:00:00,1 days 00:00:00,24,28.59,-43.33,1011.2,24.7,68.15327036856108,0.0,0.0,0.0,0.0,0.0,0.0,0.0,0.0,0.0,0.0,0.0,0.0
2026-09-27,AL062026,3,2026-09-28 06:00:00,1 days 06:00:00,30,27.97,-43.9,1011.5,20.0,79.36508779130273,0.0,0.0,0.0,0.0,0.0,0.0,0.0,0.0,0.0,0.0,0.0,0.0
2026-09-27,AL062026,3,2026-09-28 12:00:00,1 days 12:00:00,36,27.6,-44.29,1014.0,19.4,144.28566723516155,0.0,0.0,0.0,0.0,0.0,0.0,0.0,0.0,0.0,0.0,0.0,0.0
2026-09-27,EP152026,3,2026-09-27 00:00:00,0 days 00:00:00,0,16.7,-156.1,972.0,80.0,37.0,241.0,185.0,185.0,241.0,93.0,74.0,93.0,111.0,56.0,46.0,56.0,56.0
2026-09-27,EP152026,3,2026-09-27 06:00:00,0 days 06:00:00,6,16.42,-156.73,967.2,93.3,19.20651304705207,160.86440473941673,141.86928128450006,147.2287198808653,171.5429870900161,80.82577357991094,72.59199885320709,69.56680916055276,80.96413965897251,54.80029296092005,46.547593582031226,41.26311820706546,48.28317625192941
2026-09-27,EP152026,3,2026-09-27 12:00:00,0 days 12:00:00,12,16.19,-157.64,967.8,95.2,42.05955469839088,154.0115705265237,105.2200073955946,128.73849287569934,180.82889721926935,75.17937075803442,58.10091840848301,61.16712457369262,79.88282938795973,51.284385230859314,43.642392182046336,36.70567312064871,47.57647209995855
2026-09-27,EP152026,3,2026-09-27 18:00:00,0 days 18:00:00,18,15.96,-158.65,954.4,105.7,3.563370305406629,193.54624517327795,149.502467745645,132.74168106743477,192.13296560819825,87.89573303125803,67.36560883619609,61.18256417557227,82.41289066605356,50.40555460125816,41.53594663164978,37.63909214586994,46.833583321719175
2026-09-27,EP152026,3,2026-09-28 00:00:00,1 days 00:00:00,24,16.28,-159.92,946.9,113.6,20.17583173813364,167.15993896308282,129.80967885228347,125.9221897227144,162.70467962152725,73.39520611771331,60.7716781725394,54.14566747261097,73.681012175045,44.2408398933112,34.74401399605813,27.5644684902677,40.32936994195734
2026-09-27,EP152026,3,2026-09-28 06:00:00,1 days 06:00:00,30,16.47,-160.89,946.5,117.6,33.31870970806071,169.87520531002943,137.8085410782496,130.43936877401416,169.08056975697647,103.85356345551796,87.15205754440085,80.33099357995125,101.24519856592492,58.32063028548301,50.19159620588173,43.38301193529866,56.780971610515394
2026-09-27,EP152026,3,2026-09-28 12:00:00,1 days 12:00:00,36,16.76,-161.91,948.2,116.5,21.2113039190136,108.5342881050139,96.24975835304002,77.4436658100397,101.41171602297568,64.82344459656954,49.210755768812646,42.45756786532479,61.58911665428423,40.7451953232231,31.24541398271228,25.1091289229267,37.39165379262192
2026-09-27,EP152026,3,2026-09-28 18:00:00,1 days 18:00:00,42,17.35,-162.67,938.1,126.2,4.9785486323774535,201.45237609663604,172.41278463630147,148.1247838722279,198.74644689900697,99.3450567308364,85.32752723794533,66.8919117205607,91.34009713572992,71.44903949788295,60.65275125509612,49.48585996889847,63.90161904704462
2026-09-27,EP152026,3,2026-09-29 00:00:00,2 days 00:00:00,48,17.97,-163.36,935.4,129.0,1.0325740361499776,184.64991788911283,182.48455406516044,144.14285201417434,146.0278322711169,93.18775237128597,78.21364482839257,63.45360444271857,77.18198438032792,56.95024368108999,46.31778145025958,34.71188513983955,48.77089865439602
2026-09-27,EP152026,3,2026-09-29 06:00:00,2 days 06:00:00,54,18.71,-163.62,953.3,111.8,24.37827689262474,161.7284705109372,148.21192722010642,119.72100510391824,128.56226420764688,90.86785669687026,83.14089238515669,58.15861337203725,68.8088323251203,52.45772306645202,47.25714302087124,36.430940226244616,45.816971932524666
2026-09-27,EP152026,3,2026-09-29 12:00:00,2 days 12:00:00,60,19.41,-163.56,963.3,101.5,21.14224258427092,159.59662653895407,133.51969423679571,106.78414441451184,132.67055581305632,99.15096937972146,82.55957942433449,58.326462862492974,81.63684494254886,60.076856436682505,51.44514606841629,38.389827501132615,49.97749694821323
2026-09-27,EP152026,3,2026-09-29 18:00:00,2 days 18:00:00,66,20.24,-163.4,974.0,84.2,11.24057978510757,157.4065688758168,134.01350140327008,124.65659513705197,135.87037521665894,88.50389882443483,83.00457995206733,64.10446707837554,68.82466417982226,54.50606072423818,50.68573347582384,38.31100148451111,46.02073810157009
2026-09-27,EP152026,3,2026-09-30 00:00:00,3 days 00:00:00,72,21.04,-162.98,979.7,79.6,42.23371516360531,152.7328903817177,138.98769356985696,100.4850993074495,123.31711253438992,83.01800496000735,73.30150967395937,56.52588153801884,71.67734184280903,51.54830997395875,45.197466087564734,36.50984492044618,43.29718996339462
2026-09-27,EP152026,3,2026-09-30 06:00:00,3 days 06:00:00,78,21.57,-162.7,982.6,69.2,36.15707312771083,198.4077453256021,131.08109559468812,144.07246333119284,177.19666262785393,120.04102828570284,104.73496203389033,86.61030246765037,101.64726382405888,58.60868147763448,53.78403084425122,42.9186523801496,52.24437487447054
2026-09-27,EP152026,3,2026-09-30 12:00:00,3 days 12:00:00,84,21.81,-162.79,992.3,57.5,54.707015571926775,194.0223352204165,137.74780172226826,124.41228390427818,222.39592718459883,106.40681272060849,85.0214184299711,72.00846862632126,98.0080285302704,0.0,0.0,0.0,0.0
2026-09-27,EP152026,3,2026-09-30 18:00:00,3 days 18:00:00,90,22.38,-163.02,989.2,51.3,81.05348584518333,282.1502659127782,211.39598334816856,187.62243720472725,226.50526757410623,85.12899268137176,69.64577072023667,59.72695383012706,69.87664521561692,0.0,0.0,0.0,0.0
2026-09-27,EP152026,3,2026-10-01 00:00:00,4 days 00:00:00,96,22.37,-163.51,989.0,54.0,81.4662436525858,241.95304456441264,144.36837573981472,168.25700507968315,269.3894381087101,156.96311489184626,127.68875517530168,107.9632530224419,140.17192638076153,0.0,0.0,0.0,0.0
2026-09-27,EP152026,3,2026-10-01 06:00:00,4 days 06:00:00,102,22.07,-163.69,990.4,51.0,71.40179228592831,268.489991463328,212.96032299575845,204.42233314424075,287.2023845752551,71.40179228592831,49.994600102868525,41.66804279478205,55.33134720228279,0.0,0.0,0.0,0.0
2026-09-27,EP152026,3,2026-10-01 12:00:00,4 days 12:00:00,108,21.64,-164.16,993.2,53.6,87.0987308851474,284.56881996883976,213.7412918217797,208.78502476080908,291.1171189063299,87.0987308851474,63.07500014199843,51.87657369291838,68.1543884594887,0.0,0.0,0.0,0.0
2026-09-27,EP152026,3,2026-10-01 18:00:00,4 days 18:00:00,114,21.6,-164.42,992.2,53.5,68.97656264826304,211.03809936058627,172.3799430374872,154.06928771789237,199.67718882790416,68.97656264826304,28.29042862869193,20.087313856779524,33.066667938260835,0.0,0.0,0.0,0.0
2026-09-27,EP152026,3,2026-10-02 00:00:00,5 days 00:00:00,120,21.54,-165.01,991.9,49.8,152.59291362377036,250.8123937864708,219.076397056925,185.83258071751828,220.56687584478945,0.0,0.0,0.0,0.0,0.0,0.0,0.0,0.0
2026-09-27,EP152026,3,2026-10-02 06:00:00,5 days 06:00:00,126,21.86,-165.54,989.3,52.6,50.06284398973859,186.89964696792856,138.81786825545458,113.59637922330144,186.74894646488215,68.82065673082684,53.40321023458328,40.35782411406198,57.67458088211259,0.0,0.0,0.0,0.0
2026-09-27,EP152026,3,2026-10-02 12:00:00,5 days 12:00:00,132,22.24,-166.62,986.9,53.1,30.533555878709837,236.45732149075445,156.24919334516127,130.408540790344,238.1543684750661,111.19914533860609,84.34636664761291,61.56959923156955,86.21017738099366,0.0,0.0,0.0,0.0
2026-09-27,EP152026,3,2026-10-02 18:00:00,5 days 18:00:00,138,22.29,-167.75,989.6,59.3,49.07923789480381,205.5295644904096,145.3705309261196,128.78097233111365,172.11812702704037,82.48966829873288,58.822943462228544,45.55407113605596,67.45430909083403,0.0,0.0,0.0,0.0
2026-09-27,EP152026,3,2026-10-03 00:00:00,6 days 00:00:00,144,21.91,-168.72,985.3,72.8,46.07965196317798,190.45830085951457,142.69315659948623,117.38716011226826,174.6478951444344,93.14977988469649,73.79097785637221,52.71865094202544,75.65791859287427,46.07965196317798,0.3938655655533583,0.0,3.0729318897315903
2026-09-27,EP152026,3,2026-10-03 06:00:00,6 days 06:00:00,150,21.84,-169.69,989.9,63.5,31.928717468638872,176.19559189347774,130.10553574570702,106.18785871366828,182.38467635324795,88.77384484175444,65.05153884003106,48.97177669875076,78.26164970226375,0.0,0.0,0.0,0.0
2026-09-27,EP152026,3,2026-10-03 12:00:00,6 days 12:00:00,156,21.74,-170.98,982.6,68.5,11.873684364242902,207.45502349545268,165.31720399275494,103.17314526807662,176.55964000096765,87.47131187022951,58.76359050737271,40.97470469341255,69.15961347934005,30.9476359261828,24.326486487988877,20.161925040361385,28.835263142788666
2026-09-27,EP152026,3,2026-10-03 18:00:00,6 days 18:00:00,162,21.83,-172.61,980.7,73.3,29.172880528573547,188.12473615187628,149.25609210894143,89.73111065562264,151.338346202443,82.08589834172957,55.977520121789794,32.45608122898571,64.3667372989776,29.172880528573547,17.546615288140835,13.222195817673793,23.4501220788458
2026-09-27,EP152026,3,2026-10-04 00:00:00,7 days 00:00:00,168,21.68,-174.55,964.8,101.4,30.758015412464687,230.5898463803307,144.95972307780158,121.38480071216796,187.13412329794903,94.2004609173564,65.34776643332367,46.96858668314872,78.92251066356309,52.70458283509261,42.198936275270825,32.3396990412437,45.119500602282585
2026-09-27,EP152026,3,2026-10-04 06:00:00,7 days 06:00:00,174,22.38,-176.53,965.0,96.6,44.86473112729165,248.45354288672732,178.0583225636515,108.67816515454312,212.32571216806463,120.7106626851038,94.60175827295268,66.00588875443717,107.1421262014691,64.39432940966195,51.892905808862565,40.25800191278244,55.84530521662805
2026-09-27,EP152026,3,2026-10-04 12:00:00,7 days 12:00:00,180,22.86,-178.43,965.5,97.8,33.60945737850726,217.1794719712667,168.36136743772062,150.12314406132032,192.7554790749772,129.29888453466373,98.1563505067827,79.65378751859328,109.80556070902624,72.4509310907801,57.98177365142878,46.06024291770947,63.108928649606526
2026-09-27,EP152026,3,2026-10-04 18:00:00,7 days 18:00:00,186,24.15,179.49,962.8,87.0,31.78785223370219,346.4985179405506,247.96316896381512,182.34729785772925,276.97056491291795,168.04969926572096,130.6108184162618,87.16112509174607,141.97104082529535,82.9828567988605,67.15479396054461,47.87396422929324,72.2580739520536
2026-09-27,EP152026,3,2026-10-05 00:00:00,8 days 00:00:00,192,24.68,176.84,967.2,91.0,28.553856545181787,245.938848582263,198.94423220147536,147.76158413231343,208.56840978187893,130.84551020566226,113.30823976130318,84.51728787696615,112.24291925481802,79.64888376164501,69.1053339730014,51.47359559828557,69.53220577541109
2026-09-27,EP152026,3,2026-10-05 06:00:00,8 days 06:00:00,198,25.65,174.55,967.1,88.4,23.449645418048902,235.5449558054621,198.91461815307449,144.34217879179553,183.43393044658035,128.6284930171451,109.54817759635202,83.23888711818174,112.27232275688402,89.14287871581058,76.83521299667127,58.97265298163248,77.18875200600264
2026-09-27,EP152026,3,2026-10-05 12:00:00,8 days 12:00:00,204,26.45,172.48,968.6,83.4,29.38640141528032,222.58568247890884,180.1757461169875,146.9251363857745,192.72865434930335,122.944202327377,97.13200866842224,67.49087383904742,100.5120423318179,78.13319826715622,67.5911606699951,51.66831264599958,68.031164129546
2026-09-27,EP152026,3,2026-10-05 18:00:00,8 days 18:00:00,210,27.24,171.23,958.0,87.0,19.86192078005133,258.4846813858729,213.79048409733315,178.00568101213253,197.4493422636816,110.62234960852714,87.72824284887466,57.40885507947043,78.24295600301258,45.62298184135759,37.42021793600638,23.767788730139134,37.17492278970721
2026-09-27,EP152026,3,2026-10-06 00:00:00,9 days 00:00:00,216,28.57,169.94,970.5,81.7,30.829311977888597,213.13640614360003,186.29895651338063,129.90085781503512,155.10406558696056,122.5642877886762,98.61688495839658,55.8966452172337,82.35323071472519,52.43134354029655,43.17161239419411,28.8939589387817,40.39360570093535
2026-09-27,EP152026,3,2026-10-06 06:00:00,9 days 06:00:00,222,30.0,169.33,978.4,70.2,5.787561938298502,210.0645472971554,209.0315657193455,138.1422709250166,150.76473733717663,106.26105088268324,98.6895093718505,63.10256676246274,69.53726622367682,37.304600057483576,35.45752309617063,23.26419118537133,30.208380812935307
2026-09-27,EP152026,3,2026-10-06 12:00:00,9 days 12:00:00,228,31.56,169.43,985.7,69.7,15.452313194001295,134.52262143362702,145.1502640404717,114.59550751422432,108.38198909850476,94.72845592941296,88.61032872215978,50.40363684568414,64.2596980441704,34.249977301060404,27.327059072235222,17.062349333352614,26.009349996840104
2026-09-27,EP152026,3,2026-10-06 18:00:00,9 days 18:00:00,234,32.96,170.82,987.1,63.1,24.423528231167808,136.1661257312328,130.87813987757363,106.96220659785,112.15692712847004,101.87300581509044,100.95114024639912,70.48244632224927,75.97049412260776,0.0,0.0,0.0,0.0
2026-09-27,EP152026,3,2026-10-07 00:00:00,10 days 00:00:00,240,34.52,172.9,987.1,64.3,24.42989285935444,156.2149387988444,208.04797940145068,186.5356569580396,116.18308253469245,92.71481622516184,116.59398319413418,93.74913751804344,68.95895956708847,50.10284327646135,55.709532606048725,46.94078427554047,39.59117813334908
2026-09-27,EP152026,3,2026-10-07 06:00:00,10 days 06:00:00,246,36.45,176.62,995.7,55.2,43.591479758677465,149.8424164743027,226.57110703477312,159.69871277416632,84.81177082905485,7.772894708866931,43.591479758677465,14.16880154914829,0.0,0.0,0.0,0.0,0.0
2026-09-27,EP152026,3,2026-10-07 12:00:00,10 days 12:00:00,252,39.74,-179.98,1004.6,49.4,104.93437813000504,275.33189426209907,343.206294566838,253.56249518220372,213.60530378199428,0.0,0.0,0.0,0.0,0.0,0.0,0.0,0.0
2026-09-27,EP152026,3,2026-10-07 18:00:00,10 days 18:00:00,258,42.49,179.81,983.1,60.2,191.26183637279368,551.5605795474273,626.7571593790528,524.0220202657431,460.3350596559761,161.1681036551106,191.26183637279368,148.80243667747118,143.07241484012093,0.0,0.0,0.0,0.0
2026-09-27,EP162026,3,2026-09-27 00:00:00,0 days 00:00:00,0,20.8,-123.6,975.0,76.0,28.0,167.0,167.0,148.0,185.0,93.0,74.0,74.0,93.0,65.0,46.0,37.0,56.0
2026-09-27,EP162026,3,2026-09-27 06:00:00,0 days 06:00:00,6,21.37,-123.34,987.2,56.3,38.4617928215111,159.8090097342025,162.83446218484903,98.8823686991202,145.30486678726476,58.79607380608039,45.93730720982484,24.018347851140845,44.97200732908155,0.0,0.0,0.0,0.0
2026-09-27,EP162026,3,2026-09-27 12:00:00,0 days 12:00:00,12,21.9,-123.25,1000.0,39.5,45.66692559792039,135.45727523799303,119.1231853165985,65.43767045567293,92.06179054316507,0.0,0.0,0.0,0.0,0.0,0.0,0.0,0.0
2026-09-27,EP162026,3,2026-09-27 18:00:00,0 days 18:00:00,18,22.34,-122.89,1003.4,34.8,60.775474544859634,60.775474544859634,46.48307173714112,33.73510364848791,54.59982928467887,0.0,0.0,0.0,0.0,0.0,0.0,0.0,0.0
2026-09-27,EP162026,3,2026-09-28 00:00:00,1 days 00:00:00,24,22.37,-122.7,1001.8,29.8,94.2886813049247,0.0,0.0,0.0,0.0,0.0,0.0,0.0,0.0,0.0,0.0,0.0,0.0
2026-09-27,EP162026,3,2026-09-28 06:00:00,1 days 06:00:00,30,22.58,-122.63,1004.5,26.3,93.54579517074104,0.0,0.0,0.0,0.0,0.0,0.0,0.0,0.0,0.0,0.0,0.0,0.0
2026-09-27,EP162026,3,2026-09-28 12:00:00,1 days 12:00:00,36,22.27,-122.39,1003.9,26.4,71.78647833865318,0.0,0.0,0.0,0.0,0.0,0.0,0.0,0.0,0.0,0.0,0.0,0.0
2026-09-27,EP162026,3,2026-09-28 18:00:00,1 days 18:00:00,42,21.85,-122.11,1002.2,25.6,109.23463922761482,0.0,0.0,0.0,0.0,0.0,0.0,0.0,0.0,0.0,0.0,0.0,0.0
2026-09-27,EP162026,3,2026-09-29 00:00:00,2 days 00:00:00,48,21.39,-122.1,1003.8,26.2,112.14373777001526,0.0,0.0,0.0,0.0,0.0,0.0,0.0,0.0,0.0,0.0,0.0,0.0
2026-09-27,EP162026,3,2026-09-29 06:00:00,2 days 06:00:00,54,20.88,-122.13,1005.9,23.0,128.0825812034774,0.0,0.0,0.0,0.0,0.0,0.0,0.0,0.0,0.0,0.0,0.0,0.0
2026-09-27,EP162026,3,2026-09-29 12:00:00,2 days 12:00:00,60,20.23,-122.21,1006.8,21.1,95.34100792725718,0.0,0.0,0.0,0.0,0.0,0.0,0.0,0.0,0.0,0.0,0.0,0.0
2026-09-27,EP162026,3,2026-09-29 18:00:00,2 days 18:00:00,66,19.47,-122.18,1007.3,21.5,97.53782876958968,0.0,0.0,0.0,0.0,0.0,0.0,0.0,0.0,0.0,0.0,0.0,0.0
2026-09-27,EP162026,3,2026-09-30 00:00:00,3 days 00:00:00,72,19.13,-122.71,1006.3,21.3,91.01720336883513,0.0,0.0,0.0,0.0,0.0,0.0,0.0,0.0,0.0,0.0,0.0,0.0
2026-09-27,EP172026,3,2026-09-27 00:00:00,0 days 00:00:00,0,19.0,-112.9,946.0,111.0,28.0,259.0,185.0,167.0,185.0,111.0,111.0,93.0,93.0,65.0,65.0,46.0,56.0
2026-09-27,EP172026,3,2026-09-27 06:00:00,0 days 06:00:00,6,19.75,-113.29,942.3,111.4,21.599094056395074,241.4701852661579,253.38781279210997,160.5204265206025,192.0037039161347,89.89841207027568,73.81425199464788,50.88590685762237,64.79256619786014,50.465969841967606,42.92023954477567,34.833783062570014,42.48050910611197
2026-09-27,EP172026,3,2026-09-27 12:00:00,0 days 12:00:00,12,20.47,-113.69,961.6,98.5,10.149157087264086,194.9787471789201,209.75310922054,147.33962883421958,147.98330834816795,95.14421242720071,88.05925595927334,65.30980064146641,69.7106060557656,51.23341345742642,48.20734948690668,37.87728044442558,41.33840243975058
2026-09-27,EP172026,3,2026-09-27 18:00:00,0 days 18:00:00,18,21.37,-113.93,951.0,107.1,42.06960053148493,208.01591760493795,211.82504706547488,134.27357816801273,139.2049991610229,81.75789013917115,77.00547874133254,49.22697959897387,57.31756509403508,48.76619701185496,43.841799982534056,33.48027540840435,40.319671756226086
2026-09-27,EP172026,3,2026-09-28 00:00:00,1 days 00:00:00,24,22.24,-114.21,953.5,103.0,18.342175030743327,244.6288472213884,286.2069793927591,181.2059837083245,202.11589078581625,109.20943900499655,111.11312040140623,74.47724527226376,78.17470874140736,69.64307062626827,66.37562722553095,52.57660214015232,55.885773579333936
2026-09-27,EP172026,3,2026-09-28 06:00:00,1 days 06:00:00,30,23.1,-114.01,951.8,104.3,32.510180119865,188.6277389347942,226.53359921689545,154.44950601537903,155.04731769727266,62.39203458591021,64.29381797255766,46.88464264425686,38.75938025368356,42.56688325242399,40.70916788435723,32.77019215458508,34.00628730114415
2026-09-27,EP172026,3,2026-09-28 12:00:00,1 days 12:00:00,36,23.91,-113.87,956.8,102.7,21.737637693500137,212.9905493726077,225.0808867698433,170.64008832386702,174.75925517547526,101.93666740493204,105.8283427169585,71.47918437279542,74.77800666009938,56.30639079376441,52.31100229409465,40.94784741632655,44.26043462224371
2026-09-27,EP172026,3,2026-09-28 18:00:00,1 days 18:00:00,42,24.85,-113.34,954.3,102.4,9.0849747581916,145.60152658033422,163.7375845032264,132.5969393147982,133.52329456593645,74.87977841873922,79.47730440538595,63.35191969388936,59.76147242920347,44.33139194082538,44.95673046167256,34.97562447538911,37.47976462952272
2026-09-27,EP172026,3,2026-09-29 00:00:00,2 days 00:00:00,48,25.67,-112.77,955.1,101.5,14.42010200289235,135.47057516882546,139.91320990665736,123.14750062026542,100.48656905887584,66.61869001215291,59.50001370244877,40.43274736990122,45.37504203270987,29.96223307178957,27.20309073306765,21.0382627200147,25.05401129739297
2026-09-27,EP172026,3,2026-09-29 06:00:00,2 days 06:00:00,54,26.31,-112.2,972.5,70.2,2.1546552423495484,121.4728434599816,151.24189928127907,58.91552874041501,57.80895784033677,42.94224346131654,50.32857482814174,27.01813092792605,22.81440667428624,13.373478335438566,15.060945341892468,9.291670836580526,8.913809399191862
2026-09-27,EP172026,3,2026-09-29 12:00:00,2 days 12:00:00,60,27.56,-111.48,982.5,61.5,14.58946408876602,126.78999764751768,159.32087317170442,71.07086913067623,38.00782449468485,62.72835277285052,58.952042508401874,28.24922019345075,33.323648569880234,0.0,0.0,0.0,0.0
2026-09-27,EP172026,3,2026-09-29 18:00:00,2 days 18:00:00,66,29.8,-109.8,996.6,44.7,59.392743338363495,70.96877773906766,73.23113244220471,53.648462292656205,19.768730727203085,0.0,0.0,0.0,0.0,0.0,0.0,0.0,0.0
2026-09-27,EP902026,3,2026-09-27 00:00:00,0 days 00:00:00,0,12.0,-98.6,1008.0,25.0,111.0,0.0,0.0,0.0,0.0,0.0,0.0,0.0,0.0,0.0,0.0,0.0,0.0
2026-09-27,EP902026,3,2026-09-27 06:00:00,0 days 06:00:00,6,11.72,-98.75,1004.5,32.6,102.79117113161908,0.0,0.0,0.0,0.0,0.0,0.0,0.0,0.0,0.0,0.0,0.0,0.0
2026-09-27,EP902026,3,2026-09-27 12:00:00,0 days 12:00:00,12,12.09,-98.53,1004.7,29.5,89.08677319376227,0.0,0.0,0.0,0.0,0.0,0.0,0.0,0.0,0.0,0.0,0.0,0.0
2026-09-27,EP902026,3,2026-09-27 18:00:00,0 days 18:00:00,18,12.36,-98.9,1003.7,38.0,84.39809027946221,171.25446457426295,137.65177495270504,87.79312023118985,127.30646203767222,0.0,0.0,0.0,0.0,0.0,0.0,0.0,0.0
2026-09-27,EP902026,3,2026-09-28 00:00:00,1 days 00:00:00,24,12.78,-99.57,1002.7,38.1,77.11800724130055,77.11800724130055,51.72868675027742,31.1053161672192,47.60219909831082,0.0,0.0,0.0,0.0,0.0,0.0,0.0,0.0
2026-09-27,EP902026,3,2026-09-28 06:00:00,1 days 06:00:00,30,13.04,-100.17,1003.4,40.1,93.0376848482458,101.50535240771076,87.17938662370837,61.62303041088089,92.34982142760836,0.0,0.0,0.0,0.0,0.0,0.0,0.0,0.0
2026-09-27,EP902026,3,2026-09-28 12:00:00,1 days 12:00:00,36,13.35,-100.77,996.3,47.2,38.74520817114944,98.40282674681328,98.2123504806401,89.41823522300149,108.467782204615,0.0,0.0,0.0,0.0,0.0,0.0,0.0,0.0
2026-09-27,EP902026,3,2026-09-28 18:00:00,1 days 18:00:00,42,14.15,-102.0,998.2,53.5,99.24384953949313,300.7008900959204,268.3967058920148,225.26876611725947,274.97081894814664,99.24384953949313,59.39559754920492,39.358573683512816,57.36801961700519,0.0,0.0,0.0,0.0
2026-09-27,EP902026,3,2026-09-29 00:00:00,2 days 00:00:00,48,14.31,-103.34,998.8,48.7,72.55006073174809,216.07093198208892,188.07698322947545,125.08650803051567,156.32414807509485,0.0,0.0,0.0,0.0,0.0,0.0,0.0,0.0
2026-09-27,EP902026,3,2026-09-29 06:00:00,2 days 06:00:00,54,15.24,-104.0,992.8,51.4,57.486076406861216,192.0016959492474,180.5763193457969,128.7650535034972,139.35450093027433,57.486076406861216,37.83593441608858,24.546237130200524,30.64430550916126,0.0,0.0,0.0,0.0
2026-09-27,EP902026,3,2026-09-29 12:00:00,2 days 12:00:00,60,15.7,-104.93,996.2,44.7,82.0598984466112,75.40950753170624,82.0598984466112,47.64102747142943,50.72715857612331,0.0,0.0,0.0,0.0,0.0,0.0,0.0,0.0
2026-09-27,EP902026,3,2026-09-29 18:00:00,2 days 18:00:00,66,16.24,-105.96,994.1,56.5,30.712878026042684,192.49702105057145,172.7888767328281,128.91708193745274,162.28264607131445,63.85947513732837,54.05421264560361,35.49739568458861,46.14543715000408,0.0,0.0,0.0,0.0
2026-09-27,EP902026,3,2026-09-30 00:00:00,3 days 00:00:00,72,16.63,-106.45,986.2,54.6,90.30913007319408,237.3707340267207,236.17982922301863,149.40384949323334,178.95311464758677,90.30913007319408,20.24819242762676,9.29107261992762,13.449971114541096,0.0,0.0,0.0,0.0
2026-09-27,EP902026,3,2026-09-30 06:00:00,3 days 06:00:00,78,17.21,-107.13,983.9,61.0,47.99443836863622,285.6523617898848,269.712405394397,216.3030469050236,237.53844638855716,62.30795257312549,51.1495268535094,32.19017841664392,47.57398745754375,0.0,0.0,0.0,0.0
2026-09-27,EP902026,3,2026-09-30 12:00:00,3 days 12:00:00,84,17.76,-107.72,985.1,61.3,37.75380345776273,211.04903607938093,200.9440358517835,151.71124291727483,178.39476806466396,75.38738109490056,63.372616558920285,35.56744675695875,52.360426649593535,0.0,0.0,0.0,0.0
2026-09-27,EP902026,3,2026-09-30 18:00:00,3 days 18:00:00,90,17.66,-108.71,986.8,60.8,74.82141985684059,129.068819669126,138.59927798747273,81.8705656529745,90.13243498254836,74.82141985684059,10.825161238963446,2.608840127189369,13.612153570018288,0.0,0.0,0.0,0.0
2026-09-27,EP902026,3,2026-10-01 00:00:00,4 days 00:00:00,96,17.73,-109.25,981.1,60.4,44.197765992457626,99.37916498208178,100.72748838238856,95.86883493415988,86.83399747453606,47.54638852378693,34.86769184712374,19.940050446849348,29.35281516624726,0.0,0.0,0.0,0.0
2026-09-27,EP902026,3,2026-10-01 06:00:00,4 days 06:00:00,102,17.81,-110.08,987.8,60.7,66.88883804684228,207.28233336296,204.77766836700076,160.7844502230888,149.60704139279432,66.88883804684228,44.33213189555202,28.45040813982024,31.863293818990968,0.0,0.0,0.0,0.0
2026-09-27,EP902026,3,2026-10-01 12:00:00,4 days 12:00:00,108,17.43,-110.23,986.4,60.7,46.10194710693406,158.44237425758686,143.34893740440037,154.19260036924038,155.0137628930318,89.88057567298587,79.93235625029062,58.903701523812046,70.54522862869756,0.0,0.0,0.0,0.0
2026-09-27,EP902026,3,2026-10-01 18:00:00,4 days 18:00:00,114,17.21,-110.39,991.5,54.6,55.15513848880666,133.82010415939345,163.4006013964298,144.72239133254402,119.10113113583483,55.15513848880666,38.39465800550745,25.45356179482049,31.401792525429844,0.0,0.0,0.0,0.0
2026-09-27,EP902026,3,2026-10-02 00:00:00,5 days 00:00:00,120,17.57,-110.06,990.9,52.5,45.224258550590505,126.94910631670794,169.93457285874217,138.2647595608308,124.89261615838107,62.67287687476569,64.03104570159698,43.68396990651648,44.323707727504285,0.0,0.0,0.0,0.0
2026-09-27,EP902026,3,2026-10-02 06:00:00,5 days 06:00:00,126,17.85,-110.39,992.6,50.7,66.96444291241151,156.91560611396525,175.98338207813447,128.12594261550868,129.70564682038074,5.957704300607909,66.96444291241151,1.6252594442680632,0.4777466365096252,0.0,0.0,0.0,0.0
2026-09-27,EP902026,3,2026-10-02 12:00:00,5 days 12:00:00,132,17.87,-110.68,997.7,44.3,35.695678576104804,94.88422376395776,95.84788439873331,74.33892757330175,81.10444669514655,0.0,0.0,0.0,0.0,0.0,0.0,0.0,0.0
2026-09-27,EP902026,3,2026-10-02 18:00:00,5 days 18:00:00,138,17.85,-110.67,990.8,54.3,27.10306769812904,134.2125930573073,135.92427428996604,122.8693391139338,127.26721951119129,36.07259161738981,30.867060450029022,19.67028980946592,24.94171986188494,0.0,0.0,0.0,0.0
2026-09-27,EP902026,3,2026-10-03 00:00:00,6 days 00:00:00,144,18.13,-110.67,991.5,51.3,55.69295403710869,134.25008582054068,142.9731853970923,103.92142905334296,108.09951567755166,55.69295403710869,3.986694934777821,1.1758860707390446,0.0,0.0,0.0,0.0,0.0
2026-09-27,EP902026,3,2026-10-03 06:00:00,6 days 06:00:00,150,18.3,-110.51,989.9,52.8,61.81128783757647,128.08756433100456,143.636319542685,92.24302465443073,82.3230280986345,2.6810318200902987,61.81128783757647,0.0,0.0,0.0,0.0,0.0,0.0
2026-09-27,EP902026,3,2026-10-03 12:00:00,6 days 12:00:00,156,18.37,-110.6,994.0,46.1,57.579972003413545,135.10109562059876,137.63091522888757,87.73890757116962,90.55874856724284,0.0,0.0,0.0,0.0,0.0,0.0,0.0,0.0
2026-09-27,EP902026,3,2026-10-03 18:00:00,6 days 18:00:00,162,18.63,-110.63,995.7,42.0,68.16257538277335,107.95490341559088,117.20821953745656,102.0344761383414,89.90152132677736,0.0,0.0,0.0,0.0,0.0,0.0,0.0,0.0
2026-09-27,EP902026,3,2026-10-04 00:00:00,7 days 00:00:00,168,19.04,-110.75,993.8,44.0,53.6499638555268,116.59582438932831,123.60651305355496,84.36142844690242,89.30664231150571,0.0,0.0,0.0,0.0,0.0,0.0,0.0,0.0
2026-09-27,EP902026,3,2026-10-04 06:00:00,7 days 06:00:00,174,19.04,-110.71,994.5,38.4,110.62131118646307,41.7325765502425,110.62131118646307,35.90599664554908,32.76358838303598,0.0,0.0,0.0,0.0,0.0,0.0,0.0,0.0
2026-09-27,EP902026,3,2026-10-04 12:00:00,7 days 12:00:00,180,19.42,-110.72,997.5,40.9,94.07932933290635,63.77341213797782,94.07932933290635,59.576865220846045,39.88202553286759,0.0,0.0,0.0,0.0,0.0,0.0,0.0,0.0
2026-09-27,EP902026,3,2026-10-04 18:00:00,7 days 18:00:00,186,20.06,-110.29,992.9,44.5,102.5035455795235,211.15893278490964,251.1409874992737,225.10949120458756,183.3240698159425,0.0,0.0,0.0,0.0,0.0,0.0,0.0,0.0
2026-09-27,EP902026,3,2026-10-05 00:00:00,8 days 00:00:00,192,20.66,-110.7,995.2,44.0,131.79374796976265,45.323063017473785,131.79374796976265,27.091417734354472,27.99877788648306,0.0,0.0,0.0,0.0,0.0,0.0,0.0,0.0
2026-09-27,EP902026,3,2026-10-05 06:00:00,8 days 06:00:00,198,21.32,-111.16,991.1,51.6,37.59294427423365,232.3835849178117,218.89834711157155,140.2704981590972,171.10838101633675,38.66324606768919,26.93796920305916,12.436234688381909,24.097602169500625,0.0,0.0,0.0,0.0
2026-09-27,EP902026,3,2026-10-05 12:00:00,8 days 12:00:00,204,21.99,-111.86,988.0,49.6,65.17753168684871,199.3167931772648,181.3480407966618,108.50326275579292,130.43313809719498,0.0,0.0,0.0,0.0,0.0,0.0,0.0,0.0
2026-09-27,EP902026,3,2026-10-05 18:00:00,8 days 18:00:00,210,22.74,-112.31,979.2,63.9,53.36374664506233,189.5482635856106,177.86082083250852,138.24846155773508,158.64562221294383,113.04074670781957,93.07143988592868,64.82062235469006,90.4720751479156,0.0,0.0,0.0,0.0
2026-09-27,EP902026,3,2026-10-06 00:00:00,9 days 00:00:00,216,23.58,-112.89,978.9,67.1,17.252733573155723,172.13047267117315,154.42684017059207,109.91981176702647,139.2839947111346,82.53900683307802,70.02434123954833,48.15093278497011,63.53572305231569,34.5614820447108,29.200998191481403,21.485120211438016,27.4388435782668
2026-09-27,EP902026,3,2026-10-06 06:00:00,9 days 06:00:00,222,24.4,-113.34,967.0,83.9,26.93608471163544,235.5681089185237,215.5930026100014,137.66422598951294,176.11643430652566,89.56411868817906,73.87051679432622,47.87936322612806,69.0619444150027,43.25336054049371,34.00916140628373,24.709163106196517,33.92458784357866
2026-09-27,EP902026,3,2026-10-06 12:00:00,9 days 12:00:00,228,24.88,-113.93,974.4,74.6,52.8645710109608,197.48138382427243,191.02307710128792,143.8372805058316,149.5202383919508,95.5739396898916,85.39226448851058,56.80995201487629,71.5492058314977,61.676932920851485,54.16174619895291,40.96136889735221,50.56321897675137
2026-09-27,EP902026,3,2026-10-06 18:00:00,9 days 18:00:00,234,25.26,-114.37,981.2,70.0,23.718215821172976,158.63029696745025,150.6472123910978,116.19025807784124,135.80275139050104,60.47970206227177,51.4607068933542,40.805665557036605,49.247394501149415,24.953562446323588,21.086102981105284,18.196492679838716,20.87063350688291
2026-09-27,EP902026,3,2026-10-07 00:00:00,10 days 00:00:00,240,25.75,-114.84,977.1,62.3,23.53597149818569,176.22861141943622,168.42599482767628,127.23529843544785,150.92504402431834,87.00176051184823,73.25955826471788,45.58936313472248,59.74157482270497,0.0,0.0,0.0,0.0
2026-09-27,EP902026,3,2026-10-07 06:00:00,10 days 06:00:00,246,26.21,-115.26,980.6,59.9,39.27492814204065,195.22081737620263,196.63958829575813,132.50773632649305,134.2197836120857,104.39391054366736,94.1617285066243,62.798492922441625,78.7016049718431,0.0,0.0,0.0,0.0
2026-09-27,EP902026,3,2026-10-07 12:00:00,10 days 12:00:00,252,26.8,-116.01,986.8,55.2,20.74504510805148,187.3556737548441,195.7659930570229,144.86384496159693,159.17189461048568,75.62888524113029,66.90849951421922,43.71525384851802,55.48642621569023,0.0,0.0,0.0,0.0
2026-09-27,EP902026,3,2026-10-07 18:00:00,10 days 18:00:00,258,27.03,-116.54,986.9,52.9,46.3036641623558,136.7179764037392,152.45113729244278,112.30838044953208,120.84221335983962,60.7983122671241,54.34765357232483,33.60035860675889,41.67205632412944,0.0,0.0,0.0,0.0
2026-09-27,EP902026,3,2026-10-08 00:00:00,11 days 00:00:00,264,27.48,-117.23,984.6,54.1,48.463023309506674,185.5770782096596,189.95415409056977,124.20135603709348,151.5416697540287,55.11926948750507,49.26268873905086,29.580542242994312,39.953020625759954,0.0,0.0,0.0,0.0
2026-09-27,EP902026,3,2026-10-08 06:00:00,11 days 06:00:00,270,28.04,-117.67,995.7,43.8,44.45468790393559,148.36085144828684,124.57642453092792,93.39984601181692,114.4860656621691,0.0,0.0,0.0,0.0,0.0,0.0,0.0,0.0
2026-09-27,EP902026,3,2026-10-08 12:00:00,11 days 12:00:00,276,28.65,-118.03,995.0,45.8,42.589265883827046,121.2203246955681,131.7847918013032,90.66653668778284,104.1280134106961,0.0,0.0,0.0,0.0,0.0,0.0,0.0,0.0
2026-09-27,EP902026,3,2026-10-08 18:00:00,11 days 18:00:00,282,28.85,-117.91,997.9,37.3,61.54591879177491,61.54591879177491,31.61854590679034,11.690092717928888,16.171943561020306,0.0,0.0,0.0,0.0,0.0,0.0,0.0,0.0
2026-09-27,EP902026,3,2026-10-09 00:00:00,12 days 00:00:00,288,29.15,-117.53,993.7,40.4,76.26507126666202,61.404873508629535,82.35793737683026,57.89644053947206,34.75409605810846,0.0,0.0,0.0,0.0,0.0,0.0,0.0,0.0
2026-09-27,EP902026,3,2026-10-09 06:00:00,12 days 06:00:00,294,29.03,-116.86,994.2,33.4,75.52172572913139,0.0,0.0,0.0,0.0,0.0,0.0,0.0,0.0,0.0,0.0,0.0,0.0
2026-09-27,EP902026,3,2026-10-09 12:00:00,12 days 12:00:00,300,28.74,-116.44,999.9,28.5,94.29562987931546,0.0,0.0,0.0,0.0,0.0,0.0,0.0,0.0,0.0,0.0,0.0,0.0
2026-09-27,EP902026,3,2026-10-09 18:00:00,12 days 18:00:00,306,28.14,-115.96,999.2,29.0,77.2154177069505,0.0,0.0,0.0,0.0,0.0,0.0,0.0,0.0,0.0,0.0,0.0,0.0
2026-09-27,EP902026,3,2026-10-10 00:00:00,13 days 00:00:00,312,27.93,-115.38,999.9,26.1,60.86996353765621,0.0,0.0,0.0,0.0,0.0,0.0,0.0,0.0,0.0,0.0,0.0,0.0
2026-09-27,EP902026,3,2026-10-10 06:00:00,13 days 06:00:00,318,28.14,-114.82,1001.7,24.6,103.08460925616448,0.0,0.0,0.0,0.0,0.0,0.0,0.0,0.0,0.0,0.0,0.0,0.0
2026-09-27,EP902026,3,2026-10-10 12:00:00,13 days 12:00:00,324,28.54,-114.37,1000.9,26.0,50.77339335402621,0.0,0.0,0.0,0.0,0.0,0.0,0.0,0.0,0.0,0.0,0.0,0.0
2026-09-27,WP252026,3,2026-09-27 00:00:00,0 days 00:00:00,0,24.6,127.6,964.0,89.0,22.0,102.0,121.0,102.0,93.0,,,,,,,,
2026-09-27,WP252026,3,2026-09-27 06:00:00,0 days 06:00:00,6,25.55,128.35,955.4,101.5,35.61177488216225,89.38276030942279,142.3232512984962,134.0481988902559,78.18962534227836,71.42289917365406,73.1564561825536,56.564777363829535,50.706812788109005,37.22008368133686,35.693610680688835,28.21860189515237,29.49705157416915
2026-09-27,WP252026,3,2026-09-27 12:00:00,0 days 12:00:00,12,26.22,129.3,932.1,124.1,21.996012400682435,127.8420081759996,199.8379190895323,172.3052284182976,96.29384272752638,53.79430841894893,83.06109486919266,70.67072853009137,43.273867746511606,44.93013175568254,48.3540821461191,43.21259268766269,37.53717699373188
2026-09-27,WP252026,3,2026-09-27 18:00:00,0 days 18:00:00,18,26.89,130.46,940.2,111.1,12.391094698415811,138.0738787239586,199.69428159691205,146.22002816087968,108.785666171038,76.2889956915214,103.9477762585484,73.91506277972346,55.00406262458816,45.64062858362541,50.88617022845705,39.71245288591378,35.8943340129181
2026-09-27,WP252026,3,2026-09-28 00:00:00,1 days 00:00:00,24,27.48,131.51,970.1,87.7,24.89565752051805,108.83021119905318,139.14370586423047,114.25973399283976,68.30665969609649,56.49132285798652,65.79157828043591,49.63529731120581,42.56325171307712,33.77195543516378,33.398153108635285,25.688822264038865,25.50178390819337
2026-09-27,WP252026,3,2026-09-28 06:00:00,1 days 06:00:00,30,28.23,132.64,973.3,85.1,43.27069086183998,129.2702636524863,189.7264551373567,114.69490298026643,92.09728265059556,74.3482031214512,89.36803491187439,55.84825568953332,50.371353538465456,48.98565080250218,48.34974939725917,34.595434847022794,37.856588189294015
2026-09-27,WP252026,3,2026-09-28 12:00:00,1 days 12:00:00,36,28.77,133.7,981.5,66.9,39.38721312651005,118.9159406361412,164.99642604222234,124.976639500548,82.23311419560379,75.02082101239102,84.08235605600264,58.04128382311098,54.54460550997128,9.16519223850252,39.38721312651005,7.26087070441175,5.889856156415757
2026-09-27,WP252026,3,2026-09-28 18:00:00,1 days 18:00:00,42,29.38,134.63,985.9,57.9,69.88756436955579,192.62618393469,208.73485961783936,141.818382019725,145.50679979439636,44.82105481623703,69.88756436955579,34.41417664153419,33.38924536494803,0.0,0.0,0.0,0.0
2026-09-27,WP252026,3,2026-09-29 00:00:00,2 days 00:00:00,48,30.14,135.55,997.2,49.4,57.42697790635178,138.86950263689494,185.47946611122,108.32690640614804,93.84958984470656,0.0,0.0,0.0,0.0,0.0,0.0,0.0,0.0
2026-09-27,WP252026,3,2026-09-29 06:00:00,2 days 06:00:00,54,31.08,137.39,994.3,43.9,40.37913344734906,165.6368028923728,208.992636554675,137.4599255855939,125.55307077146271,0.0,0.0,0.0,0.0,0.0,0.0,0.0,0.0
2026-09-27,WP252026,3,2026-09-29 12:00:00,2 days 12:00:00,60,31.96,139.43,992.5,44.3,66.8104326154656,150.81040545563928,190.3312667653564,121.21219113408456,99.21782322774452,0.0,0.0,0.0,0.0,0.0,0.0,0.0,0.0
2026-09-27,WP252026,3,2026-09-29 18:00:00,2 days 18:00:00,66,32.94,141.29,997.5,42.3,88.66819470368753,164.43075697186578,188.0938729452429,119.3652574102672,111.63289772181034,0.0,0.0,0.0,0.0,0.0,0.0,0.0,0.0
2026-09-27,WP252026,3,2026-09-30 00:00:00,3 days 00:00:00,72,34.01,143.97,992.6,38.0,79.8731483821868,207.1622861254064,260.5982563578757,190.41927184750205,153.35378036072143,0.0,0.0,0.0,0.0,0.0,0.0,0.0,0.0
2026-09-27,WP252026,3,2026-09-30 06:00:00,3 days 06:00:00,78,35.35,146.84,996.3,46.7,126.30812863830567,249.73345188112444,286.75238272195566,234.10928504219143,201.45853562995035,0.0,0.0,0.0,0.0,0.0,0.0,0.0,0.0
2026-09-27,WP252026,3,2026-09-30 12:00:00,3 days 12:00:00,84,35.83,149.38,992.8,43.4,83.03034954150604,172.75396899042607,217.44609990451693,169.7213077452061,156.88988568738455,0.0,0.0,0.0,0.0,0.0,0.0,0.0,0.0
2026-09-27,WP252026,3,2026-09-30 18:00:00,3 days 18:00:00,90,36.01,151.82,993.9,41.6,50.08534260333533,146.7749854760716,172.5997882422355,105.99681923007472,111.73950862584844,0.0,0.0,0.0,0.0,0.0,0.0,0.0,0.0
2026-09-27,WP252026,3,2026-10-01 00:00:00,4 days 00:00:00,96,36.81,154.27,997.9,38.7,86.74891308042413,41.99848373628268,86.74891308042413,46.83220634936171,34.099292411989175,0.0,0.0,0.0,0.0,0.0,0.0,0.0,0.0
2026-09-27,WP252026,3,2026-10-01 06:00:00,4 days 06:00:00,102,37.39,156.73,1002.1,36.4,148.04888870111097,36.33384766191497,148.04888870111097,60.40805404306533,23.6339352696142,0.0,0.0,0.0,0.0,0.0,0.0,0.0,0.0
2026-09-27,WP252026,3,2026-10-01 12:00:00,4 days 12:00:00,108,37.95,158.54,1002.8,27.0,111.93252629299604,0.0,0.0,0.0,0.0,0.0,0.0,0.0,0.0,0.0,0.0,0.0,0.0
2026-09-27,WP252026,3,2026-10-01 18:00:00,4 days 18:00:00,114,38.64,161.04,1005.1,24.5,134.9525282329286,0.0,0.0,0.0,0.0,0.0,0.0,0.0,0.0,0.0,0.0,0.0,0.0
2026-09-27,WP252026,3,2026-10-02 00:00:00,5 days 00:00:00,120,38.9,163.03,1003.1,28.3,119.39459716894956,0.0,0.0,0.0,0.0,0.0,0.0,0.0,0.0,0.0,0.0,0.0,0.0
2026-09-27,WP252026,3,2026-10-02 06:00:00,5 days 06:00:00,126,38.91,164.95,1004.5,25.0,121.0394099298038,0.0,0.0,0.0,0.0,0.0,0.0,0.0,0.0,0.0,0.0,0.0,0.0
2026-09-27,WP252026,3,2026-10-02 12:00:00,5 days 12:00:00,132,40.14,167.93,1007.4,23.4,83.27826836121518,0.0,0.0,0.0,0.0,0.0,0.0,0.0,0.0,0.0,0.0,0.0,0.0
2026-09-27,WP252026,3,2026-10-02 18:00:00,5 days 18:00:00,138,41.53,170.66,1007.1,23.1,95.2238336103035,0.0,0.0,0.0,0.0,0.0,0.0,0.0,0.0,0.0,0.0,0.0,0.0
2026-09-27,WP252026,3,2026-10-03 00:00:00,6 days 00:00:00,144,42.11,171.67,1005.5,25.7,114.1512911583327,0.0,0.0,0.0,0.0,0.0,0.0,0.0,0.0,0.0,0.0,0.0,0.0
2026-09-27,AL062026,30,2026-09-27 00:00:00,0 days 00:00:00,0,29.8,-43.9,1010.0,29.0,56.0,0.0,0.0,0.0,0.0,0.0,0.0,0.0,0.0,0.0,0.0,0.0,0.0
2026-09-27,AL062026,30,2026-09-27 06:00:00,0 days 06:00:00,6,29.57,-43.86,1011.0,26.9,27.784078399181,0.0,0.0,0.0,0.0,0.0,0.0,0.0,0.0,0.0,0.0,0.0,0.0
2026-09-27,AL062026,30,2026-09-27 12:00:00,0 days 12:00:00,12,29.34,-43.89,1010.2,28.5,49.3111936905001,0.0,0.0,0.0,0.0,0.0,0.0,0.0,0.0,0.0,0.0,0.0,0.0
2026-09-27,AL062026,30,2026-09-27 18:00:00,0 days 18:00:00,18,29.05,-43.68,1010.0,26.0,94.43700034285428,0.0,0.0,0.0,0.0,0.0,0.0,0.0,0.0,0.0,0.0,0.0,0.0
2026-09-27,AL062026,30,2026-09-28 00:00:00,1 days 00:00:00,24,28.34,-43.98,1010.8,23.6,134.50152972427242,0.0,0.0,0.0,0.0,0.0,0.0,0.0,0.0,0.0,0.0,0.0,0.0
2026-09-27,AL062026,30,2026-09-28 06:00:00,1 days 06:00:00,30,27.89,-43.93,1011.7,20.3,55.19406636454376,0.0,0.0,0.0,0.0,0.0,0.0,0.0,0.0,0.0,0.0,0.0,0.0
2026-09-27,AL062026,30,2026-09-28 12:00:00,1 days 12:00:00,36,26.86,-44.49,1011.0,27.1,169.309111416726,0.0,0.0,0.0,0.0,0.0,0.0,0.0,0.0,0.0,0.0,0.0,0.0
2026-09-27,EP152026,30,2026-09-27 00:00:00,0 days 00:00:00,0,16.7,-156.1,972.0,80.0,37.0,241.0,185.0,185.0,241.0,93.0,74.0,93.0,111.0,56.0,46.0,56.0,56.0
2026-09-27,EP152026,30,2026-09-27 06:00:00,0 days 06:00:00,6,16.52,-156.92,969.2,93.2,24.749687182306285,196.28912402218052,145.44072685095827,121.40339611381523,186.2795321240084,106.30388999778964,80.08657633585817,64.93802437082074,98.74172146850384,65.1072808707883,53.74170143374669,44.26927664649426,58.79434091585936
2026-09-27,EP152026,30,2026-09-27 12:00:00,0 days 12:00:00,12,16.2,-157.8,954.1,105.5,30.42932926320372,164.8243579912841,145.68981513784206,153.14428925083675,187.15711552905032,88.85633250100855,78.63101735376505,76.63254525484972,90.21217789533478,58.65951905924926,52.6998329078347,45.93893915032684,54.46196573347442
2026-09-27,EP152026,30,2026-09-27 18:00:00,0 days 18:00:00,18,16.15,-158.57,938.1,123.6,9.41277888071113,204.1847932521804,136.30049232243096,158.91185586303845,207.11946451052492,117.93317241850832,83.80641227886116,75.89434568380062,114.09589124904072,67.74637708417549,51.87828060679834,44.67584494878261,65.78221130905723
2026-09-27,EP152026,30,2026-09-28 00:00:00,1 days 00:00:00,24,16.25,-160.03,947.0,114.8,36.8355570442618,165.1906585148831,110.50622383895322,129.1277508692651,173.45012763554212,80.75914643371195,46.71101069885619,39.08895406379353,78.28946383505233,47.48962445241525,33.21269748132045,26.09386776859783,45.17734973242023
2026-09-27,EP152026,30,2026-09-28 06:00:00,1 days 06:00:00,30,16.45,-160.91,952.7,112.3,25.793451025961005,151.75073536905327,91.889706299002,104.9352282529014,145.53415192725032,75.91622686972525,49.92034439515612,43.46156515999543,73.0487128716648,40.07649531997379,29.023291050122737,24.86103016334569,37.69356097861754
2026-09-27,EP152026,30,2026-09-28 12:00:00,1 days 12:00:00,36,17.07,-161.98,945.0,117.3,9.062289590357778,179.74076808113404,127.60117338934592,109.38210815958642,167.69930385588998,110.58283385894752,86.87049764144314,69.85563755483507,98.94845825300769,48.82039293139853,38.6524141680423,31.454859984748776,43.65338237595046
2026-09-27,EP152026,30,2026-09-28 18:00:00,1 days 18:00:00,42,17.76,-162.81,942.7,117.0,9.155859665440772,219.54302065490373,161.23709392201283,98.8127361553348,163.4934408025369,68.11190712873122,45.03281758631678,35.3535585957509,52.06207155424437,41.741316120633215,35.19665697713543,27.57583901110914,36.19257544405138
2026-09-27,EP152026,30,2026-09-29 00:00:00,2 days 00:00:00,48,18.9,-163.42,941.5,121.2,10.96326980061501,195.3674812521853,169.85990260531565,112.24430995008208,140.52699325950056,90.1956107621729,78.82850855851922,56.89980885862824,70.52844044150659,46.47649585998481,39.9852508663024,30.642121087588663,38.42914740696625
2026-09-27,EP152026,30,2026-09-29 06:00:00,2 days 06:00:00,54,19.84,-163.73,956.6,105.2,22.66125536015917,167.18102082006442,168.46085034648934,126.79978342191214,124.6879295448631,94.96608548586926,85.51303386859877,63.7099807914278,75.5852607111147,55.46648889933772,47.42108794758633,36.48459777916571,46.15096678635081
2026-09-27,EP152026,30,2026-09-29 12:00:00,2 days 12:00:00,60,20.81,-163.9,962.8,101.8,26.792799993097297,136.192753244461,102.34324218113072,108.4507643034865,121.0258761035913,88.0836111831965,72.17626089339579,57.03427825687303,77.20819730253325,52.6240414674788,43.28109783783189,32.868914648769845,44.78290125631567
2026-09-27,EP152026,30,2026-09-29 18:00:00,2 days 18:00:00,66,21.74,-163.92,971.0,84.3,16.912370991908347,178.49099695170344,158.19057327921428,134.72857549252785,145.7651787589516,107.93558280103709,93.39617331184697,69.58159772447175,88.9088140858371,56.15534448642978,49.52876755345062,36.5377694862562,47.44607883959338
2026-09-27,EP152026,30,2026-09-30 00:00:00,3 days 00:00:00,72,22.3,-163.65,986.4,69.1,40.75022474398128,204.3816645118233,167.23493846667324,114.44048565870985,206.42448374221647,112.30125559096967,103.9781746252921,78.08504197309168,102.43722067497244,49.0474870239634,43.76535482374538,36.19039412806895,41.42805207040856
2026-09-27,EP152026,30,2026-09-30 06:00:00,3 days 06:00:00,78,22.59,-163.54,989.6,56.8,41.87000797467175,217.5186184378681,147.65415756899552,97.09207420760656,185.54624112905915,120.1001101941282,91.6099686711724,63.21261817014164,97.2155029108588,0.0,0.0,0.0,0.0
2026-09-27,EP152026,30,2026-09-30 12:00:00,3 days 12:00:00,84,22.58,-163.06,986.5,57.2,79.47641959489559,256.2121743662032,233.77075214781888,202.32793738527528,224.01195112662083,86.44917686420996,84.47617438264112,65.44090652085825,71.23496843378908,0.0,0.0,0.0,0.0
2026-09-27,EP152026,30,2026-09-30 18:00:00,3 days 18:00:00,90,22.54,-162.69,994.0,53.1,78.8051554609724,235.473124766541,224.4603805045947,203.6552345448836,238.73171722726488,78.8051554609724,57.72025621629558,46.0667455465412,51.28382390610318,0.0,0.0,0.0,0.0
2026-09-27,EP152026,30,2026-10-01 00:00:00,4 days 00:00:00,96,22.55,-162.44,994.0,43.2,64.82853672390564,211.6133868154559,187.5840117231737,176.10701167901698,205.2367895375356,0.0,0.0,0.0,0.0,0.0,0.0,0.0,0.0
2026-09-27,EP152026,30,2026-10-01 06:00:00,4 days 06:00:00,102,22.56,-162.44,995.0,41.4,82.51262190864534,241.23411312141485,212.44886194195695,205.5001725740837,238.14650368164652,0.0,0.0,0.0,0.0,0.0,0.0,0.0,0.0
2026-09-27,EP152026,30,2026-10-01 12:00:00,4 days 12:00:00,108,22.8,-162.74,992.6,43.9,94.63459384650092,190.84399050336677,140.11411644650207,128.71828067304648,153.7127976082877,0.0,0.0,0.0,0.0,0.0,0.0,0.0,0.0
2026-09-27,EP152026,30,2026-10-01 18:00:00,4 days 18:00:00,114,23.17,-163.05,991.9,44.0,117.95560775507953,267.0033457432954,240.9168578577868,175.23176997577758,237.45389587004135,0.0,0.0,0.0,0.0,0.0,0.0,0.0,0.0
2026-09-27,EP152026,30,2026-10-02 00:00:00,5 days 00:00:00,120,23.34,-163.58,995.9,39.2,142.22155307155788,135.36882772417331,153.6740172672366,117.40088621893229,116.5349251527316,0.0,0.0,0.0,0.0,0.0,0.0,0.0,0.0
2026-09-27,EP152026,30,2026-10-02 06:00:00,5 days 06:00:00,126,23.62,-164.05,989.2,51.0,68.29954114201153,224.15186198932344,202.24030004065963,159.4891768841391,191.5612583367294,68.29954114201153,15.028411198860985,8.306946454930216,17.165356595324155,0.0,0.0,0.0,0.0
2026-09-27,EP152026,30,2026-10-02 12:00:00,5 days 12:00:00,132,23.87,-164.73,992.8,42.8,105.20521410384384,152.97738777136544,129.40598492123615,112.64690882616682,134.2598636638226,0.0,0.0,0.0,0.0,0.0,0.0,0.0,0.0
2026-09-27,EP152026,30,2026-10-02 18:00:00,5 days 18:00:00,138,23.76,-164.75,993.8,40.3,105.37373729739936,105.37373729739936,63.82131930755668,35.46626517596165,73.68522453378027,0.0,0.0,0.0,0.0,0.0,0.0,0.0,0.0
2026-09-27,EP152026,30,2026-10-03 00:00:00,6 days 00:00:00,144,23.54,-164.62,993.5,36.6,145.15994209174434,11.766168444354385,145.15994209174434,10.506964874546398,13.080580726690876,0.0,0.0,0.0,0.0,0.0,0.0,0.0,0.0
2026-09-27,EP152026,30,2026-10-03 06:00:00,6 days 06:00:00,150,23.53,-165.18,1001.0,41.5,72.63265171897893,94.63307390593776,61.75559605045044,46.57735064304797,79.04526017071134,0.0,0.0,0.0,0.0,0.0,0.0,0.0,0.0
2026-09-27,EP152026,30,2026-10-03 12:00:00,6 days 12:00:00,156,22.55,-166.21,1000.2,44.3,91.99794975118128,91.99794975118128,24.01969356072089,21.50146535523185,25.612163420434737,0.0,0.0,0.0,0.0,0.0,0.0,0.0,0.0
2026-09-27,EP152026,30,2026-10-03 18:00:00,6 days 18:00:00,162,23.07,-167.17,999.5,34.8,137.5170838533257,137.5170838533257,6.636041939701752,3.1237400055946765,7.182583609666637,0.0,0.0,0.0,0.0,0.0,0.0,0.0,0.0
2026-09-27,EP152026,30,2026-10-04 00:00:00,7 days 00:00:00,168,22.36,-168.69,1001.7,38.0,87.51625297788149,87.51625297788149,0.0,0.0,10.275729494519194,0.0,0.0,0.0,0.0,0.0,0.0,0.0,0.0
2026-09-27,EP152026,30,2026-10-04 06:00:00,7 days 06:00:00,174,22.35,-169.34,998.7,44.0,67.23274270519282,28.16107652402352,20.527938010708134,0.0,67.23274270519282,0.0,0.0,0.0,0.0,0.0,0.0,0.0,0.0
2026-09-27,EP152026,30,2026-10-04 12:00:00,7 days 12:00:00,180,22.54,-171.72,998.0,49.8,53.166236309842624,72.43292922868817,49.94691664365282,20.588057181077662,36.72121489739944,0.0,0.0,0.0,0.0,0.0,0.0,0.0,0.0
2026-09-27,EP152026,30,2026-10-04 18:00:00,7 days 18:00:00,186,22.49,-173.3,991.6,47.5,64.88710924413976,251.508824794794,179.11159613786322,120.14820330383051,229.6842295577751,0.0,0.0,0.0,0.0,0.0,0.0,0.0,0.0
2026-09-27,EP152026,30,2026-10-05 00:00:00,8 days 00:00:00,192,22.98,-174.71,987.7,65.0,33.477590378322375,135.53898702508695,68.4065983995283,65.70739408295698,142.9359499103535,83.35046600398722,59.81146570338964,41.29192559942374,71.05702089097338,33.477590378322375,8.236903504865063,4.311626119944245,12.732567024043712
2026-09-27,EP152026,30,2026-10-05 06:00:00,8 days 06:00:00,198,23.31,-176.14,972.9,81.9,6.069499359170848,208.61904828902303,136.1056540887135,111.51488228483024,198.27957260838195,80.90815123288667,55.64110807959244,39.20666900416852,69.05988807929154,39.84908549772748,30.871363288299765,22.83035448017653,34.123946104301794
2026-09-27,EP152026,30,2026-10-05 12:00:00,8 days 12:00:00,204,23.64,-177.95,972.6,89.4,18.499977428745808,219.06876090554533,150.185742006184,86.29140869843843,178.6466703781566,90.76816393917352,69.37488322573586,41.75441222252215,73.36459287080822,40.20432195167217,32.14879883314279,23.81859543243496,34.3313384644714
2026-09-27,EP152026,30,2026-10-05 18:00:00,8 days 18:00:00,210,23.82,-179.4,971.8,86.8,19.90457346798653,204.51900653604977,157.94327464926323,104.3128538574548,152.07032527996424,87.18543792509229,71.67211810927411,47.47406123154663,71.27400389873527,42.31708317203172,32.918223573512904,24.449134605279607,35.36593331209589
2026-09-27,EP152026,30,2026-10-06 00:00:00,9 days 00:00:00,216,24.07,179.08,967.3,97.9,22.16438382621355,207.50962746718383,171.37745272373064,133.22367700494036,185.70851702434865,94.8024577208761,76.29948520411084,53.56104693422687,76.86782001912051,57.68901025448489,47.3523273386806,35.488840070779766,48.70215834248995
2026-09-27,EP152026,30,2026-10-06 06:00:00,9 days 06:00:00,222,24.62,178.11,964.0,94.6,15.284487287749336,151.32269595338198,145.93502393689897,142.23308835584393,143.99379801525996,73.39727809651333,64.33492115102496,49.001572534521365,63.36319744005476,39.3250104613124,33.90621809281284,27.1357411819805,36.02851387241771
2026-09-27,EP152026,30,2026-10-06 12:00:00,9 days 12:00:00,228,24.94,176.82,968.9,96.4,40.243534037330434,186.62285971194336,109.44524496175804,97.06028316644472,150.8334646215665,105.657357507903,83.74334537375056,62.53517007615497,93.94229184980784,59.97389408791288,49.94753720175631,37.3769750328803,52.03589003879571
2026-09-27,EP152026,30,2026-10-06 18:00:00,9 days 18:00:00,234,24.91,175.75,971.2,92.6,37.26504557560781,213.91942180762192,140.4612452886437,140.05690869689934,224.50401341071827,94.33296440328998,63.24450969196603,52.02145437012041,84.40815150752806,62.06499640254012,50.3177618282441,38.93910576079104,55.36168884323664
2026-09-27,EP152026,30,2026-10-07 00:00:00,10 days 00:00:00,240,24.68,174.58,969.8,97.6,22.471106571132644,169.76729770888136,121.5588078442727,121.87922451181274,171.13932726970148,92.35937413521764,65.53148972627505,54.120382725387664,86.09645534486526,68.28507458055724,54.92388757619376,43.02151889961193,61.4606679162184
2026-09-27,EP152026,30,2026-10-07 06:00:00,10 days 06:00:00,246,24.49,173.15,968.5,96.9,29.57717262076929,181.1928635608291,118.39976479244808,126.66726462019916,180.36976401746935,93.96197671981372,65.58873676164455,55.44586490329175,87.48197175267313,57.057360840704206,46.716696601566696,34.40257499224185,51.55792684264088
2026-09-27,EP152026,30,2026-10-07 12:00:00,10 days 12:00:00,252,24.47,171.66,953.7,107.4,14.443767694508765,198.4302255036424,137.0493138129601,131.99707355495028,190.60433166702177,125.7754713398516,101.19594833527997,81.27210681240005,118.9996064732904,77.21064632480105,62.80178506105071,50.379197580855255,69.54285159779096
2026-09-27,EP152026,30,2026-10-07 18:00:00,10 days 18:00:00,258,24.15,169.85,939.6,128.1,5.091391807161557,266.3581589456586,204.8043571894549,174.77036069830888,228.77528513187008,126.48907565343052,107.4639510314842,85.36207790316843,114.6891791689215,71.6890629536963,60.86246975758925,50.3125047527549,64.64846698544557
2026-09-27,EP152026,30,2026-10-08 00:00:00,11 days 00:00:00,264,23.9,168.37,954.1,111.6,24.229898071806478,205.31645755975117,173.69560132662855,166.6361435835256,169.7157324385389,120.86842930709416,104.79217471250786,82.09195425897155,106.20992686396698,72.6364935634358,62.71187224572691,48.27223268684816,63.89039209006387
2026-09-27,EP152026,30,2026-10-08 06:00:00,11 days 06:00:00,270,24.19,166.79,951.8,108.8,0.0,219.80926089088047,181.6828924491572,128.96925927281566,167.9921980162656,93.9390600141616,76.14344989999341,57.428066280894924,80.30687651383107,59.40272526722147,49.82058643711304,37.148786809898965,49.74994443860634
2026-09-27,EP152026,30,2026-10-08 12:00:00,11 days 12:00:00,276,24.64,165.37,955.5,105.5,41.396068528938784,246.91830987904785,184.5779411739069,113.86766899623304,201.8135498058466,162.4490692242714,126.9043645857759,91.84681409490136,134.1627097594123,83.62466956547436,69.799949071263,53.49184019418524,73.5090302289513
2026-09-27,EP152026,30,2026-10-08 18:00:00,11 days 18:00:00,282,25.19,164.11,955.8,101.5,0.0,254.67420218867,199.75440157449745,135.17379859952854,204.7116758648859,131.72754395079244,103.98747369375891,77.25636865235916,116.7495912759347,84.466652522111,67.49876435938589,50.46581035972215,71.64963668118288
2026-09-27,EP152026,30,2026-10-09 00:00:00,12 days 00:00:00,288,25.68,162.73,964.8,96.5,45.20405104830222,234.6211229912615,193.79362160820645,137.8392114805314,208.96940329942288,130.54092347625297,105.79859812018684,79.45988466910055,115.79787315689316,79.44667291735911,66.95197977033959,50.71334977738968,71.34782810536768
2026-09-27,EP152026,30,2026-10-09 06:00:00,12 days 06:00:00,294,26.65,161.53,963.7,90.9,20.00227954586168,254.6953901314376,206.32256359852616,141.0768259867153,198.42808229686585,131.66284523084698,104.57686994989588,75.04631979446476,110.10596824778884,70.62204613186547,59.57018908391287,45.339324237020975,61.17302046358178
2026-09-27,EP152026,30,2026-10-09 12:00:00,12 days 12:00:00,300,27.66,160.63,965.1,89.1,34.68783852901546,270.2562131024356,234.0111393523434,153.7286281683646,194.28134279666037,141.24604171377658,119.63442906532306,83.91631312093718,109.38858703046972,65.86460817275935,59.43730814604171,46.10201506420885,57.13905113533471
2026-09-27,EP152026,30,2026-10-09 18:00:00,12 days 18:00:00,306,28.92,160.23,964.9,94.0,25.047708420005115,261.16390372734384,289.4921355362407,230.1798561607319,228.00674727603337,146.9991044014413,147.68163435341648,106.8005845446817,106.40240976171314,85.25363868954238,81.84475625107066,65.19034335772702,68.66574270468072
2026-09-27,EP152026,30,2026-10-10 00:00:00,13 days 00:00:00,312,30.84,160.35,960.9,90.9,16.09055038664127,175.92534844581087,172.9388406278506,112.25047568040397,111.39793733858642,112.3682563192824,113.4972284475498,65.33555502591321,77.49878184053603,56.808209182613325,51.678484640309534,35.77913518749796,43.44072179128557
2026-09-27,EP152026,30,2026-10-10 06:00:00,13 days 06:00:00,318,32.66,161.22,975.1,76.9,29.496806634390964,222.9066406851512,257.0233225141551,182.8872569912046,179.8930108933523,120.4728917796392,130.76850574750847,90.75923548588912,83.84764796101535,71.63088402036306,71.46387682707109,54.66234379079992,56.29995804729242
2026-09-27,EP152026,30,2026-10-10 12:00:00,13 days 12:00:00,324,34.54,162.43,977.8,64.1,41.01579198488909,218.01041319894216,226.49896127140573,163.57851123162368,155.92228621165532,110.39148697671658,115.66564274376076,69.32816524887613,74.97714134576125,41.01579198488909,28.22461104409905,17.160769948753185,20.52710444624293
2026-09-27,EP152026,30,2026-10-10 18:00:00,13 days 18:00:00,330,36.52,164.58,979.0,63.3,51.84964542778803,269.8749780880052,281.37718343321114,277.7832507650767,220.029667031683,136.21228860171863,154.56970158982122,126.77618935494333,110.77994220848342,0.0,0.0,0.0,0.0
2026-09-27,EP152026,30,2026-10-11 00:00:00,14 days 00:00:00,336,37.77,167.03,980.1,59.5,23.55665579145959,190.8979338397529,239.6885379098604,198.7884816987257,99.38863027615416,137.88682474706178,149.79428790825904,102.89146230457764,92.58826220275856,0.0,0.0,0.0,0.0
2026-09-27,EP152026,30,2026-10-11 06:00:00,14 days 06:00:00,342,38.78,170.07,991.7,49.5,34.900032365841334,216.85606477254743,264.3604494733197,279.6170787057054,157.73355687258157,0.0,0.0,0.0,0.0,0.0,0.0,0.0,0.0
2026-09-27,EP152026,30,2026-10-11 12:00:00,14 days 12:00:00,348,39.29,172.69,986.0,49.6,58.36209531527818,227.45985291589184,310.0866385912162,234.62083000357197,185.9604174044261,0.0,0.0,0.0,0.0,0.0,0.0,0.0,0.0
2026-09-27,EP152026,30,2026-10-11 18:00:00,14 days 18:00:00,354,39.21,175.64,989.4,41.8,208.04011729779012,183.5937818065294,279.4762051864237,199.39985794666677,162.24025682984043,0.0,0.0,0.0,0.0,0.0,0.0,0.0,0.0
2026-09-27,EP152026,30,2026-10-12 00:00:00,15 days 00:00:00,360,39.24,178.31,987.0,43.2,159.75073272154293,301.54206594990933,362.6447496409775,311.2212147168756,253.4266362327798,0.0,0.0,0.0,0.0,0.0,0.0,0.0,0.0
2026-09-27,EP162026,30,2026-09-27 00:00:00,0 days 00:00:00,0,20.8,-123.6,975.0,76.0,28.0,167.0,167.0,148.0,185.0,93.0,74.0,74.0,93.0,65.0,46.0,37.0,56.0
2026-09-27,EP162026,30,2026-09-27 06:00:00,0 days 06:00:00,6,21.54,-123.47,989.9,61.3,30.51677334395813,190.30238158413528,174.2822726166439,85.88619383543923,145.6177824850791,77.23615186788855,60.10588072728308,32.804706377016046,51.88413794626828,0.0,0.0,0.0,0.0
2026-09-27,EP162026,30,2026-09-27 12:00:00,0 days 12:00:00,12,22.08,-123.04,997.4,43.9,76.59809075726018,188.579812051313,164.56061227283865,111.21791605252211,137.99671465001995,0.0,0.0,0.0,0.0,0.0,0.0,0.0,0.0
2026-09-27,EP162026,30,2026-09-27 18:00:00,0 days 18:00:00,18,22.39,-123.0,999.2,41.3,69.3187960228846,168.8793681770157,148.02484134062053,110.77939205740104,118.396686527955,0.0,0.0,0.0,0.0,0.0,0.0,0.0,0.0
2026-09-27,EP162026,30,2026-09-28 00:00:00,1 days 00:00:00,24,22.55,-123.08,1003.7,30.9,74.57856160345904,0.0,0.0,0.0,0.0,0.0,0.0,0.0,0.0,0.0,0.0,0.0,0.0
2026-09-27,EP162026,30,2026-09-28 06:00:00,1 days 06:00:00,30,22.7,-122.88,1005.4,24.7,42.56449588488824,0.0,0.0,0.0,0.0,0.0,0.0,0.0,0.0,0.0,0.0,0.0,0.0
2026-09-27,EP162026,30,2026-09-28 12:00:00,1 days 12:00:00,36,22.42,-122.91,1004.1,26.5,83.56764993358402,0.0,0.0,0.0,0.0,0.0,0.0,0.0,0.0,0.0,0.0,0.0,0.0
2026-09-27,EP162026,30,2026-09-28 18:00:00,1 days 18:00:00,42,22.05,-122.45,1004.0,27.7,109.45722789719947,0.0,0.0,0.0,0.0,0.0,0.0,0.0,0.0,0.0,0.0,0.0,0.0
2026-09-27,EP162026,30,2026-09-29 00:00:00,2 days 00:00:00,48,21.62,-122.28,1003.7,22.3,88.5756625441746,0.0,0.0,0.0,0.0,0.0,0.0,0.0,0.0,0.0,0.0,0.0,0.0
2026-09-27,EP162026,30,2026-09-29 06:00:00,2 days 06:00:00,54,20.06,-122.46,1007.5,20.3,76.01528377105465,0.0,0.0,0.0,0.0,0.0,0.0,0.0,0.0,0.0,0.0,0.0,0.0
2026-09-27,EP162026,30,2026-09-29 12:00:00,2 days 12:00:00,60,20.55,-122.38,1005.4,20.5,114.00878674395204,0.0,0.0,0.0,0.0,0.0,0.0,0.0,0.0,0.0,0.0,0.0,0.0
2026-09-27,EP162026,30,2026-09-29 18:00:00,2 days 18:00:00,66,20.24,-122.71,1006.2,23.3,106.85544611390912,0.0,0.0,0.0,0.0,0.0,0.0,0.0,0.0,0.0,0.0,0.0,0.0
2026-09-27,EP162026,30,2026-09-30 00:00:00,3 days 00:00:00,72,19.96,-123.19,1007.3,18.4,90.02905457569395,0.0,0.0,0.0,0.0,0.0,0.0,0.0,0.0,0.0,0.0,0.0,0.0
2026-09-27,EP162026,30,2026-09-30 06:00:00,3 days 06:00:00,78,19.45,-123.79,1007.7,18.6,86.21238868442498,0.0,0.0,0.0,0.0,0.0,0.0,0.0,0.0,0.0,0.0,0.0,0.0
2026-09-27,EP172026,30,2026-09-27 00:00:00,0 days 00:00:00,0,19.0,-112.9,946.0,111.0,28.0,259.0,185.0,167.0,185.0,111.0,111.0,93.0,93.0,65.0,65.0,46.0,56.0
2026-09-27,EP172026,30,2026-09-27 06:00:00,0 days 06:00:00,6,19.48,-113.28,949.2,118.1,36.03371666967061,155.71861920262106,120.90950119621502,149.7657355013726,162.25145456311174,68.73115337519909,50.37155893887989,47.13251211009109,58.85720943206566,42.32502171850402,37.70246391208072,30.97221800726909,38.80255581364325
2026-09-27,EP172026,30,2026-09-27 12:00:00,0 days 12:00:00,12,20.5,-113.78,946.2,113.1,25.97061390413521,211.53294667236705,229.80823920067613,156.13601763794992,192.9881812035611,119.03124295389456,101.90381645182912,73.67325789043277,87.15087507524868,70.74162338099975,61.75346009376723,48.73753290776536,60.2427865902409
2026-09-27,EP172026,30,2026-09-27 18:00:00,0 days 18:00:00,18,21.53,-113.95,950.8,98.8,0.0,218.0029538015059,198.52335085294996,165.0153677183929,199.88159487768803,114.57273383628431,90.66906923655714,62.66367432655677,87.49209328747975,66.61403508636413,59.01632693139591,42.36861812168729,54.98556110244846
2026-09-27,EP172026,30,2026-09-28 00:00:00,1 days 00:00:00,24,22.37,-114.04,951.5,112.6,13.31951189010596,159.51112132973262,168.33295945299432,89.90055565421846,79.607616193963,74.78305806983292,68.69039127479876,39.71140483758506,48.73005665849947,48.12922102995474,41.13467378959366,30.44621511148028,37.0849367856874
2026-09-27,EP172026,30,2026-09-28 06:00:00,1 days 06:00:00,30,23.14,-114.01,940.5,116.5,1.2285231529343363,111.2355931895956,135.48165547089246,62.16219106008374,72.5006174639163,60.35156299177965,64.91446804642337,37.72396785608421,41.31658149085616,41.751874857841045,41.34988410264327,30.500692352683917,34.32936970999734
2026-09-27,EP172026,30,2026-09-28 12:00:00,1 days 12:00:00,36,23.87,-114.16,961.1,95.3,26.69690194614384,129.9304111098706,139.57148624342108,117.42217888819972,87.62099452528618,73.38890916321942,78.5899267280404,55.560473711753104,55.46295813544391,49.254798214237454,47.134081730335566,37.54399930015934,40.98140691820557
2026-09-27,EP172026,30,2026-09-28 18:00:00,1 days 18:00:00,42,24.72,-113.63,964.4,87.2,26.613686753898264,138.14535217653764,138.6099505729432,105.87160840987234,99.17962368206456,78.45035457471519,77.21153334164542,55.77323730356679,54.292670221458906,30.246280896831216,31.41528526684168,23.969980070587816,25.211023059703496
2026-09-27,EP172026,30,2026-09-29 00:00:00,2 days 00:00:00,48,25.49,-112.98,972.6,74.1,26.67177682119933,143.42863258260093,146.00680691530238,90.7182937174565,115.07602873819384,49.16069170008765,57.17635394238687,43.23111211540072,39.62256212905743,10.30640619397326,26.67177682119933,13.039917607056616,8.69864438265617
2026-09-27,EP172026,30,2026-09-29 06:00:00,2 days 06:00:00,54,26.59,-112.0,988.2,50.8,38.9095510509845,80.93967139143572,67.96707284305029,0.0,19.090043283641545,0.5885107868790262,38.9095510509845,0.0,0.0,0.0,0.0,0.0,0.0
2026-09-27,EP172026,30,2026-09-29 12:00:00,2 days 12:00:00,60,27.64,-111.59,992.6,51.8,106.87545764496303,135.82383954804254,182.14234864218747,86.64856489116539,69.32811589218329,10.923815461134057,106.87545764496303,2.216738001783696,0.8098815428802908,0.0,0.0,0.0,0.0
2026-09-27,EP172026,30,2026-09-29 18:00:00,2 days 18:00:00,66,29.28,-110.33,999.1,28.9,69.72091952868482,0.0,0.0,0.0,0.0,0.0,0.0,0.0,0.0,0.0,0.0,0.0,0.0
2026-09-27,EP902026,30,2026-09-27 00:00:00,0 days 00:00:00,0,12.0,-98.6,1008.0,25.0,111.0,0.0,0.0,0.0,0.0,0.0,0.0,0.0,0.0,0.0,0.0,0.0,0.0
2026-09-27,EP902026,30,2026-09-27 06:00:00,0 days 06:00:00,6,11.93,-98.75,1005.5,28.0,82.70880220857504,0.0,0.0,0.0,0.0,0.0,0.0,0.0,0.0,0.0,0.0,0.0,0.0
2026-09-27,EP902026,30,2026-09-27 12:00:00,0 days 12:00:00,12,12.18,-98.63,1005.9,34.6,102.4277117450109,102.4277117450109,9.2404754274545,0.0,4.595273419352254,0.0,0.0,0.0,0.0,0.0,0.0,0.0,0.0
2026-09-27,EP902026,30,2026-09-27 18:00:00,0 days 18:00:00,18,12.57,-98.94,1002.4,36.9,88.43424805402634,88.43424805402634,64.94297811210355,27.967668228343957,46.89505277274897,0.0,0.0,0.0,0.0,0.0,0.0,0.0,0.0
2026-09-27,EP902026,30,2026-09-28 00:00:00,1 days 00:00:00,24,12.52,-99.59,1003.1,42.2,82.80193620901647,114.5778016708216,107.68855283075342,58.95065822360418,99.50916951722888,0.0,0.0,0.0,0.0,0.0,0.0,0.0,0.0
2026-09-27,EP902026,30,2026-09-28 06:00:00,1 days 06:00:00,30,12.73,-100.2,1002.2,44.7,64.78537721466273,143.0721265055763,131.04644622595515,117.52399206958944,125.13058386481134,0.0,0.0,0.0,0.0,0.0,0.0,0.0,0.0
2026-09-27,EP902026,30,2026-09-28 12:00:00,1 days 12:00:00,36,13.13,-100.86,997.9,47.0,63.51981924141356,176.86536222322235,170.6526727607059,113.82890899654552,136.19853182259592,0.0,0.0,0.0,0.0,0.0,0.0,0.0,0.0
2026-09-27,EP902026,30,2026-09-28 18:00:00,1 days 18:00:00,42,13.66,-101.9,998.8,47.1,88.37938671367682,162.5742343182921,159.0259811041313,116.61429005471098,123.90885050453676,0.0,0.0,0.0,0.0,0.0,0.0,0.0,0.0
2026-09-27,EP902026,30,2026-09-29 00:00:00,2 days 00:00:00,48,13.99,-102.96,996.9,49.7,94.54136472864072,328.9788189852904,275.18028611217585,202.6830955467043,292.9277345962074,0.0,0.0,0.0,0.0,0.0,0.0,0.0,0.0
2026-09-27,EP902026,30,2026-09-29 06:00:00,2 days 06:00:00,54,14.61,-103.98,996.2,51.4,82.77487827605721,260.3872415766323,237.8934576166675,162.35986300997925,199.8346218801865,91.99926477458636,78.56812357754634,49.49283845018496,68.92394362021729,0.0,0.0,0.0,0.0
2026-09-27,EP902026,30,2026-09-29 12:00:00,2 days 12:00:00,60,15.12,-105.08,990.9,58.4,59.08684931548103,267.5041700420966,238.20806047000417,181.3032424576968,232.21918145474476,87.90494732095787,69.91344682541424,46.917993531571966,66.2883152522293,0.0,0.0,0.0,0.0
2026-09-27,EP902026,30,2026-09-29 18:00:00,2 days 18:00:00,66,15.62,-105.89,979.0,68.5,43.446427683162696,183.30811267983967,200.7066179104628,152.48128821594466,128.86483534290178,105.4024552843839,95.82790472639913,60.38140030994376,74.91117318837479,43.446427683162696,13.521665814200755,7.593231001214462,11.790049020020415
2026-09-27,EP902026,30,2026-09-30 00:00:00,3 days 00:00:00,72,16.37,-106.52,974.1,78.4,21.197799294487567,251.5292239169064,274.81888235949845,183.40169031401163,187.10278325995128,126.10115721076508,112.05909276602527,77.6911217091924,97.55715106516976,65.65434774558935,56.50984569353608,47.07260314677482,54.29190983075071
2026-09-27,EP902026,30,2026-09-30 06:00:00,3 days 06:00:00,78,17.42,-107.09,969.9,81.2,27.550247298396613,226.8444644316636,202.70669999284007,139.6203939496333,163.33043425604967,95.83542761038792,87.05274633578716,57.98417609431121,71.4685093911259,51.08076722693539,46.257846535666914,35.64089705883606,42.72942289880382
2026-09-27,EP902026,30,2026-09-30 12:00:00,3 days 12:00:00,84,17.86,-107.77,971.0,81.1,31.02682960561301,223.7397147286655,220.0999400330177,136.74074793380004,182.1376488056265,111.3678197365646,87.35431961053581,53.90491189786996,87.2158346576092,62.99846748585971,51.61612349701614,38.08931219604244,51.5258532050504
2026-09-27,EP902026,30,2026-09-30 18:00:00,3 days 18:00:00,90,18.46,-108.26,956.6,100.2,0.0,203.92937446815952,263.27090280595536,163.17802421934522,165.66891950346883,116.22543118874788,108.89645097405553,74.47067219424102,87.75756691290795,71.5339718413306,61.41546557583198,48.6961109898448,58.00107553000702
2026-09-27,EP902026,30,2026-10-01 00:00:00,4 days 00:00:00,96,18.71,-108.68,944.8,112.6,24.50436360157329,218.5091084612959,254.02303842746096,182.8593655978957,172.89190903727308,111.84764045437464,105.42916628846888,81.23632394656602,91.41189034136836,66.35018493410826,58.88706467208323,47.99773829809868,55.966771609189664
2026-09-27,EP902026,30,2026-10-01 06:00:00,4 days 06:00:00,102,19.04,-109.02,955.7,98.3,27.618672093244346,277.5152423078603,257.06665292378165,212.6265564755165,205.30557343384328,127.54313261639196,113.30733240607272,90.46593385719947,106.19227357707943,65.77117524388886,54.41803880719249,44.64706306071483,55.15560293900003
2026-09-27,EP902026,30,2026-10-01 12:00:00,4 days 12:00:00,108,19.39,-109.6,960.8,91.9,20.45632018502164,169.23010259493083,213.38989901689573,191.79509516901132,162.62785390497925,86.63495594436694,88.70921985031853,73.5009419188126,71.62855606166198,43.96421485186035,41.16748223025023,34.70198853978684,38.53497415220579
2026-09-27,EP902026,30,2026-10-01 18:00:00,4 days 18:00:00,114,19.74,-109.79,958.5,98.4,19.70326138591557,160.32736984568828,249.48662170653816,173.67776706480788,157.70807423253515,98.93872541315024,104.73261692836014,77.82027254294725,78.77845025873236,63.31805709101688,56.2796552306256,45.256252203744445,50.72828137388088
2026-09-27,EP902026,30,2026-10-02 00:00:00,5 days 00:00:00,120,19.82,-110.06,974.0,75.5,21.38670398417594,183.00675186831552,230.55665279632527,174.6152654422395,166.72706999670424,103.71062635938073,96.1783121630682,66.11682889408726,77.09003941134742,43.38857512297335,35.742945476752574,28.83183891196684,35.09503280151284
2026-09-27,EP902026,30,2026-10-02 06:00:00,5 days 06:00:00,126,19.88,-110.28,968.2,78.6,41.65169867992567,232.0724537406445,225.2309990793917,176.21793907637738,180.7866722325176,102.22971603886585,97.16157119129218,78.72027369881435,85.02221639275214,50.543026280834944,46.30584489732884,39.456090572438406,43.808318605730136
2026-09-27,EP902026,30,2026-10-02 12:00:00,5 days 12:00:00,132,20.21,-110.6,961.9,90.1,18.39273076088393,160.12441838925577,170.8504496909503,155.98448624504513,160.84777167907058,88.82121346618781,78.18874671937319,70.69614416309354,75.84514862318453,45.66756406897219,40.02562601048743,36.193634740248186,39.90497758979492
2026-09-27,EP902026,30,2026-10-02 18:00:00,5 days 18:00:00,138,20.18,-110.54,970.6,77.0,0.0,146.7876146878648,158.62782828796298,163.83133049749722,137.45323198959454,70.15176982687319,67.55722004060681,60.78767622665964,62.08205159592399,32.591030417513934,30.017100635791166,26.123273913231515,27.19903356561809
2026-09-27,EP902026,30,2026-10-03 00:00:00,6 days 00:00:00,144,20.18,-110.91,949.4,94.7,0.0,253.021422313769,265.09014510292866,249.29889948846403,249.70539649023797,106.3481588450735,107.02895474468431,97.57920815752234,96.43416461056404,64.66036659553495,59.368828115879936,53.037043387753855,59.42104433693473
2026-09-27,EP902026,30,2026-10-03 06:00:00,6 days 06:00:00,150,20.27,-111.28,961.3,90.6,18.9602446752547,216.27176458749915,159.53613850737906,128.8072511378048,172.50996235646323,103.91956097745408,75.24688789416794,54.78629460895624,82.45898249812717,41.9197577427958,34.40771964543606,25.73656549952608,36.93623306412017
2026-09-27,EP902026,30,2026-10-03 12:00:00,6 days 12:00:00,156,20.5,-111.69,962.2,85.4,31.877005063151287,144.17747843342897,166.68064696344925,133.1679203199497,114.63590776478075,83.47929369373622,76.68231760048644,57.70175019743483,65.11427534272221,41.4998664452997,36.13995174553449,27.1197864767881,34.69926558193404
2026-09-27,EP902026,30,2026-10-03 18:00:00,6 days 18:00:00,162,20.5,-111.83,959.6,100.9,1.3774635065076095,187.66115980852533,171.01129425123105,166.40159601797103,205.7584637129827,85.83299898672777,69.50235547053927,57.26105437637173,76.1120474759995,33.7808354200006,25.40331434164784,19.1372516063214,29.027841333596008
2026-09-27,EP902026,30,2026-10-04 00:00:00,7 days 00:00:00,168,20.47,-112.1,968.1,79.6,21.16402885476072,161.88280156374094,92.95726625849989,94.06931534771375,178.7793704833225,61.74059843731055,34.24097681179589,33.38018590997041,57.16118167188995,29.029472544683586,20.47045642567042,19.428640637579065,27.103531751230577
2026-09-27,EP902026,30,2026-10-04 06:00:00,7 days 06:00:00,174,20.82,-112.91,970.7,82.1,31.538188461807238,143.12163993508184,126.349336405421,126.28487303175912,154.87109265543214,72.6789694095055,65.18245903805135,56.998626655880045,69.36214033063413,44.51443721202321,38.84502024702052,33.371829810294834,39.87214830081755
2026-09-27,EP902026,30,2026-10-04 12:00:00,7 days 12:00:00,180,21.14,-113.57,971.4,83.8,17.598415775808917,191.7983150573446,160.95465171731882,136.56882790247886,181.0108783946182,89.33679862145169,77.46230858081998,60.16763521344916,80.9409046005699,47.33687589047278,40.53757805570859,32.861327943298505,40.29890643253936
2026-09-27,EP902026,30,2026-10-04 18:00:00,7 days 18:00:00,186,21.1,-114.13,968.3,83.6,9.02393508711765,144.5629224958036,153.698348929855,141.003613795232,149.17390677628418,79.16530156599629,71.16106159009269,54.48343354031175,68.89415281578795,41.50327877572977,33.280774690716214,26.49014920064573,35.759595754245424
2026-09-27,EP902026,30,2026-10-05 00:00:00,8 days 00:00:00,192,21.48,-114.72,978.4,70.1,38.49093818769612,210.2960849795332,190.8273981585074,138.41978253121408,186.4218403941559,108.66639588737084,89.03796455586236,65.44460983724667,92.35521875420784,39.43938753125186,34.278607260955525,24.94990788505445,33.50344434638829
2026-09-27,EP902026,30,2026-10-05 06:00:00,8 days 06:00:00,198,21.4,-115.33,976.9,66.3,16.644844150038807,203.69076296209903,171.5327324097816,129.39817001658147,190.5424281781863,75.85000123802479,59.55330818999121,40.06574672989586,62.90910667426374,16.644844150038807,2.80609153788431,0.5393686892138172,6.305397075898079
2026-09-27,EP902026,30,2026-10-05 12:00:00,8 days 12:00:00,204,21.68,-115.88,981.1,64.5,22.27765438314585,124.42840414164706,126.39761022218345,115.71698942995366,121.98577609411296,61.00222768179928,57.54871261903664,41.228311602660185,50.90114564253513,0.7767322222694204,0.0,0.0,22.27765438314585
2026-09-27,EP902026,30,2026-10-05 18:00:00,8 days 18:00:00,210,21.7,-116.59,986.5,65.5,19.79266655367637,118.03551376274991,108.47318670884891,105.13029772888152,116.89582901267934,75.12237189796474,55.785165493837326,45.621705104570125,65.58592384927897,19.903698231468063,15.366209841278453,13.184852659380615,18.653488126989043
2026-09-27,EP902026,30,2026-10-06 00:00:00,9 days 00:00:00,216,21.56,-116.9,985.1,61.5,36.78794063388843,142.26215677422556,109.04304627630094,97.95678822624598,133.33736607892246,78.87783172537456,60.904720725782,46.8639310444917,70.9080536646579,0.0,0.0,0.0,0.0
2026-09-27,EP902026,30,2026-10-06 06:00:00,9 days 06:00:00,222,21.49,-117.82,984.6,66.3,26.917637254758542,172.80461025987267,135.1081383387608,120.61960153613217,170.35067831311653,96.23062015585936,71.0097445259533,57.26961917345111,86.97022929770742,35.57561657406694,27.31336288769492,22.37543384581164,31.683376626037884
2026-09-27,EP902026,30,2026-10-06 12:00:00,9 days 12:00:00,228,21.26,-118.43,989.1,70.0,17.299708973776433,187.0996590414616,126.22072776456116,136.6989030497898,203.15791203345,90.32488933383138,62.71480070712096,60.11307109247719,90.01009313533177,47.56375145627953,36.95552390026114,31.78589463389153,43.48669094551588
2026-09-27,EP902026,30,2026-10-06 18:00:00,9 days 18:00:00,234,20.99,-119.01,986.8,61.6,34.20281233465325,138.41599428519416,98.64013177903942,97.8706541541398,149.07876998425078,72.2626054596621,55.03288093172837,40.86617692782517,62.009875958098775,0.0,0.0,0.0,0.0
2026-09-27,EP902026,30,2026-10-07 00:00:00,10 days 00:00:00,240,20.85,-119.73,985.3,66.3,27.13648042154937,145.76894734165126,122.18087590879236,127.24893748639364,140.87127004149414,68.65646889568802,52.84485152677789,42.12263455896782,62.33303976807137,27.13648042154937,19.232317034454667,15.37206867596246,22.545321640305048
2026-09-27,EP902026,30,2026-10-07 06:00:00,10 days 06:00:00,246,20.4,-120.58,985.7,57.5,34.721142689331714,134.87208768893922,95.95553883568265,91.04775362413532,148.60741612070234,73.89811651143054,57.34333956897794,42.79367836419897,62.70655864727652,0.0,0.0,0.0,0.0
2026-09-27,EP902026,30,2026-10-07 12:00:00,10 days 12:00:00,252,20.31,-121.5,979.2,62.5,20.46810016832508,143.93021686098407,114.70736045544326,102.56114103293469,142.09935158077784,39.51668155357041,30.56663415895121,21.992733838727155,35.8658289951816,0.0,0.0,0.0,0.0
2026-09-27,EP902026,30,2026-10-07 18:00:00,10 days 18:00:00,258,19.79,-122.51,988.3,55.5,33.491565061496296,171.30645019626755,116.9472617456662,99.75751082923104,163.974055693756,50.305623703699226,38.04181465783533,26.06022175608892,41.10999625644784,0.0,0.0,0.0,0.0
2026-09-27,EP902026,30,2026-10-08 00:00:00,11 days 00:00:00,264,19.69,-123.45,989.9,60.1,38.550524750872,127.15992485079286,93.26965701379648,87.89389490043374,145.94979423365754,76.94518120047329,58.71708037858485,42.89775244751719,65.51354486772885,0.0,0.0,0.0,0.0
2026-09-27,EP902026,30,2026-10-08 06:00:00,11 days 06:00:00,270,19.2,-124.19,987.9,60.0,48.63740970905738,129.47627243355248,119.9167469643667,119.0568997202342,147.243651117336,64.02957351977511,57.55409294882335,51.86871306955733,66.24747933978922,0.0,0.0,0.0,0.0
2026-09-27,EP902026,30,2026-10-08 12:00:00,11 days 12:00:00,276,19.22,-125.19,984.9,64.4,36.491848577038525,93.2263500565453,93.8592355293357,87.81835814836184,92.50990143398832,70.912000541105,59.1083789138124,45.44457658167855,62.96552010370134,36.491848577038525,4.618174394537003,1.0808567882965927,7.857153986731028
2026-09-27,EP902026,30,2026-10-08 18:00:00,11 days 18:00:00,282,19.19,-125.83,986.4,72.0,28.78831284124618,113.70520366330176,107.59386861192831,103.92052664926725,120.88432830448698,58.41636431087204,46.03123778108272,43.63422620959949,53.77296417390176,31.204673761400954,26.393263541581405,22.247361076893213,27.477614453894773
2026-09-27,EP902026,30,2026-10-09 00:00:00,12 days 00:00:00,288,19.12,-126.4,990.2,60.0,14.61888789806077,133.07857683228275,115.5221540210107,97.12722622247782,134.35067065493587,53.78935341552724,42.74421416708806,28.26067665817159,46.30423608668608,0.0,0.0,0.0,0.0
2026-09-27,EP902026,30,2026-10-09 06:00:00,12 days 06:00:00,294,18.98,-127.12,993.7,59.6,36.1986803157269,157.32965570055885,96.31086356670102,82.60995431817602,171.05659377879292,83.2924936698836,59.51041567857429,41.09256666024059,69.09412742140398,0.0,0.0,0.0,0.0
2026-09-27,EP902026,30,2026-10-09 12:00:00,12 days 12:00:00,300,18.76,-128.07,983.7,69.8,41.42336614278527,170.94679249349193,129.55236113990455,106.43634892249568,145.8238667795098,72.0602506643624,56.16284374691148,38.84313907900697,55.60436594495661,0.970433051552765,0.0,0.0,41.42336614278527
2026-09-27,EP902026,30,2026-10-09 18:00:00,12 days 18:00:00,306,18.61,-129.01,993.5,55.4,52.54959401987304,167.8846143260898,121.81425254524773,108.34408450031825,193.9206236266417,76.80868350557611,63.183039805746624,49.1683556964623,67.85970205833897,0.0,0.0,0.0,0.0
2026-09-27,EP902026,30,2026-10-10 00:00:00,13 days 00:00:00,312,18.25,-129.5,993.6,63.4,23.423794309311265,143.60827699310647,109.94993656088964,104.88994208460092,163.36398896749745,87.11512806127638,70.24548388269233,47.500901542474764,72.54232091374462,0.0,0.0,0.0,0.0
2026-09-27,EP902026,30,2026-10-10 06:00:00,13 days 06:00:00,318,18.2,-130.56,981.8,75.0,45.895885810569865,142.1530553183734,116.09111151192307,104.27843598419486,139.2469874548243,69.75560238608267,47.29661982826022,34.78683250847584,61.39950065558145,45.895885810569865,22.258115588727502,15.952670473188997,26.7899366972286
2026-09-27,EP902026,30,2026-10-10 12:00:00,13 days 12:00:00,324,18.33,-131.12,983.1,74.8,18.647581767307635,132.88076291081347,122.54351696283662,93.3148867326714,131.490340255224,71.57978016633857,52.638437673176654,35.01143550996902,55.918169801157816,24.553349443871568,17.563157135009966,13.804701906798464,20.969601874448166
2026-09-27,EP902026,30,2026-10-10 18:00:00,13 days 18:00:00,330,18.27,-131.86,983.4,61.2,44.473492630109234,148.83480654484293,123.86207734961086,112.11086739002477,162.72631049489317,86.55553116620855,66.33062581916758,52.44708517146077,79.37711362762039,0.0,0.0,0.0,0.0
2026-09-27,EP902026,30,2026-10-11 00:00:00,14 days 00:00:00,336,18.42,-132.72,976.5,78.7,28.03364757635325,175.34704161736175,141.96886267766473,120.90660850326437,153.17956110765914,96.0670068220603,78.10460445652275,60.56166059844863,81.57582284854924,49.47468998650327,39.49775337840413,32.29344671443768,43.17691504552924
2026-09-27,EP902026,30,2026-10-11 06:00:00,14 days 06:00:00,342,18.41,-133.42,968.5,87.0,29.666572494030447,151.2937384486264,129.88448931889087,95.87235193471788,135.63914812644236,87.85427246139358,68.86077977391018,54.65162837359215,76.2313123035338,42.1562431232544,33.88634156609884,27.599837707351988,38.10302545259364
2026-09-27,EP902026,30,2026-10-11 12:00:00,14 days 12:00:00,348,18.61,-134.04,977.0,83.9,18.280819003437443,143.59156862736427,125.47224471327388,119.17612099464476,127.062854411432,73.57232771024184,58.445349850655646,52.26523842184221,64.4350239027466,42.85682503604437,36.68296597680052,29.274348149276648,37.23931446882921
2026-09-27,EP902026,30,2026-10-11 18:00:00,14 days 18:00:00,354,18.44,-134.78,986.1,76.3,22.245688443979304,129.38416339881286,114.57599050823757,110.78813676383872,154.55334882070875,61.81272661490835,55.74394566920493,47.79326402565796,58.05373310588296,26.84426132051388,23.62675330538292,20.04897678750297,23.91810610323416
2026-09-27,EP902026,30,2026-10-12 00:00:00,15 days 00:00:00,360,18.8,-135.19,985.0,60.0,40.71912431941506,206.66679775369877,164.65333468810502,107.61575499567566,181.91765048735644,128.0574998616939,103.45089230310006,70.06302530296453,97.49327698549575,0.0,0.0,0.0,0.0
2026-09-27,WP252026,30,2026-09-27 00:00:00,0 days 00:00:00,0,24.6,127.6,964.0,89.0,22.0,102.0,121.0,102.0,93.0,,,,,,,,
2026-09-27,WP252026,30,2026-09-27 06:00:00,0 days 06:00:00,6,25.48,128.44,937.8,124.3,38.16062303756233,98.55232076534658,166.0113012357781,120.59747194563644,64.36324965644415,72.75770915499218,93.91766674442088,72.56029889972093,57.87976028913474,52.17182600188213,52.91529822724216,44.74317399766518,44.43232727511527
2026-09-27,WP252026,30,2026-09-27 12:00:00,0 days 12:00:00,12,26.11,129.0,939.4,123.0,13.735567904407858,87.19130653189745,167.5182263899923,147.65296134247677,78.49649935277307,54.14905602538963,70.05676709223468,56.50392140801195,44.49489615752184,36.97703660255529,36.76973080284482,31.48588620080677,31.250693099042653
2026-09-27,WP252026,30,2026-09-27 18:00:00,0 days 18:00:00,18,26.62,129.78,961.3,95.5,19.100096808149537,74.50970692284396,175.23872553693593,149.0031096334929,61.72295627844112,61.19649269503948,76.78752227327928,59.98545324441403,43.59628609979107,37.51838190590357,36.79066430343343,30.710236468863545,28.159381493248134
2026-09-27,WP252026,30,2026-09-28 00:00:00,1 days 00:00:00,24,27.21,130.72,958.8,90.8,4.499282978066304,122.38153993450857,146.6349462190529,97.98138241618756,90.39351368395889,62.7169000529365,82.46862080561434,58.93100152528429,46.55252655127789,39.05481557104979,43.04473479868079,34.16589575934849,30.888511126289096
2026-09-27,WP252026,30,2026-09-28 06:00:00,1 days 06:00:00,30,27.62,131.75,959.9,87.0,0.0,156.47315694736074,174.79624281228058,101.39588604643328,87.31078420754757,73.0024387444803,88.5550819187183,64.3495168708216,52.58166726680075,39.01173774836731,42.59988968676232,32.14461069033153,31.560397740352247
2026-09-27,WP252026,30,2026-09-28 12:00:00,1 days 12:00:00,36,28.24,132.51,988.5,64.1,17.002544348049586,83.0736417238189,143.64339209766553,102.9598891143967,96.18084606816898,65.90801733276164,80.5015952224785,50.47979206848608,53.11727932547181,21.729034103442626,21.15848479212878,15.129890664359772,15.140277588485407
2026-09-27,WP252026,30,2026-09-28 18:00:00,1 days 18:00:00,42,28.63,133.54,985.2,61.4,25.45334734837872,89.68050767854395,123.40744088299408,98.54819344940373,88.36541008816988,71.75670007425725,74.7630207035294,54.227680367817015,55.64762484058026,0.0,0.0,0.0,0.0
2026-09-27,WP252026,30,2026-09-29 00:00:00,2 days 00:00:00,48,29.07,135.04,993.0,46.3,52.817716601652535,160.46266253177726,215.3662950729762,132.90581204721076,128.0020813391451,0.0,0.0,0.0,0.0,0.0,0.0,0.0,0.0
2026-09-27,WP252026,30,2026-09-29 06:00:00,2 days 06:00:00,54,29.74,136.41,995.7,42.3,37.43155890535194,139.32529480141525,171.57834029031292,119.55850771109807,105.16679407121713,0.0,0.0,0.0,0.0,0.0,0.0,0.0,0.0
2026-09-27,WP252026,30,2026-09-29 12:00:00,2 days 12:00:00,60,30.69,137.95,998.5,39.8,85.02936961692959,94.37869336501949,114.63650980893776,87.45845495325113,63.35022130627485,0.0,0.0,0.0,0.0,0.0,0.0,0.0,0.0
2026-09-27,WP252026,30,2026-09-29 18:00:00,2 days 18:00:00,66,31.48,139.58,1000.7,43.7,95.74655611737356,137.22465709081428,167.79442675081847,116.65939047680426,79.15838185589465,0.0,0.0,0.0,0.0,0.0,0.0,0.0,0.0
2026-09-27,WP252026,30,2026-09-30 00:00:00,3 days 00:00:00,72,32.55,141.13,998.6,42.2,73.51633755728379,73.36206258261754,94.59775397127524,53.320894268972566,56.49404929124378,0.0,0.0,0.0,0.0,0.0,0.0,0.0,0.0
2026-09-27,WP252026,30,2026-09-30 06:00:00,3 days 06:00:00,78,33.19,142.6,996.1,42.8,59.53838449563711,54.95512700796437,72.31038950753089,32.77799432743821,32.90300023389642,0.0,0.0,0.0,0.0,0.0,0.0,0.0,0.0
2026-09-27,WP252026,30,2026-09-30 12:00:00,3 days 12:00:00,84,33.95,143.98,1000.1,38.5,126.4780859838944,103.39444353383271,126.4780859838944,86.18463217839565,71.5535757854218,0.0,0.0,0.0,0.0,0.0,0.0,0.0,0.0
2026-09-27,WP252026,30,2026-09-30 18:00:00,3 days 18:00:00,90,35.02,144.77,1001.1,22.2,125.1200953363595,0.0,0.0,0.0,0.0,0.0,0.0,0.0,0.0,0.0,0.0,0.0,0.0
2026-09-27,WP252026,30,2026-10-01 00:00:00,4 days 00:00:00,96,36.49,146.34,1001.8,28.2,88.463697459492,0.0,0.0,0.0,0.0,0.0,0.0,0.0,0.0,0.0,0.0,0.0,0.0
2026-09-27,WP252026,30,2026-10-01 06:00:00,4 days 06:00:00,102,38.15,148.68,1001.4,30.2,130.19046890051942,0.0,0.0,0.0,0.0,0.0,0.0,0.0,0.0,0.0,0.0,0.0,0.0
2026-09-27,WP252026,30,2026-10-01 12:00:00,4 days 12:00:00,108,40.19,151.48,995.5,29.9,94.60829406188124,0.0,0.0,0.0,0.0,0.0,0.0,0.0,0.0,0.0,0.0,0.0,0.0
2026-09-27,WP252026,30,2026-10-01 18:00:00,4 days 18:00:00,114,41.56,155.52,994.6,31.7,209.0213655922824,0.0,0.0,0.0,0.0,0.0,0.0,0.0,0.0,0.0,0.0,0.0,0.0
2026-09-27,WP252026,30,2026-10-02 00:00:00,5 days 00:00:00,120,42.86,159.78,993.6,40.9,199.5533636805833,122.96102087544811,199.5533636805833,129.26200461387288,40.42072504096025,0.0,0.0,0.0,0.0,0.0,0.0,0.0,0.0
2026-09-27,AL062026,31,2026-09-27 00:00:00,0 days 00:00:00,0,29.8,-43.9,1010.0,29.0,56.0,0.0,0.0,0.0,0.0,0.0,0.0,0.0,0.0,0.0,0.0,0.0,0.0
2026-09-27,AL062026,31,2026-09-27 06:00:00,0 days 06:00:00,6,29.64,-43.87,1010.8,26.2,20.6961375087387,0.0,0.0,0.0,0.0,0.0,0.0,0.0,0.0,0.0,0.0,0.0,0.0
2026-09-27,AL062026,31,2026-09-27 12:00:00,0 days 12:00:00,12,30.18,-44.51,1010.1,27.6,122.35555499001192,0.0,0.0,0.0,0.0,0.0,0.0,0.0,0.0,0.0,0.0,0.0,0.0
2026-09-27,AL062026,31,2026-09-27 18:00:00,0 days 18:00:00,18,28.97,-44.16,1010.9,25.8,53.157617765747545,0.0,0.0,0.0,0.0,0.0,0.0,0.0,0.0,0.0,0.0,0.0,0.0
2026-09-27,AL062026,31,2026-09-28 00:00:00,1 days 00:00:00,24,28.08,-44.22,1013.6,32.0,86.94233297227328,0.0,0.0,0.0,0.0,0.0,0.0,0.0,0.0,0.0,0.0,0.0,0.0
2026-09-27,AL062026,31,2026-09-28 06:00:00,1 days 06:00:00,30,27.89,-44.08,1011.5,22.7,119.61141043434644,0.0,0.0,0.0,0.0,0.0,0.0,0.0,0.0,0.0,0.0,0.0,0.0
2026-09-27,AL062026,31,2026-09-28 12:00:00,1 days 12:00:00,36,27.44,-44.16,1010.1,24.8,104.19255984203043,0.0,0.0,0.0,0.0,0.0,0.0,0.0,0.0,0.0,0.0,0.0,0.0
2026-09-27,AL062026,31,2026-09-28 18:00:00,1 days 18:00:00,42,26.49,-44.44,1007.6,21.5,135.0270621203793,0.0,0.0,0.0,0.0,0.0,0.0,0.0,0.0,0.0,0.0,0.0,0.0
2026-09-27,AL062026,31,2026-09-29 00:00:00,2 days 00:00:00,48,25.91,-45.38,1008.3,28.8,51.12488896518294,0.0,0.0,0.0,0.0,0.0,0.0,0.0,0.0,0.0,0.0,0.0,0.0
2026-09-27,EP152026,31,2026-09-27 00:00:00,0 days 00:00:00,0,16.7,-156.1,972.0,80.0,37.0,241.0,185.0,185.0,241.0,93.0,74.0,93.0,111.0,56.0,46.0,56.0,56.0
2026-09-27,EP152026,31,2026-09-27 06:00:00,0 days 06:00:00,6,16.48,-156.84,968.4,87.6,34.436300823263174,171.26321013532123,144.38719228904128,135.8412212025173,171.52632862544374,102.63245896405832,80.33306847678597,76.80141470905487,100.15855357240378,63.807615326495096,53.99187070097949,47.53069880790546,57.51755429614107
2026-09-27,EP152026,31,2026-09-27 12:00:00,0 days 12:00:00,12,16.39,-157.63,962.5,97.4,35.165559065837215,167.03632925522552,119.0421315732974,132.98014717313106,179.28705034805347,85.25103745187027,76.71451480431236,74.48522412843793,90.5963969817486,49.881434653781696,45.160687719921015,37.861826058277785,46.71097719066453
2026-09-27,EP152026,31,2026-09-27 18:00:00,0 days 18:00:00,18,16.43,-158.68,945.5,116.3,7.257126422512783,152.7754246056311,139.59034167995105,137.2913363034495,164.6816482907816,93.07931207791808,76.3236646642863,72.1034744490421,83.79695494523412,61.222660080376045,51.62384370445534,44.334650877513695,56.07960667264979
2026-09-27,EP152026,31,2026-09-28 00:00:00,1 days 00:00:00,24,16.5,-159.83,949.5,112.3,34.384021552660755,146.71496191136555,111.35831108320156,115.10811324892472,143.6401250182994,84.24727536321097,70.28266911699461,68.87202061158462,86.23551953042966,53.91710131037365,45.31704863879989,37.57925402194476,51.682484731897205
2026-09-27,EP152026,31,2026-09-28 06:00:00,1 days 06:00:00,30,16.96,-161.05,951.0,113.7,32.29316919069287,165.80832940751122,130.46507880629983,128.5378197980207,156.41819751979688,102.15137015964652,84.82585205020696,74.63950718658785,97.19189494639905,54.77136670317039,46.37256299390928,39.858388763743406,49.60010571470289
2026-09-27,EP152026,31,2026-09-28 12:00:00,1 days 12:00:00,36,17.53,-161.87,947.1,114.1,35.23752992005746,194.4752811523429,143.12246043695245,111.82489164878967,163.68380782912655,103.69306489074818,76.48049043295046,61.8964416895397,91.93613497323656,59.29681951963365,47.5721868654352,39.201973095543146,53.33453991937972
2026-09-27,EP152026,31,2026-09-28 18:00:00,1 days 18:00:00,42,18.38,-162.71,955.3,109.1,14.52595296923974,174.50671257907982,149.25499495430324,129.12395249513912,141.54255640048234,89.15655673734739,67.25912287070531,47.4348607992126,76.76722581061762,46.78320975256801,37.22008983679504,25.92225794045686,39.797102081106
2026-09-27,EP152026,31,2026-09-29 00:00:00,2 days 00:00:00,48,19.07,-163.23,955.3,105.8,3.679046919540896,153.30216093697462,145.55270855717887,122.9868324851678,117.3397064169876,85.14236738447181,76.38093941097937,60.107838500768565,67.94841847426306,55.29245459196446,49.9025913205476,38.733693502855566,46.163273680528135
2026-09-27,EP152026,31,2026-09-29 06:00:00,2 days 06:00:00,54,20.27,-163.73,953.2,98.6,2.901300512581445,198.6771701436052,140.9662015135003,86.21067847494606,146.8595893302999,107.85362917566268,80.33566262032342,53.83702143751373,83.44842679271754,51.11064927854631,42.77529674227299,31.801902366497607,41.851583806634544
2026-09-27,EP152026,31,2026-09-29 12:00:00,2 days 12:00:00,60,21.21,-163.92,983.1,77.7,38.81634642352881,171.67662475196616,193.12833134124892,128.86808063246292,151.37835939752682,107.0062331853544,97.370243025149,70.38071183805476,90.98410622827603,58.74160572104533,50.70099865859781,37.73949737642163,47.30963621008699
2026-09-27,EP152026,31,2026-09-29 18:00:00,2 days 18:00:00,66,22.02,-164.06,985.1,66.8,34.54389174344308,231.2169846026748,184.4030922990906,109.70233071573549,192.0695731816332,104.72455191190642,90.20272324952344,60.4016923153471,82.76562771792403,34.54389174344308,12.585046894701868,7.417320101117757,15.119160516531192
2026-09-27,EP152026,31,2026-09-30 00:00:00,3 days 00:00:00,72,22.97,-163.81,990.1,58.9,64.20850913957005,229.1124176437102,214.83260339473145,125.91389595249616,185.45997855964444,64.20850913957005,41.130419115614906,27.399661862021347,38.06703473731812,0.0,0.0,0.0,0.0
2026-09-27,EP152026,31,2026-09-30 06:00:00,3 days 06:00:00,78,23.36,-163.94,987.0,58.5,75.53917727590114,204.0337105537622,174.8599416342175,107.64441967481554,145.56410475241566,75.53917727590114,58.67951313755512,40.84090502383472,53.79546694046735,0.0,0.0,0.0,0.0
2026-09-27,EP152026,31,2026-09-30 12:00:00,3 days 12:00:00,84,23.37,-164.06,991.1,51.7,27.71766562033865,208.79651551121293,149.97184288823684,142.57880749121523,182.96396971377655,27.71766562033865,7.829900081212875,8.33880759504176,12.594884694994615,0.0,0.0,0.0,0.0
2026-09-27,EP152026,31,2026-09-30 18:00:00,3 days 18:00:00,90,23.06,-164.67,994.0,47.4,50.72916599327918,254.17430174876196,183.34334427856092,168.60643145545146,246.7763976862616,0.0,0.0,0.0,0.0,0.0,0.0,0.0,0.0
2026-09-27,EP152026,31,2026-10-01 00:00:00,4 days 00:00:00,96,23.14,-165.77,995.0,44.2,92.22118757557644,261.0973808500705,181.6783811974039,144.3465208892415,229.03035107103105,0.0,0.0,0.0,0.0,0.0,0.0,0.0,0.0
2026-09-27,EP152026,31,2026-10-01 06:00:00,4 days 06:00:00,102,23.3,-166.47,994.1,52.4,92.29268391347894,301.1343446112022,194.2795390097004,157.14933519244738,284.44299167648387,170.87829952783403,135.6803544930641,105.40709231554791,143.12741418440987,0.0,0.0,0.0,0.0
2026-09-27,EP152026,31,2026-10-01 12:00:00,4 days 12:00:00,108,23.01,-167.76,992.4,50.7,65.74852464812984,252.8066798438192,145.80647591527108,109.04968157087256,264.5561003921162,100.83792868803484,71.37706990474878,59.76749571597249,93.69535840921831,0.0,0.0,0.0,0.0
2026-09-27,EP152026,31,2026-10-01 18:00:00,4 days 18:00:00,114,22.16,-168.74,986.3,59.8,28.580623416077504,184.7713987141204,143.63891768090522,122.99885440684288,143.191211683856,60.78466253682542,44.45294479222694,35.82425157693851,50.43724376076646,0.0,0.0,0.0,0.0
2026-09-27,EP152026,31,2026-10-02 00:00:00,5 days 00:00:00,120,22.14,-169.31,994.9,48.5,74.21848002017487,116.71018857945592,110.878290300539,98.63303799892536,99.86586280295889,0.0,0.0,0.0,0.0,0.0,0.0,0.0,0.0
2026-09-27,EP152026,31,2026-10-02 06:00:00,5 days 06:00:00,126,22.32,-169.36,989.8,51.7,66.8224698387116,232.6297739497915,182.77553087768484,150.00934849440625,218.96650226302145,66.8224698387116,7.335052405944468,1.2646576622037564,9.282807425275552,0.0,0.0,0.0,0.0
2026-09-27,EP152026,31,2026-10-02 12:00:00,5 days 12:00:00,132,22.19,-169.94,990.7,51.3,91.95680664536474,196.0918713083596,177.1966523629996,127.65502420400242,171.50196800493563,0.1951081592018093,0.0,0.0,91.95680664536474,0.0,0.0,0.0,0.0
2026-09-27,EP152026,31,2026-10-02 18:00:00,5 days 18:00:00,138,22.14,-170.61,990.1,53.1,78.54442112968528,164.2580310652758,135.5437667390528,86.22990066819025,146.1367109773585,78.54442112968528,14.617790577962996,3.8343129869064008,18.752570880791684,0.0,0.0,0.0,0.0
2026-09-27,EP152026,31,2026-10-03 00:00:00,6 days 00:00:00,144,21.95,-171.49,992.2,52.9,60.11854964776539,227.55842265482704,171.8264277913468,138.4655302789114,198.36616193129345,60.11854964776539,26.59241831859627,18.89999168488665,32.0870403698484,0.0,0.0,0.0,0.0
2026-09-27,EP152026,31,2026-10-03 06:00:00,6 days 06:00:00,150,21.84,-172.79,990.2,54.5,28.31630983144214,193.6574700334368,107.00297972038696,80.14647360095523,181.09888153704375,72.97022501662946,49.47127175156084,33.9524960908293,58.36943539490949,0.0,0.0,0.0,0.0
2026-09-27,EP152026,31,2026-10-03 12:00:00,6 days 12:00:00,156,21.77,-174.3,987.3,59.2,16.546081022498015,236.83687092051684,146.67833591387523,62.47828536418356,199.2341095926006,91.45578741434906,61.36077142648935,33.522812614862005,63.16881871289905,0.0,0.0,0.0,0.0
2026-09-27,EP152026,31,2026-10-03 18:00:00,6 days 18:00:00,162,21.94,-176.31,985.5,68.6,12.050541753669716,197.82321529038188,125.05161113215571,75.6129211000364,164.29626778116565,94.73925311140982,67.11043062139322,43.986156145650206,75.6917248614001,21.562436806261186,13.877041330624117,8.921644189538652,17.298273737699063
2026-09-27,EP152026,31,2026-10-04 00:00:00,7 days 00:00:00,168,22.21,-178.29,987.7,63.9,7.975804916259094,185.74050069086985,99.66031121400508,72.75750749840938,184.65571505991832,96.18075997353054,61.17006954110251,39.42904366393155,75.33631530725194,0.0,0.0,0.0,0.0
2026-09-27,EP152026,31,2026-10-04 06:00:00,7 days 06:00:00,174,22.67,179.25,985.3,65.3,27.6975893929755,233.2734834419856,177.12901769446796,93.94536184814794,181.8422696284895,95.31590053099634,77.09353998183119,49.80675910313938,80.75103971188976,27.6975893929755,3.64680256559605,0.0,7.117287537765435
2026-09-27,EP152026,31,2026-10-04 12:00:00,7 days 12:00:00,180,23.22,176.83,987.9,69.7,39.48273072485266,237.58334040616467,170.578078209445,87.7935332319569,186.44080662159388,107.54327059925872,78.97622331454191,53.14130521307793,89.7140167729317,45.51133289405156,32.55767091318879,25.66581453888485,37.31753994285958
2026-09-27,EP152026,31,2026-10-04 18:00:00,7 days 18:00:00,186,23.72,174.16,983.9,73.0,18.56835059406189,250.8119282913212,183.55513014402132,125.10524054588724,213.7696773387432,131.83357140053914,94.20163159840124,60.70064457867056,104.74870879052,51.04760565562038,36.60845980336909,25.160794714800797,40.80368011701091
2026-09-27,EP152026,31,2026-10-05 00:00:00,8 days 00:00:00,192,24.43,171.87,967.8,91.5,19.399205755390007,267.22009153215896,193.8938280153993,138.34598336407612,221.27810441503323,132.651658157722,105.40863096102088,74.79062495545449,113.98708260729074,71.63709239028904,57.96550755232955,45.09779571699622,59.99595088125192
2026-09-27,EP152026,31,2026-10-05 06:00:00,8 days 06:00:00,198,24.84,170.01,968.8,92.6,21.37582050713056,248.30766575211143,201.20585430749028,133.04290742716418,208.4835225562295,102.94417258735656,73.99493863529574,49.30880132700493,82.31746722736429,58.09011031151296,45.02652573148109,33.40628251693281,48.21823731875425
2026-09-27,EP152026,31,2026-10-05 12:00:00,8 days 12:00:00,204,25.17,168.32,976.7,71.9,27.420407257668103,215.53111713917127,179.7788959273423,111.7476688527894,156.8757115453836,100.20437983352912,74.62167554737673,48.89920136429918,75.71519770133656,40.00955502484165,30.59041319776688,23.33191224427803,33.57871247569773
2026-09-27,EP152026,31,2026-10-05 18:00:00,8 days 18:00:00,210,25.7,166.66,978.3,79.7,36.11236358465308,282.59593149476655,206.5398521828395,170.82384987160648,234.86228150178124,156.85482629984017,130.95101377255472,95.07727670916366,135.6909015206378,66.2915412178723,54.959815581576784,41.48361223800116,56.635383426280704
2026-09-27,EP152026,31,2026-10-06 00:00:00,9 days 00:00:00,216,26.05,164.99,969.5,85.2,0.0,195.0213636623648,146.17492369589854,98.30269050847936,149.0767840921635,106.26861123646086,77.47283882112652,50.29652030207785,83.3043663957942,36.15634754988992,26.887321627967367,17.708405271819743,30.668607404405407
2026-09-27,EP152026,31,2026-10-06 06:00:00,9 days 06:00:00,222,26.57,163.33,969.1,92.7,21.576770827845134,218.36120487680117,188.1860341978065,131.09401670392646,188.3659611601534,97.27438857538442,74.34577389763723,63.96122599694503,82.33141510972104,55.33272881864153,45.11643092585631,38.66327775273423,47.1264199652189
2026-09-27,EP152026,31,2026-10-06 12:00:00,9 days 12:00:00,228,27.31,161.55,972.8,85.9,50.0468032778179,212.90992991450105,206.141626110547,103.06290422021078,181.3429296286264,138.18280038763987,99.00112834450148,69.94942588655204,115.04295345087807,65.48351148560158,51.768059584884185,38.15031989463032,55.15727672837278
2026-09-27,EP152026,31,2026-10-06 18:00:00,9 days 18:00:00,234,28.17,159.86,986.7,69.3,23.84398769189997,241.3630790337886,177.087398187919,84.0751242844477,183.0576837615863,93.6543808664675,67.40967591447716,34.59502237449448,67.11605448671762,23.84398769189997,0.0,0.0,1.6607752798741056
2026-09-27,EP152026,31,2026-10-07 00:00:00,10 days 00:00:00,240,29.31,158.21,986.0,63.1,41.219655822717726,193.10174960327345,140.17549229397588,109.23776173222586,184.869455761184,95.4315418512831,74.13494875768629,54.41588313878441,84.29611475078258,0.0,0.0,0.0,0.0
2026-09-27,EP152026,31,2026-10-07 06:00:00,10 days 06:00:00,246,30.57,157.26,980.8,71.5,18.48286156652648,217.2178164575671,214.44125605786397,120.077318817599,142.194882240281,106.26190246568147,88.13474393717843,53.422585520551365,74.39833771544,36.09611075025168,28.581144707372005,21.056742905670035,28.275977200664784
2026-09-27,EP152026,31,2026-10-07 12:00:00,10 days 12:00:00,252,31.83,156.33,989.3,61.8,16.292649748174146,208.61594375045888,135.7599053114285,62.744004253993246,164.90681838031566,125.73418676527102,94.91400380481836,53.18449748949556,88.82093070651723,0.0,0.0,0.0,0.0
2026-09-27,EP152026,31,2026-10-07 18:00:00,10 days 18:00:00,258,33.45,156.03,993.1,57.5,21.701198090573968,193.9731998322734,194.83797618731683,126.93620278291262,168.6653589330973,125.63326040589013,113.54979833872233,72.6085301351709,94.10163902946329,0.0,0.0,0.0,0.0
2026-09-27,EP152026,31,2026-10-08 00:00:00,11 days 00:00:00,264,34.9,156.49,995.0,61.0,37.82690162157385,155.65920313087446,103.97906293040938,90.66232140482587,105.7546654515683,109.02477982983976,98.9483428345261,62.85188712679141,77.22690786152306,0.0,0.0,0.0,0.0
2026-09-27,EP152026,31,2026-10-08 06:00:00,11 days 06:00:00,270,36.03,157.67,985.6,58.5,51.18808792730467,219.3031694238209,219.53241242211888,118.56006489778996,131.82061193361358,51.18808792730467,43.04300898407826,21.85993323902634,27.38317781945809,0.0,0.0,0.0,0.0
2026-09-27,EP152026,31,2026-10-08 12:00:00,11 days 12:00:00,276,36.91,159.17,998.4,47.4,111.92124646253524,179.9112697656066,214.9467625603083,166.4125502745414,145.5414809374317,0.0,0.0,0.0,0.0,0.0,0.0,0.0,0.0
2026-09-27,EP152026,31,2026-10-08 18:00:00,11 days 18:00:00,282,37.32,160.7,1001.5,43.5,84.94350055345706,87.86723565268045,125.17200526120985,45.889890573062445,54.9862340653919,0.0,0.0,0.0,0.0,0.0,0.0,0.0,0.0
2026-09-27,EP152026,31,2026-10-09 00:00:00,12 days 00:00:00,288,37.47,162.26,1000.8,36.8,54.15560788299901,54.15560788299901,27.137174350800123,0.0,14.132150499238946,0.0,0.0,0.0,0.0,0.0,0.0,0.0,0.0
2026-09-27,EP152026,31,2026-10-09 06:00:00,12 days 06:00:00,294,37.7,163.43,1003.2,30.9,96.91043029431822,0.0,0.0,0.0,0.0,0.0,0.0,0.0,0.0,0.0,0.0,0.0,0.0
2026-09-27,EP152026,31,2026-10-09 12:00:00,12 days 12:00:00,300,38.19,164.67,1005.6,26.8,86.11333521324356,0.0,0.0,0.0,0.0,0.0,0.0,0.0,0.0,0.0,0.0,0.0,0.0
2026-09-27,EP152026,31,2026-10-09 18:00:00,12 days 18:00:00,306,39.1,161.11,990.0,40.2,116.48132265863023,82.18100324785173,119.06284140634868,52.05170678032808,51.88038842620592,0.0,0.0,0.0,0.0,0.0,0.0,0.0,0.0
2026-09-27,EP152026,31,2026-10-10 00:00:00,13 days 00:00:00,312,41.28,158.66,973.2,51.9,171.51787146299597,571.650740943338,696.5199044003654,570.2751230302272,441.8379291550944,122.0739471171338,171.51787146299597,126.98007950104852,84.5659547735761,0.0,0.0,0.0,0.0
2026-09-27,EP152026,31,2026-10-10 06:00:00,13 days 06:00:00,318,43.76,160.84,970.6,51.4,177.28687582291423,450.5398142823781,564.0916674795315,442.11545770333385,350.4537226956838,117.69766723716693,177.28687582291423,129.94699616658932,101.9890682241506,0.0,0.0,0.0,0.0
2026-09-27,EP152026,31,2026-10-10 12:00:00,13 days 12:00:00,324,45.46,165.01,974.5,41.0,199.04385968934048,378.9870606409852,505.97078702463455,377.4119237604493,291.2571999241261,0.0,0.0,0.0,0.0,0.0,0.0,0.0,0.0
2026-09-27,EP152026,31,2026-10-10 18:00:00,13 days 18:00:00,330,45.7,168.66,989.4,46.2,101.86513646292872,199.51607482801592,239.45957766325705,206.48103958350657,159.98879729816122,0.0,0.0,0.0,0.0,0.0,0.0,0.0,0.0
2026-09-27,EP152026,31,2026-10-11 00:00:00,14 days 00:00:00,336,44.98,171.46,999.7,41.4,102.3807941679483,198.7518001224081,235.0162778784055,208.6430756559795,185.0565206495378,0.0,0.0,0.0,0.0,0.0,0.0,0.0,0.0
2026-09-27,EP162026,31,2026-09-27 00:00:00,0 days 00:00:00,0,20.8,-123.6,975.0,76.0,28.0,167.0,167.0,148.0,185.0,93.0,74.0,74.0,93.0,65.0,46.0,37.0,56.0
2026-09-27,EP162026,31,2026-09-27 06:00:00,0 days 06:00:00,6,21.46,-123.55,988.4,62.5,45.89552605916569,179.91646029829153,158.65859635849796,99.13496877030782,162.11273290360532,120.8711685551761,94.34269937252864,68.56563369312354,94.856148579109,0.0,0.0,0.0,0.0
2026-09-27,EP162026,31,2026-09-27 12:00:00,0 days 12:00:00,12,22.06,-123.19,997.7,44.7,36.58143406957023,122.18030184514186,116.98130591930014,56.160690172421454,95.58729385293152,0.0,0.0,0.0,0.0,0.0,0.0,0.0,0.0
2026-09-27,EP162026,31,2026-09-27 18:00:00,0 days 18:00:00,18,22.06,-123.26,1000.8,36.1,140.2318574200405,0.0,140.2318574200405,7.85295258489522,0.0,0.0,0.0,0.0,0.0,0.0,0.0,0.0,0.0
2026-09-27,EP162026,31,2026-09-28 00:00:00,1 days 00:00:00,24,22.2,-123.13,1001.4,34.4,68.63475458111293,10.484647615767232,9.151339258446985,14.226791098355488,68.63475458111293,0.0,0.0,0.0,0.0,0.0,0.0,0.0,0.0
2026-09-27,EP162026,31,2026-09-28 06:00:00,1 days 06:00:00,30,22.28,-122.86,1004.0,28.4,83.65787202291284,0.0,0.0,0.0,0.0,0.0,0.0,0.0,0.0,0.0,0.0,0.0,0.0
2026-09-27,EP162026,31,2026-09-28 12:00:00,1 days 12:00:00,36,22.2,-122.79,1004.7,22.6,118.9786028738686,0.0,0.0,0.0,0.0,0.0,0.0,0.0,0.0,0.0,0.0,0.0,0.0
2026-09-27,EP162026,31,2026-09-28 18:00:00,1 days 18:00:00,42,21.85,-122.67,1007.2,20.9,107.2387439939932,0.0,0.0,0.0,0.0,0.0,0.0,0.0,0.0,0.0,0.0,0.0,0.0
2026-09-27,EP162026,31,2026-09-29 00:00:00,2 days 00:00:00,48,21.52,-122.3,1004.3,23.8,86.01129713660048,0.0,0.0,0.0,0.0,0.0,0.0,0.0,0.0,0.0,0.0,0.0,0.0
2026-09-27,EP162026,31,2026-09-29 06:00:00,2 days 06:00:00,54,21.13,-122.5,1006.9,24.4,133.63540009199227,0.0,0.0,0.0,0.0,0.0,0.0,0.0,0.0,0.0,0.0,0.0,0.0
2026-09-27,EP162026,31,2026-09-29 12:00:00,2 days 12:00:00,60,20.56,-122.03,1004.9,25.3,140.97777766021022,0.0,0.0,0.0,0.0,0.0,0.0,0.0,0.0,0.0,0.0,0.0,0.0
2026-09-27,EP162026,31,2026-09-29 18:00:00,2 days 18:00:00,66,19.72,-122.8,1006.1,16.1,126.60767490539855,0.0,0.0,0.0,0.0,0.0,0.0,0.0,0.0,0.0,0.0,0.0,0.0
2026-09-27,EP172026,31,2026-09-27 00:00:00,0 days 00:00:00,0,19.0,-112.9,946.0,111.0,28.0,259.0,185.0,167.0,185.0,111.0,111.0,93.0,93.0,65.0,65.0,46.0,56.0
2026-09-27,EP172026,31,2026-09-27 06:00:00,0 days 06:00:00,6,19.58,-113.21,950.9,114.2,48.26103648266209,174.408012965897,148.89888157178552,151.3320703220752,165.6626595915393,78.68973555757952,67.87329256903882,56.42077466551655,65.43312365817201,48.26103648266209,39.73981022791244,30.871549852216877,39.31032125171328
2026-09-27,EP172026,31,2026-09-27 12:00:00,0 days 12:00:00,12,20.6,-113.58,954.1,108.1,11.96476246902496,227.3597720608668,234.6810775486992,165.74151449557797,155.15859349643233,98.24319063412582,87.18200902456418,59.3173184802284,69.24862374753042,45.42694219783496,40.01592805351736,31.150436689149004,36.3154369019816
2026-09-27,EP172026,31,2026-09-27 18:00:00,0 days 18:00:00,18,21.47,-113.84,953.8,105.5,0.6871858945114582,174.60228475988015,208.316269583248,141.6142644687144,144.67931726570885,102.368669471678,96.16957793090876,66.71287611030624,76.29499247779006,58.531393677860365,52.55164933322499,39.256125390002325,48.39757915988719
2026-09-27,EP172026,31,2026-09-28 00:00:00,1 days 00:00:00,24,22.27,-113.88,956.8,104.7,20.333173415264923,170.32963136869057,193.4976855946259,160.79530393419412,157.85477781387817,90.03629359618823,79.87995424493475,55.365821571660064,61.91183715581605,56.21161270837231,48.57815831257557,38.05324828404236,45.85305731949497
2026-09-27,EP172026,31,2026-09-28 06:00:00,1 days 06:00:00,30,23.16,-114.09,960.1,95.8,37.85348887621856,128.88732555924108,140.3551390381966,131.21838253658146,131.96360246839623,70.03574185615022,66.60616995162587,46.100148963839615,52.18629797777466,50.10296191190631,45.03851812493816,33.94972521896004,41.139781685788975
2026-09-27,EP172026,31,2026-09-28 12:00:00,1 days 12:00:00,36,23.97,-113.75,957.0,97.1,11.566619225832724,196.90949879183955,238.93763865598837,144.29408892182062,121.9565469199531,114.70034988361806,113.40349885789988,77.2231397051352,75.78673027486846,63.417267726364415,60.502024900360425,48.86268985153784,49.365903422653815
2026-09-27,EP172026,31,2026-09-28 18:00:00,1 days 18:00:00,42,24.88,-113.16,968.1,98.3,28.659052904702783,177.80289624880757,219.3496064943925,126.75767020783309,128.80752126839525,89.14108164730331,99.26290352762469,70.16809585039583,71.74654984661856,54.85871196051019,49.479311369431024,40.596248937013584,41.97719933539564
2026-09-27,EP172026,31,2026-09-29 00:00:00,2 days 00:00:00,48,25.84,-112.34,968.3,82.4,10.850929762891894,224.29494477563023,213.4485238099397,105.06329476767492,139.77142293837716,98.27793037732496,86.89826494488847,54.42737221186154,61.76491346587191,20.89052307937112,18.411292495704625,13.313301212873125,14.992438530386138
2026-09-27,EP172026,31,2026-09-29 06:00:00,2 days 06:00:00,54,26.89,-111.44,975.6,75.8,5.521011037244975,128.21677392279076,146.1331442475118,85.12992322522067,61.28723337429952,59.47353313912284,64.63067123175182,42.6947456988278,43.44736852675117,25.7728362943571,27.286291522583912,19.644836810372954,20.41652215285346
2026-09-27,EP172026,31,2026-09-29 12:00:00,2 days 12:00:00,60,28.09,-110.6,994.4,52.1,58.02543344676265,205.64808399905309,218.12185551340028,99.53011353211328,131.29905572018475,32.481776287437484,58.02543344676265,16.92966404506484,19.43246243818964,0.0,0.0,0.0,0.0
2026-09-27,EP902026,31,2026-09-27 00:00:00,0 days 00:00:00,0,12.0,-98.6,1008.0,25.0,111.0,0.0,0.0,0.0,0.0,0.0,0.0,0.0,0.0,0.0,0.0,0.0,0.0
2026-09-27,EP902026,31,2026-09-27 06:00:00,0 days 06:00:00,6,11.82,-98.6,1006.8,25.7,120.6782178649029,0.0,0.0,0.0,0.0,0.0,0.0,0.0,0.0,0.0,0.0,0.0,0.0
2026-09-27,EP902026,31,2026-09-27 12:00:00,0 days 12:00:00,12,12.12,-98.42,1004.3,33.0,91.6052455343324,0.0,0.0,0.0,0.0,0.0,0.0,0.0,0.0,0.0,0.0,0.0,0.0
2026-09-27,EP902026,31,2026-09-27 18:00:00,0 days 18:00:00,18,12.28,-99.09,1004.7,35.5,166.86581135791062,13.754708641425566,166.86581135791062,0.0,0.0,0.0,0.0,0.0,0.0,0.0,0.0,0.0,0.0
2026-09-27,EP902026,31,2026-09-28 00:00:00,1 days 00:00:00,24,12.45,-99.35,1001.8,41.2,82.8806283648837,166.40684211319422,147.1542449802173,92.34637435521245,130.9706135585193,0.0,0.0,0.0,0.0,0.0,0.0,0.0,0.0
2026-09-27,EP902026,31,2026-09-28 06:00:00,1 days 06:00:00,30,12.62,-100.08,999.2,44.8,116.74497843936194,116.74497843936194,42.37091129776255,12.37475489660068,48.50037691972498,0.0,0.0,0.0,0.0,0.0,0.0,0.0,0.0
2026-09-27,EP902026,31,2026-09-28 12:00:00,1 days 12:00:00,36,13.36,-100.64,998.1,52.8,66.0903399208409,250.7288422029564,217.76957073510908,142.26108354511257,196.4250199226388,66.0903399208409,30.0168362974344,13.71141441715334,23.639711596977648,0.0,0.0,0.0,0.0
2026-09-27,EP902026,31,2026-09-28 18:00:00,1 days 18:00:00,42,13.64,-101.85,1001.7,46.8,81.4233721051346,280.82317389236414,243.6377151075485,215.395681402124,259.423647805068,0.0,0.0,0.0,0.0,0.0,0.0,0.0,0.0
2026-09-27,EP902026,31,2026-09-29 00:00:00,2 days 00:00:00,48,13.86,-102.97,997.9,49.4,55.09505127646793,274.61975215882285,211.71558439380487,158.24715389680205,239.21400449752537,0.0,0.0,0.0,0.0,0.0,0.0,0.0,0.0
2026-09-27,EP902026,31,2026-09-29 06:00:00,2 days 06:00:00,54,14.52,-104.03,996.4,48.9,65.81938773095047,146.76961383459738,136.02244618577424,86.06869089620938,84.57738661092337,0.0,0.0,0.0,0.0,0.0,0.0,0.0,0.0
2026-09-27,EP902026,31,2026-09-29 12:00:00,2 days 12:00:00,60,14.84,-104.97,986.7,55.3,79.90911936246215,195.9328045768768,208.3324655003335,163.1063694849667,154.5642222673968,79.90911936246215,12.94550020663668,3.923065181109888,4.900398417956472,0.0,0.0,0.0,0.0
2026-09-27,EP902026,31,2026-09-29 18:00:00,2 days 18:00:00,66,15.53,-105.93,987.9,59.6,46.81812068292124,208.02675769629417,194.29333756897023,164.81897383836258,179.78075441835605,143.52403057034502,123.12343046870998,88.2506615856264,115.84694359206236,0.0,0.0,0.0,0.0
2026-09-27,EP902026,31,2026-09-30 00:00:00,3 days 00:00:00,72,15.88,-106.78,979.3,71.9,31.871497450231963,227.67778187837595,242.9864701337335,179.11020960803987,200.4426360834662,124.04973015503823,111.57613534815464,80.39779735022385,101.11717511375684,51.30235804041503,45.05274572453448,37.481405781845496,42.32537357061108
2026-09-27,EP902026,31,2026-09-30 06:00:00,3 days 06:00:00,78,16.25,-107.65,973.2,79.8,16.75043619934028,237.4438091447024,236.4556247572152,173.75478011982958,185.43164430342696,124.14727784624722,94.791749097852,64.13388914144491,99.95098505254288,43.02521430827198,30.342387529290125,21.80158995684356,34.933594827948085
2026-09-27,EP902026,31,2026-09-30 12:00:00,3 days 12:00:00,84,17.19,-108.54,963.5,92.1,19.891797376415525,230.6793705131222,246.4571939208872,179.52934728070613,168.42474159773155,66.70482813797526,64.45079816998441,49.60735079342157,49.34361655204066,30.984455127920683,29.136548740456877,23.992639635798696,28.815926927266677
2026-09-27,EP902026,31,2026-09-30 18:00:00,3 days 18:00:00,90,17.2,-109.39,976.6,76.6,50.74400294690189,207.1332657575232,198.3924699289389,153.82451285457262,159.42836115646475,87.59074770538777,68.2473335170887,45.82642652884821,68.86621029425041,50.74400294690189,20.37885546354562,15.28048892479857,21.99562885309748
2026-09-27,EP902026,31,2026-10-01 00:00:00,4 days 00:00:00,96,17.69,-109.82,971.0,78.5,55.76851312233947,227.48723986368543,232.02693694387528,192.2468077783689,182.3213336926792,94.242928847935,85.4655105148054,68.99736436838415,79.41194837116265,55.76851312233947,35.290504623404026,28.047078217214192,33.58063135404083
2026-09-27,EP902026,31,2026-10-01 06:00:00,4 days 06:00:00,102,17.92,-110.24,975.0,76.3,44.39410260353634,217.1651056471237,218.21519987829012,214.43735133381412,222.86684868003795,92.63214918420636,86.79890319509104,78.98682685278982,85.75798381121604,44.39410260353634,39.94408057324836,34.51238012106751,38.62451933016973
2026-09-27,EP902026,31,2026-10-01 12:00:00,4 days 12:00:00,108,17.77,-110.9,974.4,74.9,41.066520173597326,250.6283697575268,210.92791071187457,222.6531857605719,260.55208980930456,125.8874446592663,115.837489092777,105.34544400759808,119.63706410748978,54.47457118128887,49.35554698735211,43.85511170907648,49.80256642010954
2026-09-27,EP902026,31,2026-10-01 18:00:00,4 days 18:00:00,114,17.64,-111.43,972.4,76.7,16.696240634302626,200.3649291636721,183.40981933369767,154.59671630681805,164.46216205845394,103.9343213862694,82.89495706029993,70.91736470987712,89.7745068755844,41.99999808721327,35.215575640584234,31.123372985746528,38.241511842320506
2026-09-27,EP902026,31,2026-10-02 00:00:00,5 days 00:00:00,120,17.75,-111.29,980.4,65.6,45.183337125850535,216.75541270081607,280.0172060620449,230.10835384291988,195.77920394693808,135.7036563989758,133.8957239837134,102.42583887215034,110.72458875356142,45.183337125850535,24.275431055718048,19.15547330232675,22.584704112860425
2026-09-27,EP902026,31,2026-10-02 06:00:00,5 days 06:00:00,126,17.54,-111.65,977.0,70.2,39.07213031977781,213.459443772598,262.5402791257934,243.96140986617308,221.90785692659955,137.46324273972695,135.85524102010024,112.3298979217048,111.83273201733218,39.07213031977781,6.149894376620155,5.224034462192755,6.401306454765986
2026-09-27,EP902026,31,2026-10-02 12:00:00,5 days 12:00:00,132,17.85,-111.3,976.8,74.5,44.05571712490884,155.9527872421903,203.4095236349794,194.65457477543748,156.04565842216817,82.70806502266055,90.46972201085006,71.64265372486017,62.31154129267964,35.15579735630725,44.05571712490884,31.67820502895527,30.21443944539645
2026-09-27,EP902026,31,2026-10-02 18:00:00,5 days 18:00:00,138,18.38,-111.19,982.9,59.8,48.93253013291811,259.24895739032763,275.5922447315992,225.76525049519915,222.75038325226265,170.8391660775731,162.9209603585593,123.44657551040233,128.4770017676135,0.0,0.0,0.0,0.0
2026-09-27,EP902026,31,2026-10-03 00:00:00,6 days 00:00:00,144,18.95,-111.29,978.8,61.9,40.82092976329137,182.5350709535969,214.02996981702523,162.14491233743485,143.9224513880095,101.61609048505916,90.6589724564894,60.41470088957232,71.41980829614995,0.0,0.0,0.0,0.0
2026-09-27,EP902026,31,2026-10-03 06:00:00,6 days 06:00:00,150,19.51,-111.79,980.4,63.6,40.36897954526343,193.25702650322415,221.91312258694165,161.54949778930728,167.56958866960434,119.77322743069456,101.37835441636078,70.90638544371787,88.9849940164711,0.0,0.0,0.0,0.0
2026-09-27,EP902026,31,2026-10-03 12:00:00,6 days 12:00:00,156,19.86,-112.02,977.3,67.3,34.4360736343835,157.144081593726,173.38110379275614,153.78876575393792,130.95044320292698,94.8035380185094,85.35340268584423,64.26417002766492,75.32649676979526,34.4360736343835,17.68050086295682,13.733642966231958,18.272533606036934
2026-09-27,EP902026,31,2026-10-03 18:00:00,6 days 18:00:00,162,20.11,-112.17,982.6,56.7,19.31840328140437,120.52242839838053,150.49465295742235,118.492040183423,102.40983907301988,74.8222771429293,66.02234198382908,45.01648316841165,54.6086409046747,0.0,0.0,0.0,0.0
2026-09-27,EP902026,31,2026-10-04 00:00:00,7 days 00:00:00,168,20.39,-112.24,985.8,51.3,58.74699266888456,182.75065751676837,209.0098755589776,174.4611304471034,180.5482815798698,104.41630316323152,98.21519205791088,71.07214160166046,82.09025133232655,0.0,0.0,0.0,0.0
2026-09-27,EP902026,31,2026-10-04 06:00:00,7 days 06:00:00,174,21.07,-112.38,986.9,54.4,50.07925126702861,224.7368530518646,238.75904706183124,158.08380066628,159.1023181845625,50.07925126702861,17.677140902052663,5.4890072143845146,11.59698823152554,0.0,0.0,0.0,0.0
2026-09-27,EP902026,31,2026-10-04 12:00:00,7 days 12:00:00,180,21.69,-112.95,986.0,54.3,44.24415605579367,196.96968249115343,182.08995188494293,108.79688871784822,127.56291519825544,44.24415605579367,21.53615805823391,10.6354131608146,15.088287632127358,0.0,0.0,0.0,0.0
2026-09-27,EP902026,31,2026-10-04 18:00:00,7 days 18:00:00,186,22.3,-113.75,995.5,47.3,62.39399092589071,183.7399855498395,176.0301773122501,128.37078153524152,136.32788678206236,0.0,0.0,0.0,0.0,0.0,0.0,0.0,0.0
2026-09-27,EP902026,31,2026-10-05 00:00:00,8 days 00:00:00,192,22.97,-114.6,993.7,47.8,89.11789553740738,230.30972004348587,222.7919059223195,181.44541361805145,182.8752303332348,0.0,0.0,0.0,0.0,0.0,0.0,0.0,0.0
2026-09-27,EP902026,31,2026-10-05 06:00:00,8 days 06:00:00,198,23.55,-115.9,993.2,43.4,76.17737316076625,229.77726042220587,186.4405772805842,138.5408490859386,188.89525086684444,0.0,0.0,0.0,0.0,0.0,0.0,0.0,0.0
2026-09-27,EP902026,31,2026-10-05 12:00:00,8 days 12:00:00,204,24.18,-117.46,997.4,47.2,64.89583353267949,186.94744681773045,176.00276900456174,125.05647287895545,136.03797288887745,0.0,0.0,0.0,0.0,0.0,0.0,0.0,0.0
2026-09-27,EP902026,31,2026-10-05 18:00:00,8 days 18:00:00,210,25.05,-118.96,997.9,46.4,81.66293318523219,280.0989173224634,230.5155885261904,176.14171428642658,215.65667889355245,0.0,0.0,0.0,0.0,0.0,0.0,0.0,0.0
2026-09-27,EP902026,31,2026-10-06 00:00:00,9 days 00:00:00,216,25.68,-120.41,999.2,41.6,64.76335949562835,84.64911033397924,66.60696282528171,21.94975937259023,54.14795298710615,0.0,0.0,0.0,0.0,0.0,0.0,0.0,0.0
2026-09-27,EP902026,31,2026-10-06 06:00:00,9 days 06:00:00,222,26.4,-121.55,995.8,41.2,67.41830280286246,171.21488770754468,124.416060306453,87.48933687454928,112.8338389101553,0.0,0.0,0.0,0.0,0.0,0.0,0.0,0.0
2026-09-27,EP902026,31,2026-10-06 12:00:00,9 days 12:00:00,228,27.24,-122.57,1002.1,38.3,113.64684135433646,113.64684135433646,58.8191514586884,25.21014445472164,33.214139518251514,0.0,0.0,0.0,0.0,0.0,0.0,0.0,0.0
2026-09-27,EP902026,31,2026-10-06 18:00:00,9 days 18:00:00,234,28.06,-123.25,1003.4,32.1,52.78258761259391,0.0,0.0,0.0,0.0,0.0,0.0,0.0,0.0,0.0,0.0,0.0,0.0
2026-09-27,EP902026,31,2026-10-07 00:00:00,10 days 00:00:00,240,28.88,-123.3,998.9,32.8,111.42830565487188,0.0,0.0,0.0,0.0,0.0,0.0,0.0,0.0,0.0,0.0,0.0,0.0
2026-09-27,EP902026,31,2026-10-07 06:00:00,10 days 06:00:00,246,29.15,-123.93,1004.5,22.2,118.03450308096728,0.0,0.0,0.0,0.0,0.0,0.0,0.0,0.0,0.0,0.0,0.0,0.0
2026-09-27,EP902026,31,2026-10-07 12:00:00,10 days 12:00:00,252,29.41,-124.03,1005.9,22.3,124.8355546794317,0.0,0.0,0.0,0.0,0.0,0.0,0.0,0.0,0.0,0.0,0.0,0.0
2026-09-27,EP902026,31,2026-10-07 18:00:00,10 days 18:00:00,258,30.0,-124.17,1007.5,22.8,140.8818376068739,0.0,0.0,0.0,0.0,0.0,0.0,0.0,0.0,0.0,0.0,0.0,0.0
2026-09-27,EP902026,31,2026-10-08 00:00:00,11 days 00:00:00,264,30.25,-124.64,1008.6,19.9,121.78414706851105,0.0,0.0,0.0,0.0,0.0,0.0,0.0,0.0,0.0,0.0,0.0,0.0
2026-09-27,EP902026,31,2026-10-08 06:00:00,11 days 06:00:00,270,30.32,-125.12,1008.5,14.5,89.1537503369259,0.0,0.0,0.0,0.0,0.0,0.0,0.0,0.0,0.0,0.0,0.0,0.0
2026-09-27,EP902026,31,2026-10-08 12:00:00,11 days 12:00:00,276,30.99,-125.38,1009.0,19.6,104.29811622350007,0.0,0.0,0.0,0.0,0.0,0.0,0.0,0.0,0.0,0.0,0.0,0.0
2026-09-27,EP902026,31,2026-10-08 18:00:00,11 days 18:00:00,282,31.29,-125.39,1014.1,11.9,137.68175708302357,0.0,0.0,0.0,0.0,0.0,0.0,0.0,0.0,0.0,0.0,0.0,0.0
2026-09-27,EP902026,31,2026-10-09 00:00:00,12 days 00:00:00,288,32.02,-125.36,1010.6,12.5,105.11461480153164,0.0,0.0,0.0,0.0,0.0,0.0,0.0,0.0,0.0,0.0,0.0,0.0
2026-09-27,WP252026,31,2026-09-27 00:00:00,0 days 00:00:00,0,24.6,127.6,964.0,89.0,22.0,102.0,121.0,102.0,93.0,,,,,,,,
2026-09-27,WP252026,31,2026-09-27 06:00:00,0 days 06:00:00,6,25.28,128.28,936.8,125.4,36.74622243443902,111.773105216383,137.6518772872107,129.5256921806268,120.61037733903548,61.67690887994816,85.61008039859695,77.37389409854157,57.66354883202523,50.81375045229219,55.26446701381961,51.66604274542958,43.641118204879234
2026-09-27,WP252026,31,2026-09-27 12:00:00,0 days 12:00:00,12,25.88,129.14,946.4,110.9,31.583342511963288,119.33848397243842,167.52342041692324,127.437218814801,92.24007299750023,76.20477386885092,85.94038359848537,65.69748281000054,58.18609192001947,44.185829235283535,43.9968145159675,37.108504109423336,37.92781428161945
2026-09-27,WP252026,31,2026-09-27 18:00:00,0 days 18:00:00,18,26.49,129.94,966.7,90.7,17.923490127797777,128.48126351902147,152.07598169348512,105.26367529099662,103.1446978892136,71.20923683237629,79.44258842098361,57.220108400191975,54.07181572677655,36.47675651874852,37.666431899650206,28.37151161022064,28.05615055639544
2026-09-27,WP252026,31,2026-09-28 00:00:00,1 days 00:00:00,24,27.02,130.81,972.3,82.6,48.63741249077415,144.33239624390797,157.45335025126886,146.8296837757523,98.86066775878706,88.87348956909682,94.2209472156214,73.5159456478076,67.930440558336,50.4746446058854,50.76884722074385,39.58161971698169,40.897926185778665
2026-09-27,WP252026,31,2026-09-28 06:00:00,1 days 06:00:00,30,27.3,131.86,981.0,67.9,40.05705505140897,111.48955879504858,151.18419595853862,94.8770211276862,77.24763914746111,61.064593280532414,64.17138965153191,45.8776978218165,46.88073450413286,9.578594718507574,40.05705505140897,9.127444585158344,6.880410436441695
2026-09-27,WP252026,31,2026-09-28 12:00:00,1 days 12:00:00,36,27.77,132.54,987.8,61.0,37.432236845142256,72.1173598064006,117.5052978316494,109.32442355359149,63.93444081892403,69.8277597413728,74.64250305396718,54.54779527540177,56.56278437232709,0.0,0.0,0.0,0.0
2026-09-27,WP252026,31,2026-09-28 18:00:00,1 days 18:00:00,42,28.28,133.39,994.1,53.8,64.1652940552583,147.5633449717244,150.96206749436453,101.74786718913992,107.73566377866771,64.1652940552583,23.500479929196235,14.93184931076889,15.09613552300135,0.0,0.0,0.0,0.0
2026-09-27,WP252026,31,2026-09-29 00:00:00,2 days 00:00:00,48,28.96,134.22,994.9,44.6,28.4929230867441,114.53060040224705,133.79735198523167,73.87502341058303,54.408416354703775,0.0,0.0,0.0,0.0,0.0,0.0,0.0,0.0
2026-09-27,WP252026,31,2026-09-29 06:00:00,2 days 06:00:00,54,29.53,135.47,1000.0,39.7,51.12063701308111,87.75429951455607,106.55242417414009,63.47223708019071,53.02171382519825,0.0,0.0,0.0,0.0,0.0,0.0,0.0,0.0
2026-09-27,WP252026,31,2026-09-29 12:00:00,2 days 12:00:00,60,30.31,136.93,996.1,43.9,65.8504914662592,229.5752543788141,250.2516337782975,160.23353888696707,165.28678075891642,0.0,0.0,0.0,0.0,0.0,0.0,0.0,0.0
2026-09-27,WP252026,31,2026-09-29 18:00:00,2 days 18:00:00,66,30.85,138.06,996.9,39.2,71.91794129927005,139.31298348427927,130.30146595122037,80.36658704540405,91.03081958980836,0.0,0.0,0.0,0.0,0.0,0.0,0.0,0.0
2026-09-27,WP252026,31,2026-09-30 00:00:00,3 days 00:00:00,72,31.57,139.55,1000.8,37.8,88.44446078812774,127.5646894057515,151.36319832462186,110.89363559749944,88.29167803316301,0.0,0.0,0.0,0.0,0.0,0.0,0.0,0.0
2026-09-27,WP252026,31,2026-09-30 06:00:00,3 days 06:00:00,78,32.06,141.18,998.6,33.6,49.15294776833306,0.0,0.0,0.0,0.0,0.0,0.0,0.0,0.0,0.0,0.0,0.0,0.0
2026-09-27,WP252026,31,2026-09-30 12:00:00,3 days 12:00:00,84,32.57,142.77,998.1,42.3,33.81201875088989,50.98676027228288,78.98523310649621,53.81292899644373,29.5006041446598,0.0,0.0,0.0,0.0,0.0,0.0,0.0,0.0
2026-09-27,WP252026,31,2026-09-30 18:00:00,3 days 18:00:00,90,33.31,144.0,996.5,39.5,68.3097085310967,58.97894146245272,82.24325551154595,42.10637509182692,41.94097330695217,0.0,0.0,0.0,0.0,0.0,0.0,0.0,0.0
2026-09-27,WP252026,31,2026-10-01 00:00:00,4 days 00:00:00,96,33.97,145.24,996.2,40.9,35.29697672384806,84.76389535554563,114.56209173098684,92.5949869791217,71.76490232673356,0.0,0.0,0.0,0.0,0.0,0.0,0.0,0.0
2026-09-27,WP252026,31,2026-10-01 06:00:00,4 days 06:00:00,102,34.76,145.93,997.0,31.9,80.42997620395334,0.0,0.0,0.0,0.0,0.0,0.0,0.0,0.0,0.0,0.0,0.0,0.0
2026-09-27,WP252026,31,2026-10-01 12:00:00,4 days 12:00:00,108,35.75,147.39,998.6,32.3,107.4169320285572,0.0,0.0,0.0,0.0,0.0,0.0,0.0,0.0,0.0,0.0,0.0,0.0
2026-09-27,WP252026,31,2026-10-01 18:00:00,4 days 18:00:00,114,37.59,150.02,1000.5,31.1,32.063705815744456,0.0,0.0,0.0,0.0,0.0,0.0,0.0,0.0,0.0,0.0,0.0,0.0
2026-09-27,WP252026,31,2026-10-02 00:00:00,5 days 00:00:00,120,39.49,155.09,1000.2,28.9,136.6024087336741,0.0,0.0,0.0,0.0,0.0,0.0,0.0,0.0,0.0,0.0,0.0,0.0
2026-09-27,WP252026,31,2026-10-02 06:00:00,5 days 06:00:00,126,42.99,158.08,995.8,34.2,191.8799512753453,75.14437707599102,191.8799512753453,68.50950266951457,12.604744832053877,0.0,0.0,0.0,0.0,0.0,0.0,0.0,0.0
2026-09-27,AL062026,32,2026-09-27 00:00:00,0 days 00:00:00,0,29.8,-43.9,1010.0,29.0,56.0,0.0,0.0,0.0,0.0,0.0,0.0,0.0,0.0,0.0,0.0,0.0,0.0
2026-09-27,EP152026,32,2026-09-27 00:00:00,0 days 00:00:00,0,16.7,-156.1,972.0,80.0,37.0,241.0,185.0,185.0,241.0,93.0,74.0,93.0,111.0,56.0,46.0,56.0,56.0
2026-09-27,EP152026,32,2026-09-27 06:00:00,0 days 06:00:00,6,16.49,-156.77,968.2,102.2,36.42607127159248,134.81716926749644,171.1024090146159,171.83999839701534,143.11320436064057,83.15562477744655,79.84706834182342,86.64869296202639,84.16690829427833,64.49754222622404,58.84941868494391,53.38055042409925,59.19484968467907
2026-09-27,EP152026,32,2026-09-27 12:00:00,0 days 12:00:00,12,16.3,-157.62,958.3,103.0,6.177625796436132,187.2523790549876,178.55995793243528,141.03580197799965,198.1897939798655,111.43287432091712,83.75502061476436,74.7545478795555,104.7509541812724,62.29495036713979,46.4923354046864,36.90833510539801,52.98782893351472
2026-09-27,EP152026,32,2026-09-27 18:00:00,0 days 18:00:00,18,16.09,-158.75,950.6,108.0,2.6004884575898477,181.64453703158705,152.47674187519493,132.01588996433176,188.73638348281,101.20812606891737,77.14368412825806,68.1402013447421,94.8486168230282,63.8459208657746,50.36018175921575,40.20783117887842,56.07553390403663
2026-09-27,EP152026,32,2026-09-28 00:00:00,1 days 00:00:00,24,16.04,-159.88,947.7,120.3,29.316118937592584,184.89893224266663,176.3397888224401,129.165731259883,152.6427908691461,87.42702749168164,67.73235643272903,62.77723958645791,80.3040089451856,59.37548989123341,47.090572293535175,39.51207827465342,53.13080313407766
2026-09-27,EP152026,32,2026-09-28 06:00:00,1 days 06:00:00,30,16.2,-160.74,937.5,131.0,26.43045196648936,164.79843516765277,164.29318024122085,129.76435990334005,151.40758506707812,90.4057065188066,74.0877583511811,71.14938554877486,84.75355565251186,51.02138816445367,43.092485209536,35.482514828750794,45.79258048791007
2026-09-27,EP152026,32,2026-09-28 12:00:00,1 days 12:00:00,36,16.51,-161.6,947.6,115.4,11.749883846793862,178.77801141101534,113.78143850994324,110.8824605710221,178.96283265383624,107.5475263113059,77.4682502405972,60.4830706708439,101.39686097605936,58.9628221220456,44.07617703725528,33.47740199236347,51.06700721104594
2026-09-27,EP152026,32,2026-09-28 18:00:00,1 days 18:00:00,42,17.34,-162.45,938.7,121.2,10.538698838682478,209.7079704627974,137.81252002073694,97.67206079601328,156.85751669756394,102.66722485468487,67.25568319767733,44.39168163930949,86.42173451991695,68.239349445078,51.98157861673024,36.85727102273132,57.44417400386426
2026-09-27,EP152026,32,2026-09-29 00:00:00,2 days 00:00:00,48,18.21,-163.12,949.3,110.0,22.44490221858726,195.04163111547047,154.78391156174234,108.60023342254856,193.08130461524703,117.17093033738524,91.03309649252084,65.63957554170838,98.7187353896552,60.39632969750667,52.242170025891966,37.42904949646763,50.85489537478577
2026-09-27,EP152026,32,2026-09-29 06:00:00,2 days 06:00:00,54,19.1,-163.84,957.7,98.3,38.24809354420388,248.6403134618304,181.1241818996853,135.48652567133016,194.05984441831595,126.69588031935038,105.53220386337864,77.78511257480636,104.73146442122368,72.91675478801933,61.92941863342613,45.61579033563942,60.58017183767758
2026-09-27,EP152026,32,2026-09-29 12:00:00,2 days 12:00:00,60,19.96,-163.99,971.4,92.2,49.90766338270152,231.26575066828485,173.555294724931,106.36303364025514,145.69578213388507,99.76033876341096,79.5692429818051,47.83770547855826,78.94462249572507,65.47647257350296,55.186911572491454,37.59667286477512,53.54127988191439
2026-09-27,EP152026,32,2026-09-29 18:00:00,2 days 18:00:00,66,20.7,-164.14,974.7,81.1,44.24505939947088,233.22143683345348,191.0050897542472,152.98880457734992,183.94729653871013,134.08683903735417,115.5461277948151,75.97583025228421,111.04721374706732,70.12134276393195,59.92191977140676,44.4511319691567,58.13939446882354
2026-09-27,EP152026,32,2026-09-30 00:00:00,3 days 00:00:00,72,21.72,-164.59,983.0,79.7,48.565508103681424,249.0320847964636,195.79188082951495,152.0061035776933,193.2444969917589,122.6401639496746,113.900118206915,91.31990456826809,107.33533704864232,76.74342320151106,71.75008494032505,57.613160321349824,65.26232920851375
2026-09-27,EP152026,32,2026-09-30 06:00:00,3 days 06:00:00,78,21.85,-164.82,983.1,64.6,55.40468085822323,232.9049611845876,153.19497641663486,154.8164393821071,250.46043243293505,118.334820065494,83.7440609318582,67.63919815283882,111.17723534098042,55.40468085822323,34.974105685171295,28.51825139151205,40.00659560185076
2026-09-27,EP152026,32,2026-09-30 12:00:00,3 days 12:00:00,84,22.02,-165.31,983.3,69.2,18.25688064022496,198.9280336202817,167.19567157176232,130.62801330892157,182.70041513957204,120.12237864899252,100.43381961517652,65.91061928904065,100.44877209140527,43.33617321703896,35.567117228689554,27.0447113174006,33.09709139178199
2026-09-27,EP152026,32,2026-09-30 18:00:00,3 days 18:00:00,90,21.97,-165.68,982.3,57.2,55.76637010609552,187.65908971044885,131.90846005331449,158.49107293371253,213.74936870254623,98.31329837567318,83.96430193003114,77.33424129091227,99.13935297434026,0.0,0.0,0.0,0.0
2026-09-27,EP152026,32,2026-10-01 00:00:00,4 days 00:00:00,96,22.16,-166.18,989.6,57.5,44.04666982320285,216.1858875367128,135.0910790607121,109.77180738932796,211.1566945170591,94.01928967725978,68.08742101061942,44.80533146683634,74.57193102666493,0.0,0.0,0.0,0.0
2026-09-27,EP152026,32,2026-10-01 06:00:00,4 days 06:00:00,102,22.2,-166.89,990.3,55.0,54.48023964507275,260.02880441734806,159.77367280259398,138.37511971528932,238.7852442434529,127.595138288491,99.7485147385467,70.83889412131892,109.29155944549804,0.0,0.0,0.0,0.0
2026-09-27,EP152026,32,2026-10-01 12:00:00,4 days 12:00:00,108,22.4,-167.74,993.4,50.7,93.85133484008756,214.4560525728569,101.04504191967482,129.88729982953078,209.31817491175772,31.03233913767127,26.30464822049561,26.580199024231863,93.85133484008756,0.0,0.0,0.0,0.0
2026-09-27,EP152026,32,2026-10-01 18:00:00,4 days 18:00:00,114,22.58,-168.84,991.3,52.9,92.87003603982885,321.08382152568447,181.7363137192599,140.2634549102537,273.7604326182127,92.87003603982885,56.0415474597196,39.55595069983718,62.94702885287359,0.0,0.0,0.0,0.0
2026-09-27,EP152026,32,2026-10-02 00:00:00,5 days 00:00:00,120,22.9,-169.59,987.3,62.5,44.60124176945784,190.81650093552315,113.25545642927663,115.228339789981,180.90887782406625,74.11229261421367,59.23146005347287,39.38421431749752,63.52399798744094,0.0,0.0,0.0,0.0
2026-09-27,EP152026,32,2026-10-02 06:00:00,5 days 06:00:00,126,22.8,-170.45,984.7,62.5,46.57411105382647,228.90586924008232,216.39382572631416,193.8587697655837,231.6737859216273,133.80860129639564,116.58374295737036,96.919594523846,115.55275787729975,0.0,0.0,0.0,0.0
2026-09-27,EP152026,32,2026-10-02 12:00:00,5 days 12:00:00,132,22.75,-170.79,986.8,64.0,55.64624175009973,264.1710647432822,148.6268517818866,167.20946211919426,271.88670362103085,138.11007406786243,99.59385429190124,80.00456993409593,129.37285721178327,0.0,0.0,0.0,0.0
2026-09-27,EP152026,32,2026-10-02 18:00:00,5 days 18:00:00,138,22.9,-171.6,979.4,66.3,29.426582818936367,239.1364687095047,186.01860359760397,183.44680849642464,219.6252464054851,124.26359083738498,104.4029730889506,83.61306455583872,106.4994148804708,43.81635403010387,36.26413688815046,28.46262149130007,39.114655834777295
2026-09-27,EP152026,32,2026-10-03 00:00:00,6 days 00:00:00,144,22.67,-172.97,976.4,74.1,27.42042585694653,212.6632717299048,157.42833524594062,111.16091236505864,211.89036789371184,100.79549543528648,75.50940466806786,49.74338734445445,84.06466331301422,39.74108730842157,31.2205160997339,20.961857484316035,32.696459257888506
2026-09-27,EP152026,32,2026-10-03 06:00:00,6 days 06:00:00,150,22.02,-174.28,977.4,73.9,20.38677553185667,204.1640976810505,133.75665553423937,127.47430531940216,219.476728860594,96.22133586200312,71.66771476639173,59.25100482844684,88.56244817880696,37.26259862648024,30.6505761289705,25.92014201801368,35.969766019278495
2026-09-27,EP152026,32,2026-10-03 12:00:00,6 days 12:00:00,156,21.66,-175.87,979.3,75.3,23.820657948531306,235.36662499179664,162.25907217836726,116.86502040174408,218.9105416666963,97.60868394282944,72.04787745186843,47.57027096084995,80.97747275884623,26.19405963827248,16.65682791600204,10.594261264503732,22.799388618051783
2026-09-27,EP152026,32,2026-10-03 18:00:00,6 days 18:00:00,162,21.61,-177.34,970.0,82.9,31.35610020183009,238.57635883097544,171.93799625179776,137.75430801304424,226.31686711707505,106.48076770017973,80.6360529343278,57.59732992530533,93.16860357299812,60.44190638853736,48.01281598118517,38.083205457488106,50.90157200544272
2026-09-27,EP152026,32,2026-10-04 00:00:00,7 days 00:00:00,168,21.59,-179.9,965.7,92.9,21.13470238387113,274.93459158060034,173.427091612215,150.76583000704653,292.49927779862844,125.2848110539412,98.07699067890906,72.11488864621771,112.84333387550194,81.20236542430655,70.28734170054517,52.2203041689919,70.4800119382815
2026-09-27,EP152026,32,2026-10-04 06:00:00,7 days 06:00:00,174,21.91,177.99,952.0,112.7,44.15722846738888,332.562918825369,215.30979582374505,218.98536900036893,344.0638880431494,170.35884414757362,143.54248049439323,131.23112414334156,171.62768164157578,122.03037016946158,111.9440315911168,92.79248915661086,109.494077371864
2026-09-27,EP152026,32,2026-10-04 12:00:00,7 days 12:00:00,180,22.22,175.77,951.3,111.4,11.297665616635346,272.57254784699927,172.83659476006432,132.2697702617329,253.5118968765033,143.08840955761065,100.68249077187204,77.92166310421115,120.80290932413484,75.88049340569152,64.28209910078948,43.34773820926864,65.4469795950366
2026-09-27,EP152026,32,2026-10-04 18:00:00,7 days 18:00:00,186,22.84,173.6,948.9,109.2,23.751695685018056,303.0455843995682,238.29761156698373,194.53382363446048,262.8758876567971,145.64661047872704,134.2886584398285,108.61610096137538,127.7000965660541,90.70823806449684,82.52426566470226,66.23912448087898,77.7059740936472
2026-09-27,EP152026,32,2026-10-05 00:00:00,8 days 00:00:00,192,23.42,171.55,950.1,103.6,53.344898509392685,249.63902071460848,167.6731906607545,173.2496087549125,251.5064053699444,132.84149548788267,111.51374266073938,91.2741953323274,122.25895648354704,78.25308194706005,68.47255565106676,54.11926209676864,68.76493748141904
2026-09-27,EP152026,32,2026-10-05 06:00:00,8 days 06:00:00,198,24.01,169.48,955.2,100.7,34.27123458641257,280.93378059903955,219.4833505762589,181.1772764199552,251.9889024984489,142.31986156666295,125.42686781686514,106.17240694013606,121.72056184646247,96.88625254796553,92.91905167616538,70.78619626893583,81.58474584620612
2026-09-27,EP152026,32,2026-10-05 12:00:00,8 days 12:00:00,204,24.5,167.67,957.6,97.6,44.33453120163514,335.408430634397,267.4702945591547,201.329155622487,290.4521867224954,152.77496576955187,127.3728027570556,89.62997169663888,121.4030847272897,82.48187554213527,69.94732209089692,49.88678814199531,67.69425624231002
2026-09-27,EP152026,32,2026-10-05 18:00:00,8 days 18:00:00,210,25.42,165.82,957.4,94.9,45.68684002031997,304.1623727842136,258.9323949318462,204.09238749013448,258.0353812434765,158.61018786910793,146.7873312967268,115.68501374220388,136.38730586327645,96.15509897090632,90.19198700974708,68.18581535543382,80.95139536727632
2026-09-27,EP152026,32,2026-10-06 00:00:00,9 days 00:00:00,216,25.96,164.18,964.2,91.0,45.643794748298205,260.4183662356518,242.78998337552912,197.8808844052328,210.8136551806747,143.4581850595423,127.61114731315138,107.01504825483244,119.44060117089792,86.66720650110437,79.11004260977097,64.34280164200027,73.81647488020462
2026-09-27,EP152026,32,2026-10-06 06:00:00,9 days 06:00:00,222,26.33,162.45,967.2,90.4,25.49977594693218,232.97372696463475,194.33626300683648,178.2059669457591,218.28683671481136,117.15189589528876,101.61051071356344,83.07058802073828,102.71542500822044,71.15327117594799,62.79767042348015,50.8417530097218,60.579639507028666
2026-09-27,EP152026,32,2026-10-06 12:00:00,9 days 12:00:00,228,26.54,160.63,979.9,70.5,43.241618147461,292.29341210416715,247.90931835292963,249.4722190302109,306.228010064041,166.0046119097442,145.3171696457232,146.221887423123,162.17583784675753,104.38575512194608,96.27969591582178,83.33694413107435,93.8587414586409
2026-09-27,EP152026,32,2026-10-06 18:00:00,9 days 18:00:00,234,27.0,158.88,989.1,57.2,44.61806731371887,273.9194352853436,226.87002698112352,200.85281378336924,262.7628491191459,162.879872142056,137.80822903540744,106.41612977148355,138.26557574400636,0.0,0.0,0.0,0.0
2026-09-27,EP152026,32,2026-10-07 00:00:00,10 days 00:00:00,240,27.62,157.23,989.7,58.3,48.717577621377785,178.13799656404368,163.2003318752177,142.85988509256745,175.13685032242947,102.955020222936,88.5533441962872,68.47579551742956,83.01238417674453,0.0,0.0,0.0,0.0
2026-09-27,EP152026,32,2026-10-07 06:00:00,10 days 06:00:00,246,28.17,156.12,993.5,51.6,24.227997120010457,227.40174768230588,177.59241565609975,181.51911520281487,218.30616200265217,151.84861585239958,132.3877697173176,104.6345655072916,126.38457509371938,0.0,0.0,0.0,0.0
2026-09-27,EP152026,32,2026-10-07 12:00:00,10 days 12:00:00,252,28.56,155.06,993.9,47.7,34.62858727756293,164.60873532749156,132.8892906268993,107.27953233262816,159.21628524939297,0.0,0.0,0.0,0.0,0.0,0.0,0.0,0.0
2026-09-27,EP152026,32,2026-10-07 18:00:00,10 days 18:00:00,258,29.2,154.28,996.9,40.7,48.59205186476868,154.01163823147908,129.5002762238165,103.75928049040084,136.18279404568693,0.0,0.0,0.0,0.0,0.0,0.0,0.0,0.0
2026-09-27,EP152026,32,2026-10-08 00:00:00,11 days 00:00:00,264,29.85,153.51,999.1,34.6,56.57094703077084,107.41286159873437,110.64033143015077,87.7567773561083,78.94510141177207,0.0,0.0,0.0,0.0,0.0,0.0,0.0,0.0
2026-09-27,EP152026,32,2026-10-08 06:00:00,11 days 06:00:00,270,30.66,153.19,1000.1,35.3,76.11104797073527,76.11104797073527,5.683141028793607,0.0,7.758671348392227,0.0,0.0,0.0,0.0,0.0,0.0,0.0,0.0
2026-09-27,EP152026,32,2026-10-08 12:00:00,11 days 12:00:00,276,31.61,153.2,1001.9,36.9,39.73227733374762,167.13006644024836,165.6472332379551,126.96244085114654,129.6686247145566,0.0,0.0,0.0,0.0,0.0,0.0,0.0,0.0
2026-09-27,EP152026,32,2026-10-08 18:00:00,11 days 18:00:00,282,32.8,153.79,998.4,38.1,94.47027404365258,198.04565025484635,216.476681197586,166.61667508327037,161.67357132282905,0.0,0.0,0.0,0.0,0.0,0.0,0.0,0.0
2026-09-27,EP152026,32,2026-10-09 00:00:00,12 days 00:00:00,288,33.67,154.47,1001.0,38.3,91.05396613228186,156.6156704137943,175.65712453938045,150.9699196173758,115.31252035510433,0.0,0.0,0.0,0.0,0.0,0.0,0.0,0.0
2026-09-27,EP152026,32,2026-10-09 06:00:00,12 days 06:00:00,294,34.51,155.79,997.8,38.5,172.090549462313,59.35706089104042,172.090549462313,20.39880934237567,19.34452639227152,0.0,0.0,0.0,0.0,0.0,0.0,0.0,0.0
2026-09-27,EP152026,32,2026-10-09 12:00:00,12 days 12:00:00,300,35.68,157.39,998.9,35.7,94.70823352323907,102.2200407929296,142.28647621889755,93.01584169197676,62.57856883125762,0.0,0.0,0.0,0.0,0.0,0.0,0.0,0.0
2026-09-27,EP152026,32,2026-10-09 18:00:00,12 days 18:00:00,306,36.51,158.85,998.8,40.9,92.2191389350066,62.28904757365103,93.66375129533418,50.4734278778736,26.07486323219733,0.0,0.0,0.0,0.0,0.0,0.0,0.0,0.0
2026-09-27,EP152026,32,2026-10-10 00:00:00,13 days 00:00:00,312,37.56,160.29,1000.4,37.9,100.46288384401124,83.80654508249472,100.46288384401124,51.8147717269942,47.92946824019327,0.0,0.0,0.0,0.0,0.0,0.0,0.0,0.0
2026-09-27,EP152026,32,2026-10-10 06:00:00,13 days 06:00:00,318,39.03,161.94,994.6,43.1,104.2585447691381,153.72347700223327,217.42027859017253,173.5007362626493,110.57801012182608,0.0,0.0,0.0,0.0,0.0,0.0,0.0,0.0
2026-09-27,EP152026,32,2026-10-10 12:00:00,13 days 12:00:00,324,41.12,164.22,996.2,30.5,125.54244295729508,0.0,0.0,0.0,0.0,0.0,0.0,0.0,0.0,0.0,0.0,0.0,0.0
2026-09-27,EP152026,32,2026-10-10 18:00:00,13 days 18:00:00,330,43.31,167.75,1000.2,33.5,183.5292279676131,0.0,0.0,0.0,0.0,0.0,0.0,0.0,0.0,0.0,0.0,0.0,0.0
2026-09-27,EP152026,32,2026-10-11 00:00:00,14 days 00:00:00,336,45.04,172.0,1002.5,41.9,143.5499395609965,32.10502636023051,143.5499395609965,73.73354250782333,23.45297798243452,0.0,0.0,0.0,0.0,0.0,0.0,0.0,0.0
2026-09-27,EP162026,32,2026-09-27 00:00:00,0 days 00:00:00,0,20.8,-123.6,975.0,76.0,28.0,167.0,167.0,148.0,185.0,93.0,74.0,74.0,93.0,65.0,46.0,37.0,56.0
2026-09-27,EP162026,32,2026-09-27 06:00:00,0 days 06:00:00,6,21.67,-123.25,993.2,62.6,43.009516069788816,145.50585775113913,113.3785644792639,76.04146779003675,111.144893574782,43.009516069788816,16.433026608833963,9.058949345649012,15.470627147363825,0.0,0.0,0.0,0.0
2026-09-27,EP162026,32,2026-09-27 12:00:00,0 days 12:00:00,12,22.13,-123.35,1000.1,48.4,45.33374874747582,234.3485763505805,198.84358312348857,136.0186414306311,187.0516965413437,0.0,0.0,0.0,0.0,0.0,0.0,0.0,0.0
2026-09-27,EP162026,32,2026-09-27 18:00:00,0 days 18:00:00,18,22.41,-123.29,999.8,39.0,86.67221602876248,86.67221602876248,44.30642095561808,26.37138709025365,42.50410517033043,0.0,0.0,0.0,0.0,0.0,0.0,0.0,0.0
2026-09-27,EP162026,32,2026-09-28 00:00:00,1 days 00:00:00,24,22.56,-123.3,1001.2,33.0,84.30377025310179,0.0,0.0,0.0,0.0,0.0,0.0,0.0,0.0,0.0,0.0,0.0,0.0
2026-09-27,EP162026,32,2026-09-28 06:00:00,1 days 06:00:00,30,22.58,-122.82,1000.0,33.1,104.8475572843768,0.0,0.0,0.0,0.0,0.0,0.0,0.0,0.0,0.0,0.0,0.0,0.0
2026-09-27,EP162026,32,2026-09-28 12:00:00,1 days 12:00:00,36,22.72,-122.63,1001.8,24.6,56.19687920598871,0.0,0.0,0.0,0.0,0.0,0.0,0.0,0.0,0.0,0.0,0.0,0.0
2026-09-27,EP162026,32,2026-09-28 18:00:00,1 days 18:00:00,42,22.42,-122.17,1004.8,26.0,60.66979405436948,0.0,0.0,0.0,0.0,0.0,0.0,0.0,0.0,0.0,0.0,0.0,0.0
2026-09-27,EP162026,32,2026-09-29 00:00:00,2 days 00:00:00,48,21.95,-121.77,1005.0,22.1,86.98683865454421,0.0,0.0,0.0,0.0,0.0,0.0,0.0,0.0,0.0,0.0,0.0,0.0
2026-09-27,EP162026,32,2026-09-29 06:00:00,2 days 06:00:00,54,21.19,-121.73,1004.7,22.5,86.7356579628283,0.0,0.0,0.0,0.0,0.0,0.0,0.0,0.0,0.0,0.0,0.0,0.0
2026-09-27,EP162026,32,2026-09-29 12:00:00,2 days 12:00:00,60,20.61,-122.04,1005.3,21.0,73.39571732453385,0.0,0.0,0.0,0.0,0.0,0.0,0.0,0.0,0.0,0.0,0.0,0.0
2026-09-27,EP172026,32,2026-09-27 00:00:00,0 days 00:00:00,0,19.0,-112.9,946.0,111.0,28.0,259.0,185.0,167.0,185.0,111.0,111.0,93.0,93.0,65.0,65.0,46.0,56.0
2026-09-27,EP172026,32,2026-09-27 06:00:00,0 days 06:00:00,6,19.82,-113.54,938.0,127.0,37.10072777483808,157.84430333829056,196.7358460878185,134.5693878749031,115.33423807911984,85.52226790979142,82.18975094576223,69.73503515730864,71.39526648950303,65.80509985972168,59.428300816791975,47.79915066873068,53.840648383745965
2026-09-27,EP172026,32,2026-09-27 12:00:00,0 days 12:00:00,12,20.74,-114.03,937.8,126.0,19.633329790756065,180.61983633610916,192.1290143546828,129.046171929257,118.50209980897814,74.59942318741078,72.16676670236296,56.70189711383275,53.24310730048779,47.7504768821788,42.916994862194144,30.662642370231463,37.80586360968209
2026-09-27,EP172026,32,2026-09-27 18:00:00,0 days 18:00:00,18,21.62,-114.13,950.9,109.2,25.112070097530136,148.9358434743856,159.17723244157423,137.07136159128004,134.50160213862182,81.01028368247194,84.84483711022847,62.98490880888676,65.3880323576675,48.06451439506117,45.067941071646544,33.966327799551976,40.02555821310955
2026-09-27,EP172026,32,2026-09-28 00:00:00,1 days 00:00:00,24,22.76,-114.29,948.7,117.5,36.08509118079255,160.82207018805525,203.96213052961255,139.48868964222368,75.67367534477577,71.11470425465922,90.350335092582,69.69180466230398,49.63792914189588,47.39782110313901,48.615724678773134,39.839161704046816,38.88096803530488
2026-09-27,EP172026,32,2026-09-28 06:00:00,1 days 06:00:00,30,23.58,-114.01,951.8,106.8,18.77438609275393,157.29934702569312,197.2526905182557,117.43850937806847,112.99580639529086,97.65996883829528,101.30918163618216,70.59858716927671,77.75956359821137,57.90877998165182,52.51235720176823,41.0740808120233,45.77388988290755
2026-09-27,EP172026,32,2026-09-28 12:00:00,1 days 12:00:00,36,24.51,-113.8,958.3,97.0,27.9578712288951,139.14492670914615,183.9022377872875,139.28404045776233,72.35729703260961,81.9312936627141,104.08185193496116,81.65237002964898,63.9961572257439,54.22580874353537,52.45156147934165,42.01394037227823,42.85383764488097
2026-09-27,EP172026,32,2026-09-28 18:00:00,1 days 18:00:00,42,25.24,-113.28,955.3,96.2,19.441220006880712,191.6773667516948,197.90495775502532,185.64565836164851,154.91522982662252,102.14220458657196,120.77949854153704,98.31294529829358,79.7590538081871,72.94537411233344,73.74841725578128,60.86268160171856,56.297131289030204
2026-09-27,EP172026,32,2026-09-29 00:00:00,2 days 00:00:00,48,26.11,-112.73,968.6,86.5,39.5102107056936,109.1858743462446,118.60935348184762,108.46172454254278,66.26661032730695,50.50243013275824,57.25867802922225,52.32728036589186,41.61720216859352,50.50243013275824,48.38352761220911,43.74240535068165,41.61720216859352
2026-09-27,EP172026,32,2026-09-29 06:00:00,2 days 06:00:00,54,26.99,-111.76,982.6,61.4,46.40849313497345,148.9255531930949,167.3174804801595,94.14063465880538,115.86080246695968,49.55240070166104,51.743132671100994,34.910159937301,27.906294266831345,0.0,0.0,0.0,0.0
2026-09-27,EP172026,32,2026-09-29 12:00:00,2 days 12:00:00,60,27.91,-110.91,995.4,44.7,65.80684828973223,65.80684828973223,12.436570793439095,0.0,0.0,0.0,0.0,0.0,0.0,0.0,0.0,0.0,0.0
2026-09-27,EP902026,32,2026-09-27 00:00:00,0 days 00:00:00,0,12.0,-98.6,1008.0,25.0,111.0,0.0,0.0,0.0,0.0,0.0,0.0,0.0,0.0,0.0,0.0,0.0,0.0
2026-09-27,EP902026,32,2026-09-27 06:00:00,0 days 06:00:00,6,11.78,-98.68,1005.8,28.7,183.7463340757876,0.0,0.0,0.0,0.0,0.0,0.0,0.0,0.0,0.0,0.0,0.0,0.0
2026-09-27,EP902026,32,2026-09-27 12:00:00,0 days 12:00:00,12,11.38,-98.37,1003.8,28.5,71.06125314356689,0.0,0.0,0.0,0.0,0.0,0.0,0.0,0.0,0.0,0.0,0.0,0.0
2026-09-27,EP902026,32,2026-09-27 18:00:00,0 days 18:00:00,18,12.58,-98.85,1004.3,29.5,126.60217182101444,0.0,0.0,0.0,0.0,0.0,0.0,0.0,0.0,0.0,0.0,0.0,0.0
2026-09-27,EP902026,32,2026-09-28 00:00:00,1 days 00:00:00,24,12.64,-99.24,1003.6,33.8,122.92818275225332,0.0,0.0,0.0,0.0,0.0,0.0,0.0,0.0,0.0,0.0,0.0,0.0
2026-09-27,EP902026,32,2026-09-28 06:00:00,1 days 06:00:00,30,12.68,-99.71,1000.0,42.0,125.29048387664454,48.304582123049016,125.29048387664454,32.56293563223022,26.091073629253174,0.0,0.0,0.0,0.0,0.0,0.0,0.0,0.0
2026-09-27,EP902026,32,2026-09-28 12:00:00,1 days 12:00:00,36,13.37,-100.8,997.3,48.7,93.2821025863609,205.7778053586761,201.92956721944665,121.91099719692932,141.85956255036984,0.0,0.0,0.0,0.0,0.0,0.0,0.0,0.0
2026-09-27,EP902026,32,2026-09-28 18:00:00,1 days 18:00:00,42,14.22,-101.41,998.2,44.0,109.46506098590788,233.29022356217783,225.8768100339263,167.2089320265768,210.6699568584047,0.0,0.0,0.0,0.0,0.0,0.0,0.0,0.0
2026-09-27,EP902026,32,2026-09-29 00:00:00,2 days 00:00:00,48,14.59,-102.73,998.8,46.6,76.62621597251922,135.93385271879723,151.39860488674452,113.12379405448443,112.9517594364744,0.0,0.0,0.0,0.0,0.0,0.0,0.0,0.0
2026-09-27,EP902026,32,2026-09-29 06:00:00,2 days 06:00:00,54,15.02,-103.71,998.6,47.2,51.448795102884674,325.21773893229124,317.45975740648646,299.98131603005044,305.18878405586,0.0,0.0,0.0,0.0,0.0,0.0,0.0,0.0
2026-09-27,EP902026,32,2026-09-29 12:00:00,2 days 12:00:00,60,15.29,-104.52,995.0,69.1,87.9399097020807,249.16808430406635,222.1845132844803,243.63063460947285,222.70030577782157,137.43413027878125,134.90124479776117,123.1335577716822,128.4046410050154,87.9399097020807,0.4793079576551488,0.2407612133593095,0.0
2026-09-27,EP902026,32,2026-09-29 18:00:00,2 days 18:00:00,66,15.35,-105.61,989.6,57.6,83.43244451008279,179.12928760030798,164.1081588815127,111.35793589605396,141.79017254091536,83.43244451008279,37.589233430463096,24.87882541998946,30.291688904921934,0.0,0.0,0.0,0.0
2026-09-27,EP902026,32,2026-09-30 00:00:00,3 days 00:00:00,72,15.79,-106.04,983.2,66.3,51.16519882902551,177.78894184171077,195.49964005944523,118.4717543919332,116.01050798506104,95.65229402571242,84.62233234020691,45.248327785378216,61.17551580042255,51.16519882902551,7.974183831205147,1.469273085711642,6.096390288131979
2026-09-27,EP902026,32,2026-09-30 06:00:00,3 days 06:00:00,78,16.48,-106.64,983.0,67.1,36.50252538648837,176.6551556785597,218.8683883908839,158.11490575662566,131.41204502468642,89.14955776010447,88.40457347302879,57.89244731965832,53.74017440712396,0.300856917797577,36.50252538648837,0.0,0.0
2026-09-27,EP902026,32,2026-09-30 12:00:00,3 days 12:00:00,84,16.99,-107.48,972.4,76.8,24.640801022607924,162.4574815867404,173.36407566923873,135.60789785167862,114.78249481085038,77.49394458026065,68.09537613449815,49.00599089660024,57.79034652328373,37.95501104163938,30.2222829991911,22.29890811256976,31.03276650075051
2026-09-27,EP902026,32,2026-09-30 18:00:00,3 days 18:00:00,90,17.34,-107.92,970.7,85.1,45.825785597134185,172.7976332596595,220.56268418705264,195.10675167190695,144.01919795550697,98.59021630657004,97.85414927488308,83.81577858242804,87.4864309421798,45.825785597134185,39.7676683992819,31.869038037557345,38.00226085162973
2026-09-27,EP902026,32,2026-10-01 00:00:00,4 days 00:00:00,96,17.57,-108.28,969.8,90.7,27.830291979632147,148.8249519716784,149.30520335178625,148.33843729132536,142.06719437708108,69.82891857482446,76.9552087001824,68.75784795789124,63.35200619759031,45.89036536192815,41.82006617418305,33.47332164670949,38.92446461080219
2026-09-27,EP902026,32,2026-10-01 06:00:00,4 days 06:00:00,102,17.93,-108.83,958.4,95.2,23.49855227248801,133.58997933909674,155.77597021202897,138.8551972314461,114.09537539516872,77.3087434535114,79.66190545317615,65.84610900791432,65.07222238239036,52.51601853405709,45.88181952995015,36.4264694784243,42.83123214950616
2026-09-27,EP902026,32,2026-10-01 12:00:00,4 days 12:00:00,108,18.06,-109.15,957.7,104.2,25.336875110988387,97.73520408922258,136.91785985907484,123.87617168425749,82.75291769473341,59.899150966864,68.54735350249132,63.41529088735581,53.81792325672416,48.68719113502718,43.85911662523552,36.10875380108333,41.129807793873326
2026-09-27,EP902026,32,2026-10-01 18:00:00,4 days 18:00:00,114,18.06,-109.4,974.2,77.2,29.70531834995947,135.72064085589955,174.1059255039586,148.0205601588924,121.58198817273848,66.48970304704898,83.67368004600627,75.01674181443343,62.67131649342184,64.34584050974286,59.97462902620907,50.68529042350579,52.60481299715764
2026-09-27,EP902026,32,2026-10-02 00:00:00,5 days 00:00:00,120,18.2,-109.39,979.1,68.4,48.95109298454865,117.4542554393828,155.36564320589827,175.81914623319983,123.5796327535075,57.47978438795387,78.03735419739061,71.58454728756567,50.52517973249559,49.75358682677144,49.9144781521774,42.45145019857284,41.65238528120258
2026-09-27,EP902026,32,2026-10-02 06:00:00,5 days 06:00:00,126,18.14,-109.44,979.3,73.6,37.32109352368692,116.7235155303854,152.23021055446304,168.366493656198,140.7453145794747,51.90852982009602,65.97175716612026,74.65237031877265,60.76657721458842,44.852051372554655,45.83536019681338,42.52394401889993,38.97289379830951
2026-09-27,EP902026,32,2026-10-02 12:00:00,5 days 12:00:00,132,18.24,-109.43,988.4,57.6,57.53961862875168,114.6213190430372,140.47260998043342,152.08655752182358,126.60451014397088,73.86213625178064,72.12917831453929,61.11541807790693,62.39812184528145,0.0,0.0,0.0,0.0
2026-09-27,EP902026,32,2026-10-02 18:00:00,5 days 18:00:00,138,18.26,-109.78,991.2,49.6,61.98638093116729,221.60410384148503,203.56620221672424,193.3480471691424,211.49751761895533,0.0,0.0,0.0,0.0,0.0,0.0,0.0,0.0
2026-09-27,EP902026,32,2026-10-03 00:00:00,6 days 00:00:00,144,18.34,-110.16,994.8,47.8,54.128902565624976,185.5584677880816,168.13336641676904,149.65864039899054,172.81981487538144,0.0,0.0,0.0,0.0,0.0,0.0,0.0,0.0
2026-09-27,EP902026,32,2026-10-03 06:00:00,6 days 06:00:00,150,18.31,-110.41,992.0,53.5,33.56710299710391,104.27903507442348,112.77244488787365,89.29012205319333,86.53899395861592,45.56640974908639,40.227586119543176,22.694104834229787,32.925292312722505,0.0,0.0,0.0,0.0
2026-09-27,EP902026,32,2026-10-03 12:00:00,6 days 12:00:00,156,18.44,-110.44,991.3,57.8,47.879277551170674,101.26797352912044,118.28499821428744,115.19935413768772,93.7791091513279,32.2866296821989,47.879277551170674,30.24274158721541,25.150222920855537,0.0,0.0,0.0,0.0
2026-09-27,EP902026,32,2026-10-03 18:00:00,6 days 18:00:00,162,18.59,-110.77,989.7,54.7,39.83692192463876,118.19242064131444,107.08067972121673,104.11092973197252,113.32951930120656,39.83692192463876,34.868389765784066,23.616165704723134,26.46599647223759,0.0,0.0,0.0,0.0
2026-09-27,EP902026,32,2026-10-04 00:00:00,7 days 00:00:00,168,18.83,-111.0,981.5,65.4,69.68836076967571,93.9540661982006,130.13374279359056,106.7635115692361,93.05129489177212,72.59700289268386,71.20719528640598,47.05749527838486,56.07017285630488,69.68836076967571,14.694717131024568,9.736807846227812,12.689971460688865
2026-09-27,EP902026,32,2026-10-04 06:00:00,7 days 06:00:00,174,19.15,-111.08,976.6,72.7,17.17171175040918,172.42306629794348,167.37131130635365,118.34986595725022,138.90239181163167,67.90852501770408,62.05702263371284,43.50086948352218,52.32467739659549,32.423593307923134,27.56520777199048,21.31115617403557,24.571532297438665
2026-09-27,EP902026,32,2026-10-04 12:00:00,7 days 12:00:00,180,19.39,-111.33,973.1,79.1,33.662283340510726,188.94838128869924,180.3707071544619,115.03442556850756,116.64888532891656,79.90867451380709,72.42361432140866,48.3608503962968,55.68212319910978,33.662283340510726,26.494510318875403,18.673065777891686,23.70231462357984
2026-09-27,EP902026,32,2026-10-04 18:00:00,7 days 18:00:00,186,19.75,-111.81,980.1,75.1,29.76549330864364,138.98816154505437,133.38496536692077,85.71361370395195,106.50516537738474,70.68504187505064,57.60119424036204,29.99555890280449,53.38812558831237,34.35331514596,26.80671888554389,18.732361194555992,25.758244767868533
2026-09-27,EP902026,32,2026-10-05 00:00:00,8 days 00:00:00,192,19.85,-112.5,981.8,74.2,39.67260533540963,143.36230518580726,111.82879680176086,99.06135186962766,141.778637817041,75.80430237351243,61.17556939508006,44.16816540316417,62.37059308160585,39.67260533540963,21.023575697466327,15.963939084186787,23.25550337223231
2026-09-27,EP902026,32,2026-10-05 06:00:00,8 days 06:00:00,198,19.86,-113.08,978.9,75.6,26.417181810071146,136.53973689576156,138.2564493739754,105.7186851950381,123.04811866348616,69.65756087602568,53.98011572249095,40.77558788597705,65.10544650992237,44.39226149437174,35.43755562411361,28.732410605437934,37.32059623202987
2026-09-27,EP902026,32,2026-10-05 12:00:00,8 days 12:00:00,204,19.87,-113.52,984.7,71.6,32.66334113002959,143.52224392351104,141.66161686118284,131.7207973465877,154.27274226916956,83.17110438772636,68.11224580917661,51.74668560294312,68.08924279757281,32.66334113002959,10.216571333969585,6.794119804670705,11.547244810259478
2026-09-27,EP902026,32,2026-10-05 18:00:00,8 days 18:00:00,210,20.08,-114.11,977.1,86.5,33.26118862781705,134.84148601434387,135.7510784555903,96.61714730861212,120.000317724121,62.480674425980105,48.30191798029988,29.539520717822043,49.2753963373701,33.26118862781705,25.142442670151,17.05465678803519,24.633116935484765
2026-09-27,EP902026,32,2026-10-06 00:00:00,9 days 00:00:00,216,20.27,-114.88,965.3,88.7,29.52068319182281,151.2478921472018,147.2907775317372,112.6076503048787,134.30315757049857,69.43648344676146,58.647820183454144,50.64966175133193,63.73685072840061,41.60833588517736,31.71522598063382,24.874861545366404,35.05875667288963
2026-09-27,EP902026,32,2026-10-06 06:00:00,9 days 06:00:00,222,20.43,-115.13,967.2,89.1,26.33261485354809,162.04661630868583,137.82009703797257,110.8626098410293,127.92429824836276,45.74240593996655,33.970195351324705,26.022569160229487,44.38173148425214,32.192333490086654,23.27520406520236,15.78458301043721,24.884387045616933
2026-09-27,EP902026,32,2026-10-06 12:00:00,9 days 12:00:00,228,20.58,-115.66,966.0,87.2,20.12224549958517,144.62055445678436,138.5418646253839,119.29916286285471,135.99221750325574,66.07116482475166,58.55358931035484,44.30611467310918,49.80438405820952,34.00562736007247,27.438037136965985,20.287378992323937,29.06777979921533
2026-09-27,EP902026,32,2026-10-06 18:00:00,9 days 18:00:00,234,20.7,-115.8,967.0,92.6,23.052234553679757,132.78407660504013,104.07447241349408,96.35066052246526,121.13950570790684,72.70020344236869,65.10449721235456,54.33359230644587,64.25410359917137,50.7999968469042,43.85317595104989,35.66782245399337,42.211412036421294
2026-09-27,EP902026,32,2026-10-07 00:00:00,10 days 00:00:00,240,20.7,-116.17,980.9,64.2,51.57640803706016,168.66637442600808,170.80322801227868,144.2246153718463,147.6119814390591,87.7552770380945,83.51238379266474,66.53690485859467,66.20507670059894,51.57640803706016,22.71763278659607,18.265222716090367,20.62531157189248
2026-09-27,EP902026,32,2026-10-07 06:00:00,10 days 06:00:00,246,21.2,-116.02,986.2,63.2,48.18808155550883,157.05788813077734,150.9103390910132,122.42203641787164,150.6404063985441,86.39504530578282,72.0441432759644,47.30613132371602,68.27532849512427,0.0,0.0,0.0,0.0
2026-09-27,EP902026,32,2026-10-07 12:00:00,10 days 12:00:00,252,21.69,-115.96,992.1,52.6,52.8738658743029,155.38123204610045,114.68523818374688,89.77308579440808,127.91428581820608,52.8738658743029,20.04935101987918,12.56216966802204,17.217118937622214,0.0,0.0,0.0,0.0
2026-09-27,EP902026,32,2026-10-07 18:00:00,10 days 18:00:00,258,21.62,-116.28,988.1,52.9,69.30208440918221,155.45196896927317,115.94046139936697,134.282361417234,168.70415870998696,69.30208440918221,37.85940277601286,29.00595071382255,37.294165264684615,0.0,0.0,0.0,0.0
2026-09-27,EP902026,32,2026-10-08 00:00:00,11 days 00:00:00,264,22.15,-116.31,995.6,46.3,90.05784222234143,233.573469689184,218.90125453263053,176.23520075244895,203.19452362215569,0.0,0.0,0.0,0.0,0.0,0.0,0.0,0.0
2026-09-27,EP902026,32,2026-10-08 06:00:00,11 days 06:00:00,270,22.53,-116.12,999.3,40.2,69.04828899075437,296.6746444483797,292.77820610780327,223.12587637856632,242.88513641471215,0.0,0.0,0.0,0.0,0.0,0.0,0.0,0.0
2026-09-27,EP902026,32,2026-10-08 12:00:00,11 days 12:00:00,276,23.18,-116.08,994.4,44.6,126.7920126463464,302.9131112964842,274.2353289360617,209.4803722098859,240.5219130887035,0.0,0.0,0.0,0.0,0.0,0.0,0.0,0.0
2026-09-27,EP902026,32,2026-10-08 18:00:00,11 days 18:00:00,282,23.85,-116.25,996.6,35.3,130.0836765826337,229.06660492797567,213.43023533827517,156.63638534648226,183.00330841080276,0.0,0.0,0.0,0.0,0.0,0.0,0.0,0.0
2026-09-27,EP902026,32,2026-10-09 00:00:00,12 days 00:00:00,288,24.82,-116.44,996.2,43.0,119.13991704769788,119.13991704769788,90.82611613762847,34.267506986071595,59.56107459268117,0.0,0.0,0.0,0.0,0.0,0.0,0.0,0.0
2026-09-27,EP902026,32,2026-10-09 06:00:00,12 days 06:00:00,294,25.91,-116.6,992.2,41.9,114.52745760953329,132.32981998404398,121.06415160613544,74.02178138570453,96.33667275462533,0.0,0.0,0.0,0.0,0.0,0.0,0.0,0.0
2026-09-27,EP902026,32,2026-10-09 12:00:00,12 days 12:00:00,300,27.38,-117.3,987.7,54.0,67.36460134680252,308.05727407516827,224.68236294321764,147.47955350778344,264.2618989735837,67.36460134680252,43.991247428574255,27.96533847311857,50.669270925490295,0.0,0.0,0.0,0.0
2026-09-27,EP902026,32,2026-10-09 18:00:00,12 days 18:00:00,306,28.73,-117.75,990.0,52.4,34.75414639132408,215.6426819655049,164.8709377427976,110.51279301419724,178.7939598058045,34.75414639132408,21.39991816869296,13.519798496439702,19.628668337607053,0.0,0.0,0.0,0.0
2026-09-27,EP902026,32,2026-10-10 00:00:00,13 days 00:00:00,312,29.4,-118.39,990.1,47.2,94.72171412822708,131.73897213008956,110.88104137759724,56.37333040176271,102.7441027175965,0.0,0.0,0.0,0.0,0.0,0.0,0.0,0.0
2026-09-27,EP902026,32,2026-10-10 06:00:00,13 days 06:00:00,318,30.16,-119.12,989.9,39.8,164.99097069454902,115.25035738635742,164.99097069454902,98.70110003468494,86.65133178335518,0.0,0.0,0.0,0.0,0.0,0.0,0.0,0.0
2026-09-27,EP902026,32,2026-10-10 12:00:00,13 days 12:00:00,324,31.38,-120.06,991.9,37.2,193.83609784030773,7.336765654056149,193.83609784030773,16.983578153867647,0.0,0.0,0.0,0.0,0.0,0.0,0.0,0.0,0.0
2026-09-27,EP902026,32,2026-10-10 18:00:00,13 days 18:00:00,330,31.98,-121.14,990.8,37.5,131.11340180623182,66.96416107002246,131.11340180623182,39.53728962945803,31.976011246613822,0.0,0.0,0.0,0.0,0.0,0.0,0.0,0.0
2026-09-27,EP902026,32,2026-10-11 00:00:00,14 days 00:00:00,336,32.57,-122.27,993.4,40.4,114.13755589969732,114.13755589969732,25.730488051771907,0.0,3.0325766873522326,0.0,0.0,0.0,0.0,0.0,0.0,0.0,0.0
2026-09-27,EP902026,32,2026-10-11 06:00:00,14 days 06:00:00,342,33.93,-124.04,1000.1,31.9,83.97673186752411,0.0,0.0,0.0,0.0,0.0,0.0,0.0,0.0,0.0,0.0,0.0,0.0
2026-09-27,WP252026,32,2026-09-27 00:00:00,0 days 00:00:00,0,24.6,127.6,964.0,89.0,22.0,102.0,121.0,102.0,93.0,,,,,,,,
2026-09-27,WP252026,32,2026-09-27 06:00:00,0 days 06:00:00,6,25.41,128.19,938.9,109.4,28.06659781216848,130.1131826778006,153.35931565908106,97.98522832670902,77.04921654010957,73.98114369527106,82.48209639072539,64.55800982407449,51.698273022570994,45.68745971995993,46.66935590141527,38.75926061334821,36.62174279229639
2026-09-27,WP252026,32,2026-09-27 12:00:00,0 days 12:00:00,12,25.87,128.88,963.4,92.9,27.742962645697148,131.84448126532664,149.25390328119676,124.58879109646584,110.17546787614366,73.90547408620802,84.7587912221995,61.15929415369697,51.6743537491564,49.70717837096901,49.52306870366425,41.58060327562205,38.71882509771234
2026-09-27,WP252026,32,2026-09-27 18:00:00,0 days 18:00:00,18,26.1,129.76,956.1,99.2,53.61379884827841,150.50306949332344,171.4987867444804,146.48166152991143,126.87557679247529,92.92131552144131,112.24549593516292,82.3365974305566,67.65741497307295,48.70224800027967,53.61379884827841,43.844022012722405,38.63699260587384
2026-09-27,WP252026,32,2026-09-28 00:00:00,1 days 00:00:00,24,26.8,130.63,966.6,87.9,0.0,169.4076437713678,240.0956779026324,173.96197790930606,117.95321948883893,77.43132199737914,106.60009165999348,88.03773159984505,53.68860541753986,42.05124373683744,47.18902027146045,40.23251313740439,32.29716453757726
2026-09-27,WP252026,32,2026-09-28 06:00:00,1 days 06:00:00,30,27.02,131.64,971.9,72.6,11.918302561721774,129.7219842751107,210.9624871582004,173.65351499806593,87.4412773829232,55.99164975192456,78.89276189701127,58.9636622777744,28.53344982157552,22.512900933824252,27.24326421760282,20.71956780525786,15.201182617318294
2026-09-27,WP252026,32,2026-09-28 12:00:00,1 days 12:00:00,36,27.84,132.52,985.8,58.0,46.98443891104554,143.39967135806165,159.8601407104355,139.37151494553058,106.70538628464232,87.5329640416136,94.75897298542375,75.2199433425755,60.76613390458654,0.0,0.0,0.0,0.0
2026-09-27,WP252026,32,2026-09-28 18:00:00,1 days 18:00:00,42,28.66,133.35,989.5,56.2,30.92744843479206,159.0296124985881,158.50908340805475,124.42353276261797,108.08844308424791,58.46625771283919,60.77674904863125,39.08865736918984,37.10923828322596,0.0,0.0,0.0,0.0
2026-09-27,WP252026,32,2026-09-29 00:00:00,2 days 00:00:00,48,29.37,134.13,991.4,54.6,60.16633907254186,161.93145169899998,170.51756415928023,130.66167744415122,118.0347376257972,41.96599386317904,60.16633907254186,32.59723865868283,26.157401127030145,0.0,0.0,0.0,0.0
2026-09-27,WP252026,32,2026-09-29 06:00:00,2 days 06:00:00,54,30.06,135.43,991.9,48.9,36.760700154775776,100.2126105278503,149.36631178094353,87.92695265886385,58.73412082474829,0.0,0.0,0.0,0.0,0.0,0.0,0.0,0.0
2026-09-27,WP252026,32,2026-09-29 12:00:00,2 days 12:00:00,60,31.05,136.89,994.8,43.3,70.53898144019169,165.28116395018196,169.211535574381,124.75011352355725,125.3034059332296,0.0,0.0,0.0,0.0,0.0,0.0,0.0,0.0
2026-09-27,WP252026,32,2026-09-29 18:00:00,2 days 18:00:00,66,31.8,138.52,995.3,41.9,67.80227545146656,202.15363561407685,236.03041827431608,192.75614794842363,157.04097044261655,0.0,0.0,0.0,0.0,0.0,0.0,0.0,0.0
2026-09-27,WP252026,32,2026-09-30 00:00:00,3 days 00:00:00,72,32.44,140.53,991.0,46.7,136.15779563275078,105.05879523639383,157.29837291611875,104.4722741983618,67.86237618852772,0.0,0.0,0.0,0.0,0.0,0.0,0.0,0.0
2026-09-27,WP252026,32,2026-09-30 06:00:00,3 days 06:00:00,78,33.17,142.08,996.3,32.5,50.822728891779214,0.0,0.0,0.0,0.0,0.0,0.0,0.0,0.0,0.0,0.0,0.0,0.0
2026-09-27,WP252026,32,2026-09-30 12:00:00,3 days 12:00:00,84,33.65,143.58,998.0,38.7,122.78283591139189,128.6777531855696,149.3020213125792,103.6304153950132,96.34355196154274,0.0,0.0,0.0,0.0,0.0,0.0,0.0,0.0
2026-09-27,WP252026,32,2026-09-30 18:00:00,3 days 18:00:00,90,34.33,145.18,993.8,36.2,112.71369769964952,71.45192437256276,114.69029867618748,74.12741494236218,52.01583935714012,0.0,0.0,0.0,0.0,0.0,0.0,0.0,0.0
2026-09-27,WP252026,32,2026-10-01 00:00:00,4 days 00:00:00,96,35.39,147.16,998.0,38.8,58.66911813536885,211.0361201277812,198.90727413074063,126.91802592942426,158.04593420424044,0.0,0.0,0.0,0.0,0.0,0.0,0.0,0.0
2026-09-27,WP252026,32,2026-10-01 06:00:00,4 days 06:00:00,102,36.17,148.26,1000.5,33.6,101.26893202312962,0.0,0.0,0.0,0.0,0.0,0.0,0.0,0.0,0.0,0.0,0.0,0.0
2026-09-27,WP252026,32,2026-10-01 12:00:00,4 days 12:00:00,108,37.58,149.72,997.0,32.9,120.71398051934392,0.0,0.0,0.0,0.0,0.0,0.0,0.0,0.0,0.0,0.0,0.0,0.0
2026-09-27,WP252026,32,2026-10-01 18:00:00,4 days 18:00:00,114,39.99,152.33,999.4,29.3,106.2757566963838,0.0,0.0,0.0,0.0,0.0,0.0,0.0,0.0,0.0,0.0,0.0,0.0
2026-09-27,AL062026,33,2026-09-27 00:00:00,0 days 00:00:00,0,29.8,-43.9,1010.0,29.0,56.0,0.0,0.0,0.0,0.0,0.0,0.0,0.0,0.0,0.0,0.0,0.0,0.0
2026-09-27,EP152026,33,2026-09-27 00:00:00,0 days 00:00:00,0,16.7,-156.1,972.0,80.0,37.0,241.0,185.0,185.0,241.0,93.0,74.0,93.0,111.0,56.0,46.0,56.0,56.0
2026-09-27,EP152026,33,2026-09-27 06:00:00,0 days 06:00:00,6,16.51,-156.66,961.9,100.8,18.29388733025792,173.3734046129025,183.8065870367632,176.18015855480644,188.88304083869664,104.5966430327312,88.14939721953465,97.54786369557132,108.88636068819346,72.91883341298467,66.86870266267852,62.44727626543397,68.82396390418967
2026-09-27,EP152026,33,2026-09-27 12:00:00,0 days 12:00:00,12,16.12,-157.6,963.1,101.4,25.56645317807,197.03956745063044,171.54351964869733,148.97715213552468,195.26918054077603,107.49552651211678,88.96477666070385,87.43478608183432,101.65382179979532,64.29436501993243,54.326003168322586,48.79774746440919,60.39270239983302
2026-09-27,EP152026,33,2026-09-27 18:00:00,0 days 18:00:00,18,15.86,-158.72,951.7,107.2,22.05734794542641,184.0005028152068,106.17961643358584,113.3029533940761,191.8155544835081,80.2039663833292,56.868271061905446,50.86301089052401,78.82342654939309,59.33339077021319,46.97454548900217,37.14071459205667,49.69590620565473
2026-09-27,EP152026,33,2026-09-28 00:00:00,1 days 00:00:00,24,15.87,-159.69,950.2,113.7,33.89963190744263,214.14366941545893,147.87862024718285,124.81237532102894,200.50181501425672,106.1029200661289,79.55316857609641,67.28802298599248,104.71996161291304,59.75128729714971,48.33107683654271,39.76161379924429,52.52507530984796
2026-09-27,EP152026,33,2026-09-28 06:00:00,1 days 06:00:00,30,16.02,-160.61,944.1,119.9,27.9095154191288,192.10504229504204,124.63374734209565,127.46384797779857,200.0898888221437,104.76264111775124,75.74024804321475,69.08051752081053,101.36457717783134,65.66804934608069,49.61976834089228,41.518406006348485,58.07372403617168
2026-09-27,EP152026,33,2026-09-28 12:00:00,1 days 12:00:00,36,16.43,-161.73,944.5,121.3,16.04324919647771,189.37064844952903,193.2443077448588,132.7523780003815,156.0128289063686,102.29455414505776,87.55649512893213,80.02769032757338,85.75204331524591,54.34310717855844,47.7220644061267,38.81293089945631,46.35908624056911
2026-09-27,EP152026,33,2026-09-28 18:00:00,1 days 18:00:00,42,16.82,-162.41,937.9,121.7,20.73042447812168,198.7793872778393,128.58891113268965,103.28891122926962,184.63771366353285,105.07138131655392,73.65116118001515,56.9969597891602,92.22297621257212,65.86598383753926,50.68359672326528,38.960294140989845,57.703316456945686
2026-09-27,EP152026,33,2026-09-29 00:00:00,2 days 00:00:00,48,18.09,-163.35,949.1,108.2,29.09312663715846,201.32601239430065,182.85654962739065,106.51255087937524,156.4352488820708,119.48451873981756,98.52346517566068,67.46972061217186,94.35688356235153,62.47693758231604,51.81029019417123,35.630231260513725,50.063175911080094
2026-09-27,EP152026,33,2026-09-29 06:00:00,2 days 06:00:00,54,18.99,-163.63,952.8,107.6,20.501695921234276,237.75306461594755,201.65641237417455,139.81118388020604,188.6299755902137,110.25455515494788,104.41578684238834,66.43873442898723,89.2192016593624,60.350242215147546,52.284350170596895,37.93678100210354,50.5846618860212
2026-09-27,EP152026,33,2026-09-29 12:00:00,2 days 12:00:00,60,19.84,-164.04,956.2,100.7,39.309073805817775,219.5894743762292,208.95163229712284,158.02329801064616,186.93320467847388,110.69941416841743,96.36100339988856,64.28920798180411,95.44149906153086,62.25266499807907,53.09586066466761,35.66507504698629,51.82517808088278
2026-09-27,EP152026,33,2026-09-29 18:00:00,2 days 18:00:00,66,20.8,-164.16,957.5,99.9,15.573171872046656,215.7203586546148,221.5021396218613,165.78844585192337,181.9201541868449,117.940171491613,114.92650159963928,84.33295853769994,102.06966180381846,60.924071998860825,55.1237923291792,43.59442947594272,51.04986956813707
2026-09-27,EP152026,33,2026-09-30 00:00:00,3 days 00:00:00,72,21.68,-164.2,965.6,86.9,25.669778184574923,248.9017971599762,210.32408961231224,152.17580102946852,198.97843425334287,129.07629924914542,124.1031542729581,98.49113726992432,113.0311118360712,79.06558488999866,75.65092381593425,64.35514985610945,69.91074121648514
2026-09-27,EP152026,33,2026-09-30 06:00:00,3 days 06:00:00,78,22.29,-164.11,973.2,75.9,26.37076197706004,242.8134313801171,237.98299323409236,168.03728472992077,216.42904733587105,142.48632485323992,136.73183242863172,108.09992330706282,127.52812582042988,76.72655069350112,71.08775217743612,57.05781823173342,65.1929012268045
2026-09-27,EP152026,33,2026-09-30 12:00:00,3 days 12:00:00,84,22.35,-164.84,978.4,69.7,100.36250562427244,262.9716738647371,194.80922292338343,174.64156427106957,248.50437852289883,113.68653701672292,95.45161071476264,80.13272899075406,99.92764749389112,100.36250562427244,33.08503432489081,27.51145187813023,35.372002482878244
2026-09-27,EP152026,33,2026-09-30 18:00:00,3 days 18:00:00,90,22.32,-165.72,987.0,54.4,93.29525461140976,321.014810948395,200.71618639608175,158.1632064945237,305.3796262020687,147.77979108873365,111.22900857764034,83.89044615806147,124.23326845705844,0.0,0.0,0.0,0.0
2026-09-27,EP152026,33,2026-10-01 00:00:00,4 days 00:00:00,96,22.28,-166.6,989.5,49.6,126.60086089695804,306.44650400492344,186.26947099489064,153.85183633475245,266.84677667548647,0.0,0.0,0.0,0.0,0.0,0.0,0.0,0.0
2026-09-27,EP152026,33,2026-10-01 06:00:00,4 days 06:00:00,102,22.58,-167.24,988.9,52.6,97.67461699851124,246.4303155918052,120.11563371196088,95.44892529396584,208.2727335782588,97.67461699851124,13.11692721540522,9.623018416120903,22.980962097725826,0.0,0.0,0.0,0.0
2026-09-27,EP152026,33,2026-10-01 12:00:00,4 days 12:00:00,108,22.99,-168.18,995.4,53.3,57.96857167944568,222.7432107141255,114.61858801741826,93.28156649438532,199.04237313216012,57.96857167944568,24.384700685651406,13.860566759725804,32.86912503543633,0.0,0.0,0.0,0.0
2026-09-27,EP152026,33,2026-10-01 18:00:00,4 days 18:00:00,114,23.2,-169.02,991.6,52.6,50.84490637389085,251.7791079170966,172.90676102741142,134.91746913867496,202.04276345502188,50.84490637389085,37.249159565656775,28.137640929697213,37.10468132007261,0.0,0.0,0.0,0.0
2026-09-27,EP152026,33,2026-10-02 00:00:00,5 days 00:00:00,120,23.16,-169.96,986.9,56.4,40.59305385618043,187.2150037239979,165.18700231239927,140.34871536834115,175.66670582749182,52.266431351426654,49.17089674093252,37.7645983377747,43.48346069971731,0.0,0.0,0.0,0.0
2026-09-27,EP152026,33,2026-10-02 06:00:00,5 days 06:00:00,126,22.97,-170.38,982.3,60.1,67.07477396670599,172.05411277523478,144.98013109895598,175.1494178855762,182.1210032188484,87.97336119775534,80.2741762925767,67.43142683678604,78.84186447331058,0.0,0.0,0.0,0.0
2026-09-27,EP152026,33,2026-10-02 12:00:00,5 days 12:00:00,132,22.92,-170.47,984.9,56.9,36.21040303698583,213.42615682817288,150.7242416653282,185.028072198259,250.48499107835224,141.6857888846271,112.87711508064572,104.09054368115622,134.78467344587494,0.0,0.0,0.0,0.0
2026-09-27,EP152026,33,2026-10-02 18:00:00,5 days 18:00:00,138,23.09,-170.61,984.3,54.6,54.059580391117606,221.42196014874423,177.7166782307752,140.83528578525852,214.480600811248,54.059580391117606,41.49683105692799,30.13945988534536,40.2529541728544,0.0,0.0,0.0,0.0
2026-09-27,EP152026,33,2026-10-03 00:00:00,6 days 00:00:00,144,23.29,-170.88,982.9,62.2,31.55090583887717,179.74717103656408,105.6347416022436,103.6823144363773,165.1883875428615,72.82781314719416,45.1495687741335,32.37254913062613,64.69987880888185,0.0,0.0,0.0,0.0
2026-09-27,EP152026,33,2026-10-03 06:00:00,6 days 06:00:00,150,22.93,-171.61,979.4,67.9,38.425982796451976,205.40380812192484,157.57257782490717,153.00461498624844,198.42310656014547,85.95730296024634,73.47121032898022,70.43173988387503,82.87702310306736,43.47974915726638,40.09576555293711,38.18210663829807,42.074318979798605
2026-09-27,EP152026,33,2026-10-03 12:00:00,6 days 12:00:00,156,22.93,-172.74,968.8,75.3,40.64609810369011,292.1321409642072,177.59654764082862,165.3136668591307,303.24432549019696,152.68592469959472,109.5003850428935,92.25365249663552,145.38417194078883,69.40726570850313,55.67257697375842,44.47010311200204,61.52400989214104
2026-09-27,EP152026,33,2026-10-03 18:00:00,6 days 18:00:00,162,22.75,-174.41,960.8,95.1,9.251578727088235,289.4695695592493,190.343036692376,157.1116031153286,277.3368755445802,140.25454380072424,104.41445235267918,80.60060332572128,127.1476653167434,77.37344299678956,63.98060565329066,47.586630587519885,67.85330276988145
2026-09-27,EP152026,33,2026-10-04 00:00:00,7 days 00:00:00,168,22.37,-176.4,954.8,100.9,27.61554970889238,269.4461254410911,186.93611923985495,152.01889552347473,278.4196901339642,143.2665522965279,104.04529494370472,86.31178227305806,134.69608839679233,77.44798161290166,63.50745354835936,48.41183845123789,68.57652218621584
2026-09-27,EP152026,33,2026-10-04 06:00:00,7 days 06:00:00,174,22.57,-178.39,952.1,102.8,26.97246900705768,266.07837417596244,221.7486396892776,182.115600832805,276.16992249025645,160.21065944809723,131.4803428558468,110.96383647006208,144.77377827845763,85.89597808318028,74.64834909243953,56.99041807297726,75.73272488172779
2026-09-27,EP152026,33,2026-10-04 12:00:00,7 days 12:00:00,180,22.76,179.75,951.7,108.2,30.305705009556533,265.49166374843344,170.3174144887355,158.1963175422286,280.22806094118505,133.4940780933283,97.37808829183962,75.41966726815843,125.4143344383802,70.0458909729885,55.480647823955394,42.48333975080931,62.79863733320951
2026-09-27,EP152026,33,2026-10-04 18:00:00,7 days 18:00:00,186,23.23,177.78,960.0,97.4,23.46073753095336,268.267172836786,184.6418688997661,157.2636802912619,302.5951051834244,148.71811333045193,116.81214773744811,100.11323341577246,141.87503742878027,85.07159476557096,75.33116093724098,57.25328160040169,75.61596655407462
2026-09-27,EP152026,33,2026-10-05 00:00:00,8 days 00:00:00,192,24.07,175.82,949.0,109.4,29.670133955223783,288.23978306502056,207.9469149092364,176.65690262785824,257.51488697923367,156.05164870769147,132.0118889316941,97.90282577132407,134.5151779168361,82.55288419899627,71.48768930167057,52.27764352488968,69.34697057129753
2026-09-27,EP152026,33,2026-10-05 06:00:00,8 days 06:00:00,198,24.77,173.77,953.2,108.2,30.302531224297084,303.8028466354898,258.1313930483221,212.8900224833289,261.7801251152944,139.86127546894647,128.40195732931298,103.86210792255017,125.17439627606988,85.08810519686897,77.88578005061898,60.92187472750122,72.26778600703426
2026-09-27,EP152026,33,2026-10-05 12:00:00,8 days 12:00:00,204,26.04,171.78,950.5,106.7,37.933515352234274,288.5051967232416,233.1415701342481,203.76876813897232,264.9502276555855,163.175596596004,140.29948531114445,109.13038461189828,138.2738636795716,85.86555470028779,75.66881588596814,56.81281564290717,73.71520650024512
2026-09-27,EP152026,33,2026-10-05 18:00:00,8 days 18:00:00,210,26.98,169.89,957.6,95.4,22.532131851531748,298.7525419029453,230.29227608559356,190.14302823872384,252.39454953193575,148.05753564055948,129.67045376815042,98.4036040126957,127.82138118858263,71.63987191707312,61.78552381057556,45.74242988514688,61.59805217736827
2026-09-27,EP152026,33,2026-10-06 00:00:00,9 days 00:00:00,216,28.21,168.45,962.5,94.4,17.959863526730558,297.511526902683,246.7989156866129,160.61927275599777,227.10146852287687,140.73955278378398,118.50895223308297,80.18296101819986,109.11277598050027,70.26786494276044,59.88459790593954,44.0718374855508,57.68351954386188
2026-09-27,EP152026,33,2026-10-06 06:00:00,9 days 06:00:00,222,29.43,167.46,969.9,85.9,44.56646391351063,197.873885292802,179.50702358441345,140.89588378710346,156.6036365448631,104.044619891386,102.20469247025336,70.50689050320773,83.79720100543227,52.40094008480031,47.41239310405882,34.72879572123139,42.38367748276431
2026-09-27,EP152026,33,2026-10-06 12:00:00,9 days 12:00:00,228,30.68,167.21,972.8,78.8,48.67999780094124,244.0751291082088,259.7164823803723,160.37782262549445,172.05898576651816,142.09358062707545,137.28814012711518,86.94104872332173,106.14464065201356,50.26127072375948,44.50191045662632,31.970740769936583,39.19486249521651
2026-09-27,EP152026,33,2026-10-06 18:00:00,9 days 18:00:00,234,31.43,167.5,984.1,62.2,43.50892828698306,253.5793008683953,236.16459198512095,181.6394309030078,194.9451848801945,154.5279978856422,143.16971780537176,111.98895680497384,124.37771221231353,0.0,0.0,0.0,0.0
2026-09-27,EP152026,33,2026-10-07 00:00:00,10 days 00:00:00,240,32.27,167.94,985.9,56.8,73.76220100335004,276.84229579843327,291.54738182595713,189.5996449752088,218.8070428665087,118.9273462168792,103.51618883423544,68.38100054519748,83.31108470435447,0.0,0.0,0.0,0.0
2026-09-27,EP152026,33,2026-10-07 06:00:00,10 days 06:00:00,246,32.84,168.6,981.5,60.3,39.63660146519119,189.8300431511327,233.206590938903,156.43870118139887,165.66013737605317,97.13581663833575,88.9109567455665,65.70975947110509,69.42299024486883,0.0,0.0,0.0,0.0
2026-09-27,EP152026,33,2026-10-07 12:00:00,10 days 12:00:00,252,33.1,169.15,987.7,51.6,47.90921704334773,240.07613652149183,228.95785801056152,180.66835786705244,220.71353883499447,75.08380416181524,73.0035074375005,50.022351824031816,57.34237639665923,0.0,0.0,0.0,0.0
2026-09-27,EP152026,33,2026-10-07 18:00:00,10 days 18:00:00,258,33.25,169.39,987.6,50.2,85.77150160531394,259.2093234458084,231.18723033628368,186.14795859059168,236.3618369175984,91.79491131472972,80.52246919769438,76.37246605086281,92.35283124487692,0.0,0.0,0.0,0.0
2026-09-27,EP152026,33,2026-10-08 00:00:00,11 days 00:00:00,264,32.79,169.7,987.8,61.6,39.74944873912728,185.62248872525845,191.43791389461364,173.20910694671218,198.5454397628656,84.2848426241092,71.09108237733105,56.595956819141385,69.59358484242631,0.0,0.0,0.0,0.0
2026-09-27,EP152026,33,2026-10-08 06:00:00,11 days 06:00:00,270,32.65,169.93,992.2,52.1,65.72982391703684,172.3136355844242,184.9161952264917,174.21939973832042,166.4103967249739,65.72982391703684,32.828685343565525,27.98896677464679,35.25628819902259,0.0,0.0,0.0,0.0
2026-09-27,EP152026,33,2026-10-08 12:00:00,11 days 12:00:00,276,32.66,169.45,996.6,34.1,99.94974846415468,99.94974846415468,63.67314018238038,43.08461267584474,55.552550191297314,0.0,0.0,0.0,0.0,0.0,0.0,0.0,0.0
2026-09-27,EP152026,33,2026-10-08 18:00:00,11 days 18:00:00,282,33.03,169.05,1003.3,31.3,134.854018832169,0.0,0.0,0.0,0.0,0.0,0.0,0.0,0.0,0.0,0.0,0.0,0.0
2026-09-27,EP152026,33,2026-10-09 00:00:00,12 days 00:00:00,288,33.26,168.92,1004.3,30.7,127.22373612525112,0.0,0.0,0.0,0.0,0.0,0.0,0.0,0.0,0.0,0.0,0.0,0.0
2026-09-27,EP152026,33,2026-10-09 06:00:00,12 days 06:00:00,294,33.88,169.45,1004.5,25.4,113.45410045421778,0.0,0.0,0.0,0.0,0.0,0.0,0.0,0.0,0.0,0.0,0.0,0.0
2026-09-27,EP152026,33,2026-10-09 12:00:00,12 days 12:00:00,300,34.15,170.53,1005.1,29.7,122.512524268357,0.0,0.0,0.0,0.0,0.0,0.0,0.0,0.0,0.0,0.0,0.0,0.0
2026-09-27,EP152026,33,2026-10-09 18:00:00,12 days 18:00:00,306,35.1,172.15,1005.2,28.3,63.20920390039437,0.0,0.0,0.0,0.0,0.0,0.0,0.0,0.0,0.0,0.0,0.0,0.0
2026-09-27,EP152026,33,2026-10-10 00:00:00,13 days 00:00:00,312,36.96,174.79,1006.4,33.8,75.58791599612331,0.0,0.0,0.0,0.0,0.0,0.0,0.0,0.0,0.0,0.0,0.0,0.0
2026-09-27,EP152026,33,2026-10-10 06:00:00,13 days 06:00:00,318,36.85,178.06,1001.7,36.8,145.32483828093314,0.0,145.32483828093314,14.86332396835624,0.0,0.0,0.0,0.0,0.0,0.0,0.0,0.0,0.0
2026-09-27,EP162026,33,2026-09-27 00:00:00,0 days 00:00:00,0,20.8,-123.6,975.0,76.0,28.0,167.0,167.0,148.0,185.0,93.0,74.0,74.0,93.0,65.0,46.0,37.0,56.0
2026-09-27,EP162026,33,2026-09-27 06:00:00,0 days 06:00:00,6,21.48,-123.47,995.8,56.0,75.72522762735483,152.65609401061033,131.756371453311,106.1711623651648,142.7060407351943,39.7072592726212,75.72522762735483,24.692564473216216,39.30039855881482,0.0,0.0,0.0,0.0
2026-09-27,EP162026,33,2026-09-27 12:00:00,0 days 12:00:00,12,22.21,-123.43,999.6,46.6,79.46558290151401,118.52574071271135,113.20145433001788,64.05296869654896,86.0050532170279,0.0,0.0,0.0,0.0,0.0,0.0,0.0,0.0
2026-09-27,EP162026,33,2026-09-27 18:00:00,0 days 18:00:00,18,22.54,-123.27,1000.8,37.1,49.02189623212688,65.95356617736746,55.27078215436367,22.72481470906625,44.89534355246808,0.0,0.0,0.0,0.0,0.0,0.0,0.0,0.0
2026-09-27,EP162026,33,2026-09-28 00:00:00,1 days 00:00:00,24,22.85,-123.37,1000.6,36.7,74.06003430246273,76.26922221008292,67.15369947971652,53.3523848678462,59.82686620253811,0.0,0.0,0.0,0.0,0.0,0.0,0.0,0.0
2026-09-27,EP162026,33,2026-09-28 06:00:00,1 days 06:00:00,30,23.22,-123.28,1002.5,37.2,59.08855977498379,88.05749540315907,83.54897116127,63.70510130644215,66.09260931524679,0.0,0.0,0.0,0.0,0.0,0.0,0.0,0.0
2026-09-27,EP162026,33,2026-09-28 12:00:00,1 days 12:00:00,36,22.9,-123.0,1002.4,27.3,71.35622548750801,0.0,0.0,0.0,0.0,0.0,0.0,0.0,0.0,0.0,0.0,0.0,0.0
2026-09-27,EP162026,33,2026-09-28 18:00:00,1 days 18:00:00,42,22.57,-122.74,1002.9,25.2,18.786816160211508,0.0,0.0,0.0,0.0,0.0,0.0,0.0,0.0,0.0,0.0,0.0,0.0
2026-09-27,EP162026,33,2026-09-29 00:00:00,2 days 00:00:00,48,22.01,-122.54,1004.7,25.1,100.86851398139544,0.0,0.0,0.0,0.0,0.0,0.0,0.0,0.0,0.0,0.0,0.0,0.0
2026-09-27,EP162026,33,2026-09-29 06:00:00,2 days 06:00:00,54,21.22,-122.52,1006.4,24.4,108.01245408719517,0.0,0.0,0.0,0.0,0.0,0.0,0.0,0.0,0.0,0.0,0.0,0.0
2026-09-27,EP172026,33,2026-09-27 00:00:00,0 days 00:00:00,0,19.0,-112.9,946.0,111.0,28.0,259.0,185.0,167.0,185.0,111.0,111.0,93.0,93.0,65.0,65.0,46.0,56.0
2026-09-27,EP172026,33,2026-09-27 06:00:00,0 days 06:00:00,6,20.05,-113.15,941.5,125.1,48.16820169412602,127.94940072932069,144.6560055264594,81.01174179667856,64.56075941561242,75.72536925666476,74.24790126828671,51.77458286283685,59.79803144035441,56.09824193126458,49.64929781759912,37.04947840295236,45.74796154538807
2026-09-27,EP172026,33,2026-09-27 12:00:00,0 days 12:00:00,12,20.77,-113.58,954.4,108.3,5.554612156779353,157.44542029221702,175.76523357880268,129.16718596182645,142.20094005506928,95.52521612460032,94.65025457907517,69.23524247504845,76.775794164084,51.314018355584565,45.38618032197908,34.60781286594478,42.3316847155012
2026-09-27,EP172026,33,2026-09-27 18:00:00,0 days 18:00:00,18,21.52,-114.14,943.6,118.2,9.832874474953712,138.53147758694766,144.34453681421672,111.3616294521222,117.99297141977353,88.87346669406696,82.56082742306975,60.67121692826788,76.03585299872907,60.75416253472477,51.93726665440427,38.29392492053248,48.48520584515703
2026-09-27,EP172026,33,2026-09-28 00:00:00,1 days 00:00:00,24,22.52,-114.28,958.6,101.1,18.75257808676154,180.90396588106145,199.85749956602928,97.21100704213806,120.61036463982914,91.66707976179686,80.79702269929828,48.04363339493955,60.55473723754551,51.88296965297396,43.22874419693647,29.53399906380386,38.92991631412937
2026-09-27,EP172026,33,2026-09-28 06:00:00,1 days 06:00:00,30,23.51,-114.13,940.2,115.3,51.63130900935306,112.4898744267168,173.68474404039557,143.7733705321578,76.16627300169918,77.29962563573466,94.24914592263502,84.62309946104375,63.68384469370139,52.0740562827592,51.323495733352985,43.22073567913365,42.72927590205998
2026-09-27,EP172026,33,2026-09-28 12:00:00,1 days 12:00:00,36,24.27,-113.71,963.3,96.8,20.809308668304027,163.3942269848087,185.5494313499028,157.42870741945842,99.34610545784052,80.75782897245472,97.079509724716,82.95733223199295,55.75244335667424,42.85459648062721,44.63645506503701,39.56227212293254,34.21457528539645
2026-09-27,EP172026,33,2026-09-28 18:00:00,1 days 18:00:00,42,25.07,-112.99,958.4,99.0,41.02155277169787,114.15273324542348,150.54837527112028,123.80600134533545,36.654356791781154,41.02155277169787,57.08378187992807,49.08030798901666,31.119714617111377,41.02155277169787,26.591376789835053,20.536924049398092,19.679181640469807
2026-09-27,EP172026,33,2026-09-29 00:00:00,2 days 00:00:00,48,25.68,-112.46,970.7,74.8,39.11350718904494,132.28066047985544,124.3430693935677,104.66157471398682,87.10697917685802,52.415852357112,63.26735044199638,50.25343011030532,37.45879799102905,9.643951194949036,39.11350718904494,11.020270675229828,8.351826114170557
2026-09-27,EP172026,33,2026-09-29 06:00:00,2 days 06:00:00,54,26.67,-111.74,990.5,50.4,48.3531956396008,160.6026015483941,169.6452315445983,129.49470588782782,102.16485947418364,27.868766363828385,48.3531956396008,22.885505906578462,21.741703866216,0.0,0.0,0.0,0.0
2026-09-27,EP172026,33,2026-09-29 12:00:00,2 days 12:00:00,60,28.05,-110.86,993.9,42.4,114.49494468090413,114.49494468090413,72.81406088310821,38.95959454730494,23.46973226685881,0.0,0.0,0.0,0.0,0.0,0.0,0.0,0.0
2026-09-27,EP902026,33,2026-09-27 00:00:00,0 days 00:00:00,0,12.0,-98.6,1008.0,25.0,111.0,0.0,0.0,0.0,0.0,0.0,0.0,0.0,0.0,0.0,0.0,0.0,0.0
2026-09-27,EP902026,33,2026-09-27 06:00:00,0 days 06:00:00,6,11.9,-98.51,1005.4,31.5,149.5616232285489,0.0,0.0,0.0,0.0,0.0,0.0,0.0,0.0,0.0,0.0,0.0,0.0
2026-09-27,EP902026,33,2026-09-27 12:00:00,0 days 12:00:00,12,12.04,-98.48,1000.2,34.0,90.76123572974193,0.0,0.0,0.0,0.0,0.0,0.0,0.0,0.0,0.0,0.0,0.0,0.0
2026-09-27,EP902026,33,2026-09-27 18:00:00,0 days 18:00:00,18,12.28,-98.78,1003.6,40.1,96.73263960845463,96.73263960845463,47.33004828699798,13.891833905400798,24.618588926037877,0.0,0.0,0.0,0.0,0.0,0.0,0.0,0.0
2026-09-27,EP902026,33,2026-09-28 00:00:00,1 days 00:00:00,24,12.43,-99.29,1002.1,43.3,85.3281536335286,164.02628743454545,164.26882960036107,128.42247019418147,131.61685911647905,0.0,0.0,0.0,0.0,0.0,0.0,0.0,0.0
2026-09-27,EP902026,33,2026-09-28 06:00:00,1 days 06:00:00,30,12.72,-100.05,998.9,43.9,86.95147015449994,153.19952661160698,156.4718240910973,120.51894229534794,124.89474033741404,0.0,0.0,0.0,0.0,0.0,0.0,0.0,0.0
2026-09-27,EP902026,33,2026-09-28 12:00:00,1 days 12:00:00,36,13.44,-101.31,998.8,47.5,104.5344950814019,191.4061482286036,186.7871994525412,111.25981779496962,148.87927224024344,0.0,0.0,0.0,0.0,0.0,0.0,0.0,0.0
2026-09-27,EP902026,33,2026-09-28 18:00:00,1 days 18:00:00,42,13.91,-102.54,997.3,49.2,46.16161489888614,210.81837166846535,177.12132946843298,130.01722367965976,184.92229754533415,0.0,0.0,0.0,0.0,0.0,0.0,0.0,0.0
2026-09-27,EP902026,33,2026-09-29 00:00:00,2 days 00:00:00,48,14.42,-103.62,994.8,50.3,49.34453120621994,288.5248765854764,251.44508462485203,213.1813076561544,251.3153098939765,49.34453120621994,15.256218873020826,11.490712641745638,13.731849737211292,0.0,0.0,0.0,0.0
2026-09-27,EP902026,33,2026-09-29 06:00:00,2 days 06:00:00,54,14.89,-104.79,997.1,49.7,76.4119546929536,183.3477631935116,146.62404510598935,109.11187855594268,153.45791189807073,0.0,0.0,0.0,0.0,0.0,0.0,0.0,0.0
2026-09-27,EP902026,33,2026-09-29 12:00:00,2 days 12:00:00,60,15.6,-106.0,993.4,53.0,89.07757124837778,212.64447506433845,189.58439329240068,118.42655710000253,159.27963085810234,89.07757124837778,3.294748276581279,0.0,1.304483342298207,0.0,0.0,0.0,0.0
2026-09-27,EP902026,33,2026-09-29 18:00:00,2 days 18:00:00,66,16.34,-106.89,989.0,57.9,58.06164034797827,184.6816538984163,171.03544574260593,119.61630329703308,147.50017223987328,62.87716330153562,53.67352174801738,34.94713263241702,41.527436691607576,0.0,0.0,0.0,0.0
2026-09-27,EP902026,33,2026-09-30 00:00:00,3 days 00:00:00,72,16.97,-107.78,990.2,56.2,62.99208822016772,215.2277441427032,216.4760022758619,137.26794820275427,178.66935720062975,83.42217736197017,69.67019695459658,39.84460950487755,55.16015435118425,0.0,0.0,0.0,0.0
2026-09-27,EP902026,33,2026-09-30 06:00:00,3 days 06:00:00,78,17.63,-108.58,986.9,63.2,40.73429084149189,130.24928141744144,152.53823150133144,128.53055906480833,107.06745279192585,77.05983200034203,75.69674562303433,61.49552078587469,63.92423578323394,0.0,0.0,0.0,0.0
2026-09-27,EP902026,33,2026-09-30 12:00:00,3 days 12:00:00,84,18.23,-108.81,982.3,72.7,33.63189266485029,150.97166703237457,193.21526694160804,159.8887526723084,121.9566232008546,82.93723423062622,81.9633442225985,62.53212896634727,65.15755541198178,44.94616206360237,40.679763851309616,32.35427294054603,36.933108294588266
2026-09-27,EP902026,33,2026-09-30 18:00:00,3 days 18:00:00,90,18.69,-109.4,979.0,70.3,46.11175910577067,170.21452357113128,187.83061570240488,128.22606885696118,125.24405455386936,91.10772812764532,84.8640132211801,50.28369215416679,70.79825346057646,48.75373257352487,40.50421474478459,30.085696915424197,39.55387462822164
2026-09-27,EP902026,33,2026-10-01 00:00:00,4 days 00:00:00,96,18.68,-110.15,980.9,70.8,43.86731711342824,153.7111779590322,152.53009542293907,125.38597418744662,145.46343465465705,83.73956933904626,68.53330308147834,49.88460109039013,67.10699583861386,43.86731711342824,11.845173847069448,6.415488689780291,12.433044236427325
2026-09-27,EP902026,33,2026-10-01 06:00:00,4 days 06:00:00,102,18.96,-110.65,975.4,78.5,30.597137689143263,106.4127823959391,177.50566709875153,143.5333956827164,96.08770386623694,45.92656198052625,54.21796667147895,45.76609614728255,37.94957545283438,45.18747093501791,40.888167392260186,34.18916120557589,37.46827892375944
2026-09-27,EP902026,33,2026-10-01 12:00:00,4 days 12:00:00,108,18.83,-110.75,976.9,78.5,25.070872038384454,129.10351258994623,165.7908276156123,148.62353433057112,118.11904066929124,80.94171827579001,74.76247867323073,64.07969456090854,67.84257169633774,41.0803088527274,34.5153878202814,28.78488738934442,32.03316051137407
2026-09-27,EP902026,33,2026-10-01 18:00:00,4 days 18:00:00,114,18.91,-110.9,983.4,59.4,58.20661878616204,102.02454616798376,134.62082034232344,127.77660992919834,110.33756736359167,30.83523200838636,58.20661878616204,23.79921148346,25.859446729621,0.0,0.0,0.0,0.0
2026-09-27,EP902026,33,2026-10-02 00:00:00,5 days 00:00:00,120,18.89,-111.05,986.6,59.1,44.67019517455913,97.92387381264776,131.74983409797233,139.5388564705358,118.6073524145591,69.09809972287131,70.38815077562911,55.27882157063131,56.53946386885567,0.0,0.0,0.0,0.0
2026-09-27,EP902026,33,2026-10-02 06:00:00,5 days 06:00:00,126,18.9,-110.95,982.4,51.7,83.78775294148636,126.09991535356404,155.58893765546964,169.78064862223982,144.8761924788596,1.8411876952693549,0.0,83.78775294148636,2.366727929080355,0.0,0.0,0.0,0.0
2026-09-27,EP902026,33,2026-10-02 12:00:00,5 days 12:00:00,132,18.65,-110.87,990.3,50.5,43.49257516602309,124.08581149706004,162.17465533380823,178.4616239488733,136.23637641831877,22.446466074508223,43.49257516602309,24.363590618655987,19.565982992167463,0.0,0.0,0.0,0.0
2026-09-27,EP902026,33,2026-10-02 18:00:00,5 days 18:00:00,138,18.18,-111.0,997.6,45.3,64.77477853010942,195.89587189166377,228.03480375130857,208.42949487579608,185.04978079376087,0.0,0.0,0.0,0.0,0.0,0.0,0.0,0.0
2026-09-27,EP902026,33,2026-10-03 00:00:00,6 days 00:00:00,144,18.12,-111.04,997.1,42.5,64.88209621702393,202.5086097403548,197.3611187415385,200.17196086228773,181.8890359362804,0.0,0.0,0.0,0.0,0.0,0.0,0.0,0.0
2026-09-27,EP902026,33,2026-10-03 06:00:00,6 days 06:00:00,150,18.29,-110.87,991.6,52.4,75.63182553172058,238.7677211631056,238.12437793012973,186.28454398082303,188.54612245940436,75.63182553172058,22.820982098535424,10.46262828605427,14.303392062817544,0.0,0.0,0.0,0.0
2026-09-27,EP902026,33,2026-10-03 12:00:00,6 days 12:00:00,156,18.03,-110.12,991.0,57.4,52.22146368820971,112.42610835459924,173.10550412626066,116.394310753468,98.1883054509954,42.91529999408257,52.22146368820971,36.97268911539971,29.651581734473908,0.0,0.0,0.0,0.0
2026-09-27,EP902026,33,2026-10-03 18:00:00,6 days 18:00:00,162,18.21,-109.64,991.1,58.2,35.96730550703338,123.00136765088251,115.63363160423484,124.9938423644894,121.7223008355646,75.07171045561898,69.65842311261981,57.71442027507442,68.88222550020173,0.0,0.0,0.0,0.0
2026-09-27,EP902026,33,2026-10-04 00:00:00,7 days 00:00:00,168,18.63,-109.27,987.1,57.3,68.94627279950728,173.40235575832585,188.13420872468987,155.38738202863925,129.52000583395315,93.28662592017896,95.23217269444586,68.00483879613331,66.19005032826217,0.0,0.0,0.0,0.0
2026-09-27,EP902026,33,2026-10-04 06:00:00,7 days 06:00:00,174,19.2,-108.93,992.8,48.2,36.48752078653298,152.56597178616397,177.20711485061585,161.12446690619512,132.81807955205034,0.0,0.0,0.0,0.0,0.0,0.0,0.0,0.0
2026-09-27,EP902026,33,2026-10-04 12:00:00,7 days 12:00:00,180,19.61,-109.01,988.0,52.2,69.01985358367907,125.47106653469288,140.1680190119879,84.68918801818737,89.37113150914146,69.01985358367907,26.740397562753216,14.21152780224195,13.5829550540119,0.0,0.0,0.0,0.0
2026-09-27,EP902026,33,2026-10-04 18:00:00,7 days 18:00:00,186,20.02,-109.56,982.1,60.1,53.0907079647055,191.09390376806263,176.99349458131283,123.07236752708914,139.02673714705986,92.87263235267775,72.42581119636864,39.38953585355617,65.9600557902824,0.0,0.0,0.0,0.0
2026-09-27,EP902026,33,2026-10-05 00:00:00,8 days 00:00:00,192,20.38,-110.13,984.8,61.2,48.78890024945311,160.6875565822734,183.18510666401016,113.29153737432952,118.2614172865051,56.42309170985207,53.47754733511546,27.76065352659981,31.827791801955637,0.0,0.0,0.0,0.0
2026-09-27,EP902026,33,2026-10-05 06:00:00,8 days 06:00:00,198,20.89,-110.53,980.0,71.0,39.07810729941534,171.25898898720956,185.15373242338276,118.2568663797915,132.5768980732256,83.08935503201619,70.9251743897929,44.53442527591324,59.85129283242691,39.07810729941534,15.054568273603737,9.147313634052852,14.592952218822363
2026-09-27,EP902026,33,2026-10-05 12:00:00,8 days 12:00:00,204,21.0,-110.92,974.1,72.7,19.789663805513257,186.7978324256816,193.23010563367768,134.40501345675278,156.57636227386146,92.38270883163064,84.47909136694955,58.704793246085806,68.9265440850132,43.78825037885382,36.42108307886252,27.91776656553929,35.49227492690063
2026-09-27,EP902026,33,2026-10-05 18:00:00,8 days 18:00:00,210,21.51,-111.63,968.3,79.6,41.57681974421669,241.1154595793929,217.07156074845352,149.98715170582557,206.72608370748756,111.86559691153366,96.28493480481929,62.76329627438645,84.42550870954466,67.46261176933663,56.45632506227906,43.04102166924716,54.21597221132532
2026-09-27,EP902026,33,2026-10-06 00:00:00,9 days 00:00:00,216,21.87,-112.45,967.7,82.9,16.94040721634033,214.9969764109531,211.83675394977337,157.8061623658632,176.5930533815271,97.84640466674524,87.41731329146378,61.35752139350055,77.24869780687568,51.79343566482717,43.30041010321269,31.703708311055934,41.13275647024443
2026-09-27,EP902026,33,2026-10-06 06:00:00,9 days 06:00:00,222,22.0,-113.15,965.9,82.8,34.20827851681605,205.6981301391123,179.34614422862558,153.12961103904644,182.7714124103288,77.54730345481082,66.97490323001611,49.04936953459102,64.35571775133539,44.72022076360918,34.793997085545584,26.33508290554098,38.11090431014479
2026-09-27,EP902026,33,2026-10-06 12:00:00,9 days 12:00:00,228,22.39,-113.9,975.3,66.3,75.6148100718946,195.5299042783467,176.52399545600986,133.4131992522104,172.38652590778486,88.0341076140287,72.97263083919867,49.92522242761152,73.0278867396726,75.6148100718946,20.36327140628793,15.09603130763076,23.11533078952455
2026-09-27,EP902026,33,2026-10-06 18:00:00,9 days 18:00:00,234,22.74,-114.79,983.9,65.3,32.780901732216364,268.35850318742445,209.6178260424429,168.62981113747588,225.5591949093635,98.48464932914754,82.69409749413606,62.43891074116456,78.00751578760729,32.780901732216364,0.1798575009505492,0.0,0.0
2026-09-27,EP902026,33,2026-10-07 00:00:00,10 days 00:00:00,240,22.95,-115.47,988.9,51.1,88.410408055577,193.42345184182057,147.13059842042475,98.7194146522064,162.15350310003535,88.410408055577,4.565672373178965,0.0,3.31977028283835,0.0,0.0,0.0,0.0
2026-09-27,EP902026,33,2026-10-07 06:00:00,10 days 06:00:00,246,23.43,-116.04,984.5,53.0,25.825249365145112,209.14713156798933,188.37753700463344,160.94249176187213,180.17301855767448,97.96879917531754,79.54219765128627,56.357886197673736,73.05480043792821,0.0,0.0,0.0,0.0
2026-09-27,EP902026,33,2026-10-07 12:00:00,10 days 12:00:00,252,24.04,-116.8,979.0,56.3,74.25182555686946,249.5472054183057,209.422408024362,128.46090925571474,177.63273956439178,74.25182555686946,20.483211379230383,5.183943608394707,8.781298394548688,0.0,0.0,0.0,0.0
2026-09-27,EP902026,33,2026-10-07 18:00:00,10 days 18:00:00,258,24.87,-117.24,983.9,55.5,47.05013803952162,237.5900384929739,213.24724017684812,145.36435829055097,188.5578393468164,75.86766281764393,62.73596671218005,37.94180243469368,51.518375768578565,0.0,0.0,0.0,0.0
2026-09-27,EP902026,33,2026-10-08 00:00:00,11 days 00:00:00,264,25.64,-117.97,988.1,50.7,125.66515365859988,295.3507339841275,267.89715877251047,214.10624112552804,239.36192175616085,125.66515365859988,0.6129701958138036,0.0,1.3712947932726407,0.0,0.0,0.0,0.0
2026-09-27,EP902026,33,2026-10-08 06:00:00,11 days 06:00:00,270,26.08,-117.87,985.0,48.6,86.57261292855225,222.71395314186225,211.60543620322855,175.955395078351,170.18136486671045,0.0,0.0,0.0,0.0,0.0,0.0,0.0,0.0
2026-09-27,EP902026,33,2026-10-08 12:00:00,11 days 12:00:00,276,27.12,-118.33,995.8,44.7,37.7053811589214,286.35670561362497,237.9182615772315,192.71246386331111,241.6695971573084,0.0,0.0,0.0,0.0,0.0,0.0,0.0,0.0
2026-09-27,EP902026,33,2026-10-08 18:00:00,11 days 18:00:00,282,27.85,-118.66,994.6,39.3,68.00121606757097,182.99038694654303,163.7859805587511,126.70352210044403,149.21627548362915,0.0,0.0,0.0,0.0,0.0,0.0,0.0,0.0
2026-09-27,EP902026,33,2026-10-09 00:00:00,12 days 00:00:00,288,28.2,-118.9,997.1,34.2,76.39971814333593,66.0591019392858,76.39971814333593,57.634235571361685,62.59770510769507,0.0,0.0,0.0,0.0,0.0,0.0,0.0,0.0
2026-09-27,EP902026,33,2026-10-09 06:00:00,12 days 06:00:00,294,29.06,-119.19,998.7,35.2,75.44787379982183,135.37245448334045,117.531375383569,93.6164274733362,106.43588762474602,0.0,0.0,0.0,0.0,0.0,0.0,0.0,0.0
2026-09-27,EP902026,33,2026-10-09 12:00:00,12 days 12:00:00,300,29.39,-119.11,1000.3,28.4,128.21944506360492,0.0,0.0,0.0,0.0,0.0,0.0,0.0,0.0,0.0,0.0,0.0,0.0
2026-09-27,EP902026,33,2026-10-09 18:00:00,12 days 18:00:00,306,30.03,-119.4,998.3,27.3,243.57818332543596,0.0,0.0,0.0,0.0,0.0,0.0,0.0,0.0,0.0,0.0,0.0,0.0
2026-09-27,EP902026,33,2026-10-10 00:00:00,13 days 00:00:00,312,30.48,-119.41,1001.1,25.9,135.6983515556037,0.0,0.0,0.0,0.0,0.0,0.0,0.0,0.0,0.0,0.0,0.0,0.0
2026-09-27,EP902026,33,2026-10-10 06:00:00,13 days 06:00:00,318,30.87,-119.27,1001.7,27.0,58.81814998728899,0.0,0.0,0.0,0.0,0.0,0.0,0.0,0.0,0.0,0.0,0.0,0.0
2026-09-27,EP902026,33,2026-10-10 12:00:00,13 days 12:00:00,324,31.29,-119.09,1004.6,21.4,91.89114098083246,0.0,0.0,0.0,0.0,0.0,0.0,0.0,0.0,0.0,0.0,0.0,0.0
2026-09-27,EP902026,33,2026-10-10 18:00:00,13 days 18:00:00,330,31.03,-119.08,1006.6,20.3,123.11700050349702,0.0,0.0,0.0,0.0,0.0,0.0,0.0,0.0,0.0,0.0,0.0,0.0
2026-09-27,WP252026,33,2026-09-27 00:00:00,0 days 00:00:00,0,24.6,127.6,964.0,89.0,22.0,102.0,121.0,102.0,93.0,,,,,,,,
2026-09-27,WP252026,33,2026-09-27 06:00:00,0 days 06:00:00,6,25.24,128.15,953.5,99.3,15.293973290964122,161.75598796553948,199.84392474398956,182.66460326777064,136.9064636790212,64.95927755530795,79.28174583171409,74.6895648104672,51.14395859487032,37.08669987898477,42.36160469491925,37.28279826296453,35.121594874614146
2026-09-27,WP252026,33,2026-09-27 12:00:00,0 days 12:00:00,12,25.59,128.92,963.7,91.5,17.82173110013737,141.91584314414823,209.7915295927201,148.29605196362638,115.74289441656288,77.72602956685063,88.92568252501195,69.25870584523179,57.11366770058885,35.63766264569904,39.38343586800909,30.99364228778529,30.297900245203884
2026-09-27,WP252026,33,2026-09-27 18:00:00,0 days 18:00:00,18,26.12,129.66,960.9,94.3,24.401906610059264,152.33405892083923,179.69236341076282,143.03887577940282,99.8659034041412,72.51678169728856,99.86985231632958,72.75875916200123,46.20851896909812,51.39313480297408,53.36136455473228,42.02413505168577,38.63965401905034
2026-09-27,WP252026,33,2026-09-28 00:00:00,1 days 00:00:00,24,26.77,130.43,965.9,89.0,42.06530305558147,175.0642301436801,202.03204637763795,186.45782723352025,128.48440214560517,96.39853885180356,129.6778830008093,105.9704091327494,75.14673124069986,72.62381196851175,79.757041309128,69.76496430346265,58.520467515155815
2026-09-27,WP252026,33,2026-09-28 06:00:00,1 days 06:00:00,30,27.29,131.05,979.3,67.2,35.77643206772562,139.36917910007975,166.7554806650832,143.0880747192155,106.96416952471472,74.57924777105285,95.18331220739056,80.55191995706463,58.37876043062718,51.764258098902175,53.18702917061072,45.81892555431473,41.297145158502246
2026-09-27,WP252026,33,2026-09-28 12:00:00,1 days 12:00:00,36,27.62,131.99,987.2,60.5,35.423253766955604,154.8049079770026,197.45532017986196,140.1695269987275,121.38858468432912,81.47518346095002,84.30850167261329,65.92364095194486,58.36712861651469,0.0,0.0,0.0,0.0
2026-09-27,WP252026,33,2026-09-28 18:00:00,1 days 18:00:00,42,28.09,133.02,986.7,58.3,44.842759119258666,124.55461198515276,134.22149985641065,121.83017529771811,88.81711555042115,57.91237158144372,59.61333538639384,43.20478480563857,38.881132592257,0.0,0.0,0.0,0.0
2026-09-27,WP252026,33,2026-09-29 00:00:00,2 days 00:00:00,48,28.47,133.3,995.0,45.9,55.53061529671852,146.24942978029384,150.73644616129403,91.72619306732716,96.29021928714636,0.0,0.0,0.0,0.0,0.0,0.0,0.0,0.0
2026-09-27,WP252026,33,2026-09-29 06:00:00,2 days 06:00:00,54,28.93,134.16,997.4,41.6,44.63180729659534,168.92553330959942,183.31317362782056,153.50143330766815,139.19912952946694,0.0,0.0,0.0,0.0,0.0,0.0,0.0,0.0
2026-09-27,WP252026,33,2026-09-29 12:00:00,2 days 12:00:00,60,28.86,135.18,995.8,40.8,72.06052293094581,106.2865946377092,133.31476367645155,124.07049436198896,107.68580744085692,0.0,0.0,0.0,0.0,0.0,0.0,0.0,0.0
2026-09-27,WP252026,33,2026-09-29 18:00:00,2 days 18:00:00,66,28.93,136.0,993.4,38.8,60.1184165402978,139.94062857242102,178.16602138166036,163.46201841207105,130.72816726218616,0.0,0.0,0.0,0.0,0.0,0.0,0.0,0.0
2026-09-27,WP252026,33,2026-09-30 00:00:00,3 days 00:00:00,72,29.32,136.69,997.1,37.4,44.24417111183903,85.48682772100238,116.07417141681492,93.21817208925737,82.48247980954137,0.0,0.0,0.0,0.0,0.0,0.0,0.0,0.0
2026-09-27,WP252026,33,2026-09-30 06:00:00,3 days 06:00:00,78,29.7,137.36,996.7,32.8,89.58399275746399,0.0,0.0,0.0,0.0,0.0,0.0,0.0,0.0,0.0,0.0,0.0,0.0
2026-09-27,WP252026,33,2026-09-30 12:00:00,3 days 12:00:00,84,29.84,138.22,999.4,31.1,79.09218541551671,0.0,0.0,0.0,0.0,0.0,0.0,0.0,0.0,0.0,0.0,0.0,0.0
2026-09-27,WP252026,33,2026-09-30 18:00:00,3 days 18:00:00,90,30.12,138.31,1001.8,24.2,157.3567791810599,0.0,0.0,0.0,0.0,0.0,0.0,0.0,0.0,0.0,0.0,0.0,0.0
2026-09-27,WP252026,33,2026-10-01 00:00:00,4 days 00:00:00,96,31.21,138.64,1002.7,27.3,128.551017944345,0.0,0.0,0.0,0.0,0.0,0.0,0.0,0.0,0.0,0.0,0.0,0.0
2026-09-27,WP252026,33,2026-10-01 06:00:00,4 days 06:00:00,102,32.57,139.29,1001.9,29.3,119.79435022049154,0.0,0.0,0.0,0.0,0.0,0.0,0.0,0.0,0.0,0.0,0.0,0.0
2026-09-27,WP252026,33,2026-10-01 12:00:00,4 days 12:00:00,108,33.73,140.81,1001.1,33.7,164.65341148607354,0.0,0.0,0.0,0.0,0.0,0.0,0.0,0.0,0.0,0.0,0.0,0.0
2026-09-27,WP252026,33,2026-10-01 18:00:00,4 days 18:00:00,114,35.98,144.62,996.6,28.2,74.33573395307687,0.0,0.0,0.0,0.0,0.0,0.0,0.0,0.0,0.0,0.0,0.0,0.0
2026-09-27,AL062026,34,2026-09-27 00:00:00,0 days 00:00:00,0,29.8,-43.9,1010.0,29.0,56.0,0.0,0.0,0.0,0.0,0.0,0.0,0.0,0.0,0.0,0.0,0.0,0.0
2026-09-27,AL062026,34,2026-09-27 06:00:00,0 days 06:00:00,6,29.59,-43.97,1011.8,24.9,124.67563342801124,0.0,0.0,0.0,0.0,0.0,0.0,0.0,0.0,0.0,0.0,0.0,0.0
2026-09-27,EP152026,34,2026-09-27 00:00:00,0 days 00:00:00,0,16.7,-156.1,972.0,80.0,37.0,241.0,185.0,185.0,241.0,93.0,74.0,93.0,111.0,56.0,46.0,56.0,56.0
2026-09-27,EP152026,34,2026-09-27 06:00:00,0 days 06:00:00,6,16.53,-156.81,966.4,93.9,29.73497972746614,162.61171398609093,154.39208517128458,137.5343091696136,185.75223068095715,98.40385808472354,71.76501464569861,70.43782719863916,97.20748865850712,47.649134782957006,38.321690017913085,34.312222359389864,43.459340819354736
2026-09-27,EP152026,34,2026-09-27 12:00:00,0 days 12:00:00,12,16.33,-157.73,962.8,105.1,13.881691246576722,190.90372285710112,148.78605049905417,147.87491374246514,195.5774672856852,100.2746773553426,80.828898941029,73.36029595398867,97.38334350851969,51.758942177146665,39.34266154280634,35.35604742712084,46.5579270570652
2026-09-27,EP152026,34,2026-09-27 18:00:00,0 days 18:00:00,18,16.35,-158.59,966.4,97.3,22.988085991917472,169.61852834866684,173.2746326731783,148.14169464139394,148.58679217444904,97.0339313433786,93.56002623675298,88.5200497511606,90.14503773387234,56.39842051083087,50.4101767104248,43.57509594549616,50.836494160501246
2026-09-27,EP152026,34,2026-09-28 00:00:00,1 days 00:00:00,24,16.15,-159.62,956.8,99.9,24.55481448872048,191.47082033027232,123.98425665933098,102.55892057167496,212.95254930976333,95.8045775771111,68.79791396893971,60.28171965822617,89.90828247737348,59.138895810565465,46.76500646203168,37.37511592967525,53.06938959554391
2026-09-27,EP152026,34,2026-09-28 06:00:00,1 days 06:00:00,30,16.49,-160.36,946.8,115.0,26.327348826396083,190.52114437683016,129.59217966183394,123.48309345666492,195.88604743806923,103.68583392890092,70.80546932865207,70.06067553829634,104.98720287800325,70.78971296895628,53.962948948972965,45.52596136406345,62.92771277590518
2026-09-27,EP152026,34,2026-09-28 12:00:00,1 days 12:00:00,36,16.99,-161.25,944.8,114.4,29.242362738089398,165.05686052277403,108.5297419280479,83.07470800264645,137.01047883181965,100.3734818164038,61.68514693990368,49.44632554775934,85.24359072535138,49.97639760407243,36.54859844301619,27.03316494022441,43.39435917098471
2026-09-27,EP152026,34,2026-09-28 18:00:00,1 days 18:00:00,42,17.44,-162.19,947.8,115.6,10.28591322502662,192.1458262532543,178.6459173782277,140.79938800964,168.5910589423384,110.532469824768,92.4827329893919,80.84840340301344,99.9883373368328,65.23443839764256,57.86238429675417,42.527626658198685,56.89203247227488
2026-09-27,EP152026,34,2026-09-29 00:00:00,2 days 00:00:00,48,18.21,-162.77,952.9,106.2,24.36412590942291,228.1219935117965,189.5393244729703,137.02796587589114,166.66181448925636,106.67648894743934,82.8737111222481,58.3974228031135,84.426342714042,57.75268314811785,46.08932341477055,31.47580824724554,46.89074526071704
2026-09-27,EP152026,34,2026-09-29 06:00:00,2 days 06:00:00,54,19.29,-163.07,962.1,96.1,23.756451168171356,224.51039042146496,209.0510101430959,173.00408476838317,185.18578375829796,101.48579015083716,96.3415682999582,75.67902031229004,87.07105187732459,53.25087686744856,46.9817975883612,36.16684440725733,47.061694053445166
2026-09-27,EP152026,34,2026-09-29 12:00:00,2 days 12:00:00,60,20.24,-162.94,971.2,87.6,16.592741429355215,181.3045205755448,179.53227927529315,124.4297858829757,138.11917206686667,76.60234083001092,72.75115630261985,45.26763365357056,65.68018566805904,42.98655500502423,34.95765043842164,22.80787735827755,33.995416702117666
2026-09-27,EP152026,34,2026-09-29 18:00:00,2 days 18:00:00,66,21.66,-163.19,980.3,70.9,38.87355499047838,212.63623347367783,183.49173942291367,139.36046459153306,198.76513737759092,108.9509173977909,87.53105253273884,57.34049974101537,93.20280362071033,42.27962034993466,35.416125382230724,22.85347725964388,35.4686601385767
2026-09-27,EP152026,34,2026-09-30 00:00:00,3 days 00:00:00,72,22.58,-163.01,988.2,65.8,44.0017867182291,213.94001326043625,154.70237425354935,98.29169016544974,186.63942695849784,104.24895574231664,87.81709981089732,49.40467153617508,92.22996004450374,44.0017867182291,14.38842527474389,4.584714893516936,15.428903065869768
2026-09-27,EP152026,34,2026-09-30 06:00:00,3 days 06:00:00,78,23.44,-162.43,985.4,56.7,41.99189989507107,211.79690600681715,196.9962612159468,163.07412488979048,173.80690100628772,100.3827505019526,93.68282036912784,72.83577933467598,84.7537390676016,0.0,0.0,0.0,0.0
2026-09-27,EP152026,34,2026-09-30 12:00:00,3 days 12:00:00,84,24.27,-162.6,984.0,59.3,10.60204642505074,214.45232183964023,194.7722581284719,164.1954719277423,208.10177241383872,85.66519909968078,67.80901612972525,54.50150708331428,76.60927678546304,0.0,0.0,0.0,0.0
2026-09-27,EP152026,34,2026-09-30 18:00:00,3 days 18:00:00,90,24.69,-163.5,985.6,57.1,74.44394588346202,186.1470676730975,99.06390035827084,106.9940091820108,189.56203851786063,74.44394588346202,39.0192351596848,27.502706373370224,43.0898226139995,0.0,0.0,0.0,0.0
2026-09-27,EP152026,34,2026-10-01 00:00:00,4 days 00:00:00,96,24.47,-164.36,988.4,51.7,53.24025014049414,198.14503117924207,137.35950821446707,157.2737715099335,226.47489109039432,103.36751558744707,89.64405098818577,83.03485388072654,94.44880232885303,0.0,0.0,0.0,0.0
2026-09-27,EP152026,34,2026-10-01 06:00:00,4 days 06:00:00,102,24.22,-164.66,992.7,52.9,66.726069597971,198.94462706560668,148.49155286148823,147.052281063439,186.78233691600215,66.726069597971,30.499218284386725,24.345079159284044,30.939123546019516,0.0,0.0,0.0,0.0
2026-09-27,EP152026,34,2026-10-01 12:00:00,4 days 12:00:00,108,24.33,-164.69,996.0,47.3,54.89601647927978,236.60753288147723,199.8286562743032,155.03730136790682,203.8527051725057,0.0,0.0,0.0,0.0,0.0,0.0,0.0,0.0
2026-09-27,EP152026,34,2026-10-01 18:00:00,4 days 18:00:00,114,24.85,-165.27,985.2,48.7,73.05062116854265,215.80900102799507,136.68826066812449,102.05016548318105,175.8420332584884,0.0,0.0,0.0,0.0,0.0,0.0,0.0,0.0
2026-09-27,EP152026,34,2026-10-02 00:00:00,5 days 00:00:00,120,25.02,-166.01,983.5,54.0,47.71198833861325,179.76909376133625,90.24953870383624,101.4364447740177,150.1041580546963,47.71198833861325,22.619833849304875,19.46129135209969,29.16751192123988,0.0,0.0,0.0,0.0
2026-09-27,EP152026,34,2026-10-02 06:00:00,5 days 06:00:00,126,25.13,-166.65,984.6,57.9,34.61417411981765,196.99512397142863,154.62500469932175,145.53192459177745,179.50616288649394,74.05550843043059,60.39823573844431,42.08615244498809,59.9165055480706,0.0,0.0,0.0,0.0
2026-09-27,EP152026,34,2026-10-02 12:00:00,5 days 12:00:00,132,25.43,-166.85,980.2,64.5,30.241354891785107,143.35003339256525,111.3743083209594,124.17003127958368,144.38760777288155,77.11702437943184,61.121551424099806,45.86101023189808,66.44913752814443,30.241354891785107,6.193334201662939,3.910715294175386,7.520204185783964
2026-09-27,EP152026,34,2026-10-02 18:00:00,5 days 18:00:00,138,25.41,-167.01,982.3,58.7,22.711514397374515,163.72689900675084,88.20753406990374,119.3334926484354,187.76441838126948,78.9382742534529,57.03912403441095,62.12549833624642,89.5247955384664,0.0,0.0,0.0,0.0
2026-09-27,EP152026,34,2026-10-03 00:00:00,6 days 00:00:00,144,25.43,-167.46,975.0,70.1,43.369021226195386,181.64346750377115,140.34329483174423,148.21507360456584,182.80810782165187,96.34175636533284,78.57926546821135,68.9987285999382,88.506473496424,44.73369942919415,38.154280713036144,30.576873713805163,39.927208823006296
2026-09-27,EP152026,34,2026-10-03 06:00:00,6 days 06:00:00,150,25.4,-168.4,988.3,61.5,35.030017912014486,163.0797629969073,117.93776257979574,140.9987018277252,184.00316403675524,81.67845257918947,69.07444860183,53.219827317914365,72.34659327208199,0.0,0.0,0.0,0.0
2026-09-27,EP152026,34,2026-10-03 12:00:00,6 days 12:00:00,156,25.06,-169.35,982.0,68.2,14.766014714485316,179.83293761513983,99.696274945476,131.2304693931528,209.21462220188863,83.09966626115036,57.85099298869798,59.10750382081508,86.97187741620183,44.52412191313556,35.932087851506125,30.03001647023976,40.27454859398689
2026-09-27,EP152026,34,2026-10-03 18:00:00,6 days 18:00:00,162,25.08,-170.83,986.8,63.2,21.626996472978647,220.49224589319743,115.6241898230396,112.13247772888306,212.52351879401536,108.49113703455436,80.16365675260411,56.10742044220838,93.01186097330068,0.0,0.0,0.0,0.0
2026-09-27,EP152026,34,2026-10-04 00:00:00,7 days 00:00:00,168,25.0,-172.94,983.4,66.9,24.37320539942519,174.20014356100756,79.93951112086967,76.69624839415422,171.1541012974352,70.64602040472423,40.2976964311634,31.762482882125383,64.17050742651855,40.83551884662317,30.16409087259457,22.72850276445324,33.5749230217458
2026-09-27,EP152026,34,2026-10-04 06:00:00,7 days 06:00:00,174,25.03,-175.23,986.1,68.9,40.63260755160453,239.5925132522721,100.57783589176904,95.4655815491138,218.6702725815388,98.61679300952684,73.72180304280036,60.821938507210376,93.79147720291311,49.45634867480245,40.77435192158145,30.12356168522081,39.16476810020477
2026-09-27,EP152026,34,2026-10-04 12:00:00,7 days 12:00:00,180,25.48,-177.8,986.9,67.6,27.99066217526719,234.270849383275,97.94951411830613,88.41857221278929,195.52976256122747,99.44251503844032,79.81882443821038,60.89766002699847,82.68621599413703,61.47684398406808,52.80968417157473,38.166743028483054,49.46772905689062
2026-09-27,EP152026,34,2026-10-04 18:00:00,7 days 18:00:00,186,25.54,179.23,983.1,73.1,48.55067673973508,211.47812849054253,125.73732370105928,114.32606021796028,210.26064809096624,122.21606076380432,101.98552609927764,71.64237506803784,99.1444594481668,57.0502482867729,50.40986218665489,35.49694234875176,45.471560395016695
2026-09-27,EP152026,34,2026-10-05 00:00:00,8 days 00:00:00,192,25.67,177.07,984.3,64.1,37.32780986792708,205.99866069362093,121.73992279776505,100.01336973387816,178.216761117854,78.42365750823178,57.01771818164448,31.31196616602068,61.738748722565546,37.32780986792708,3.359967911010452,0.8714174430155264,6.114230118746486
2026-09-27,EP152026,34,2026-10-05 06:00:00,8 days 06:00:00,198,26.04,174.93,981.0,74.1,23.032408874038104,212.1700609161753,125.735992445739,81.90990163500958,190.9279126781481,98.61855261457688,68.57208744667346,42.35980178889911,82.601069186327,46.06069146624319,35.23050797000992,24.39381304194961,36.207516895778056
2026-09-27,EP152026,34,2026-10-05 12:00:00,8 days 12:00:00,204,26.2,173.0,995.4,58.2,46.38669632600099,237.1289057893377,145.7122367276828,114.54493125672738,223.05426195708876,117.61809530998464,86.84338001250929,59.59232089340341,89.98822453104832,0.0,0.0,0.0,0.0
2026-09-27,EP152026,34,2026-10-05 18:00:00,8 days 18:00:00,210,26.08,171.21,989.8,57.3,43.90198204536157,272.0376190164108,184.40435437610267,107.76878433550684,223.7661893890568,111.51449979275094,79.0568850728225,43.17677857543046,78.67941016866428,0.0,0.0,0.0,0.0
2026-09-27,EP152026,34,2026-10-06 00:00:00,9 days 00:00:00,216,26.08,169.63,984.3,71.5,27.054600219961145,206.7535176895085,123.56613162120618,69.7372304787841,190.4887480664288,104.6309551480802,70.15932535981909,44.800548800751685,80.76647146801815,27.054600219961145,10.925524463512597,3.7743117714262153,15.189130307483232
2026-09-27,EP152026,34,2026-10-06 06:00:00,9 days 06:00:00,222,25.9,167.45,982.6,66.0,13.999923868509704,123.92792440512802,64.79362971062704,61.98373724591356,129.68024981317316,54.19680695508465,40.44454518412992,23.62925108077602,46.402053848648414,13.999923868509704,8.130655236031117,4.125919907502766,7.788097307959245
2026-09-27,EP152026,34,2026-10-06 12:00:00,9 days 12:00:00,228,25.1,165.77,989.8,62.5,15.238801260742498,201.42120391247164,138.475174690138,110.38341796988078,190.2190814371025,104.20433478442548,78.92493697875729,47.266768703187566,80.50538608706387,0.0,0.0,0.0,0.0
2026-09-27,EP152026,34,2026-10-06 18:00:00,9 days 18:00:00,234,25.04,163.76,999.0,48.0,16.647406659674587,217.90787794945948,148.79550435581697,88.66751200925214,189.0176909833475,0.0,0.0,0.0,0.0,0.0,0.0,0.0,0.0
2026-09-27,EP152026,34,2026-10-07 00:00:00,10 days 00:00:00,240,25.29,162.23,990.2,52.1,32.67072815951995,220.43315691697097,134.2121848985027,72.52443782864967,199.82623345545107,78.8731029194667,44.75817893528833,27.026297860233317,63.85873390801291,0.0,0.0,0.0,0.0
2026-09-27,EP152026,34,2026-10-07 06:00:00,10 days 06:00:00,246,25.6,160.32,990.6,50.7,26.28394617264064,157.10971254542864,98.27546706060912,55.50204885194489,135.97764199599277,51.66962738638075,33.02319029051916,20.227825443492502,38.66959239767472,0.0,0.0,0.0,0.0
2026-09-27,EP152026,34,2026-10-07 12:00:00,10 days 12:00:00,252,26.34,158.03,994.4,50.8,18.388391104921027,197.2700794970721,154.56507491264898,103.01622473192,170.42875935821758,59.83606646275558,43.90803518663793,26.31139755195499,42.40599048638934,0.0,0.0,0.0,0.0
2026-09-27,EP152026,34,2026-10-07 18:00:00,10 days 18:00:00,258,26.97,156.48,1001.6,44.2,44.787639354397,161.53719539593033,98.48956672239456,59.77281523050568,119.06433464890948,0.0,0.0,0.0,0.0,0.0,0.0,0.0,0.0
2026-09-27,EP152026,34,2026-10-08 00:00:00,11 days 00:00:00,264,27.88,154.82,1001.3,41.0,21.3927563591856,77.73091600949357,20.825352301551987,0.0,66.48913167115154,0.0,0.0,0.0,0.0,0.0,0.0,0.0,0.0
2026-09-27,EP152026,34,2026-10-08 06:00:00,11 days 06:00:00,270,29.04,153.65,1003.0,37.3,49.78460784696381,94.46344546939144,65.251406488572,21.28918324125516,53.36191444328324,0.0,0.0,0.0,0.0,0.0,0.0,0.0,0.0
2026-09-27,EP152026,34,2026-10-08 12:00:00,11 days 12:00:00,276,30.67,153.24,995.9,39.1,28.677402281248384,91.0780336839452,74.01806407320393,36.5713539868069,52.64115749795564,0.0,0.0,0.0,0.0,0.0,0.0,0.0,0.0
2026-09-27,EP152026,34,2026-10-08 18:00:00,11 days 18:00:00,282,32.77,153.53,1000.2,32.6,35.91931136162415,0.0,0.0,0.0,0.0,0.0,0.0,0.0,0.0,0.0,0.0,0.0,0.0
2026-09-27,EP152026,34,2026-10-09 00:00:00,12 days 00:00:00,288,35.86,155.5,1002.9,39.7,54.82592230596765,55.59932541089813,82.36898985783796,31.85541643503359,32.79752235531595,0.0,0.0,0.0,0.0,0.0,0.0,0.0,0.0
2026-09-27,EP162026,34,2026-09-27 00:00:00,0 days 00:00:00,0,20.8,-123.6,975.0,76.0,28.0,167.0,167.0,148.0,185.0,93.0,74.0,74.0,93.0,65.0,46.0,37.0,56.0
2026-09-27,EP162026,34,2026-09-27 06:00:00,0 days 06:00:00,6,21.53,-123.44,986.9,65.2,47.22320019113084,158.70147949716505,142.4072282428907,121.59026466124531,127.60104090429272,67.20079818872169,64.56702494064612,46.75620161352109,60.62199445960936,47.22320019113084,3.2398873839530102,0.3773408264068314,4.333195997246797
2026-09-27,EP162026,34,2026-09-27 12:00:00,0 days 12:00:00,12,21.98,-123.32,998.5,44.2,56.1438622313517,184.9956230750512,163.47058861877866,132.32467566100212,162.6537932428276,0.0,0.0,0.0,0.0,0.0,0.0,0.0,0.0
2026-09-27,EP162026,34,2026-09-27 18:00:00,0 days 18:00:00,18,22.61,-123.11,1000.8,40.5,37.434253257646375,159.73379226070352,147.55336495264498,115.42958756540168,139.99053409501815,0.0,0.0,0.0,0.0,0.0,0.0,0.0,0.0
2026-09-27,EP162026,34,2026-09-28 00:00:00,1 days 00:00:00,24,22.74,-122.98,1002.6,32.7,38.12341464291872,0.0,0.0,0.0,0.0,0.0,0.0,0.0,0.0,0.0,0.0,0.0,0.0
2026-09-27,EP162026,34,2026-09-28 06:00:00,1 days 06:00:00,30,22.96,-122.9,1000.5,28.5,68.94594266541623,0.0,0.0,0.0,0.0,0.0,0.0,0.0,0.0,0.0,0.0,0.0,0.0
2026-09-27,EP162026,34,2026-09-28 12:00:00,1 days 12:00:00,36,22.87,-122.56,1003.1,23.1,82.72181396347005,0.0,0.0,0.0,0.0,0.0,0.0,0.0,0.0,0.0,0.0,0.0,0.0
2026-09-27,EP162026,34,2026-09-28 18:00:00,1 days 18:00:00,42,22.37,-122.21,1005.7,24.9,120.86830329927724,0.0,0.0,0.0,0.0,0.0,0.0,0.0,0.0,0.0,0.0,0.0,0.0
2026-09-27,EP162026,34,2026-09-29 00:00:00,2 days 00:00:00,48,21.92,-122.06,1006.4,25.1,111.7584945757512,0.0,0.0,0.0,0.0,0.0,0.0,0.0,0.0,0.0,0.0,0.0,0.0
2026-09-27,EP162026,34,2026-09-29 06:00:00,2 days 06:00:00,54,21.22,-121.88,1007.5,19.8,89.58624186328687,0.0,0.0,0.0,0.0,0.0,0.0,0.0,0.0,0.0,0.0,0.0,0.0
2026-09-27,EP162026,34,2026-09-29 12:00:00,2 days 12:00:00,60,20.9,-121.69,1008.8,21.1,126.05745795737651,0.0,0.0,0.0,0.0,0.0,0.0,0.0,0.0,0.0,0.0,0.0,0.0
2026-09-27,EP162026,34,2026-09-29 18:00:00,2 days 18:00:00,66,20.35,-121.78,1007.0,17.9,125.98383977973064,0.0,0.0,0.0,0.0,0.0,0.0,0.0,0.0,0.0,0.0,0.0,0.0
2026-09-27,EP162026,34,2026-09-30 00:00:00,3 days 00:00:00,72,20.31,-121.83,1006.8,17.2,122.86795482429608,0.0,0.0,0.0,0.0,0.0,0.0,0.0,0.0,0.0,0.0,0.0,0.0
2026-09-27,EP172026,34,2026-09-27 00:00:00,0 days 00:00:00,0,19.0,-112.9,946.0,111.0,28.0,259.0,185.0,167.0,185.0,111.0,111.0,93.0,93.0,65.0,65.0,46.0,56.0
2026-09-27,EP172026,34,2026-09-27 06:00:00,0 days 06:00:00,6,19.98,-113.32,949.0,114.3,20.130113275342897,154.6501980326762,197.89931942572332,158.55601480429064,96.42113540734223,74.77466066402918,86.14576150028499,71.8080337705641,58.330169004502906,55.67944672580754,53.85675597625051,42.81790248380668,46.33680044133552
2026-09-27,EP172026,34,2026-09-27 12:00:00,0 days 12:00:00,12,20.49,-113.68,941.3,120.7,25.04590862803676,195.26646513706487,217.6116753487697,143.51004137142843,146.0322585428944,82.17622704942539,84.15849515747578,62.85485556840817,66.86925078860622,58.45993744793952,52.54168181770999,44.292512080087306,49.40485624481784
2026-09-27,EP172026,34,2026-09-27 18:00:00,0 days 18:00:00,18,21.55,-114.22,954.6,113.3,29.30148016385391,181.98516489171348,214.31780732672595,159.09702236783056,111.86427863765296,90.9824436712301,96.59567196580844,70.48375598454413,69.27945985319161,54.00809667900974,48.04454969626441,37.08416448379427,43.617250342402656
2026-09-27,EP172026,34,2026-09-28 00:00:00,1 days 00:00:00,24,22.59,-114.25,953.9,106.6,26.06817157264408,220.91881696459063,256.8472363974038,168.2005318560066,139.78793581036803,116.59562688717097,124.66285480019155,88.12236522967783,86.17416828513046,62.22072321677473,58.11272686069197,44.683953050628645,47.61831110967648
2026-09-27,EP172026,34,2026-09-28 06:00:00,1 days 06:00:00,30,23.74,-113.98,956.9,106.7,7.968525121461461,178.58479357532002,187.0273780835909,139.04139754849797,113.91109804109632,79.11771646629799,91.02544167076218,59.11715483255978,52.46143511497118,36.33985475027964,35.8613805037639,28.9417330240812,28.547570227856934
2026-09-27,EP172026,34,2026-09-28 12:00:00,1 days 12:00:00,36,24.55,-113.57,948.4,110.0,25.98570854324336,172.41365754937746,213.15986613645683,139.32482017046863,118.493795282063,91.62755768596716,101.11125224854038,76.78354244517296,65.4574618436696,54.68045206521617,52.72288192213789,42.39462706237105,42.35157606351099
2026-09-27,EP172026,34,2026-09-28 18:00:00,1 days 18:00:00,42,25.27,-112.83,959.7,101.1,30.9116676343969,128.92811430339563,161.17604038193963,96.26426117654805,78.30851854974713,79.78950365971332,86.37674953723916,58.32890972538871,60.70981097912139,52.34000714339354,49.67805467771492,36.96088012521995,40.45136453517155
2026-09-27,EP172026,34,2026-09-29 00:00:00,2 days 00:00:00,48,26.35,-112.05,966.6,89.0,26.75228301783545,169.54943240633293,184.081302812122,99.41053665288108,82.00491004804871,83.42288851301691,96.24589133073825,69.84436685058881,51.872936086645495,47.96335697606287,47.19518377042186,33.75989937391034,36.65138358829495
2026-09-27,EP172026,34,2026-09-29 06:00:00,2 days 06:00:00,54,27.57,-111.09,974.1,73.9,23.21991719219198,152.1008851417973,182.29730597367487,94.87328945058358,74.81012183692573,80.43897108792103,86.63846571948865,48.856080012370654,50.2513107775709,16.693550224087844,23.21991719219198,9.847535771275815,11.391030271973069
2026-09-27,EP172026,34,2026-09-29 12:00:00,2 days 12:00:00,60,29.77,-110.12,986.8,55.0,37.14252053287575,197.0275705377211,211.08112172673697,130.43241843765512,155.0723370529665,72.62197519758135,61.234829915954826,32.778206104516066,46.817393983909,0.0,0.0,0.0,0.0
2026-09-27,EP902026,34,2026-09-27 00:00:00,0 days 00:00:00,0,12.0,-98.6,1008.0,25.0,111.0,0.0,0.0,0.0,0.0,0.0,0.0,0.0,0.0,0.0,0.0,0.0,0.0
2026-09-27,EP902026,34,2026-09-27 06:00:00,0 days 06:00:00,6,11.87,-98.45,1005.9,26.6,96.29433220720338,0.0,0.0,0.0,0.0,0.0,0.0,0.0,0.0,0.0,0.0,0.0,0.0
2026-09-27,EP902026,34,2026-09-27 12:00:00,0 days 12:00:00,12,12.02,-98.4,1004.4,32.6,141.0996443725,0.0,0.0,0.0,0.0,0.0,0.0,0.0,0.0,0.0,0.0,0.0,0.0
2026-09-27,EP902026,34,2026-09-27 18:00:00,0 days 18:00:00,18,12.09,-98.91,1004.8,36.4,89.56163505986655,64.59156051226435,89.56163505986655,50.35891280366598,54.57795739776245,0.0,0.0,0.0,0.0,0.0,0.0,0.0,0.0
2026-09-27,EP902026,34,2026-09-28 00:00:00,1 days 00:00:00,24,12.35,-99.27,1001.7,40.2,88.21617869205801,20.78194800121955,88.21617869205801,3.8295644014495647,2.030910876286308,0.0,0.0,0.0,0.0,0.0,0.0,0.0,0.0
2026-09-27,EP902026,34,2026-09-28 06:00:00,1 days 06:00:00,30,12.59,-99.66,1001.1,39.0,147.15557625506676,286.51537289289683,270.1263022907594,221.80104546681827,247.91741085607669,0.0,0.0,0.0,0.0,0.0,0.0,0.0,0.0
2026-09-27,EP902026,34,2026-09-28 12:00:00,1 days 12:00:00,36,13.23,-100.33,998.9,47.7,80.97432763947205,265.77955809644243,243.188217703256,165.26058716746542,224.00199789116363,0.0,0.0,0.0,0.0,0.0,0.0,0.0,0.0
2026-09-27,EP902026,34,2026-09-28 18:00:00,1 days 18:00:00,42,13.91,-101.7,996.1,49.7,136.43434222604873,239.62071136826572,182.57837332922315,112.5754999039552,180.7145114057719,0.0,0.0,0.0,0.0,0.0,0.0,0.0,0.0
2026-09-27,EP902026,34,2026-09-29 00:00:00,2 days 00:00:00,48,14.16,-102.88,994.3,52.1,99.30817279320094,165.24210856703093,169.87230646238845,92.20454156951836,104.62985927465088,2.573920405559197,99.30817279320094,0.0,0.0,0.0,0.0,0.0,0.0
2026-09-27,EP902026,34,2026-09-29 06:00:00,2 days 06:00:00,54,14.59,-103.7,998.0,47.8,138.34456247187745,186.0557278222393,188.1822852014952,161.70792174739972,165.78765710401132,0.0,0.0,0.0,0.0,0.0,0.0,0.0,0.0
2026-09-27,EP902026,34,2026-09-29 12:00:00,2 days 12:00:00,60,14.84,-104.76,992.0,50.2,123.14021880805645,181.45993467150328,156.0014899492765,91.312324936374,118.41331856640068,123.14021880805645,0.0,0.0,0.0,0.0,0.0,0.0,0.0
2026-09-27,EP902026,34,2026-09-29 18:00:00,2 days 18:00:00,66,15.5,-105.79,988.0,62.7,49.48847758701615,235.9499996073993,215.81804150754505,126.80987591240012,174.54502295237785,78.68152844126428,64.04267539967205,37.017022605501936,47.60012221012786,0.0,0.0,0.0,0.0
2026-09-27,EP902026,34,2026-09-30 00:00:00,3 days 00:00:00,72,15.69,-106.7,983.6,64.3,35.13423209022889,161.04858997728027,179.4734253301249,134.97740342203215,122.2457298340743,56.4574687705047,51.18921404532098,28.632925952108582,31.99573128530412,35.13423209022889,2.032921677785324,0.0,2.8035989080268777
2026-09-27,EP902026,34,2026-09-30 06:00:00,3 days 06:00:00,78,16.64,-107.69,976.9,80.3,38.87595111354009,224.2940975950914,253.1844671894509,178.9444438009047,187.78920654003025,115.34302852140718,101.42249106717904,72.83616268616336,89.00357701622667,72.65258677341214,66.45441090935012,54.4563097054339,58.464377523659394
2026-09-27,EP902026,34,2026-09-30 12:00:00,3 days 12:00:00,84,16.98,-108.7,975.3,84.6,29.76666902710119,237.3539512408804,243.1491124019173,142.09283574821,167.85027670021188,101.56187047072028,85.28514790748456,56.26655626471799,78.91710014461012,46.91797390838951,39.11174816990929,27.67959198445618,37.4894816305502
2026-09-27,EP902026,34,2026-09-30 18:00:00,3 days 18:00:00,90,17.47,-109.45,960.8,103.6,31.783177080151354,145.91245169702162,164.3943059721073,106.70870778009647,100.13060429724972,67.67325133067067,64.06922075206626,42.75474162591411,52.14147447115226,49.42033550320227,40.47690663422227,30.380658100965768,39.26214431728607
2026-09-27,EP902026,34,2026-10-01 00:00:00,4 days 00:00:00,96,17.74,-109.99,967.2,96.2,22.64980176069828,160.28753644305266,209.68291702128928,144.7900993766145,115.38460185931145,68.75790238288442,68.43476766221869,53.02270384450354,57.70835880212615,42.95191709641079,37.15640077777821,29.595392711209904,36.57361451063342
2026-09-27,EP902026,34,2026-10-01 06:00:00,4 days 06:00:00,102,17.98,-110.39,969.8,92.0,24.266225183944933,115.66775253511965,164.800005510783,156.89814912881917,120.06303965143988,65.83930633747494,67.9525952310159,60.77802770821654,57.925271242076974,34.12123710978736,30.39765389174982,25.213773321091463,30.26441142352467
2026-09-27,EP902026,34,2026-10-01 12:00:00,4 days 12:00:00,108,17.78,-111.12,964.4,93.9,32.63941702537947,139.4619353991876,149.3866090401225,136.20534443291967,101.99336967999992,78.5694988229425,83.87555396903534,74.008419018649,65.27371708659624,47.924703762955644,43.31753889151294,32.80375782242207,38.8403449318221
2026-09-27,EP902026,34,2026-10-01 18:00:00,4 days 18:00:00,114,17.95,-111.4,958.3,101.8,8.69653843870137,119.70647285359372,146.17624299286223,131.269326060067,102.07545474086288,66.71966145902454,63.581551541074376,58.94600082577002,60.40173726552372,47.92154074774693,39.39146786813269,33.63516281424946,38.18530286149087
2026-09-27,EP902026,34,2026-10-02 00:00:00,5 days 00:00:00,120,18.26,-111.66,954.2,93.4,40.39069779437273,153.39763741085426,198.8841983022421,162.58554940320573,140.23188175684663,72.02117544005432,72.57187808540584,60.16014142528024,65.17560607093628,56.19927363884744,46.71482764471944,37.92740822740655,45.4821656908598
2026-09-27,EP902026,34,2026-10-02 06:00:00,5 days 06:00:00,126,18.08,-112.1,969.8,84.0,33.16287198086955,214.8337066479836,231.11526177917196,185.02387594086355,203.67520240962995,103.503627873746,90.66529939113076,72.74684317518779,91.28078312518284,56.101469013202575,49.67520106259596,41.02293304434658,49.29427464132672
2026-09-27,EP902026,34,2026-10-02 12:00:00,5 days 12:00:00,132,18.29,-112.4,975.7,76.4,40.6324835184173,194.54497281256408,175.41282134695666,181.66187945427737,189.0451460499244,82.77709254233832,81.15332383535952,82.34826078642982,78.68381637578841,57.20711992789188,55.46786340047242,50.42386360790738,51.18577362012002
2026-09-27,EP902026,34,2026-10-02 18:00:00,5 days 18:00:00,138,18.6,-112.51,975.3,75.4,34.41531880075115,156.70297524286957,176.267603159062,154.3280683008188,145.7701886262303,88.44677147354241,85.34675953404087,73.79002740988051,76.43381642412578,50.84067920720895,46.45664064040659,38.67180389083904,42.11944378415501
2026-09-27,EP902026,34,2026-10-03 00:00:00,6 days 00:00:00,144,18.67,-112.83,980.8,66.6,48.29702056076249,180.54559077794127,197.2797843677784,192.84837636245788,177.27842558184892,103.68722184113636,96.47792250093492,86.66864018149245,97.92447766926192,56.424163679707874,49.05774704296512,40.66074233188599,47.96722527592864
2026-09-27,EP902026,34,2026-10-03 06:00:00,6 days 06:00:00,150,19.21,-113.02,985.8,59.8,58.9917053719898,172.82086221431285,211.03092645308496,185.35567511454508,147.56235070543076,108.58722272212694,106.54786504851148,78.64326335917626,79.71733719163143,0.0,0.0,0.0,0.0
2026-09-27,EP902026,34,2026-10-03 12:00:00,6 days 12:00:00,156,19.36,-113.65,988.3,58.4,21.35223641605258,162.8147174606528,158.03991943083776,102.32222745098125,138.72632909339913,72.77840861501255,62.47025154897378,43.05982592221848,55.36158339256389,0.0,0.0,0.0,0.0
2026-09-27,EP902026,34,2026-10-03 18:00:00,6 days 18:00:00,162,19.56,-113.85,989.1,55.8,37.80266628504237,171.30712240562215,151.7995271541451,131.42777967331307,163.30249071218017,103.91167558255644,88.16213913047906,70.17208371350063,87.72295229384231,0.0,0.0,0.0,0.0
2026-09-27,EP902026,34,2026-10-04 00:00:00,7 days 00:00:00,168,19.57,-114.14,991.4,45.9,59.21830937277525,156.6353222722803,142.18485440931272,130.3404414260449,161.3749817568014,0.0,0.0,0.0,0.0,0.0,0.0,0.0,0.0
2026-09-27,EP902026,34,2026-10-04 06:00:00,7 days 06:00:00,174,19.95,-114.46,990.3,55.2,55.04033487797911,208.3244826231789,183.9231091148096,130.30929852888053,174.02276866597097,55.04033487797911,25.0830873893112,12.729965805074594,22.31256215204579,0.0,0.0,0.0,0.0
2026-09-27,EP902026,34,2026-10-04 12:00:00,7 days 12:00:00,180,20.23,-114.72,993.1,47.6,72.4011569487417,161.22524569496295,149.08861086257284,78.23605310334807,111.82992469665116,0.0,0.0,0.0,0.0,0.0,0.0,0.0,0.0
2026-09-27,EP902026,34,2026-10-04 18:00:00,7 days 18:00:00,186,20.32,-114.99,995.3,43.0,100.06693482230288,144.15967034399273,134.95395840239053,119.53823226905251,128.46304546329657,0.0,0.0,0.0,0.0,0.0,0.0,0.0,0.0
2026-09-27,EP902026,34,2026-10-05 00:00:00,8 days 00:00:00,192,20.78,-115.33,996.1,44.4,131.1963159189069,202.43442139137903,189.21881184352185,160.26891812800503,161.65838764814086,0.0,0.0,0.0,0.0,0.0,0.0,0.0,0.0
2026-09-27,EP902026,34,2026-10-05 06:00:00,8 days 06:00:00,198,21.19,-115.86,998.2,38.9,112.23766410158714,112.23766410158714,94.09804040627203,74.08924215825027,70.89698918357317,0.0,0.0,0.0,0.0,0.0,0.0,0.0,0.0
2026-09-27,EP902026,34,2026-10-05 12:00:00,8 days 12:00:00,204,21.26,-116.61,995.7,40.7,102.17954554929118,230.84878334538615,224.28191271859123,183.2229082765415,206.6946054618572,0.0,0.0,0.0,0.0,0.0,0.0,0.0,0.0
2026-09-27,EP902026,34,2026-10-05 18:00:00,8 days 18:00:00,210,21.4,-117.29,1000.7,34.0,64.08989450362,64.08989450362,11.233459418604276,7.191742747553644,19.98305988756619,0.0,0.0,0.0,0.0,0.0,0.0,0.0,0.0
2026-09-27,EP902026,34,2026-10-06 00:00:00,9 days 00:00:00,216,21.43,-118.26,999.0,38.1,97.623718661259,89.63842640326536,90.01203624862131,99.17771977002694,94.70315311837908,0.0,0.0,0.0,0.0,0.0,0.0,0.0,0.0
2026-09-27,EP902026,34,2026-10-06 06:00:00,9 days 06:00:00,222,21.38,-118.95,997.4,39.1,71.6202189324615,29.590935540726534,34.80560235110274,36.03119254902282,71.6202189324615,0.0,0.0,0.0,0.0,0.0,0.0,0.0,0.0
2026-09-27,EP902026,34,2026-10-06 12:00:00,9 days 12:00:00,228,20.93,-119.71,992.9,45.1,92.70382508682631,143.7542995133688,127.44420375999128,117.08497693792918,134.1292016995013,0.0,0.0,0.0,0.0,0.0,0.0,0.0,0.0
2026-09-27,EP902026,34,2026-10-06 18:00:00,9 days 18:00:00,234,20.75,-120.93,997.8,39.8,53.97891365962463,113.7820963361424,112.10022886065325,79.94061925275561,109.91703831558152,0.0,0.0,0.0,0.0,0.0,0.0,0.0,0.0
2026-09-27,EP902026,34,2026-10-07 00:00:00,10 days 00:00:00,240,20.64,-121.85,998.3,41.7,87.3443436979399,91.99597449749848,78.88560346096386,63.044005117934944,82.5181180871798,0.0,0.0,0.0,0.0,0.0,0.0,0.0,0.0
2026-09-27,EP902026,34,2026-10-07 06:00:00,10 days 06:00:00,246,20.44,-122.93,997.5,42.5,50.370447285592114,66.83863731582288,53.68664732045913,39.967403292476746,70.97056962646808,0.0,0.0,0.0,0.0,0.0,0.0,0.0,0.0
2026-09-27,EP902026,34,2026-10-07 12:00:00,10 days 12:00:00,252,20.07,-123.95,998.7,41.9,55.28261713505846,95.32778151146437,72.57523187782114,52.06749901146524,82.95240669974663,0.0,0.0,0.0,0.0,0.0,0.0,0.0,0.0
2026-09-27,EP902026,34,2026-10-07 18:00:00,10 days 18:00:00,258,20.3,-124.79,1001.0,35.7,88.22802981831094,138.1184150228337,100.68061436679108,77.25903979493815,132.05551518217973,0.0,0.0,0.0,0.0,0.0,0.0,0.0,0.0
2026-09-27,EP902026,34,2026-10-08 00:00:00,11 days 00:00:00,264,20.06,-125.64,1002.8,33.8,65.12260714240244,0.0,0.0,0.0,0.0,0.0,0.0,0.0,0.0,0.0,0.0,0.0,0.0
2026-09-27,EP902026,34,2026-10-08 06:00:00,11 days 06:00:00,270,20.31,-126.21,1000.3,27.1,50.64780988748569,0.0,0.0,0.0,0.0,0.0,0.0,0.0,0.0,0.0,0.0,0.0,0.0
2026-09-27,EP902026,34,2026-10-08 12:00:00,11 days 12:00:00,276,20.46,-126.73,1000.7,28.9,67.06015267813144,0.0,0.0,0.0,0.0,0.0,0.0,0.0,0.0,0.0,0.0,0.0,0.0
2026-09-27,EP902026,34,2026-10-08 18:00:00,11 days 18:00:00,282,21.13,-127.12,1002.2,34.9,58.69831286902612,58.69831286902612,11.272899428726053,6.492271256244322,22.81321719480954,0.0,0.0,0.0,0.0,0.0,0.0,0.0,0.0
2026-09-27,EP902026,34,2026-10-09 00:00:00,12 days 00:00:00,288,21.46,-127.59,1000.6,34.1,45.58887969002205,67.00425932955406,51.32806886793588,28.56291963279898,55.34773919614835,0.0,0.0,0.0,0.0,0.0,0.0,0.0,0.0
2026-09-27,EP902026,34,2026-10-09 06:00:00,12 days 06:00:00,294,21.66,-127.83,1003.8,32.1,73.74188856949034,0.0,0.0,0.0,0.0,0.0,0.0,0.0,0.0,0.0,0.0,0.0,0.0
2026-09-27,EP902026,34,2026-10-09 12:00:00,12 days 12:00:00,300,22.26,-128.35,1003.1,34.5,61.98406382853011,61.98406382853011,26.327366764938944,0.0,14.79885018692542,0.0,0.0,0.0,0.0,0.0,0.0,0.0,0.0
2026-09-27,EP902026,34,2026-10-09 18:00:00,12 days 18:00:00,306,22.84,-128.81,1003.5,27.3,74.35028631297777,0.0,0.0,0.0,0.0,0.0,0.0,0.0,0.0,0.0,0.0,0.0,0.0
2026-09-27,EP902026,34,2026-10-10 00:00:00,13 days 00:00:00,312,22.99,-129.11,1005.0,30.1,73.76189417055207,0.0,0.0,0.0,0.0,0.0,0.0,0.0,0.0,0.0,0.0,0.0,0.0
2026-09-27,EP902026,34,2026-10-10 06:00:00,13 days 06:00:00,318,23.33,-129.17,1006.5,23.6,68.68987117600045,0.0,0.0,0.0,0.0,0.0,0.0,0.0,0.0,0.0,0.0,0.0,0.0
2026-09-27,EP902026,34,2026-10-10 12:00:00,13 days 12:00:00,324,23.56,-129.28,1004.7,21.7,65.3790424215814,0.0,0.0,0.0,0.0,0.0,0.0,0.0,0.0,0.0,0.0,0.0,0.0
2026-09-27,EP902026,34,2026-10-10 18:00:00,13 days 18:00:00,330,24.17,-129.36,1002.3,22.8,101.02745070441358,0.0,0.0,0.0,0.0,0.0,0.0,0.0,0.0,0.0,0.0,0.0,0.0
2026-09-27,EP902026,34,2026-10-11 00:00:00,14 days 00:00:00,336,24.55,-129.45,1005.3,21.7,82.87074456699139,0.0,0.0,0.0,0.0,0.0,0.0,0.0,0.0,0.0,0.0,0.0,0.0
2026-09-27,EP902026,34,2026-10-11 06:00:00,14 days 06:00:00,342,24.32,-130.54,1007.6,23.7,76.86315102121426,0.0,0.0,0.0,0.0,0.0,0.0,0.0,0.0,0.0,0.0,0.0,0.0
2026-09-27,WP252026,34,2026-09-27 00:00:00,0 days 00:00:00,0,24.6,127.6,964.0,89.0,22.0,102.0,121.0,102.0,93.0,,,,,,,,
2026-09-27,WP252026,34,2026-09-27 06:00:00,0 days 06:00:00,6,25.11,128.12,945.9,105.1,27.32091451741251,142.56468082669,152.71619494699814,107.80454060291424,93.86875728757413,86.55974159429726,85.813958702604,62.28779278555837,61.86265633216644,54.86792424323146,53.91246538673049,40.99079284139752,45.38150818571086
2026-09-27,WP252026,34,2026-09-27 12:00:00,0 days 12:00:00,12,25.74,129.04,949.1,107.3,12.058543155366053,156.5055533310802,186.5235859513922,163.52062798268696,119.76811241290392,95.62521325482282,109.07393394220892,88.24778767004918,69.69457160658558,58.60879751420916,62.23136095153339,50.6296020612774,48.31718535431244
2026-09-27,WP252026,34,2026-09-27 18:00:00,0 days 18:00:00,18,26.22,129.94,959.4,92.8,25.00180241414745,112.49554981433278,126.70886249425052,125.10033496885944,87.39710741292203,67.48281268824331,97.2945586865892,82.41731061499127,54.1159943183593,67.48281268824331,75.84797784563557,65.63388495067852,54.1159943183593
2026-09-27,WP252026,34,2026-09-28 00:00:00,1 days 00:00:00,24,26.73,130.89,969.0,87.5,33.17943755333742,138.9440560164445,191.5256505942922,147.09862914627527,91.25988755936088,74.90096111280347,96.18399243025596,75.11876299437178,53.06472973217902,40.00151133372149,43.05975388698306,37.20614979911232,30.555459391023604
2026-09-27,WP252026,34,2026-09-28 06:00:00,1 days 06:00:00,30,27.21,131.97,975.1,75.3,39.713267907140185,146.0978131293378,154.3972649754626,139.30924289771352,122.0930592586892,89.39853870157842,104.25826128614972,84.00919322156321,69.27437222248392,58.326229613488096,65.04983841351836,54.64929033991656,49.19758710336783
2026-09-27,WP252026,34,2026-09-28 12:00:00,1 days 12:00:00,36,27.59,132.56,986.4,64.8,53.1166220792407,162.16639989408685,166.34136653300294,108.88813185579188,116.333771416994,77.82610960764137,78.54124304657344,52.73717182110049,56.63705233079924,53.1166220792407,25.0557775879896,16.806146217513454,20.27747719951073
2026-09-27,WP252026,34,2026-09-28 18:00:00,1 days 18:00:00,42,28.24,133.42,988.7,55.4,41.89175983296899,154.43729972126,173.30870325995278,143.55035744842422,140.9262328898768,66.20995294862121,62.54005707073753,45.58045235328198,50.35707151917563,0.0,0.0,0.0,0.0
2026-09-27,WP252026,34,2026-09-29 00:00:00,2 days 00:00:00,48,28.78,134.02,997.4,46.6,56.19758523677615,124.20767800084786,130.74473979085633,88.77447837782483,89.94497820576748,0.0,0.0,0.0,0.0,0.0,0.0,0.0,0.0
2026-09-27,WP252026,34,2026-09-29 06:00:00,2 days 06:00:00,54,29.2,134.94,995.0,43.1,78.96139993659779,37.44950260891463,78.96139993659779,41.763533841878186,24.60973967497381,0.0,0.0,0.0,0.0,0.0,0.0,0.0,0.0
2026-09-27,WP252026,34,2026-09-29 12:00:00,2 days 12:00:00,60,29.52,136.12,996.9,41.2,57.00079348304012,103.34985195548872,120.444313424301,80.8496335888581,84.03553982893158,0.0,0.0,0.0,0.0,0.0,0.0,0.0,0.0
2026-09-27,WP252026,34,2026-09-29 18:00:00,2 days 18:00:00,66,29.81,136.91,999.2,37.8,94.19646485455452,18.634009223937053,94.19646485455452,8.657054118740731,4.3444448429896205,0.0,0.0,0.0,0.0,0.0,0.0,0.0,0.0
2026-09-27,WP252026,34,2026-09-30 00:00:00,3 days 00:00:00,72,30.41,137.89,999.7,29.8,113.02905919109467,0.0,0.0,0.0,0.0,0.0,0.0,0.0,0.0,0.0,0.0,0.0,0.0
2026-09-27,WP252026,34,2026-09-30 06:00:00,3 days 06:00:00,78,30.73,139.02,998.4,28.7,61.94560315275269,0.0,0.0,0.0,0.0,0.0,0.0,0.0,0.0,0.0,0.0,0.0,0.0
2026-09-27,WP252026,34,2026-09-30 12:00:00,3 days 12:00:00,84,31.25,139.76,1001.0,27.0,63.21018190178614,0.0,0.0,0.0,0.0,0.0,0.0,0.0,0.0,0.0,0.0,0.0,0.0
2026-09-27,WP252026,34,2026-09-30 18:00:00,3 days 18:00:00,90,31.77,140.2,1002.2,29.0,106.52281289633814,0.0,0.0,0.0,0.0,0.0,0.0,0.0,0.0,0.0,0.0,0.0,0.0
2026-09-27,WP252026,34,2026-10-01 00:00:00,4 days 00:00:00,96,32.95,141.0,1001.5,30.7,163.81452212305686,0.0,0.0,0.0,0.0,0.0,0.0,0.0,0.0,0.0,0.0,0.0,0.0
2026-09-27,WP252026,34,2026-10-01 06:00:00,4 days 06:00:00,102,33.71,142.06,996.8,33.3,94.11011517066532,0.0,0.0,0.0,0.0,0.0,0.0,0.0,0.0,0.0,0.0,0.0,0.0
2026-09-27,WP252026,34,2026-10-01 12:00:00,4 days 12:00:00,108,34.78,143.69,995.0,36.3,86.7679868320532,221.3442022796479,247.647927827536,195.37262124356332,188.15679687835492,0.0,0.0,0.0,0.0,0.0,0.0,0.0,0.0
2026-09-27,WP252026,34,2026-10-01 18:00:00,4 days 18:00:00,114,34.98,145.24,1000.6,33.4,43.63051111375222,0.0,0.0,0.0,0.0,0.0,0.0,0.0,0.0,0.0,0.0,0.0,0.0
2026-09-27,AL062026,35,2026-09-27 00:00:00,0 days 00:00:00,0,29.8,-43.9,1010.0,29.0,56.0,0.0,0.0,0.0,0.0,0.0,0.0,0.0,0.0,0.0,0.0,0.0,0.0
2026-09-27,EP152026,35,2026-09-27 00:00:00,0 days 00:00:00,0,16.7,-156.1,972.0,80.0,37.0,241.0,185.0,185.0,241.0,93.0,74.0,93.0,111.0,56.0,46.0,56.0,56.0
2026-09-27,EP152026,35,2026-09-27 06:00:00,0 days 06:00:00,6,16.53,-156.78,963.0,95.3,50.7437733608882,189.4100834580242,99.33936350066102,113.93615324564097,223.16667498148223,109.6836465819194,73.93354109139482,67.84367941357424,109.4955173529047,70.30274990073264,56.346684687468326,47.35815906690514,62.751247862978566
2026-09-27,EP152026,35,2026-09-27 12:00:00,0 days 12:00:00,12,16.33,-157.77,967.9,92.6,28.556336344821688,199.00706635796303,165.0385132184805,114.95418316158714,192.00569412375228,103.93708274616472,75.55366865857337,60.65531770001513,91.3291573167922,71.50885904040467,58.137500448677855,47.07092813593238,61.01716677084505
2026-09-27,EP152026,35,2026-09-27 18:00:00,0 days 18:00:00,18,16.13,-158.79,957.2,105.3,27.95542474953656,192.21727731831527,147.1797547965836,151.11462435764082,192.19682951711536,94.17715811501624,69.5751030974443,67.92965537857623,93.86251475546896,60.57164524340533,45.55044105751671,37.138199678582055,51.99142501866129
2026-09-27,EP152026,35,2026-09-28 00:00:00,1 days 00:00:00,24,16.19,-159.63,953.7,107.6,18.76884665516775,211.8858273512969,174.3188171558818,147.91177706093094,212.7329882122931,115.78962855649831,91.04343144125698,82.06234373292267,107.29047439729618,60.027188581056976,49.2626213950399,40.44367338526081,53.61569022806452
2026-09-27,EP152026,35,2026-09-28 06:00:00,1 days 06:00:00,30,16.52,-160.89,941.3,121.6,18.53929896380484,202.69564076319887,176.09142036618667,147.7383925564784,181.7908457059332,112.4581310918777,86.7007096404218,75.57740519087125,99.8252605170701,62.53504694819431,50.5191634531495,41.492236632281866,54.85157826763631
2026-09-27,EP152026,35,2026-09-28 12:00:00,1 days 12:00:00,36,16.81,-161.92,938.0,123.1,23.87325166739633,165.58897638227705,119.3632461561036,124.61825217466529,150.4435896126833,97.2359593567291,74.59431626783342,69.05718116592242,89.71776797531555,57.92797520297535,45.92083533243077,38.718385660852505,50.699781579695895
2026-09-27,EP152026,35,2026-09-28 18:00:00,1 days 18:00:00,42,17.55,-162.64,943.8,115.8,4.149499416979804,194.71936045218635,154.04957720555495,115.09902760013108,160.82416598782504,89.31592445969156,67.5115082991945,49.97191472274475,80.05181047820851,49.16521539732759,36.70918634504712,27.248267715060827,42.47479116428259
2026-09-27,EP152026,35,2026-09-29 00:00:00,2 days 00:00:00,48,18.44,-163.21,946.6,113.2,34.58543195247495,174.706830005171,162.56474876861398,121.5367800572394,153.42576916179337,114.74366997179528,101.8509236725114,77.49705627187654,100.48178351151546,61.38416208612682,54.35500797577436,40.8586354159674,51.48569232420141
2026-09-27,EP152026,35,2026-09-29 06:00:00,2 days 06:00:00,54,19.3,-163.59,957.7,106.2,13.299194905006658,190.70776055092347,189.6990424217516,127.20339661100289,126.6660867643612,93.51216847873508,97.029290528223,71.86148213876592,74.71371170958409,57.76001736857502,50.53233340590951,40.34141004466938,47.26642749068189
2026-09-27,EP152026,35,2026-09-29 12:00:00,2 days 12:00:00,60,20.34,-163.93,964.9,90.5,55.18920982563704,203.0111573714928,156.92156525128345,100.4682903001022,152.8607465583096,101.09328238716525,92.19616495594995,65.53062397730773,84.82303136447055,63.13815689903733,57.13921767044742,43.35568377979027,51.768356466802544
2026-09-27,EP152026,35,2026-09-29 18:00:00,2 days 18:00:00,66,21.09,-163.98,977.2,86.2,52.407579167406425,202.27530446980677,169.96041034533445,165.73120423378077,193.8481190920662,112.75236382142958,112.80347670504564,104.1195745217802,120.78350145090712,68.93347163270467,66.16446707538256,56.71343298696581,60.797006522008616
2026-09-27,EP152026,35,2026-09-30 00:00:00,3 days 00:00:00,72,21.66,-164.22,974.9,78.6,50.17832600507498,191.7589680038016,161.32529922818878,147.6019272619459,188.63532926171672,103.89017248526504,95.16023045903312,84.5272498347448,100.93872167985047,66.62139395527817,61.5485563570644,52.895749655892615,58.83375593467281
2026-09-27,EP152026,35,2026-09-30 06:00:00,3 days 06:00:00,78,21.71,-164.19,983.3,62.8,40.28600083065092,210.83725432873047,151.20093704475033,116.1769107960537,203.76430435511483,58.02406227549872,39.610433735531714,31.438090479949587,46.39609114991829,0.0,0.0,0.0,0.0
2026-09-27,EP152026,35,2026-09-30 12:00:00,3 days 12:00:00,84,21.76,-164.05,986.6,64.0,61.050793346102864,179.05182123920986,149.2056371651015,175.585979061103,173.4067015523815,99.61753648711692,102.38459408105746,92.82960064905136,93.46506894069852,0.0,0.0,0.0,0.0
2026-09-27,EP152026,35,2026-09-30 18:00:00,3 days 18:00:00,90,21.75,-164.17,988.5,59.2,37.905132880127866,199.72239898910615,147.08322910741987,157.2761977543326,193.83622170363032,108.15643176801332,90.12724021854086,78.54890071410192,98.99169322842263,0.0,0.0,0.0,0.0
2026-09-27,EP152026,35,2026-10-01 00:00:00,4 days 00:00:00,96,21.78,-164.27,991.0,51.6,71.350557651906,192.74828064793337,123.43210019525628,102.03139051360408,187.86946473597183,71.350557651906,21.286161757831177,20.973233068672883,23.62736070252664,0.0,0.0,0.0,0.0
2026-09-27,EP152026,35,2026-10-01 06:00:00,4 days 06:00:00,102,22.26,-164.71,996.2,46.3,54.33557517777004,353.81934847591936,172.68339933693244,173.50966337192057,319.9052545789005,0.0,0.0,0.0,0.0,0.0,0.0,0.0,0.0
2026-09-27,EP152026,35,2026-10-01 12:00:00,4 days 12:00:00,108,22.76,-165.29,996.4,45.3,88.86977187408121,276.81815458211537,232.4466777649233,176.47632921197868,228.8446153893914,0.0,0.0,0.0,0.0,0.0,0.0,0.0,0.0
2026-09-27,EP152026,35,2026-10-01 18:00:00,4 days 18:00:00,114,23.19,-166.05,990.3,45.7,89.70905488447933,220.1705208471184,155.65511757176424,87.8126881930647,150.92190526673556,0.0,0.0,0.0,0.0,0.0,0.0,0.0,0.0
2026-09-27,EP152026,35,2026-10-02 00:00:00,5 days 00:00:00,120,23.27,-167.15,996.1,44.0,89.75597932119133,213.13854452995,150.00748336658765,112.22159986751576,198.6794247823687,0.0,0.0,0.0,0.0,0.0,0.0,0.0,0.0
2026-09-27,EP152026,35,2026-10-02 06:00:00,5 days 06:00:00,126,23.21,-167.84,995.2,46.6,48.84899215852514,181.62372829686416,139.04494633084164,105.1218563361492,162.34067888314345,0.0,0.0,0.0,0.0,0.0,0.0,0.0,0.0
2026-09-27,EP152026,35,2026-10-02 12:00:00,5 days 12:00:00,132,23.46,-168.18,992.2,45.4,61.873597449865926,126.53631096914734,99.480937904104,47.88388453495128,92.17390039887806,0.0,0.0,0.0,0.0,0.0,0.0,0.0,0.0
2026-09-27,EP152026,35,2026-10-02 18:00:00,5 days 18:00:00,138,23.65,-168.75,992.1,55.9,58.23129694950722,183.23651069326505,126.55498759518572,122.49130292200805,172.52436947542984,84.59900610277614,66.88655200175704,51.067111219073496,75.9061163071545,0.0,0.0,0.0,0.0
2026-09-27,EP152026,35,2026-10-03 00:00:00,6 days 00:00:00,144,23.43,-169.55,990.2,52.3,52.906949041391805,240.43268444577024,169.33900542793663,140.34304507063422,224.03397433042755,85.09585466975331,64.77397638439346,41.45418290952067,72.31442265267029,0.0,0.0,0.0,0.0
2026-09-27,EP152026,35,2026-10-03 06:00:00,6 days 06:00:00,150,23.01,-170.02,979.5,60.6,43.78127759899007,181.79658711646331,120.71052340333426,119.7353911379896,210.00877043737276,49.71062012957691,34.38199180915308,25.75957704657776,39.70473612981823,0.0,0.0,0.0,0.0
2026-09-27,EP152026,35,2026-10-03 12:00:00,6 days 12:00:00,156,22.83,-171.18,980.7,69.3,12.846294224225154,188.28282832053463,132.24209333672874,129.9144957710268,194.5498136445572,99.3308195766968,70.06262353614753,62.235074982115584,87.12823716370968,15.925279752160336,9.342560322208062,7.687623198565723,15.7576257492968
2026-09-27,EP152026,35,2026-10-03 18:00:00,6 days 18:00:00,162,22.64,-172.39,982.6,67.3,33.35356522168627,243.6501123319398,133.30782412057118,111.77786660204572,230.5792075971749,107.7422766160924,72.90798161253227,52.74259385091103,95.32669271369556,35.14585343739601,24.620970563372264,17.994141875723532,29.995048591633708
2026-09-27,EP152026,35,2026-10-04 00:00:00,7 days 00:00:00,168,22.54,-174.36,965.1,88.6,9.262417121439007,174.88820131272587,142.93939701426024,114.62145289453925,204.455736037771,99.56547207371796,67.12976628408141,51.332451114190704,85.1459463532546,43.48150539117867,33.36281014064165,24.56720444600525,37.94330248788624
2026-09-27,EP152026,35,2026-10-04 06:00:00,7 days 06:00:00,174,22.64,-176.15,961.9,94.4,17.5937026660882,240.57974865648845,165.2795234895778,130.36268974671685,224.37614386408305,105.99418961216531,76.65627118863449,51.89731784255199,91.08209197230056,54.28481150349379,42.090754119735976,28.64102738680445,45.48034453260024
2026-09-27,EP152026,35,2026-10-04 12:00:00,7 days 12:00:00,180,22.99,-178.27,957.5,107.7,7.078114231490368,221.65991784316037,224.55443278263184,169.4725951576965,201.26288707568847,103.87440577365965,94.71188264137334,80.87042594165285,90.70743283061448,47.231690772782606,41.585362433698016,31.49365629004234,39.62692809366613
2026-09-27,EP152026,35,2026-10-04 18:00:00,7 days 18:00:00,186,23.59,-179.92,960.9,99.2,22.60265390466021,265.0994747724506,185.37493814214383,142.63779834151995,232.99861592110403,113.01759208222292,86.56959539256312,58.71287094316983,97.47404470485176,57.8969069053763,47.120899892427765,32.295663657541134,47.8301737826347
2026-09-27,EP152026,35,2026-10-05 00:00:00,8 days 00:00:00,192,24.28,177.98,958.6,99.3,27.35029156405077,272.88582529482863,194.6193377266953,138.19606484857053,219.61542456940052,120.22248997569076,92.88657096696326,69.11952145132796,100.7051923631948,67.47166832264811,59.25663881961876,41.439501789445,55.150195932373954
2026-09-27,EP152026,35,2026-10-05 06:00:00,8 days 06:00:00,198,25.09,175.91,951.5,110.9,29.98039840481701,243.58161125022207,179.17327270875535,138.37251519813097,216.73402563835737,120.42150724131258,99.95443405809904,76.97791321525784,105.83588263419796,70.62566411758553,61.06459761366772,45.55852717862752,58.67857024289937
2026-09-27,EP152026,35,2026-10-05 12:00:00,8 days 12:00:00,204,25.45,173.54,959.4,95.2,37.74215862128737,256.2408790772653,171.57504877007682,120.23197544516783,220.33394393865197,118.36412700517768,96.7286085075267,70.01645688547202,102.45284057454008,69.59691830138988,60.10032579910876,41.35882863091865,58.50678235772446
2026-09-27,EP152026,35,2026-10-05 18:00:00,8 days 18:00:00,210,25.92,171.39,957.3,103.3,24.325320578107156,358.7199942316365,261.84949556487254,190.06119803599177,299.6563778325408,165.31243197595677,132.58323638485194,97.09619508694868,139.65380172392042,92.74589851357928,82.94750563160983,59.97080941162972,77.15586691715612
2026-09-27,EP152026,35,2026-10-06 00:00:00,9 days 00:00:00,216,26.33,169.1,953.1,101.4,38.280478839664966,296.4717968491682,241.93180279030676,164.04273275009157,243.6681714430922,148.79761430165274,121.21912028143736,83.16262379166608,121.3416592744946,76.71107568173818,65.39569138620777,44.86448895968928,62.67865618162711
2026-09-27,EP152026,35,2026-10-06 06:00:00,9 days 06:00:00,222,26.75,167.27,956.0,102.8,22.17477128433632,320.5137296474824,192.584679976628,137.86730132245515,267.31288980791453,157.9630682302625,113.54175766022396,77.22830613708332,134.4701072866186,86.63184325813654,70.64917124723073,48.68310622935015,71.19424903515457
2026-09-27,EP152026,35,2026-10-06 12:00:00,9 days 12:00:00,228,27.12,165.2,951.3,100.0,28.675756334193352,237.56272801262344,157.77057704398135,142.4202249850823,268.4731595653893,131.73859216218307,94.24220904676542,71.83899488883117,117.04557283791657,79.2388249530743,67.96419026870012,51.98467927123363,69.23742935060318
2026-09-27,EP152026,35,2026-10-06 18:00:00,9 days 18:00:00,234,27.53,163.53,957.5,99.0,45.91149261772769,244.696948131246,184.79324959797484,113.33359274931412,193.37079300046,127.18787349173834,93.20251158688478,63.8821090580235,99.8008677975907,68.12122420566172,57.66409320249891,40.38595752021864,54.99395029422861
2026-09-27,EP152026,35,2026-10-07 00:00:00,10 days 00:00:00,240,27.97,161.79,961.5,97.5,37.06126805141409,244.00122699177217,152.07865924681255,93.23199651128628,225.1386980073111,130.07872244962132,93.8304036388144,66.80237979327762,111.07659230513774,72.22418937289316,58.64958908066298,42.51200335509441,60.90066519776546
2026-09-27,EP152026,35,2026-10-07 06:00:00,10 days 06:00:00,246,28.49,160.02,955.9,106.6,28.591242767778795,225.4803813366391,169.89929374069612,110.07357121297362,188.18539058002955,112.80197840589604,81.78129870932298,59.06553176923367,96.54089589237878,59.572938016663095,50.16950874705683,35.81098612041647,50.50219181425968
2026-09-27,EP152026,35,2026-10-07 12:00:00,10 days 12:00:00,252,28.93,158.42,968.5,79.1,31.185998427443792,221.1055770922759,184.49906064907705,135.66398469240474,183.09005831118492,104.87591632758634,90.70054882175504,59.75449452912336,83.03037393563643,45.73813009782913,38.61547314186208,26.553392160247466,35.197766483373314
2026-09-27,EP152026,35,2026-10-07 18:00:00,10 days 18:00:00,258,29.23,156.94,973.0,80.7,26.030522479578806,192.58195099632243,173.49866898468227,123.10247462675672,156.2464974141764,90.64030598039724,82.01671361990151,60.67808085623554,73.37630965650897,47.71827970487345,40.21663735598846,29.992944202046527,39.523855264237824
2026-09-27,EP152026,35,2026-10-08 00:00:00,11 days 00:00:00,264,29.71,155.63,975.1,71.5,29.325392723365912,198.36680943167653,161.72230852155212,133.24847573482208,180.39331651817625,104.54269870412536,89.44360051812546,69.52973292105176,93.11205764964178,64.95893829529894,57.5714135619242,43.52076693708711,54.32606420364753
2026-09-27,EP152026,35,2026-10-08 06:00:00,11 days 06:00:00,270,30.49,154.32,989.9,64.8,25.761881156952,152.13806501992326,122.1465414321192,83.535684242098,150.63794198125152,82.30671678773729,62.48286785742158,36.49037522114264,63.51134410534172,25.761881156952,14.008470675538469,6.603015225784269,14.015503203832717
2026-09-27,EP152026,35,2026-10-08 12:00:00,11 days 12:00:00,276,31.06,152.87,987.7,53.6,23.52160379363829,139.78558480757258,136.6864804915411,129.41288006127112,160.48811063879987,77.15013469466828,57.62861062395558,47.36226788575728,59.37991606141071,0.0,0.0,0.0,0.0
2026-09-27,EP152026,35,2026-10-08 18:00:00,11 days 18:00:00,282,31.92,151.62,996.7,47.2,47.7339405559977,176.20249053293097,138.54449931292234,69.7135437056325,119.07662241828804,0.0,0.0,0.0,0.0,0.0,0.0,0.0,0.0
2026-09-27,EP152026,35,2026-10-09 00:00:00,12 days 00:00:00,288,33.18,150.76,997.9,41.5,25.705258966375855,153.97130763601837,124.76573720435306,81.26288239148434,109.24530876185926,0.0,0.0,0.0,0.0,0.0,0.0,0.0,0.0
2026-09-27,EP152026,35,2026-10-09 06:00:00,12 days 06:00:00,294,34.73,150.3,997.1,38.6,48.30051283047705,115.31593966347816,99.5116464528576,67.00564857131934,70.04467528344047,0.0,0.0,0.0,0.0,0.0,0.0,0.0,0.0
2026-09-27,EP152026,35,2026-10-09 12:00:00,12 days 12:00:00,300,36.49,150.09,1000.9,30.7,38.561920497251,0.0,0.0,0.0,0.0,0.0,0.0,0.0,0.0,0.0,0.0,0.0,0.0
2026-09-27,EP152026,35,2026-10-09 18:00:00,12 days 18:00:00,306,38.77,151.24,999.7,31.5,87.90354339966714,0.0,0.0,0.0,0.0,0.0,0.0,0.0,0.0,0.0,0.0,0.0,0.0
2026-09-27,EP152026,35,2026-10-10 00:00:00,13 days 00:00:00,312,41.1,154.41,1001.2,32.1,117.88223821326292,0.0,0.0,0.0,0.0,0.0,0.0,0.0,0.0,0.0,0.0,0.0,0.0
2026-09-27,EP162026,35,2026-09-27 00:00:00,0 days 00:00:00,0,20.8,-123.6,975.0,76.0,28.0,167.0,167.0,148.0,185.0,93.0,74.0,74.0,93.0,65.0,46.0,37.0,56.0
2026-09-27,EP162026,35,2026-09-27 06:00:00,0 days 06:00:00,6,21.71,-123.33,990.0,60.9,30.5087435231122,134.5194935979245,113.61289095517829,126.78612233553048,132.88146914580133,76.20045516139552,67.51918397429135,55.222430149726776,69.35145292352009,0.0,0.0,0.0,0.0
2026-09-27,EP162026,35,2026-09-27 12:00:00,0 days 12:00:00,12,22.21,-123.39,999.7,50.0,26.605459218713104,169.29362850902658,128.04325119106974,94.2024079095734,132.50152720787105,0.0,0.0,0.0,0.0,0.0,0.0,0.0,0.0
2026-09-27,EP162026,35,2026-09-27 18:00:00,0 days 18:00:00,18,22.39,-123.17,999.3,40.8,99.74312395635847,135.35704653927087,118.09607583045616,79.03808827905897,105.38304938995373,0.0,0.0,0.0,0.0,0.0,0.0,0.0,0.0
2026-09-27,EP162026,35,2026-09-28 00:00:00,1 days 00:00:00,24,22.84,-123.23,1003.0,38.3,47.97922878703814,169.0003064774649,150.43059045916456,118.02152366773998,130.9635394277644,0.0,0.0,0.0,0.0,0.0,0.0,0.0,0.0
2026-09-27,EP162026,35,2026-09-28 06:00:00,1 days 06:00:00,30,23.16,-123.11,1000.7,29.7,52.79750026074214,0.0,0.0,0.0,0.0,0.0,0.0,0.0,0.0,0.0,0.0,0.0,0.0
2026-09-27,EP162026,35,2026-09-28 12:00:00,1 days 12:00:00,36,23.31,-123.12,1002.3,30.1,54.93807177843138,0.0,0.0,0.0,0.0,0.0,0.0,0.0,0.0,0.0,0.0,0.0,0.0
2026-09-27,EP162026,35,2026-09-28 18:00:00,1 days 18:00:00,42,22.87,-122.79,1005.2,27.1,119.29291522986156,0.0,0.0,0.0,0.0,0.0,0.0,0.0,0.0,0.0,0.0,0.0,0.0
2026-09-27,EP162026,35,2026-09-29 00:00:00,2 days 00:00:00,48,22.31,-122.62,1007.2,20.3,63.222470056788566,0.0,0.0,0.0,0.0,0.0,0.0,0.0,0.0,0.0,0.0,0.0,0.0
2026-09-27,EP162026,35,2026-09-29 06:00:00,2 days 06:00:00,54,21.85,-122.93,1005.0,26.3,62.100761693344666,0.0,0.0,0.0,0.0,0.0,0.0,0.0,0.0,0.0,0.0,0.0,0.0
2026-09-27,EP162026,35,2026-09-29 12:00:00,2 days 12:00:00,60,21.27,-122.88,1008.2,20.7,108.55446715718692,0.0,0.0,0.0,0.0,0.0,0.0,0.0,0.0,0.0,0.0,0.0,0.0
2026-09-27,EP162026,35,2026-09-29 18:00:00,2 days 18:00:00,66,20.4,-123.22,1005.7,19.1,101.37442489999609,0.0,0.0,0.0,0.0,0.0,0.0,0.0,0.0,0.0,0.0,0.0,0.0
2026-09-27,EP162026,35,2026-09-30 00:00:00,3 days 00:00:00,72,19.54,-123.87,1007.5,18.4,106.26217196237292,0.0,0.0,0.0,0.0,0.0,0.0,0.0,0.0,0.0,0.0,0.0,0.0
2026-09-27,EP162026,35,2026-09-30 06:00:00,3 days 06:00:00,78,19.26,-124.04,1005.5,16.0,64.10489988325868,0.0,0.0,0.0,0.0,0.0,0.0,0.0,0.0,0.0,0.0,0.0,0.0
2026-09-27,EP162026,35,2026-09-30 12:00:00,3 days 12:00:00,84,17.12,-127.65,1001.8,22.5,52.88036849558483,0.0,0.0,0.0,0.0,0.0,0.0,0.0,0.0,0.0,0.0,0.0,0.0
2026-09-27,EP162026,35,2026-09-30 18:00:00,3 days 18:00:00,90,15.8,-129.43,1005.2,20.6,101.7277277796954,0.0,0.0,0.0,0.0,0.0,0.0,0.0,0.0,0.0,0.0,0.0,0.0
2026-09-27,EP162026,35,2026-10-01 00:00:00,4 days 00:00:00,96,15.75,-128.98,1006.9,19.7,85.60004816366524,0.0,0.0,0.0,0.0,0.0,0.0,0.0,0.0,0.0,0.0,0.0,0.0
2026-09-27,EP162026,35,2026-10-01 06:00:00,4 days 06:00:00,102,15.91,-128.22,1007.1,19.9,113.59303287076678,0.0,0.0,0.0,0.0,0.0,0.0,0.0,0.0,0.0,0.0,0.0,0.0
2026-09-27,EP162026,35,2026-10-01 12:00:00,4 days 12:00:00,108,15.47,-128.39,1007.6,18.1,98.81703573257954,0.0,0.0,0.0,0.0,0.0,0.0,0.0,0.0,0.0,0.0,0.0,0.0
2026-09-27,EP162026,35,2026-10-01 18:00:00,4 days 18:00:00,114,15.03,-128.46,1005.2,20.8,103.5910615315294,0.0,0.0,0.0,0.0,0.0,0.0,0.0,0.0,0.0,0.0,0.0,0.0
2026-09-27,EP172026,35,2026-09-27 00:00:00,0 days 00:00:00,0,19.0,-112.9,946.0,111.0,28.0,259.0,185.0,167.0,185.0,111.0,111.0,93.0,93.0,65.0,65.0,46.0,56.0
2026-09-27,EP172026,35,2026-09-27 06:00:00,0 days 06:00:00,6,20.11,-113.48,950.3,109.1,16.835536326760856,169.47927206821703,189.7620754722247,127.04293146869318,124.18682926789448,92.4848568028094,86.69468537027038,61.78322451135967,77.18815664833085,54.58023962572901,46.915722240286975,36.4651502907639,44.792791343941616
2026-09-27,EP172026,35,2026-09-27 12:00:00,0 days 12:00:00,12,20.9,-113.77,957.6,110.3,8.925690482236476,216.3575820041949,227.79399141357788,184.2219421798933,144.6460894288239,91.52350364224831,102.3969481384226,78.80371307424876,70.98605594024944,55.17013542188539,52.87025537900158,43.01576663936254,45.2850249381233
2026-09-27,EP172026,35,2026-09-27 18:00:00,0 days 18:00:00,18,21.9,-114.07,942.7,116.8,23.415379499502933,158.74779835041272,184.4899850131524,149.4526149082394,132.8875128116115,89.46464453426415,92.21527042439196,71.15562289942886,72.04796367638824,56.09917015565918,52.745561726671326,42.4292413755536,45.12437828757015
2026-09-27,EP172026,35,2026-09-28 00:00:00,1 days 00:00:00,24,22.75,-114.17,947.3,113.0,10.620785711476742,200.2794308346629,216.11157906697557,151.89927060346122,165.641824360152,120.89038945622087,122.5260935533804,101.92582650173084,100.07901004549969,68.66635441136691,65.26205775554013,51.41866859511583,59.54975543449859
2026-09-27,EP172026,35,2026-09-28 06:00:00,1 days 06:00:00,30,23.73,-114.3,953.4,100.2,38.50548362788841,169.25185671462253,188.6246736671331,137.06811299450715,129.1291487316538,86.02014707440782,87.94669319382949,60.09444018213733,63.494110685682735,56.86458360798301,50.59459896745393,36.67338137421641,44.12387485384127
2026-09-27,EP172026,35,2026-09-28 12:00:00,1 days 12:00:00,36,24.87,-114.1,957.7,97.7,32.838456632862595,149.04256260004,146.99073945042034,124.17524836638736,122.94392924178617,78.60953744075576,79.18271588557785,59.95843710498567,60.78956868579508,48.54150646722765,46.17154912927782,36.34602573007953,39.834177958097634
2026-09-27,EP172026,35,2026-09-28 18:00:00,1 days 18:00:00,42,25.46,-113.51,968.1,90.7,35.52637747631252,121.9264137142577,179.26271860756424,160.71068280990676,75.48095428786064,68.99850436596535,90.33804164545928,83.64593011258967,55.07833075800818,43.231673229911394,49.59298559372678,47.976059618333466,37.13307044400517
2026-09-27,EP172026,35,2026-09-29 00:00:00,2 days 00:00:00,48,26.23,-112.63,971.2,80.2,26.34266982628696,160.86548763734132,179.80939749179373,151.82378688331548,142.7636174763926,101.87462763894284,107.59196149840687,89.50734807412098,86.40734671430901,57.40567756331145,56.556911185211774,49.52712900337448,46.447295450100285
2026-09-27,EP172026,35,2026-09-29 06:00:00,2 days 06:00:00,54,27.27,-111.77,984.5,66.3,26.340523343380937,184.5751962638897,155.8714795027172,131.48255652813714,121.95271856525504,103.55326337575389,105.1477565311452,80.69986511083471,81.80248717151062,26.340523343380937,18.32734121089561,14.55400574876262,12.29538205182098
2026-09-27,EP172026,35,2026-09-29 12:00:00,2 days 12:00:00,60,28.25,-110.89,989.5,45.1,69.2329248538557,24.30325702227015,69.2329248538557,25.80064406671117,4.451692706036951,0.0,0.0,0.0,0.0,0.0,0.0,0.0,0.0
2026-09-27,EP172026,35,2026-09-29 18:00:00,2 days 18:00:00,66,30.69,-109.62,996.7,34.2,62.76507337534849,48.58020349628123,65.66532653886202,52.520514077271855,22.62431797339445,0.0,0.0,0.0,0.0,0.0,0.0,0.0,0.0
2026-09-27,EP902026,35,2026-09-27 00:00:00,0 days 00:00:00,0,12.0,-98.6,1008.0,25.0,111.0,0.0,0.0,0.0,0.0,0.0,0.0,0.0,0.0,0.0,0.0,0.0,0.0
2026-09-27,EP902026,35,2026-09-27 06:00:00,0 days 06:00:00,6,11.85,-98.63,1004.4,28.6,107.76460642161844,0.0,0.0,0.0,0.0,0.0,0.0,0.0,0.0,0.0,0.0,0.0,0.0
2026-09-27,EP902026,35,2026-09-27 12:00:00,0 days 12:00:00,12,11.92,-98.61,1003.9,26.8,70.70371125979105,0.0,0.0,0.0,0.0,0.0,0.0,0.0,0.0,0.0,0.0,0.0,0.0
2026-09-27,EP902026,35,2026-09-27 18:00:00,0 days 18:00:00,18,12.0,-98.97,1002.2,36.7,107.80341422116751,79.59622032183617,107.80341422116751,66.18007341227425,69.82574418436451,0.0,0.0,0.0,0.0,0.0,0.0,0.0,0.0
2026-09-27,EP902026,35,2026-09-28 00:00:00,1 days 00:00:00,24,12.26,-99.29,998.9,43.2,140.32185384594845,140.32185384594845,66.89378354646968,46.94359910004152,51.45328011610934,0.0,0.0,0.0,0.0,0.0,0.0,0.0,0.0
2026-09-27,EP902026,35,2026-09-28 06:00:00,1 days 06:00:00,30,12.67,-99.69,997.5,45.2,57.48558530153545,156.47589513051133,132.61157565177055,95.35839783220658,117.90357784887718,0.0,0.0,0.0,0.0,0.0,0.0,0.0,0.0
2026-09-27,EP902026,35,2026-09-28 12:00:00,1 days 12:00:00,36,13.15,-100.3,999.4,48.8,60.59751040072132,211.1621422326782,166.6652338762035,124.60128032234172,171.6883219021879,0.0,0.0,0.0,0.0,0.0,0.0,0.0,0.0
2026-09-27,EP902026,35,2026-09-28 18:00:00,1 days 18:00:00,42,13.73,-101.33,997.3,51.7,63.22361074185133,221.97508945636704,195.82235765054176,121.5725808953107,165.4804835590112,63.22361074185133,29.74324902587865,19.939843773464688,18.86095465161632,0.0,0.0,0.0,0.0
2026-09-27,EP902026,35,2026-09-29 00:00:00,2 days 00:00:00,48,14.36,-102.38,978.2,67.0,34.0972614163493,152.4925911408557,161.44980162929392,184.12778006506545,180.9053920407416,111.45535603851314,110.63530838010684,98.99393333019913,103.9255386432758,35.73706098896462,34.84782718549084,30.34429333727102,33.771740039746206
2026-09-27,EP902026,35,2026-09-29 06:00:00,2 days 06:00:00,54,14.78,-103.41,992.4,59.7,59.25695217846393,236.62387379473296,186.8518408349088,139.43314622900027,196.85738710383384,114.7351627951324,92.2881512361651,66.10335733651067,89.14373997442459,0.0,0.0,0.0,0.0
2026-09-27,EP902026,35,2026-09-29 12:00:00,2 days 12:00:00,60,15.23,-104.57,986.5,64.3,45.675319339906295,246.9180181408864,224.7024767514964,124.56812872057112,191.01278445890307,77.76802118577373,60.102241913560775,29.020249217825945,48.18276935709477,45.675319339906295,0.4346410836858938,0.0,0.6567742350254325
2026-09-27,EP902026,35,2026-09-29 18:00:00,2 days 18:00:00,66,15.63,-105.68,975.2,72.2,42.460241533222586,167.73219994156074,190.9581937078558,144.96550554970486,135.1381759129372,81.98709700021789,77.9021066232813,57.03911639778657,61.08223019665812,42.460241533222586,31.250022625321066,24.12055290980868,29.01909554089346
2026-09-27,EP902026,35,2026-09-30 00:00:00,3 days 00:00:00,72,16.42,-106.61,972.6,87.0,43.93680052677677,220.5138424414712,247.01865167367063,161.51839558876546,161.86769291105372,106.80015651960647,88.71627056630786,51.50443996850638,78.72107468851605,43.93680052677677,34.84531756187016,24.474066772797247,32.95545406338904
2026-09-27,EP902026,35,2026-09-30 06:00:00,3 days 06:00:00,78,17.0,-107.11,966.8,87.4,32.946218269466904,265.871730783982,276.42379059161885,180.5810883518938,210.11227880652712,113.03356785693488,100.35167364267215,65.93491736306265,88.59134258661292,41.20279203604842,36.285632175883066,26.163779548320363,32.75257910205336
2026-09-27,EP902026,35,2026-09-30 12:00:00,3 days 12:00:00,84,17.59,-107.71,965.0,99.4,30.35370904194084,202.69131008528976,208.7301668319627,141.14063334248056,151.33288122538016,91.62021936701323,83.38918354338789,56.870958479513526,69.25550404132338,48.93919682554934,41.92456985668103,31.01158500916321,39.29116172978357
2026-09-27,EP902026,35,2026-09-30 18:00:00,3 days 18:00:00,90,18.14,-108.4,965.5,94.0,30.868188711108456,177.90136246530383,185.7813461310934,151.8968557933464,129.6823872323455,97.35513564932904,92.9388955006908,63.823267581841264,73.80066871844974,54.94905730529173,46.57875065622256,35.07260596220483,43.67914109949412
2026-09-27,EP902026,35,2026-10-01 00:00:00,4 days 00:00:00,96,18.66,-108.9,950.8,108.6,30.033370489330974,203.61293674957932,217.1460714261132,208.90574472062892,184.00200043379297,112.86019546453164,106.37942255489097,91.77914032347842,102.28836079924648,72.90643563419495,62.64459732039512,51.19905843360674,60.07034629954693
2026-09-27,EP902026,35,2026-10-01 06:00:00,4 days 06:00:00,102,18.98,-109.24,954.7,107.0,28.77139870144428,102.51398891251728,167.7182971896017,156.8417139665867,101.56459329998556,42.96227272176883,56.08222306322352,58.19521840335129,41.19173502103909,29.87628295725284,29.988825103709768,23.94315033759173,26.93339270932918
2026-09-27,EP902026,35,2026-10-01 12:00:00,4 days 12:00:00,108,19.14,-109.37,971.1,85.5,27.29379900230157,200.333647057574,213.95021973028884,158.991917196509,148.30236836818335,88.49363859569735,85.97003522266237,64.45357224549174,67.79110797501818,47.39843499858914,41.30964896552148,30.81912625408649,36.00397904836608
2026-09-27,EP902026,35,2026-10-01 18:00:00,4 days 18:00:00,114,19.63,-109.51,980.7,67.1,81.33313113921008,155.76946271671227,198.63377429382345,193.9304315136816,146.89731795134753,120.9135970927092,122.17032999891264,94.32077668363664,95.8501436415918,81.33313113921008,24.12256273742368,17.380572690648858,19.89108463447536
2026-09-27,EP902026,35,2026-10-02 00:00:00,5 days 00:00:00,120,20.16,-109.86,984.9,63.9,24.89513706287871,192.76386666587925,218.0319989968113,155.75810661852398,130.77766743430857,104.39958033617437,98.464706823193,60.94259691732366,72.53098229349375,0.0,0.0,0.0,0.0
2026-09-27,EP902026,35,2026-10-02 06:00:00,5 days 06:00:00,126,20.6,-110.24,992.7,47.7,33.85492453356432,178.52976060322476,152.77611678766758,116.24850978475672,137.2324246772639,0.0,0.0,0.0,0.0,0.0,0.0,0.0,0.0
2026-09-27,EP902026,35,2026-10-02 12:00:00,5 days 12:00:00,132,20.82,-110.4,992.4,50.6,65.51573198161046,217.38953062140112,198.783228516312,161.68329994972444,186.70647753365196,65.51573198161046,40.12348976235237,32.07454354139615,35.67008351508514,0.0,0.0,0.0,0.0
2026-09-27,EP902026,35,2026-10-02 18:00:00,5 days 18:00:00,138,21.09,-110.94,992.5,45.9,84.19076186118821,188.37596973929112,172.41173645512868,133.8644867751325,153.19234820877043,0.0,0.0,0.0,0.0,0.0,0.0,0.0,0.0
2026-09-27,EP902026,35,2026-10-03 00:00:00,6 days 00:00:00,144,21.46,-111.27,995.4,46.2,45.15119601010865,140.50679078261152,141.48934189567706,89.43104978751118,114.98780913243286,0.0,0.0,0.0,0.0,0.0,0.0,0.0,0.0
2026-09-27,EP902026,35,2026-10-03 06:00:00,6 days 06:00:00,150,21.45,-112.08,989.0,51.6,65.13160119418293,94.54574356694646,96.96623204917772,59.87615297157218,76.18037004384013,3.504076719391213,65.13160119418293,1.5944682524590963,0.9280871149031552,0.0,0.0,0.0,0.0
2026-09-27,EP902026,35,2026-10-03 12:00:00,6 days 12:00:00,156,21.72,-112.71,992.5,53.5,29.58677005175053,160.68921037331702,142.08208676592028,125.52640437824968,148.78440678380304,56.22866301410544,50.64310740754905,36.101817133746295,42.57725770511213,0.0,0.0,0.0,0.0
2026-09-27,EP902026,35,2026-10-03 18:00:00,6 days 18:00:00,162,21.74,-113.72,994.2,54.1,62.371921858258986,158.1788429739745,149.3389240203287,89.32842020679402,120.56770370161983,62.371921858258986,8.126028075209767,0.211301281890627,8.138052378459136,0.0,0.0,0.0,0.0
2026-09-27,EP902026,35,2026-10-04 00:00:00,7 days 00:00:00,168,21.69,-114.54,989.5,51.3,52.91573020766874,134.73178017932486,111.87376600738158,76.40090611075907,115.3405479695058,52.91573020766874,5.988491897966176,0.4793879222981445,2.6925711530887213,0.0,0.0,0.0,0.0
2026-09-27,EP902026,35,2026-10-04 06:00:00,7 days 06:00:00,174,21.27,-115.56,995.1,43.3,37.78286146559571,162.77858118004207,138.2127573475995,102.97358589970187,153.55030586146273,0.0,0.0,0.0,0.0,0.0,0.0,0.0,0.0
2026-09-27,EP902026,35,2026-10-04 12:00:00,7 days 12:00:00,180,20.89,-116.33,994.8,43.9,48.86018438947398,105.48630321150816,86.44896260174947,79.54828369163155,107.65796326279124,0.0,0.0,0.0,0.0,0.0,0.0,0.0,0.0
2026-09-27,EP902026,35,2026-10-04 18:00:00,7 days 18:00:00,186,20.8,-117.25,995.3,40.7,33.19554448595641,109.79535089093358,77.25114304316531,84.75572346266871,116.84391719792995,0.0,0.0,0.0,0.0,0.0,0.0,0.0,0.0
2026-09-27,EP902026,35,2026-10-05 00:00:00,8 days 00:00:00,192,20.68,-117.78,996.3,43.8,42.06135288562005,126.35147145581304,94.31678310530792,85.68621926706903,135.19468248172666,0.0,0.0,0.0,0.0,0.0,0.0,0.0,0.0
2026-09-27,EP902026,35,2026-10-05 06:00:00,8 days 06:00:00,198,20.34,-118.66,999.2,46.5,66.69613536583643,113.38877882674842,81.5401548305581,92.09193856382036,130.42244342940876,0.0,0.0,0.0,0.0,0.0,0.0,0.0,0.0
2026-09-27,EP902026,35,2026-10-05 12:00:00,8 days 12:00:00,204,19.91,-119.23,1001.8,50.0,41.56033928973833,127.49215671257724,80.05497894422932,81.66789028313703,146.4472527167144,0.0,0.0,0.0,0.0,0.0,0.0,0.0,0.0
2026-09-27,EP902026,35,2026-10-05 18:00:00,8 days 18:00:00,210,19.49,-119.93,988.1,66.4,33.20398372676236,125.23582654128832,101.55986011346592,79.16902780651395,117.9245911689764,58.4818821149748,45.88279238464219,26.79487817157677,46.99781283577282,33.20398372676236,0.9158557175004762,0.224498968987058,2.4888181652152506
2026-09-27,EP902026,35,2026-10-06 00:00:00,9 days 00:00:00,216,19.09,-120.3,983.9,65.6,34.07921092086919,82.96347305085905,87.84207965806277,91.72767426874763,68.80348729522208,42.83453581995434,41.7344761945602,38.528269687429855,40.80219327902972,34.07921092086919,17.01347661236432,15.882387622036152,18.198556375943628
2026-09-27,EP902026,35,2026-10-06 06:00:00,9 days 06:00:00,222,18.94,-120.67,988.0,63.6,31.0278772392331,86.01357029598503,83.89576261909832,78.45047293529937,98.75063343101564,36.4289188592228,28.994386774959704,21.100271471271164,29.723407343566517,0.0,0.0,0.0,0.0
2026-09-27,EP902026,35,2026-10-06 12:00:00,9 days 12:00:00,228,18.92,-121.37,986.1,62.9,37.56378149419746,124.35109970904068,122.26048335188682,91.72150552053888,124.9391872450842,53.94925349120035,43.27068987154206,28.53520281294928,43.39642683218278,0.0,0.0,0.0,0.0
2026-09-27,EP902026,35,2026-10-06 18:00:00,9 days 18:00:00,234,18.62,-121.89,986.9,61.4,32.39303266956485,129.7741983443233,104.39714535715508,74.46381899504229,115.43190987956513,51.52720412550436,38.21070011476633,24.93780971214578,41.0173044554308,0.0,0.0,0.0,0.0
2026-09-27,EP902026,35,2026-10-07 00:00:00,10 days 00:00:00,240,18.8,-122.15,991.0,52.5,28.70280014019677,116.24175056679871,90.5093753766266,99.87873825768104,114.60612142271106,58.88418259607005,52.275914329605655,38.83998893923744,48.094161255802646,0.0,0.0,0.0,0.0
2026-09-27,EP902026,35,2026-10-07 06:00:00,10 days 06:00:00,246,19.0,-122.51,986.3,66.7,24.61560823177272,109.41454871401126,97.201075568443,96.88393021111766,130.21226974902507,67.1418537739877,50.38041061738205,38.31811194238243,66.93116665747002,24.61560823177272,1.7423878377712128,0.7875416451467268,6.483687308301127
2026-09-27,EP902026,35,2026-10-07 12:00:00,10 days 12:00:00,252,19.32,-123.02,985.7,62.9,27.11235164555801,129.17137375782278,99.7834070244723,92.66780047478476,130.34102757913638,71.47321983011301,59.39024527081743,43.378133553926496,63.80091360538711,0.0,0.0,0.0,0.0
2026-09-27,EP902026,35,2026-10-07 18:00:00,10 days 18:00:00,258,19.57,-123.55,983.3,68.2,34.8103285471874,130.37253153414468,132.60170412870724,98.6202142582773,109.29348526166102,55.37831933728664,53.72139026780011,34.127223316435824,42.31721974744149,39.50437687082891,33.588173476121355,24.901566591412404,30.582382143783725
2026-09-27,EP902026,35,2026-10-08 00:00:00,11 days 00:00:00,264,20.05,-123.86,980.0,68.9,33.144428853662255,165.56206808641147,119.66643366250044,95.51522787663296,158.9026473447824,75.92557483879037,55.54175349070962,41.59757874102094,71.71757449548645,50.471982443104025,38.90881835958247,30.235204172610864,41.89698374953548
2026-09-27,EP902026,35,2026-10-08 06:00:00,11 days 06:00:00,270,20.53,-124.24,985.7,63.3,30.900145292099022,140.59622375127884,121.51639757139222,121.90105223117644,137.67929115160482,70.95378004104057,58.18670329067686,42.78610474710776,71.29251559034303,0.0,0.0,0.0,0.0
2026-09-27,EP902026,35,2026-10-08 12:00:00,11 days 12:00:00,276,21.36,-124.66,993.2,55.6,28.23897277070172,137.9070831674288,125.41016270076751,141.83371590108277,141.68407568400096,81.29643561879226,73.98724206611523,66.1271575289704,75.07112579384832,0.0,0.0,0.0,0.0
2026-09-27,EP902026,35,2026-10-08 18:00:00,11 days 18:00:00,282,22.18,-124.91,988.5,64.0,17.494181827396673,130.2856059494671,99.02007351194922,82.00220968327369,124.22769399347564,75.21759752079541,63.57278197067981,40.7703251868336,63.78191963905775,23.901080212842917,18.23650089705424,11.829184602600442,18.63568394726587
2026-09-27,EP902026,35,2026-10-09 00:00:00,12 days 00:00:00,288,22.63,-125.26,995.5,47.7,39.93792414104283,168.4640432295894,129.0799143058635,110.02510639388424,158.03504461491693,0.0,0.0,0.0,0.0,0.0,0.0,0.0,0.0
2026-09-27,EP902026,35,2026-10-09 06:00:00,12 days 06:00:00,294,23.15,-125.71,995.4,41.1,51.33541786915811,119.83913061680192,94.29153987690924,85.3417879369242,106.1403856847158,0.0,0.0,0.0,0.0,0.0,0.0,0.0,0.0
2026-09-27,EP902026,35,2026-10-09 12:00:00,12 days 12:00:00,300,23.4,-126.0,1002.0,34.0,82.84722759574788,0.0,0.0,0.0,0.0,0.0,0.0,0.0,0.0,0.0,0.0,0.0,0.0
2026-09-27,EP902026,35,2026-10-09 18:00:00,12 days 18:00:00,306,23.77,-126.49,1002.9,32.7,67.51108500504152,0.0,0.0,0.0,0.0,0.0,0.0,0.0,0.0,0.0,0.0,0.0,0.0
2026-09-27,EP902026,35,2026-10-10 00:00:00,13 days 00:00:00,312,23.94,-127.01,1006.0,30.4,42.537374471759655,0.0,0.0,0.0,0.0,0.0,0.0,0.0,0.0,0.0,0.0,0.0,0.0
2026-09-27,EP902026,35,2026-10-10 06:00:00,13 days 06:00:00,318,24.11,-127.44,1005.7,29.8,120.3814437150545,0.0,0.0,0.0,0.0,0.0,0.0,0.0,0.0,0.0,0.0,0.0,0.0
2026-09-27,EP902026,35,2026-10-10 12:00:00,13 days 12:00:00,324,24.05,-128.29,1005.1,27.9,78.50872098653588,0.0,0.0,0.0,0.0,0.0,0.0,0.0,0.0,0.0,0.0,0.0,0.0
2026-09-27,EP902026,35,2026-10-10 18:00:00,13 days 18:00:00,330,24.01,-128.91,1006.2,24.9,97.20591117852908,0.0,0.0,0.0,0.0,0.0,0.0,0.0,0.0,0.0,0.0,0.0,0.0
2026-09-27,EP902026,35,2026-10-11 00:00:00,14 days 00:00:00,336,23.99,-129.92,1006.1,24.4,88.41746380255572,0.0,0.0,0.0,0.0,0.0,0.0,0.0,0.0,0.0,0.0,0.0,0.0
2026-09-27,EP902026,35,2026-10-11 06:00:00,14 days 06:00:00,342,23.94,-130.7,1004.9,24.3,94.88672739728986,0.0,0.0,0.0,0.0,0.0,0.0,0.0,0.0,0.0,0.0,0.0,0.0
2026-09-27,EP902026,35,2026-10-11 12:00:00,14 days 12:00:00,348,23.77,-131.8,1007.3,21.6,76.61824304180335,0.0,0.0,0.0,0.0,0.0,0.0,0.0,0.0,0.0,0.0,0.0,0.0
2026-09-27,EP902026,35,2026-10-11 18:00:00,14 days 18:00:00,354,23.66,-132.6,1006.3,21.1,93.37260572225478,0.0,0.0,0.0,0.0,0.0,0.0,0.0,0.0,0.0,0.0,0.0,0.0
2026-09-27,EP902026,35,2026-10-12 00:00:00,15 days 00:00:00,360,24.13,-133.85,1007.4,20.4,65.38253314119207,0.0,0.0,0.0,0.0,0.0,0.0,0.0,0.0,0.0,0.0,0.0,0.0
2026-09-27,WP252026,35,2026-09-27 00:00:00,0 days 00:00:00,0,24.6,127.6,964.0,89.0,22.0,102.0,121.0,102.0,93.0,,,,,,,,
2026-09-27,WP252026,35,2026-09-27 06:00:00,0 days 06:00:00,6,25.4,128.19,950.0,103.9,18.89934253111348,184.1922597286287,208.1197260453401,146.08487560149197,112.86960141470075,87.9947200339603,98.73286377235118,79.08649153889655,61.73898794922081,53.30531343688094,55.26282145614371,43.07836387114335,39.725815108575866
2026-09-27,WP252026,35,2026-09-27 12:00:00,0 days 12:00:00,12,25.98,128.65,955.3,105.2,14.719140864340254,96.686103159988,141.41285367148765,142.62848377327987,85.76061556318929,59.754829610220966,72.09306403350574,58.260614024954094,44.06831029812567,32.452840659601875,33.36483384459959,29.18480226822471,26.72172868981464
2026-09-27,WP252026,35,2026-09-27 18:00:00,0 days 18:00:00,18,26.36,129.5,963.4,90.0,33.09707563480888,147.26732166088226,181.11514948657663,167.900403155322,132.68252869486523,76.56305040538861,89.75194644543856,75.23340859961718,52.44560571472108,44.41937385983403,48.98489140202124,42.75980720713596,36.42672399197129
2026-09-27,WP252026,35,2026-09-28 00:00:00,1 days 00:00:00,24,26.5,130.58,969.2,86.3,33.889215215924736,130.9710698959028,198.46875064906115,150.26593779802687,87.88854242686786,65.05121846330192,96.19827057866068,80.7980892414789,46.275253854401285,49.05340095053458,54.4713630111926,46.67014380647682,40.28930324379344
2026-09-27,WP252026,35,2026-09-28 06:00:00,1 days 06:00:00,30,27.11,131.6,969.1,83.3,20.401235490735644,158.8493538881812,209.05718740188604,169.8041805405137,131.22863320632314,86.59344269911162,97.80598830563169,81.77680999080985,61.52998840051441,54.37830254832875,58.91423896626975,50.51097384834543,42.8528831943836
2026-09-27,WP252026,35,2026-09-28 12:00:00,1 days 12:00:00,36,27.71,132.34,979.6,67.2,37.73717046914159,171.67108991458826,211.37003010487948,154.10790115983414,135.1073934767805,88.18883744464702,89.1902323521588,61.325929292292784,58.78306812492348,37.73717046914159,17.361197697093406,13.618806179245208,12.756394923310744
2026-09-27,WP252026,35,2026-09-28 18:00:00,1 days 18:00:00,42,27.86,133.42,985.9,65.6,34.06293629288871,146.28575590378614,164.12281644401105,95.72649228347314,92.83476202398948,77.59515728763768,80.49112352691759,57.33628592526168,52.57536070565845,42.866645875796905,41.900328610444205,34.30180597571757,33.37134940624594
2026-09-27,WP252026,35,2026-09-29 00:00:00,2 days 00:00:00,48,28.46,134.11,990.8,61.4,34.10052451516215,139.66406999119943,174.40820643332245,153.02455622992625,134.036875500907,91.56885604728052,92.2608729452682,77.64258231579404,77.83085050400867,0.0,0.0,0.0,0.0
2026-09-27,WP252026,35,2026-09-29 06:00:00,2 days 06:00:00,54,28.75,135.22,985.4,59.1,31.681675061504173,82.04648983787507,141.66694154042943,106.24562953719897,77.66259568786211,77.65748261813906,83.85034884625628,62.35263715550543,60.82341378476326,0.0,0.0,0.0,0.0
2026-09-27,WP252026,35,2026-09-29 12:00:00,2 days 12:00:00,60,29.06,136.29,991.4,47.5,68.75537187259859,150.5422744299794,153.6119892773158,114.97030089038444,113.36504781987296,0.0,0.0,0.0,0.0,0.0,0.0,0.0,0.0
2026-09-27,WP252026,35,2026-09-29 18:00:00,2 days 18:00:00,66,29.29,137.28,985.8,62.5,68.70868245852344,170.21161813280952,180.08324579009485,123.68098050362208,122.5469519382896,68.70868245852344,40.747057646455175,27.661051043420624,32.51887920425713,0.0,0.0,0.0,0.0
2026-09-27,WP252026,35,2026-09-30 00:00:00,3 days 00:00:00,72,29.85,138.23,988.8,51.8,35.3982843014186,109.88881773255328,118.95486647400044,71.0685076664689,72.74889057236115,35.3982843014186,4.586747614331625,1.2837106595736785,2.427889951536148,0.0,0.0,0.0,0.0
2026-09-27,WP252026,35,2026-09-30 06:00:00,3 days 06:00:00,78,30.21,138.71,995.0,41.8,50.59795610483246,52.91001973951846,77.51069334181643,58.59838602991154,46.53831773958786,0.0,0.0,0.0,0.0,0.0,0.0,0.0,0.0
2026-09-27,WP252026,35,2026-09-30 12:00:00,3 days 12:00:00,84,30.69,139.38,998.8,36.6,74.41274064886986,136.5766130837867,150.07936493707584,114.99231806558129,106.36105136830668,0.0,0.0,0.0,0.0,0.0,0.0,0.0,0.0
2026-09-27,WP252026,35,2026-09-30 18:00:00,3 days 18:00:00,90,30.84,139.97,994.4,38.3,164.47719415793864,45.76314195389492,164.47719415793864,38.48269586256714,18.72737167365737,0.0,0.0,0.0,0.0,0.0,0.0,0.0,0.0
2026-09-27,WP252026,35,2026-10-01 00:00:00,4 days 00:00:00,96,31.31,140.14,1003.3,26.8,84.33766255385714,0.0,0.0,0.0,0.0,0.0,0.0,0.0,0.0,0.0,0.0,0.0,0.0
2026-09-27,WP252026,35,2026-10-01 06:00:00,4 days 06:00:00,102,31.77,140.99,1001.4,26.0,66.13639604910105,0.0,0.0,0.0,0.0,0.0,0.0,0.0,0.0,0.0,0.0,0.0,0.0
2026-09-27,WP252026,35,2026-10-01 12:00:00,4 days 12:00:00,108,32.38,141.41,1001.5,25.2,109.48499449790324,0.0,0.0,0.0,0.0,0.0,0.0,0.0,0.0,0.0,0.0,0.0,0.0
2026-09-27,WP252026,35,2026-10-01 18:00:00,4 days 18:00:00,114,33.75,142.72,1000.5,25.9,114.00697823854232,0.0,0.0,0.0,0.0,0.0,0.0,0.0,0.0,0.0,0.0,0.0,0.0
2026-09-27,WP252026,35,2026-10-02 00:00:00,5 days 00:00:00,120,34.49,145.55,1002.4,27.6,81.86144254536072,0.0,0.0,0.0,0.0,0.0,0.0,0.0,0.0,0.0,0.0,0.0,0.0
2026-09-27,AL062026,36,2026-09-27 00:00:00,0 days 00:00:00,0,29.8,-43.9,1010.0,29.0,56.0,0.0,0.0,0.0,0.0,0.0,0.0,0.0,0.0,0.0,0.0,0.0,0.0
2026-09-27,EP152026,36,2026-09-27 00:00:00,0 days 00:00:00,0,16.7,-156.1,972.0,80.0,37.0,241.0,185.0,185.0,241.0,93.0,74.0,93.0,111.0,56.0,46.0,56.0,56.0
2026-09-27,EP152026,36,2026-09-27 06:00:00,0 days 06:00:00,6,16.42,-156.89,965.0,98.0,40.25838087648117,153.5590951684935,133.46700272153248,138.18291660546674,171.91350065330334,93.46661222200056,78.90447743437835,80.14791547942332,97.79382090586296,62.4862427721946,52.64999196139797,46.172639860447816,54.59326090334798
2026-09-27,EP152026,36,2026-09-27 12:00:00,0 days 12:00:00,12,16.32,-157.66,967.4,96.1,16.90241917182046,170.03106951994306,125.69657841661976,120.66878563538503,174.67939865977627,92.26876259768632,78.87553345334015,68.79679573242757,87.60025580467473,58.22988329588908,47.54246093901482,39.72607356162328,51.1437204191274
2026-09-27,EP152026,36,2026-09-27 18:00:00,0 days 18:00:00,18,15.89,-158.54,959.0,100.1,27.995215530889347,195.0073830236109,124.00755165637482,111.44706191181548,187.6490919993895,98.56779749675742,76.55604139048253,65.62694786536028,98.08063201956509,66.63536249270528,52.49851048930324,41.87931588594032,57.03518435086398
2026-09-27,EP152026,36,2026-09-28 00:00:00,1 days 00:00:00,24,15.92,-159.58,952.1,108.8,29.25702525771721,177.44644396612375,127.22557279928697,129.93061632362043,192.5720963422927,102.89238539441686,76.95439786666884,69.89986852100324,105.16274940315688,58.786529856418575,44.58491516391018,36.605801742622525,51.55051734829992
2026-09-27,EP152026,36,2026-09-28 06:00:00,1 days 06:00:00,30,16.17,-160.52,944.1,119.3,13.953192583180885,162.6561490019916,161.99783867019892,152.80958702325677,162.4907494833796,87.3895957786922,81.00572246761716,82.19985703505093,85.66839844410163,51.04449243718014,40.98664852905384,35.37305613253062,46.18901927651422
2026-09-27,EP152026,36,2026-09-28 12:00:00,1 days 12:00:00,36,16.48,-161.4,948.8,111.7,30.75680189051531,161.18006022399337,149.73514873071207,129.6992938167906,144.32485409503678,102.67876496580752,87.06420859742292,77.02145185137994,95.19262249431776,61.57284815008963,50.16218185418565,42.71796989858423,54.95332496459739
2026-09-27,EP152026,36,2026-09-28 18:00:00,1 days 18:00:00,42,16.87,-162.11,933.9,122.5,14.40175350629855,167.6805493243397,166.8886517800184,99.48985577063726,120.20493170298175,90.31659111377098,75.80980207115218,51.88028995765301,73.27494451928104,59.23295810383032,48.60445883569909,35.4273966147275,49.14515969653728
2026-09-27,EP152026,36,2026-09-29 00:00:00,2 days 00:00:00,48,17.62,-162.79,944.9,113.9,32.3605436728014,217.1107785709972,166.6029783500482,84.05873477887945,164.08254763650936,108.91334382374131,79.68602309349758,49.1976424020674,85.18531413476893,59.53212740174057,47.01966339317193,33.12346890209117,48.22124461499448
2026-09-27,EP152026,36,2026-09-29 06:00:00,2 days 06:00:00,54,18.46,-163.25,954.0,105.4,18.55954295601377,197.53838024638443,157.68876741827617,113.99355713459212,153.213323869087,93.32458634874044,83.20409069353333,53.06811368234425,78.10365747539814,63.06140158062644,54.08706044779795,40.84285741267106,52.035017100030046
2026-09-27,EP152026,36,2026-09-29 12:00:00,2 days 12:00:00,60,19.53,-163.22,966.9,91.0,42.45927607448411,201.23238407976487,153.80874702407584,115.73524934605253,161.5865217164294,104.01124914692925,84.38837626595534,60.219963174684494,90.5933981498584,67.70836000933852,58.25772266590988,43.55547463121843,58.20142279927717
2026-09-27,EP152026,36,2026-09-29 18:00:00,2 days 18:00:00,66,20.33,-163.32,984.1,76.2,63.45117426551053,191.18648949429655,147.10921822840652,129.30542945117116,172.56155698509403,107.02765510217375,89.54255838625217,67.22611524669549,93.44473590300709,63.45117426551053,50.51995244093554,40.41506614826958,49.71785858446791
2026-09-27,EP152026,36,2026-09-30 00:00:00,3 days 00:00:00,72,20.85,-163.51,982.8,67.6,26.295567886815792,195.25451716065413,147.5934438131883,124.95081307070517,199.13302050958268,104.87249514096352,84.38941208192318,73.88572876444638,104.61739023449772,58.201099160962976,50.161268343842366,41.82484789534614,50.0825648366713
2026-09-27,EP152026,36,2026-09-30 06:00:00,3 days 06:00:00,78,21.38,-163.32,977.4,62.6,38.83923789519926,219.6779372560021,177.2873041539642,155.66643809666687,188.3220467823519,88.3745285053077,85.47539633347145,77.16812809044086,81.98938386302927,0.0,0.0,0.0,0.0
2026-09-27,EP152026,36,2026-09-30 12:00:00,3 days 12:00:00,84,21.54,-163.81,988.4,59.0,34.69372431412374,172.000373334742,133.11276504790362,146.8280662926794,174.0195216983342,94.13037226533991,84.22137021869099,69.5213422339738,81.78887927818442,0.0,0.0,0.0,0.0
2026-09-27,EP152026,36,2026-09-30 18:00:00,3 days 18:00:00,90,21.46,-163.91,990.1,59.3,28.0543024296391,178.92385075876,110.99697566020804,154.69759965468097,205.5100574880668,109.06754580844536,90.50479848987284,81.70691176974591,109.34496886878532,0.0,0.0,0.0,0.0
2026-09-27,EP152026,36,2026-10-01 00:00:00,4 days 00:00:00,96,21.19,-163.94,997.0,50.4,78.11072240283715,168.07974341835802,130.04363299235683,136.37878256766373,188.8774335034609,7.310692722516627,3.330770010005857,5.041892725628607,78.11072240283715,0.0,0.0,0.0,0.0
2026-09-27,EP152026,36,2026-10-01 06:00:00,4 days 06:00:00,102,21.13,-164.56,996.9,45.0,62.89771066458019,214.83540590101427,150.0717885730461,120.424348818114,200.40343196425212,0.0,0.0,0.0,0.0,0.0,0.0,0.0,0.0
2026-09-27,EP152026,36,2026-10-01 12:00:00,4 days 12:00:00,108,20.98,-165.67,1000.7,35.2,95.76493223539256,95.76493223539256,0.0,0.1891358965870928,45.68375817433568,0.0,0.0,0.0,0.0,0.0,0.0,0.0,0.0
2026-09-27,EP152026,36,2026-10-01 18:00:00,4 days 18:00:00,114,21.12,-166.63,1000.9,39.9,121.6852882236268,207.32150655319293,154.65958335689956,119.26180983716236,171.8104268566023,0.0,0.0,0.0,0.0,0.0,0.0,0.0,0.0
2026-09-27,EP152026,36,2026-10-02 00:00:00,5 days 00:00:00,120,21.29,-167.62,1005.5,31.3,50.69632283239917,0.0,0.0,0.0,0.0,0.0,0.0,0.0,0.0,0.0,0.0,0.0,0.0
2026-09-27,EP152026,36,2026-10-02 06:00:00,5 days 06:00:00,126,21.08,-168.53,1002.8,30.7,153.05024878897098,0.0,0.0,0.0,0.0,0.0,0.0,0.0,0.0,0.0,0.0,0.0,0.0
2026-09-27,EP152026,36,2026-10-02 12:00:00,5 days 12:00:00,132,20.85,-169.42,1001.2,33.9,114.23690510261176,0.0,0.0,0.0,0.0,0.0,0.0,0.0,0.0,0.0,0.0,0.0,0.0
2026-09-27,EP152026,36,2026-10-02 18:00:00,5 days 18:00:00,138,21.29,-170.48,1002.1,35.4,94.8944804834762,94.8944804834762,0.0,0.0,8.378414514727757,0.0,0.0,0.0,0.0,0.0,0.0,0.0,0.0
2026-09-27,EP152026,36,2026-10-03 00:00:00,6 days 00:00:00,144,21.19,-171.48,1000.0,34.5,77.98621262261138,111.61908126351076,53.16146300359718,36.57976401281324,97.44786605990258,0.0,0.0,0.0,0.0,0.0,0.0,0.0,0.0
2026-09-27,EP152026,36,2026-10-03 06:00:00,6 days 06:00:00,150,21.42,-172.65,1003.4,35.0,100.85326276373178,100.85326276373178,21.411694684503715,16.68087802154909,60.712337304123565,0.0,0.0,0.0,0.0,0.0,0.0,0.0,0.0
2026-09-27,EP152026,36,2026-10-03 12:00:00,6 days 12:00:00,156,21.69,-175.13,1004.9,30.5,57.04091535437898,0.0,0.0,0.0,0.0,0.0,0.0,0.0,0.0,0.0,0.0,0.0,0.0
2026-09-27,EP152026,36,2026-10-03 18:00:00,6 days 18:00:00,162,22.08,-176.99,998.6,34.8,128.1940971357368,141.0234683261071,70.75912330707231,60.29579814671103,119.2137622027269,0.0,0.0,0.0,0.0,0.0,0.0,0.0,0.0
2026-09-27,EP152026,36,2026-10-04 00:00:00,7 days 00:00:00,168,22.78,-179.33,999.6,47.3,75.53229923849042,201.54685622521987,107.44411935058474,68.40894841765854,165.16756785751846,0.0,0.0,0.0,0.0,0.0,0.0,0.0,0.0
2026-09-27,EP152026,36,2026-10-04 06:00:00,7 days 06:00:00,174,22.79,178.6,998.0,47.1,54.13933568510414,272.34499425206707,219.29938792960817,174.909337805229,231.26517465496235,0.0,0.0,0.0,0.0,0.0,0.0,0.0,0.0
2026-09-27,EP152026,36,2026-10-04 12:00:00,7 days 12:00:00,180,23.22,177.01,991.8,53.7,33.16491199235071,177.965542684191,117.13671998310264,88.35180135528091,159.93522828344413,34.92375182290971,24.232687344404987,13.442244758570729,26.43118780019068,0.0,0.0,0.0,0.0
2026-09-27,EP152026,36,2026-10-04 18:00:00,7 days 18:00:00,186,23.95,175.53,989.0,56.2,37.20392690231843,198.9999599777385,116.56396659674454,52.83061169142854,156.33676572273978,41.79739076970989,29.221449539714985,11.190887428850024,23.902416194692304,0.0,0.0,0.0,0.0
2026-09-27,EP152026,36,2026-10-05 00:00:00,8 days 00:00:00,192,24.57,174.14,989.9,61.4,42.141672247555945,238.42816582821007,120.85073198013828,62.66348147851132,188.2630783254477,94.39124698592508,61.48976420004692,31.902803134442134,73.7227224136266,0.0,0.0,0.0,0.0
2026-09-27,EP152026,36,2026-10-05 06:00:00,8 days 06:00:00,198,25.34,173.05,982.0,68.6,53.64990113370932,252.14432592315035,134.48058930578833,74.4420423839715,203.40145237010097,81.31530844595407,55.08769019272352,31.18046283434929,60.21699799989837,0.2262920700359307,0.0,0.0,53.64990113370932
2026-09-27,EP152026,36,2026-10-05 12:00:00,8 days 12:00:00,204,25.51,171.87,981.7,73.0,49.9629220877772,231.47665093463425,142.61356459641956,124.32368292714892,217.57531168713376,101.04466968214216,73.99327380115568,51.17695657886529,79.94034400005165,4.507283014020025,0.0,0.0,49.9629220877772
2026-09-27,EP152026,36,2026-10-05 18:00:00,8 days 18:00:00,210,25.39,170.18,985.5,67.9,20.65839623713181,220.8670452541626,129.3002413669843,98.61528121072772,206.23242322206585,102.22103372682574,70.64493750491499,47.09928419481438,80.71312224722824,20.65839623713181,1.199116727624841,0.0,6.390059155349807
2026-09-27,EP152026,36,2026-10-06 00:00:00,9 days 00:00:00,216,25.49,168.32,987.8,59.7,48.23461296434856,265.97686830508843,164.67204048549172,128.65599196545077,252.74480100222704,143.2928600492991,101.2642926460966,66.61853395704281,115.05471652561232,0.0,0.0,0.0,0.0
2026-09-27,EP152026,36,2026-10-06 06:00:00,9 days 06:00:00,222,25.41,166.27,994.8,57.1,40.03819365811282,245.77461182381097,155.2400984491913,118.3120839780133,230.7580548293733,90.29046652842425,65.35097777486345,40.25263173188747,64.09392433017072,0.0,0.0,0.0,0.0
2026-09-27,EP152026,36,2026-10-06 12:00:00,9 days 12:00:00,228,25.5,163.7,993.8,57.5,17.90179191887887,243.44168171827727,143.12231359646785,53.04281156714899,199.3202298409833,110.15226415997358,75.17651516827982,43.26979444939934,91.59706565173474,0.0,0.0,0.0,0.0
2026-09-27,EP152026,36,2026-10-06 18:00:00,9 days 18:00:00,234,25.32,161.07,983.8,59.4,0.0,208.1416504381691,112.00369767405688,77.66490238996835,178.5596148253785,75.31380160500885,53.40297912868505,35.676326262514976,61.06209815181728,0.0,0.0,0.0,0.0
2026-09-27,EP152026,36,2026-10-07 00:00:00,10 days 00:00:00,240,24.96,157.76,998.9,50.3,25.87794629550376,283.22072050560746,144.1864520023587,115.16639429536484,265.60776168401026,121.78184021248762,85.00990214126819,59.142078653647786,100.59246599663288,0.0,0.0,0.0,0.0
2026-09-27,EP152026,36,2026-10-07 06:00:00,10 days 06:00:00,246,24.97,154.8,996.1,46.0,33.938049638428055,291.25632705705266,120.53308560222295,104.29311041899048,285.915730869458,0.0,0.0,0.0,0.0,0.0,0.0,0.0,0.0
2026-09-27,EP152026,36,2026-10-07 12:00:00,10 days 12:00:00,252,25.09,152.14,998.3,46.1,50.6317723842617,214.481171039325,115.58350902546276,92.75785655949164,180.01822494351586,0.0,0.0,0.0,0.0,0.0,0.0,0.0,0.0
2026-09-27,EP152026,36,2026-10-07 18:00:00,10 days 18:00:00,258,25.5,149.13,997.2,45.3,91.80732250643568,214.77201442270484,121.97437802168965,79.56278409439238,147.9436984758316,0.0,0.0,0.0,0.0,0.0,0.0,0.0,0.0
2026-09-27,EP152026,36,2026-10-08 00:00:00,11 days 00:00:00,264,26.38,146.71,991.5,47.7,53.58499587830396,169.04738749598613,130.09942240573056,102.01725394309136,129.4734018353205,0.0,0.0,0.0,0.0,0.0,0.0,0.0,0.0
2026-09-27,EP152026,36,2026-10-08 06:00:00,11 days 06:00:00,270,27.16,144.6,991.4,43.2,78.66637456607071,111.99600888351144,89.37158618663932,31.24738503617785,74.51190773839556,0.0,0.0,0.0,0.0,0.0,0.0,0.0,0.0
2026-09-27,EP152026,36,2026-10-08 12:00:00,11 days 12:00:00,276,28.74,143.09,994.2,43.6,54.05392231305412,176.35808192458654,135.59200631366204,75.09605938073992,140.21054504829652,0.0,0.0,0.0,0.0,0.0,0.0,0.0,0.0
2026-09-27,EP152026,36,2026-10-08 18:00:00,11 days 18:00:00,282,30.37,141.65,994.3,37.3,97.22108817889443,97.22108817889443,51.15804794553303,10.88454727380411,44.080161313604606,0.0,0.0,0.0,0.0,0.0,0.0,0.0,0.0
2026-09-27,EP152026,36,2026-10-09 00:00:00,12 days 00:00:00,288,32.5,140.63,993.9,38.3,93.552566516279,93.552566516279,30.04217347112227,0.0,38.68488506646179,0.0,0.0,0.0,0.0,0.0,0.0,0.0,0.0
2026-09-27,EP152026,36,2026-10-09 06:00:00,12 days 06:00:00,294,34.92,140.06,994.9,37.5,69.28297447275142,174.4958797826703,147.19730851235255,73.65727706946922,131.979570737762,0.0,0.0,0.0,0.0,0.0,0.0,0.0,0.0
2026-09-27,EP152026,36,2026-10-09 12:00:00,12 days 12:00:00,300,37.8,140.54,988.7,37.9,52.72409892515599,161.6298402937067,156.08294453789927,114.0326430717813,92.90969881345124,0.0,0.0,0.0,0.0,0.0,0.0,0.0,0.0
2026-09-27,EP162026,36,2026-09-27 00:00:00,0 days 00:00:00,0,20.8,-123.6,975.0,76.0,28.0,167.0,167.0,148.0,185.0,93.0,74.0,74.0,93.0,65.0,46.0,37.0,56.0
2026-09-27,EP162026,36,2026-09-27 06:00:00,0 days 06:00:00,6,21.83,-123.35,988.6,70.5,5.377621983647583,146.32956276964683,124.80590320970995,100.32807942819834,130.66061545142844,67.07389012665877,52.50924242409032,32.65482926236244,57.84041717938268,14.793222974357764,9.910428090835492,4.2183515203111694,11.242337967874384
2026-09-27,EP162026,36,2026-09-27 12:00:00,0 days 12:00:00,12,22.29,-123.33,992.0,51.4,16.518146924104457,192.3157357133819,132.26609418827258,79.16620337935382,142.8733964680356,20.01366837238152,10.331386136883896,1.700268654299201,12.019309784972506,0.0,0.0,0.0,0.0
2026-09-27,EP162026,36,2026-09-27 18:00:00,0 days 18:00:00,18,22.67,-123.3,1002.3,38.8,29.911863534559927,106.8552584136056,104.07898869475126,71.35231712886693,91.22929163021864,0.0,0.0,0.0,0.0,0.0,0.0,0.0,0.0
2026-09-27,EP162026,36,2026-09-28 00:00:00,1 days 00:00:00,24,22.74,-123.54,999.0,37.4,64.54225592384167,183.196282273722,166.63591770053847,141.16414156795216,161.5464598162249,0.0,0.0,0.0,0.0,0.0,0.0,0.0,0.0
2026-09-27,EP162026,36,2026-09-28 06:00:00,1 days 06:00:00,30,22.84,-123.35,1000.0,36.9,50.80472551104317,105.23585009624374,92.7927113429091,69.38885802672861,88.98475416175793,0.0,0.0,0.0,0.0,0.0,0.0,0.0,0.0
2026-09-27,EP162026,36,2026-09-28 12:00:00,1 days 12:00:00,36,22.9,-123.14,1002.2,28.5,76.7933844808679,0.0,0.0,0.0,0.0,0.0,0.0,0.0,0.0,0.0,0.0,0.0,0.0
2026-09-27,EP162026,36,2026-09-28 18:00:00,1 days 18:00:00,42,22.09,-122.88,1005.5,22.1,77.11640347782304,0.0,0.0,0.0,0.0,0.0,0.0,0.0,0.0,0.0,0.0,0.0,0.0
2026-09-27,EP162026,36,2026-09-29 00:00:00,2 days 00:00:00,48,21.51,-122.93,1003.3,25.4,137.205151037422,0.0,0.0,0.0,0.0,0.0,0.0,0.0,0.0,0.0,0.0,0.0,0.0
2026-09-27,EP162026,36,2026-09-29 06:00:00,2 days 06:00:00,54,20.67,-122.94,1008.0,22.1,84.20120757884804,0.0,0.0,0.0,0.0,0.0,0.0,0.0,0.0,0.0,0.0,0.0,0.0
2026-09-27,EP162026,36,2026-09-29 12:00:00,2 days 12:00:00,60,19.84,-122.9,1006.1,18.9,85.19407755129734,0.0,0.0,0.0,0.0,0.0,0.0,0.0,0.0,0.0,0.0,0.0,0.0
2026-09-27,EP162026,36,2026-09-29 18:00:00,2 days 18:00:00,66,19.44,-123.09,1007.1,22.4,134.19812216416233,0.0,0.0,0.0,0.0,0.0,0.0,0.0,0.0,0.0,0.0,0.0,0.0
2026-09-27,EP172026,36,2026-09-27 00:00:00,0 days 00:00:00,0,19.0,-112.9,946.0,111.0,28.0,259.0,185.0,167.0,185.0,111.0,111.0,93.0,93.0,65.0,65.0,46.0,56.0
2026-09-27,EP172026,36,2026-09-27 06:00:00,0 days 06:00:00,6,19.94,-113.37,949.0,113.4,9.188918649974116,150.20484583169903,180.88803485589037,156.95150821834713,95.50994056289112,77.72478098865963,92.24601149393638,72.56945877333018,62.76139773821684,50.32188061856949,48.1091870797658,37.74718032927369,39.6641138709855
2026-09-27,EP172026,36,2026-09-27 12:00:00,0 days 12:00:00,12,20.65,-113.76,944.6,121.9,15.862586846793278,174.93700452273447,180.67776461193117,122.09838765788646,155.62783590661343,92.87209585792176,79.39252363826535,60.2308627149597,69.06383915258607,64.49457463813454,54.82567890678385,39.40059432155349,51.37289712389156
2026-09-27,EP172026,36,2026-09-27 18:00:00,0 days 18:00:00,18,21.66,-113.98,957.9,105.0,27.23108720643664,189.41388576637615,229.09997538039423,120.69722262078491,115.71409145845492,94.9410982395856,99.0130266465102,64.08111519108274,69.20989726619636,52.70531440619301,48.06284864886812,33.70386909602048,39.08941325251079
2026-09-27,EP172026,36,2026-09-28 00:00:00,1 days 00:00:00,24,22.68,-114.09,952.6,109.8,28.95967028858152,142.25872645830432,192.372785429719,117.46296961778714,94.8942850925023,84.02133172290299,85.98139895222302,63.35064027617896,62.92529480697769,47.43156806349101,43.56325528987415,32.75538913836159,37.95256298798657
2026-09-27,EP172026,36,2026-09-28 06:00:00,1 days 06:00:00,30,23.55,-113.88,963.4,92.5,13.646508315499958,141.96260366540156,156.0775218093911,107.80763739408356,84.89463355849014,73.01574969424028,79.16776515468223,51.290157641687145,52.22570914869637,37.64563779588308,35.45853116644476,24.790984066799652,29.792809417695807
2026-09-27,EP172026,36,2026-09-28 12:00:00,1 days 12:00:00,36,24.14,-113.78,956.3,96.1,30.719264630780984,160.81707359852123,168.7110005002906,118.26491170944853,124.67251831247916,80.51917848315837,81.0558947631595,59.72596365762122,53.34456839078533,57.76253529460463,54.77071305479541,41.93142678139749,43.25137070392874
2026-09-27,EP172026,36,2026-09-28 18:00:00,1 days 18:00:00,42,24.86,-113.04,954.5,98.3,23.16084623831381,155.06928100912717,129.4622354399437,136.39876683822672,125.8869172135366,72.63166661976123,79.80955073619472,65.50371869965727,57.811119383569824,50.00895224016266,48.49695135892495,38.35904795878415,39.50851150107543
2026-09-27,EP172026,36,2026-09-29 00:00:00,2 days 00:00:00,48,25.43,-112.38,972.1,79.9,37.58242978013462,164.58506310755456,138.65448086090112,80.55439544773724,104.68111128825842,52.37243694962615,49.08991829963044,31.24488080394609,36.91250182695525,46.5086071008008,42.502819110629886,30.608727226685843,35.877233858628784
2026-09-27,EP172026,36,2026-09-29 06:00:00,2 days 06:00:00,54,26.54,-112.23,987.2,55.0,16.630697454985466,131.86271295465107,119.39399873418574,103.7456911430169,74.38292780211225,40.84962202388731,41.34204512468055,27.854276052447357,34.224602512950696,0.0,0.0,0.0,0.0
2026-09-27,EP172026,36,2026-09-29 12:00:00,2 days 12:00:00,60,27.94,-111.5,996.3,43.8,81.1660681550709,81.1660681550709,60.73631340360272,21.556105999352223,22.62455417035067,0.0,0.0,0.0,0.0,0.0,0.0,0.0,0.0
2026-09-27,EP172026,36,2026-09-29 18:00:00,2 days 18:00:00,66,29.29,-110.65,1000.2,24.0,89.07420039197063,0.0,0.0,0.0,0.0,0.0,0.0,0.0,0.0,0.0,0.0,0.0,0.0
2026-09-27,EP902026,36,2026-09-27 00:00:00,0 days 00:00:00,0,12.0,-98.6,1008.0,25.0,111.0,0.0,0.0,0.0,0.0,0.0,0.0,0.0,0.0,0.0,0.0,0.0,0.0
2026-09-27,EP902026,36,2026-09-27 06:00:00,0 days 06:00:00,6,11.86,-98.71,1004.6,30.1,121.9830141114802,0.0,0.0,0.0,0.0,0.0,0.0,0.0,0.0,0.0,0.0,0.0,0.0
2026-09-27,EP902026,36,2026-09-27 12:00:00,0 days 12:00:00,12,11.95,-98.64,1003.8,31.0,93.7012312333568,0.0,0.0,0.0,0.0,0.0,0.0,0.0,0.0,0.0,0.0,0.0,0.0
2026-09-27,EP902026,36,2026-09-27 18:00:00,0 days 18:00:00,18,12.25,-99.0,1003.1,39.0,82.09438011697716,96.88805109546864,87.67979340247746,65.09219302425902,81.28764880442694,0.0,0.0,0.0,0.0,0.0,0.0,0.0,0.0
2026-09-27,EP902026,36,2026-09-28 00:00:00,1 days 00:00:00,24,12.39,-99.26,1002.1,34.0,115.0081541168446,0.0,0.0,0.0,0.0,0.0,0.0,0.0,0.0,0.0,0.0,0.0,0.0
2026-09-27,EP902026,36,2026-09-28 06:00:00,1 days 06:00:00,30,12.64,-99.93,997.0,45.1,76.68074972211957,199.5150256996326,199.7058960488783,178.83172047368453,179.7761911801946,0.0,0.0,0.0,0.0,0.0,0.0,0.0,0.0
2026-09-27,EP902026,36,2026-09-28 12:00:00,1 days 12:00:00,36,13.21,-100.62,999.4,44.9,134.63683467570354,367.0130395604201,354.6306834400866,271.76202352076325,310.98159264485685,0.0,0.0,0.0,0.0,0.0,0.0,0.0,0.0
2026-09-27,EP902026,36,2026-09-28 18:00:00,1 days 18:00:00,42,13.64,-101.75,995.0,50.3,57.88989880731111,195.01788176886063,164.19190454948665,113.0325866444237,172.00668651857728,58.58736639172534,46.219006902296734,30.887075706394924,43.58605835231252,0.0,0.0,0.0,0.0
2026-09-27,EP902026,36,2026-09-29 00:00:00,2 days 00:00:00,48,14.38,-102.59,995.9,48.8,111.32249749385484,182.14406161970405,161.50456246473712,104.40076273925752,138.47691840704326,0.0,0.0,0.0,0.0,0.0,0.0,0.0,0.0
2026-09-27,EP902026,36,2026-09-29 06:00:00,2 days 06:00:00,54,14.88,-103.92,997.8,52.0,58.23845386001669,178.47123531864932,134.36271020853474,71.52812772579836,139.75439668340164,58.23845386001669,0.0,0.0,1.1429563022029647,0.0,0.0,0.0,0.0
2026-09-27,EP902026,36,2026-09-29 12:00:00,2 days 12:00:00,60,15.21,-105.12,995.0,51.7,77.08283301110416,254.09841502689704,210.95014082161055,130.82752334347526,190.34018735384973,77.08283301110416,31.220374591912712,16.24898559838462,22.09306135959668,0.0,0.0,0.0,0.0
2026-09-27,EP902026,36,2026-09-29 18:00:00,2 days 18:00:00,66,15.82,-106.26,996.7,58.0,66.92364098379264,226.04189745655935,212.829945441547,205.78317587229543,201.959538235204,89.28012212554933,82.921791362075,77.11098283545589,76.85270771213933,0.0,0.0,0.0,0.0
2026-09-27,EP902026,36,2026-09-30 00:00:00,3 days 00:00:00,72,16.48,-106.77,986.1,58.8,77.48925871021555,189.7370281421314,172.0880657508601,121.45718513015636,161.96558366736087,108.94341255766108,93.9656391433013,66.09909009104899,81.87924178428625,0.0,0.0,0.0,0.0
2026-09-27,EP902026,36,2026-09-30 06:00:00,3 days 06:00:00,78,17.12,-107.46,981.3,71.0,27.34784613692748,254.992765427856,260.829999154053,155.24929641396156,183.8182234524541,111.8652417851842,96.72291934765552,58.86535284204442,78.56998487018011,27.34784613692748,22.28846905039681,15.44268666061831,19.84912027317035
2026-09-27,EP902026,36,2026-09-30 12:00:00,3 days 12:00:00,84,17.68,-108.17,976.8,70.7,63.69850192559653,185.96174949583136,220.1479090669788,145.15237622805824,139.24904905484652,87.53804222714541,76.89485033734219,50.97846566208294,62.41810323846019,63.69850192559653,14.520093885907436,8.382317042626108,13.01639522294543
2026-09-27,EP902026,36,2026-09-30 18:00:00,3 days 18:00:00,90,18.18,-108.77,980.8,69.4,37.960542410769946,197.38780081577104,218.30131968926167,143.90550455032553,152.24684466267428,99.8449588287142,88.5463499587527,61.32897302315041,77.783154268906,45.64398673342839,38.88232194894546,29.501525883265515,36.31392150120156
2026-09-27,EP902026,36,2026-10-01 00:00:00,4 days 00:00:00,96,18.47,-109.07,980.3,69.2,40.53612238915724,162.92119757252428,186.20816244076457,133.53863697895463,128.18746857972653,74.06198393632239,73.27066942431108,50.50907221518467,56.24257837951011,44.94929707286728,38.84345113127249,30.904082592182387,34.87796990127276
2026-09-27,EP902026,36,2026-10-01 06:00:00,4 days 06:00:00,102,18.59,-109.58,986.1,64.2,41.67174891796668,162.5891701873594,203.19310573349932,185.84811074889691,159.59439918382088,93.764811922901,92.85727981496257,83.19991746998431,84.2990471027681,47.15271343285448,42.0841459204421,36.99225341480408,40.12936082077664
2026-09-27,EP902026,36,2026-10-01 12:00:00,4 days 12:00:00,108,18.81,-109.66,977.9,69.5,48.64722681188222,179.27630399346526,209.59975861035343,164.23412331842627,154.8765031039402,87.6940454301257,82.96653805391868,59.26691441134865,69.82764879975464,48.64722681188222,34.71884826871522,27.21574547406311,31.296715793400203
2026-09-27,EP902026,36,2026-10-01 18:00:00,4 days 18:00:00,114,19.18,-109.91,984.5,67.0,46.67664254243802,198.1037673959534,182.2070692241853,138.456857602387,157.72421748405804,99.75525244091662,92.37003846540944,77.52028636771783,88.24299147978459,69.70140337069486,63.68205712499416,54.14915516142841,58.52017552715558
2026-09-27,EP902026,36,2026-10-02 00:00:00,5 days 00:00:00,120,19.45,-110.31,976.3,76.7,29.51078756661333,197.93591260641895,225.373167377521,148.21351375418692,140.182623411623,88.21823317155341,84.47052184976096,57.0931887166924,71.31255888841476,48.53968675546292,40.48967277907704,32.35404382129791,37.713693047088135
2026-09-27,EP902026,36,2026-10-02 06:00:00,5 days 06:00:00,126,19.75,-110.48,977.4,78.2,27.75342589047128,194.78305451336556,225.51996296920163,136.2936198888304,136.61092607464934,91.31940328085784,83.9332886221037,51.11134696510194,60.211417113193534,48.7807052145229,41.855014407196535,32.53238587596347,36.16536150512627
2026-09-27,EP902026,36,2026-10-02 12:00:00,5 days 12:00:00,132,20.02,-110.71,970.9,75.7,34.0961175982052,180.155619660374,181.08736773446503,132.74905874197384,132.31521528047574,76.63943696534324,78.58709367552845,51.484933295334855,56.72447187823085,52.40878516648644,45.54096930258065,36.17393941985382,41.09642580158254
2026-09-27,EP902026,36,2026-10-02 18:00:00,5 days 18:00:00,138,20.33,-111.18,974.3,77.5,38.58116942629916,178.55097631468996,158.13296045448368,147.1958659882702,154.63769078024282,81.92074466686852,68.89940309352303,58.26259357121416,72.75560835053258,45.33805817379604,38.345704990314985,31.172139804763933,37.07493429700893
2026-09-27,EP902026,36,2026-10-03 00:00:00,6 days 00:00:00,144,20.4,-111.37,981.0,68.0,43.14351538877716,207.23552716261736,134.22651025167318,172.85067019497467,215.63390240044896,104.56765004959288,94.3871980622484,92.39413455514574,108.24099040679334,47.74850198452864,45.45347939694887,39.90769156002767,42.96516045310773
2026-09-27,EP902026,36,2026-10-03 06:00:00,6 days 06:00:00,150,20.36,-111.85,978.9,69.9,42.28434146792991,213.8996372172205,205.8829503800172,180.06236733806443,193.371803788616,112.44412373502898,101.22263636113816,79.55460216380071,93.72758930253056,42.28434146792991,32.248255167245006,26.077424951991645,31.210423220516155
2026-09-27,EP902026,36,2026-10-03 12:00:00,6 days 12:00:00,156,20.5,-112.28,976.4,73.3,26.416321684438028,152.48879884598534,136.3386581945425,137.75930597174693,146.28378668314474,84.25429275458569,81.37453637999022,66.74749123322567,72.1083687402168,49.93389685317861,42.18067237651036,35.25436369691074,41.32406436910813
2026-09-27,EP902026,36,2026-10-03 18:00:00,6 days 18:00:00,162,20.73,-112.71,979.6,64.1,38.38177584405619,238.75401175536612,184.0995136799342,135.50893657664534,191.39227993519705,82.21450880538094,60.3357390670331,47.346855938914814,75.5455379794492,48.19846231517732,38.84253114073219,30.435363740589167,38.228813500038726
2026-09-27,EP902026,36,2026-10-04 00:00:00,7 days 00:00:00,168,20.78,-113.23,974.8,69.7,46.72291799144428,239.60232523539065,207.8952640622991,148.4474371282929,204.67501285245092,96.11752422847373,78.20383722974235,68.8921252874878,85.68412898354813,52.69761336557468,43.99456429587718,36.543055290972745,45.007315368195776
2026-09-27,EP902026,36,2026-10-04 06:00:00,7 days 06:00:00,174,20.88,-113.51,978.4,69.4,41.08295318582862,229.1493727924145,227.84124623759087,170.60921708324528,194.24417687885835,107.87048537909278,97.44851215184508,72.27474789235133,90.9828600772127,41.08295318582862,32.06043437005856,25.41791093593862,30.926411055991277
2026-09-27,EP902026,36,2026-10-04 12:00:00,7 days 12:00:00,180,21.03,-113.9,984.5,63.5,35.437371417524254,153.8542105302701,109.43513777579372,142.10885881953527,157.69715839595702,74.58042706927077,66.60489107434014,60.29057240954907,67.7607550615007,0.0,0.0,0.0,0.0
2026-09-27,EP902026,36,2026-10-04 18:00:00,7 days 18:00:00,186,20.85,-114.2,978.0,70.9,34.185358198067725,201.973999434672,168.1571749840504,142.75311714049127,194.72878206176915,89.9026789135718,83.44131756552291,66.79032566928802,86.54910878829907,56.54565499358331,47.58354723950812,40.36463938869064,47.26726646826194
2026-09-27,EP902026,36,2026-10-05 00:00:00,8 days 00:00:00,192,20.87,-114.79,982.6,58.5,54.3804352499168,180.82679314150056,150.07437469825803,129.23187182765903,171.78754091272305,60.343533041190966,44.61530584188543,29.067102971017636,46.6258970556148,0.0,0.0,0.0,0.0
2026-09-27,EP902026,36,2026-10-05 06:00:00,8 days 06:00:00,198,20.84,-115.41,977.5,75.4,36.48244606063733,162.5506472234901,192.97351901137245,168.98060477543257,171.23897411882135,86.21377325741604,78.72328441055247,67.19551575225577,79.28171767332245,38.305381858023246,32.01595514957032,28.133354327733777,32.8540267621083
2026-09-27,EP902026,36,2026-10-05 12:00:00,8 days 12:00:00,204,20.61,-115.8,983.9,65.4,34.79344558148148,204.1465379877745,184.84109420670305,161.164017751536,207.9374209076013,116.77375871050208,94.53349393515872,76.69418335742557,104.89579448991869,45.85646153517905,35.0816023681524,30.83443266845376,37.95278390694489
2026-09-27,EP902026,36,2026-10-05 18:00:00,8 days 18:00:00,210,20.41,-116.58,987.5,58.7,44.37382817862594,139.72342209055444,146.16232427772576,181.58678323755925,173.52517172270024,97.32273782928674,85.08114737355882,76.72731596565416,85.30495950520832,0.0,0.0,0.0,0.0
2026-09-27,EP902026,36,2026-10-06 00:00:00,9 days 00:00:00,216,20.42,-116.94,978.6,70.0,58.41337544093943,237.6408100006425,227.37149938703783,198.44216990883763,224.952782409927,117.22415803321437,98.56231762968466,79.0283092377392,104.89706131126422,58.41337544093943,17.12550258862468,13.163761035451616,19.908218801233247
2026-09-27,EP902026,36,2026-10-06 06:00:00,9 days 06:00:00,222,20.37,-117.45,975.4,76.7,41.82461022590593,200.2728256726464,184.74635779547543,162.41916302955636,175.96361073449128,101.71761509086502,85.53169530847211,66.55145218936563,80.67503702294445,41.82461022590593,30.510982778252554,23.36090450895056,28.44440893845885
2026-09-27,EP902026,36,2026-10-06 12:00:00,9 days 12:00:00,228,20.55,-117.54,970.8,78.5,37.37504006311363,161.77192369286,185.8770945365403,160.62325634758884,166.10827778339092,96.40563893615696,87.13567131835936,66.80452379791677,81.23214534059065,45.90698313895979,40.49541316648381,31.327174007915037,36.95935690277082
2026-09-27,EP902026,36,2026-10-06 18:00:00,9 days 18:00:00,234,20.87,-117.5,973.9,71.1,50.2604811482787,210.91549748118425,214.66898901781025,156.60811251060744,172.03046379978957,92.18682336866786,94.12170427357432,72.81182596450743,84.87416283329803,78.61459060341012,72.83963166285241,58.54136435221761,62.45498148990306
2026-09-27,EP902026,36,2026-10-07 00:00:00,10 days 00:00:00,240,21.21,-117.63,985.6,63.6,64.0373593231182,169.81262841327975,175.81167520141105,130.3373571574831,138.06700650810342,86.81833925181121,84.47886454993551,60.88011346740824,66.48297499087431,0.0,0.0,0.0,0.0
2026-09-27,EP902026,36,2026-10-07 06:00:00,10 days 06:00:00,246,21.5,-117.56,987.1,53.6,55.12827913430954,192.9875033698579,184.46783854300256,133.0160285711122,152.64469436339164,55.12827913430954,15.686982170388433,7.105564219465329,13.717475921645368,0.0,0.0,0.0,0.0
2026-09-27,EP902026,36,2026-10-07 12:00:00,10 days 12:00:00,252,22.04,-117.4,982.2,60.7,32.76797785978587,161.3784915511435,165.2264113288628,132.42329853062824,127.37230048724712,92.72575970381786,93.04973134145511,68.00978871311904,67.41197069205134,0.0,0.0,0.0,0.0
2026-09-27,EP902026,36,2026-10-07 18:00:00,10 days 18:00:00,258,22.63,-117.14,987.5,55.0,62.597730413881,187.99439873276907,189.9008766833601,130.74927560553493,154.009724163295,62.597730413881,38.84160983341321,23.85959766723843,32.8901197039966,0.0,0.0,0.0,0.0
2026-09-27,EP902026,36,2026-10-08 00:00:00,11 days 00:00:00,264,23.15,-116.78,994.5,51.8,61.41312797790248,199.45239443837403,169.84733401519208,109.43654285892195,152.78615703087792,61.41312797790248,39.29229001252845,27.9276506407209,33.11692878747699,0.0,0.0,0.0,0.0
2026-09-27,EP902026,36,2026-10-08 06:00:00,11 days 06:00:00,270,23.94,-116.12,989.2,55.3,74.27259658473794,202.13950276323533,194.6771238160041,133.70492457320532,148.32924134317497,74.27259658473794,50.10715653162051,34.78846233980057,36.859151470787324,0.0,0.0,0.0,0.0
2026-09-27,EP902026,36,2026-10-08 12:00:00,11 days 12:00:00,276,24.78,-115.92,989.1,54.8,28.656750578359706,216.58808099433412,194.66485497410943,148.39544933693475,175.17206554807478,71.40037938171318,69.38293112743,47.34188468223296,56.79391837581118,0.0,0.0,0.0,0.0
2026-09-27,EP902026,36,2026-10-08 18:00:00,11 days 18:00:00,282,25.48,-115.68,992.0,53.6,44.033955725343,199.02715516081423,157.3037372152279,125.70233888437473,175.47988904334943,68.93449190270852,58.15485955998485,44.64305975362957,53.76295292919646,0.0,0.0,0.0,0.0
2026-09-27,EP902026,36,2026-10-09 00:00:00,12 days 00:00:00,288,26.03,-115.58,995.1,50.2,88.19222097920567,248.6442879821196,257.3327940209459,193.0863951309397,198.50468836434777,11.83308421652446,88.19222097920567,8.980778543599431,7.40693541332415,0.0,0.0,0.0,0.0
2026-09-27,EP902026,36,2026-10-09 06:00:00,12 days 06:00:00,294,26.7,-114.98,991.6,51.0,27.04817082433675,194.303635458008,194.696233790346,150.38749410604555,152.6802576150895,27.04817082433675,16.660452268902322,17.102804449048747,19.695254015655383,0.0,0.0,0.0,0.0
2026-09-27,EP902026,36,2026-10-09 12:00:00,12 days 12:00:00,300,27.44,-114.64,986.3,52.3,54.949617343531706,180.423322751953,179.41334367390107,138.00035826682495,134.63816853134787,38.48420976970953,54.949617343531706,35.91487576958521,32.26513551024962,0.0,0.0,0.0,0.0
2026-09-27,EP902026,36,2026-10-09 18:00:00,12 days 18:00:00,306,28.32,-113.94,995.9,37.6,42.20988096685271,123.13653761764893,123.54155207517834,45.6057055559474,59.56909851090919,0.0,0.0,0.0,0.0,0.0,0.0,0.0,0.0
2026-09-27,EP902026,36,2026-10-10 00:00:00,13 days 00:00:00,312,29.52,-113.1,991.4,45.1,85.74069673041787,4.4487474068142685,85.74069673041787,11.61538458742003,0.0,0.0,0.0,0.0,0.0,0.0,0.0,0.0,0.0
2026-09-27,WP252026,36,2026-09-27 00:00:00,0 days 00:00:00,0,24.6,127.6,964.0,89.0,22.0,102.0,121.0,102.0,93.0,,,,,,,,
2026-09-27,WP252026,36,2026-09-27 06:00:00,0 days 06:00:00,6,25.24,128.18,956.4,103.8,0.0,126.78228026164612,179.61727432262228,115.80645639812806,63.96005535034586,59.838924435379504,62.19914030517029,38.9401255694592,33.458492048485056,24.701790197086133,23.222548739827623,17.136738699885832,17.965788343676593
2026-09-27,WP252026,36,2026-09-27 12:00:00,0 days 12:00:00,12,26.04,128.94,959.9,92.5,36.41450278057425,114.02701449612904,162.00121334338158,144.49934271510764,70.23610721455978,60.52847580678171,76.37166473147983,52.37754504490152,39.026056564216574,36.41450278057425,28.324962406705147,22.639782006589805,20.02741649721661
2026-09-27,WP252026,36,2026-09-27 18:00:00,0 days 18:00:00,18,26.7,129.58,978.7,74.2,14.495357950498729,113.59679705885604,170.20420362207255,132.0695549759313,74.38023028029426,61.698735479343256,75.8791823036726,60.212896379089656,39.96578087956861,19.496626054168537,21.607818150316437,18.444940861624307,12.922134830301168
2026-09-27,WP252026,36,2026-09-28 00:00:00,1 days 00:00:00,24,27.12,130.38,975.4,75.2,32.69400350209839,139.12902156249862,144.904745178486,119.33132775079692,123.06384758299372,79.3430664101997,85.02284213780919,61.8420441477348,59.76086129026989,31.485863092073384,34.525198495606,30.08977227071143,24.13205764899797
2026-09-27,WP252026,36,2026-09-28 06:00:00,1 days 06:00:00,30,27.55,131.77,983.5,66.4,49.68986753304152,134.06615554709688,165.85929606685582,118.49982502543556,61.57675488915622,75.60322794083365,89.54889367607397,65.51200432969468,49.10649005249014,7.445344037926859,49.68986753304152,9.029457356436092,3.548109387132072
2026-09-27,WP252026,36,2026-09-28 12:00:00,1 days 12:00:00,36,28.13,132.88,989.8,53.6,57.368815407177685,134.85823745807463,115.57059587501844,89.51411102527506,100.44954155941612,57.58417660908741,55.206881330836055,37.387276346344,40.49000438311619,0.0,0.0,0.0,0.0
2026-09-27,WP252026,36,2026-09-28 18:00:00,1 days 18:00:00,42,28.8,133.88,993.5,48.3,47.59339079923007,161.5540606258731,136.8971548754996,103.14810748322496,118.6371535538576,0.0,0.0,0.0,0.0,0.0,0.0,0.0,0.0
2026-09-27,WP252026,36,2026-09-29 00:00:00,2 days 00:00:00,48,29.42,134.99,992.3,47.3,46.46452187394522,67.34290597226872,53.04869198379685,38.96295710648681,55.09206057915576,0.0,0.0,0.0,0.0,0.0,0.0,0.0,0.0
2026-09-27,WP252026,36,2026-09-29 06:00:00,2 days 06:00:00,54,30.3,136.36,1000.4,31.3,31.85454747810018,0.0,0.0,0.0,0.0,0.0,0.0,0.0,0.0,0.0,0.0,0.0,0.0
2026-09-27,WP252026,36,2026-09-29 12:00:00,2 days 12:00:00,60,30.95,137.97,1000.5,33.0,36.79645281572105,0.0,0.0,0.0,0.0,0.0,0.0,0.0,0.0,0.0,0.0,0.0,0.0
2026-09-27,WP252026,36,2026-09-29 18:00:00,2 days 18:00:00,66,31.66,139.33,1000.2,42.0,95.728949302495,55.51779135451268,95.728949302495,16.818612818853886,8.313998676892869,0.0,0.0,0.0,0.0,0.0,0.0,0.0,0.0
2026-09-27,WP252026,36,2026-09-30 00:00:00,3 days 00:00:00,72,32.29,141.48,1000.6,34.8,56.16046569553201,138.68363678768625,142.632977943114,83.68328814718794,88.81497378927682,0.0,0.0,0.0,0.0,0.0,0.0,0.0,0.0
2026-09-27,WP252026,36,2026-09-30 06:00:00,3 days 06:00:00,78,33.18,143.11,1001.6,32.2,58.26475619503236,0.0,0.0,0.0,0.0,0.0,0.0,0.0,0.0,0.0,0.0,0.0,0.0
2026-09-27,WP252026,36,2026-09-30 12:00:00,3 days 12:00:00,84,34.3,145.38,999.3,38.0,126.38947118923622,0.0,126.38947118923622,0.3690593536268256,0.0,0.0,0.0,0.0,0.0,0.0,0.0,0.0,0.0
2026-09-27,WP252026,36,2026-09-30 18:00:00,3 days 18:00:00,90,35.32,147.24,992.4,44.4,34.80459169518511,29.465129410060324,62.78636486309525,21.857922322938663,0.0,0.0,0.0,0.0,0.0,0.0,0.0,0.0,0.0
2026-09-27,WP252026,36,2026-10-01 00:00:00,4 days 00:00:00,96,35.46,148.77,998.0,34.8,47.63732796653218,164.69934006191832,132.1862482933583,67.03109687173549,101.23688619611976,0.0,0.0,0.0,0.0,0.0,0.0,0.0,0.0
2026-09-27,WP252026,36,2026-10-01 06:00:00,4 days 06:00:00,102,37.6,149.87,998.7,33.5,86.82346048844113,0.0,0.0,0.0,0.0,0.0,0.0,0.0,0.0,0.0,0.0,0.0,0.0
2026-09-27,WP252026,36,2026-10-01 12:00:00,4 days 12:00:00,108,39.21,151.93,1003.3,29.0,112.38072348832677,0.0,0.0,0.0,0.0,0.0,0.0,0.0,0.0,0.0,0.0,0.0,0.0
2026-09-27,AL062026,37,2026-09-27 00:00:00,0 days 00:00:00,0,29.8,-43.9,1010.0,29.0,56.0,0.0,0.0,0.0,0.0,0.0,0.0,0.0,0.0,0.0,0.0,0.0,0.0
2026-09-27,AL062026,37,2026-09-27 06:00:00,0 days 06:00:00,6,29.62,-43.96,1007.6,29.9,50.85658177542291,0.0,0.0,0.0,0.0,0.0,0.0,0.0,0.0,0.0,0.0,0.0,0.0
2026-09-27,AL062026,37,2026-09-27 12:00:00,0 days 12:00:00,12,29.52,-43.76,1009.8,27.4,109.79648362611844,0.0,0.0,0.0,0.0,0.0,0.0,0.0,0.0,0.0,0.0,0.0,0.0
2026-09-27,AL062026,37,2026-09-27 18:00:00,0 days 18:00:00,18,29.35,-43.75,1011.3,26.9,46.29421308219426,0.0,0.0,0.0,0.0,0.0,0.0,0.0,0.0,0.0,0.0,0.0,0.0
2026-09-27,EP152026,37,2026-09-27 00:00:00,0 days 00:00:00,0,16.7,-156.1,972.0,80.0,37.0,241.0,185.0,185.0,241.0,93.0,74.0,93.0,111.0,56.0,46.0,56.0,56.0
2026-09-27,EP152026,37,2026-09-27 06:00:00,0 days 06:00:00,6,16.68,-156.95,970.8,96.6,26.729627901767955,196.9528206434312,123.2492785208073,126.23574454279056,205.68557178123905,106.76362107229625,84.35188110473327,68.19671757461504,108.35249498567624,68.28729027989066,54.918613245823614,46.45905491919221,58.353351047426855
2026-09-27,EP152026,37,2026-09-27 12:00:00,0 days 12:00:00,12,16.36,-157.91,976.8,79.8,28.45583404104616,116.9705629285228,94.11345450346792,92.66243921015194,116.65690018489364,62.91774923502116,52.013778978049565,45.14200526472059,60.58158182625821,42.7693761951239,36.79281415984037,31.136197578762506,37.37487671995817
2026-09-27,EP152026,37,2026-09-27 18:00:00,0 days 18:00:00,18,16.19,-158.86,978.3,79.4,27.458449207373747,149.11149445850072,104.65900055856451,80.4327563464741,148.61244685438908,72.50414858794892,44.8473679052359,33.06138073503374,73.08976220214834,33.18355047331576,21.580095221067594,15.091394092035388,26.915718614179937
2026-09-27,EP152026,37,2026-09-28 00:00:00,1 days 00:00:00,24,16.09,-159.82,974.2,89.9,9.06729045544246,150.77365236583594,117.58770788285992,87.14195455034906,125.46868266705752,63.4598568331454,45.673819894672505,30.09900409523056,54.393141457843285,36.06376615508197,26.057469899949503,19.511608685984204,30.072068976760097
2026-09-27,EP152026,37,2026-09-28 06:00:00,1 days 06:00:00,30,16.4,-160.64,956.3,98.7,23.06175038765787,187.1069730768868,143.14955525035708,109.45327476266932,158.16263863878302,87.46926820876244,57.41666008164243,45.16410970996728,80.44594686964159,41.6657801065122,28.63421684689272,21.54847762526331,36.066995498993066
2026-09-27,EP152026,37,2026-09-28 12:00:00,1 days 12:00:00,36,16.65,-161.56,963.4,97.5,9.797699618924009,215.7962168036656,193.470743747978,99.9999629774643,150.11392293407832,115.37938325643395,83.6051673516707,54.09433196354611,89.19449918994793,59.950624701087975,44.69964519010958,32.97316182609584,47.61993811165037
2026-09-27,EP152026,37,2026-09-28 18:00:00,1 days 18:00:00,42,17.47,-162.27,958.7,99.4,3.341663463584773,199.20400741126645,124.36755044781428,79.93791443454678,146.8973444316203,83.64737001570165,70.50989030934228,46.44215684151215,72.07845281343606,60.54458839975721,50.85693482399228,40.03355593481997,49.93539843507362
2026-09-27,EP152026,37,2026-09-29 00:00:00,2 days 00:00:00,48,18.29,-162.8,956.2,101.7,13.157649200679373,221.162774857829,197.39298288051657,114.27321364689313,165.76923461426537,99.42744728500978,75.37133337565076,49.0994188278547,76.88168777705427,48.55031256709067,36.40507601050903,26.039965104767003,38.27508715285825
2026-09-27,EP152026,37,2026-09-29 06:00:00,2 days 06:00:00,54,19.35,-162.86,959.2,101.4,26.69325010160138,226.67021228589732,188.76236048424596,106.32434406674167,169.99908525822184,93.14532152077174,85.74303043649586,57.74887142765363,72.14093976357478,59.450244197727976,53.10994117109611,41.28055272903439,48.86205127940292
2026-09-27,EP152026,37,2026-09-29 12:00:00,2 days 12:00:00,60,20.34,-163.1,968.3,91.8,31.658722753250203,219.11239854277187,168.58409905744597,108.74837690724742,169.8463027984742,113.79102813641455,105.31245222572907,72.12957086880431,100.40154065482538,70.25755227807434,62.5598230560774,47.592203104812455,60.24278894645607
2026-09-27,EP152026,37,2026-09-29 18:00:00,2 days 18:00:00,66,21.41,-163.33,974.7,83.7,33.099956785845684,151.3512612659166,132.30434095119205,108.73769447130444,104.0991713155508,68.2837182317979,64.71943171820392,43.89270857166584,62.6938852455776,39.489733593694346,32.8948429236728,23.596754840752286,31.71712438241851
2026-09-27,EP152026,37,2026-09-30 00:00:00,3 days 00:00:00,72,22.29,-163.34,978.0,78.6,36.956800796970285,231.79214589438743,169.17194421239975,139.66380763859098,196.5314883963573,128.58859472720343,125.20677325599686,102.82251613614535,120.5092170557242,83.56794201181592,78.00776467885623,66.19604055301058,72.58001931407685
2026-09-27,EP152026,37,2026-09-30 06:00:00,3 days 06:00:00,78,22.3,-163.48,987.7,65.3,33.577905160551126,169.24935442523383,151.3816197484632,146.54498508634157,190.14767412164872,82.1589916616623,71.30415482319347,61.19899877309084,75.09222729418917,33.577905160551126,21.527931555704043,18.27527184945869,21.781924998146597
2026-09-27,EP152026,37,2026-09-30 12:00:00,3 days 12:00:00,84,22.65,-163.51,990.8,55.4,68.8599417439336,234.51482644495263,145.83597309520042,138.36683905733582,223.401942953318,68.8599417439336,32.036365125582265,26.587730580986573,42.16205500981556,0.0,0.0,0.0,0.0
2026-09-27,EP152026,37,2026-09-30 18:00:00,3 days 18:00:00,90,22.53,-163.95,997.6,46.0,41.92240514728759,178.87397923445826,116.39881929635337,107.94917471624004,185.23172679478444,0.0,0.0,0.0,0.0,0.0,0.0,0.0,0.0
2026-09-27,EP152026,37,2026-10-01 00:00:00,4 days 00:00:00,96,22.64,-164.16,996.9,40.2,63.532284504638056,203.39047848239423,149.34881955022254,134.16596666994562,182.46846886258788,0.0,0.0,0.0,0.0,0.0,0.0,0.0,0.0
2026-09-27,EP152026,37,2026-10-01 06:00:00,4 days 06:00:00,102,22.85,-164.96,995.7,44.6,103.61880490751275,252.3160537267978,190.8912550896287,176.24190027414792,232.6867202033445,0.0,0.0,0.0,0.0,0.0,0.0,0.0,0.0
2026-09-27,EP152026,37,2026-10-01 12:00:00,4 days 12:00:00,108,23.44,-165.98,993.9,51.6,103.773151668558,239.1547074988091,163.54693618877468,124.88585164145186,209.4632175034256,103.773151668558,7.827854098493385,10.636338878076346,15.097718817427848,0.0,0.0,0.0,0.0
2026-09-27,EP152026,37,2026-10-01 18:00:00,4 days 18:00:00,114,23.73,-167.54,990.2,51.0,43.002619423982445,234.27978999558724,190.73801025925428,160.91717205340353,223.3475544593542,50.51027743481772,36.80488452588274,26.85598786352912,42.06490449328988,0.0,0.0,0.0,0.0
2026-09-27,EP152026,37,2026-10-02 00:00:00,5 days 00:00:00,120,23.33,-168.46,980.3,65.4,31.55070753778149,241.26751248131043,186.58080948250867,149.19451538221068,224.509124323936,98.58362637975532,78.24281473954126,58.61787462001825,84.69720209379977,42.18807201963019,34.367570287738445,27.75291537560036,35.857162501566286
2026-09-27,EP152026,37,2026-10-02 06:00:00,5 days 06:00:00,126,23.46,-169.01,989.7,55.7,42.68639012322389,199.0580288472927,168.45919704544713,180.97468150814208,207.447959274188,74.59764536765837,67.27846276481189,59.14445225698528,64.48774067117246,0.0,0.0,0.0,0.0
2026-09-27,EP152026,37,2026-10-02 12:00:00,5 days 12:00:00,132,23.35,-169.96,975.0,67.5,36.17909334553429,227.15944125631512,149.6738340425468,137.6038650476139,236.44224065938192,115.64666928834862,87.51481154642545,70.06915406468724,103.9060086904353,39.82665325315401,32.25815192605377,27.32297516265093,36.321593527781374
2026-09-27,EP152026,37,2026-10-02 18:00:00,5 days 18:00:00,138,23.19,-170.27,984.5,65.3,33.742643448792414,111.71631062626273,116.711919077622,198.5099797957232,151.61821059207924,89.3061485426684,89.00842982002678,86.98406319197633,86.01448175983586,2.4704312521597283,3.909186006647049,33.742643448792414,1.970331240939784
2026-09-27,EP152026,37,2026-10-03 00:00:00,6 days 00:00:00,144,22.71,-171.17,984.0,64.4,30.860323893566147,212.12359042254525,173.3721731482999,151.83624103084094,205.94642288062096,99.84016684879224,73.35650971693906,51.62828544002747,84.42551345539835,30.860323893566147,4.634633493708368,1.1716875753243627,8.62675113898618
2026-09-27,EP152026,37,2026-10-03 06:00:00,6 days 06:00:00,150,22.38,-172.29,986.9,60.1,48.76745718616264,188.730412837541,125.58286627076646,107.48965713415926,176.52076035792675,59.85657414876479,46.09023687590588,28.84953060020882,49.72940553348273,0.0,0.0,0.0,0.0
2026-09-27,EP152026,37,2026-10-03 12:00:00,6 days 12:00:00,156,21.96,-173.74,976.3,74.2,45.55233342098988,176.37798108731897,104.74598826083788,67.0817074273946,198.14600126233955,93.16193478298756,62.33810597602546,42.98944500340117,80.55838482909367,45.55233342098988,29.30871380952859,20.505340032422925,32.44730872787545
2026-09-27,EP152026,37,2026-10-03 18:00:00,6 days 18:00:00,162,21.22,-175.56,979.5,65.6,26.9981048770143,195.4127908362805,131.45947674533215,140.37246891483647,198.18044097621964,87.90091503870997,78.01547684052508,61.15788764918096,73.42678302853739,42.1381950515422,37.34693147345936,28.83323714177213,36.29761297098713
2026-09-27,EP152026,37,2026-10-04 00:00:00,7 days 00:00:00,168,21.14,-177.49,973.2,76.6,27.906155570555,146.56244546867333,94.35129291756596,108.1408015745713,184.51151160565652,83.32574189406591,66.66908838979833,60.43493361566794,77.67769670253409,45.045980049104486,36.905294723782646,28.764052077769023,37.62745125460856
2026-09-27,EP152026,37,2026-10-04 06:00:00,7 days 06:00:00,174,21.17,-179.49,982.4,69.0,27.35847014317355,197.9186134190179,113.41207821634076,97.7018236736756,173.95948477701353,88.7237710235135,64.92849110568169,50.66404759513853,76.5891128640232,49.43003984820304,38.33203684061837,29.18378880580925,40.11354301353912
2026-09-27,EP152026,37,2026-10-04 12:00:00,7 days 12:00:00,180,21.54,178.43,971.7,94.3,34.84036455407345,223.98787609480428,117.423874095254,127.44936721398544,215.6665721611224,112.6915127189676,92.69823031141212,76.17491262917957,102.30544758594677,64.29532457614707,54.31516080269066,43.92396829611953,55.49790148480372
2026-09-27,EP152026,37,2026-10-04 18:00:00,7 days 18:00:00,186,22.08,176.67,972.7,84.0,18.874943933804587,219.17251988314507,116.40208666423676,105.18170273471034,240.50775635859796,106.93914951676103,72.54344654167241,64.97588073899766,101.02812613935926,60.93674720857708,53.42852832099838,40.14640295354559,52.67977412239912
2026-09-27,EP152026,37,2026-10-05 00:00:00,8 days 00:00:00,192,22.53,174.1,970.8,86.8,31.525600470577373,195.33184955197044,83.74977656062023,79.28872239741992,169.2128796000779,87.41008993692172,70.53345371738651,51.02020827517045,73.03292263175535,59.33118988615438,51.00996556736109,39.24349085120779,49.98308469981845
2026-09-27,EP152026,37,2026-10-05 06:00:00,8 days 06:00:00,198,23.06,172.19,963.3,94.6,21.640339844129077,211.10594579064923,105.9317693019416,130.22182815705412,188.86664653104845,91.98066821339398,84.06471556595034,73.48452997644154,83.83039425940319,66.42981024251947,59.18923505178702,47.38274923721485,55.40328060234037
2026-09-27,EP152026,37,2026-10-05 12:00:00,8 days 12:00:00,204,23.75,170.27,965.6,86.1,20.60208354339588,187.34880689520696,124.80987884328982,112.79415638366456,154.4204510271677,89.97489899474232,79.93105919759643,66.77831826963947,81.10905078120939,64.96261491074294,57.25593242456351,44.850349563924894,54.44252738397893
2026-09-27,EP152026,37,2026-10-05 18:00:00,8 days 18:00:00,210,24.6,168.31,956.4,104.6,37.857539934808045,178.41307549828866,114.41884348210256,113.85858076158527,191.2859418708303,93.70625163718448,78.7082363537312,68.3506484622684,90.94162438867122,64.82124849570727,55.10094152124954,43.800806777463336,54.64787249160802
2026-09-27,EP152026,37,2026-10-06 00:00:00,9 days 00:00:00,216,25.45,166.64,956.4,100.7,15.483306890104128,185.0580882956002,135.7044436112119,111.11589065675908,136.69420963716203,92.098614853809,87.31414421941909,66.34478774028517,72.75683216006757,53.93013183545168,50.45324833843834,37.26998328502876,43.205163958100506
2026-09-27,EP152026,37,2026-10-06 06:00:00,9 days 06:00:00,222,26.73,165.37,955.0,99.1,8.71137777029054,154.00571940394252,161.1282675240018,115.27977518961416,111.8114726540946,84.49059338170832,80.02145939163574,66.08897171342181,66.38186019649788,51.29451299027892,46.11945560499265,34.85409680429461,40.34597176671144
2026-09-27,EP152026,37,2026-10-06 12:00:00,9 days 12:00:00,228,27.99,164.02,957.5,92.9,21.300046068503704,195.35994302874215,160.45887995924147,140.69710223862856,185.1582985608859,102.33354329749363,91.6175336924926,69.76925164380552,86.76377024689569,52.7322529680304,46.365511795999566,33.85566421141107,43.161859319875504
2026-09-27,EP152026,37,2026-10-06 18:00:00,9 days 18:00:00,234,29.29,163.08,958.0,91.8,18.313612817644348,167.9202525486367,146.24945421394662,138.2862641664446,167.31491076144744,119.92350473490475,107.43620724977116,82.78881447648789,102.9553995686148,66.75235702905381,61.3515494581933,44.860890711637495,56.21708737460052
2026-09-27,EP152026,37,2026-10-07 00:00:00,10 days 00:00:00,240,30.19,162.67,964.7,87.2,14.628963341720002,178.65255889451475,161.74722791939135,118.57960001020844,147.1826103600288,106.13574567805476,104.05829794710168,76.54282202153735,90.38343839522088,57.13252320249463,51.027259446833774,38.04204493167581,48.46122062012698
2026-09-27,EP152026,37,2026-10-07 06:00:00,10 days 06:00:00,246,31.58,162.83,960.1,95.9,26.936681887950257,135.92945692805645,167.37559920255626,137.18167615129963,98.14146488009452,84.53782723817733,95.84876592092532,80.33466887737967,66.96280963615561,49.772878164435056,51.27476643922692,42.545057853483954,39.68210450696711
2026-09-27,EP152026,37,2026-10-07 12:00:00,10 days 12:00:00,252,32.2,163.64,977.6,76.2,24.1450409478295,137.86133174591168,148.51617511932486,165.27813562016115,148.1069836155398,104.1569410548853,112.33461401711756,89.66017275968706,82.49386546421589,47.92592730095809,47.54391071955842,37.60092102297988,39.78998632132625
2026-09-27,EP152026,37,2026-10-07 18:00:00,10 days 18:00:00,258,33.07,165.03,976.2,69.4,47.29618377249665,125.7473788345253,141.82317888691432,135.0564272643437,94.6339990845604,75.43196082564816,94.16379971040784,75.40354708565565,55.2584284157665,50.38834799383335,50.31563101482914,44.77239108720585,42.614371771068136
2026-09-27,EP152026,37,2026-10-08 00:00:00,11 days 00:00:00,264,33.35,167.11,983.4,67.7,26.560656271501784,227.3357723464196,263.98931374328095,215.8039200420808,193.26732893385088,142.53569828130367,153.06312304032235,119.042659404784,102.89460355546726,51.79403182814667,54.58969030872368,42.34420514238377,40.62719414434969
2026-09-27,EP152026,37,2026-10-08 06:00:00,11 days 06:00:00,270,33.54,169.46,982.3,62.3,41.148300655328114,125.36293238698396,194.2843478830457,201.128961161613,130.8815395350355,81.30283757510131,116.22063898032184,118.90425953312972,68.55133423606782,0.0,0.0,0.0,0.0
2026-09-27,EP152026,37,2026-10-08 12:00:00,11 days 12:00:00,276,33.46,172.1,988.4,56.5,25.141507270808745,135.8965073988865,244.79729375263676,211.84235611138024,118.84715496107412,97.93576520535692,116.75909781649509,93.96324569999231,69.2537180282423,0.0,0.0,0.0,0.0
2026-09-27,EP152026,37,2026-10-08 18:00:00,11 days 18:00:00,282,33.1,174.0,984.1,52.1,20.66492753622808,131.85948537428538,224.4629779989508,233.45777160692984,155.04771971994626,110.06792820043589,139.19411232946308,120.31249723262935,87.23745952926207,0.0,0.0,0.0,0.0
2026-09-27,EP152026,37,2026-10-09 00:00:00,12 days 00:00:00,288,32.63,176.82,987.1,61.1,56.39682587869167,101.66217608672514,192.70148359838143,167.18311653887747,72.78756625826,65.37281168716508,95.1827953145337,73.8487183651708,36.65470070139965,0.0,0.0,0.0,0.0
2026-09-27,EP152026,37,2026-10-09 06:00:00,12 days 06:00:00,294,32.45,179.57,991.1,57.8,32.63195908618491,133.64063961421684,200.5155820668269,150.85528399212168,97.08104233811574,54.37790923124187,86.3810760803486,69.54780011697852,36.96855666314,0.0,0.0,0.0,0.0
2026-09-27,EP152026,37,2026-10-09 12:00:00,12 days 12:00:00,300,32.4,-177.35,989.1,50.0,55.55261431027149,141.73859348708325,158.21243725217028,156.008420154949,107.25283991726609,0.0,0.0,0.0,0.0,0.0,0.0,0.0,0.0
2026-09-27,EP152026,37,2026-10-09 18:00:00,12 days 18:00:00,306,32.22,-174.32,994.6,47.2,15.609753176576874,172.6928777001562,165.47218212169008,188.21989709611532,160.54387627896142,0.0,0.0,0.0,0.0,0.0,0.0,0.0,0.0
2026-09-27,EP152026,37,2026-10-10 00:00:00,13 days 00:00:00,312,32.2,-171.34,993.4,50.7,110.8796899429023,32.7151319221517,110.8796899429023,25.489699312437445,14.441376277192454,2.6679172737752523,110.8796899429023,3.598941602696179,0.0,0.0,0.0,0.0,0.0
2026-09-27,EP152026,37,2026-10-10 06:00:00,13 days 06:00:00,318,32.53,-168.18,1000.9,38.8,98.27698711419951,49.8733579401071,98.27698711419951,41.80832793415862,22.438303927647542,0.0,0.0,0.0,0.0,0.0,0.0,0.0,0.0
2026-09-27,EP162026,37,2026-09-27 00:00:00,0 days 00:00:00,0,20.8,-123.6,975.0,76.0,28.0,167.0,167.0,148.0,185.0,93.0,74.0,74.0,93.0,65.0,46.0,37.0,56.0
2026-09-27,EP162026,37,2026-09-27 06:00:00,0 days 06:00:00,6,21.59,-123.36,989.7,63.7,25.627980347759163,116.33766532491543,94.32038247130988,100.02014973769384,128.20640135563184,78.33895009201956,61.78543939151611,47.81713313961845,69.3432930948007,0.0,0.0,0.0,0.0
2026-09-27,EP162026,37,2026-09-27 12:00:00,0 days 12:00:00,12,22.12,-123.32,999.8,43.4,40.14508646632568,219.87988541513127,194.4913115284577,127.14017867345154,167.0785911649446,0.0,0.0,0.0,0.0,0.0,0.0,0.0,0.0
2026-09-27,EP162026,37,2026-09-27 18:00:00,0 days 18:00:00,18,22.46,-123.34,999.5,43.1,124.61479344866946,124.61479344866946,39.14527768817369,21.089258508313552,31.545434919414543,0.0,0.0,0.0,0.0,0.0,0.0,0.0,0.0
2026-09-27,EP162026,37,2026-09-28 00:00:00,1 days 00:00:00,24,22.56,-123.55,1001.6,34.2,74.6016680485421,74.6016680485421,49.66554216722527,47.88470924538589,58.31544307516758,0.0,0.0,0.0,0.0,0.0,0.0,0.0,0.0
2026-09-27,EP162026,37,2026-09-28 06:00:00,1 days 06:00:00,30,22.65,-123.46,1001.2,32.7,37.149829754730206,0.0,0.0,0.0,0.0,0.0,0.0,0.0,0.0,0.0,0.0,0.0,0.0
2026-09-27,EP162026,37,2026-09-28 12:00:00,1 days 12:00:00,36,22.19,-123.45,1001.5,24.6,93.6924316744541,0.0,0.0,0.0,0.0,0.0,0.0,0.0,0.0,0.0,0.0,0.0,0.0
2026-09-27,EP162026,37,2026-09-28 18:00:00,1 days 18:00:00,42,21.69,-123.45,1006.9,20.6,86.6324374355065,0.0,0.0,0.0,0.0,0.0,0.0,0.0,0.0,0.0,0.0,0.0,0.0
2026-09-27,EP162026,37,2026-09-29 00:00:00,2 days 00:00:00,48,21.62,-123.63,1005.9,23.9,99.51743639211068,0.0,0.0,0.0,0.0,0.0,0.0,0.0,0.0,0.0,0.0,0.0,0.0
2026-09-27,EP162026,37,2026-09-29 06:00:00,2 days 06:00:00,54,20.74,-123.75,1006.8,27.6,78.72728634894034,0.0,0.0,0.0,0.0,0.0,0.0,0.0,0.0,0.0,0.0,0.0,0.0
2026-09-27,EP162026,37,2026-09-29 12:00:00,2 days 12:00:00,60,20.51,-124.52,1007.2,22.2,93.70681688118668,0.0,0.0,0.0,0.0,0.0,0.0,0.0,0.0,0.0,0.0,0.0,0.0
2026-09-27,EP162026,37,2026-09-29 18:00:00,2 days 18:00:00,66,19.91,-125.6,1003.4,25.4,84.80553507415479,0.0,0.0,0.0,0.0,0.0,0.0,0.0,0.0,0.0,0.0,0.0,0.0
2026-09-27,EP172026,37,2026-09-27 00:00:00,0 days 00:00:00,0,19.0,-112.9,946.0,111.0,28.0,259.0,185.0,167.0,185.0,111.0,111.0,93.0,93.0,65.0,65.0,46.0,56.0
2026-09-27,EP172026,37,2026-09-27 06:00:00,0 days 06:00:00,6,20.06,-113.54,939.3,119.8,29.78070994970723,174.8704130500768,186.64000053992885,140.45461653377654,134.08823482172426,95.4438885904612,79.06240724390308,63.65896655439523,82.72065193308586,73.43084628570864,63.77206224287328,52.55468346836535,63.08254015597379
2026-09-27,EP172026,37,2026-09-27 12:00:00,0 days 12:00:00,12,20.74,-113.95,946.0,115.3,11.970234147089808,210.4328268312584,224.83258419607108,160.2867795710795,163.85545479229023,113.97212964719286,113.00604071554352,83.02057231670307,96.39817077252704,71.2479780948248,63.22315223857363,49.57896713320893,57.61508571351708
2026-09-27,EP172026,37,2026-09-27 18:00:00,0 days 18:00:00,18,21.81,-114.13,952.6,106.4,37.747411759903535,152.30609534187704,164.45104613023608,127.9448798285907,108.8358300820991,96.37014853636376,103.23655960773652,73.34466998480407,76.81927024472334,61.07271341813604,55.10127690034649,39.20046985840688,47.15928278706595
2026-09-27,EP172026,37,2026-09-28 00:00:00,1 days 00:00:00,24,22.72,-114.26,953.4,115.2,38.404004520648726,158.7278823110046,207.18563325822825,109.66064255397028,107.59794893734386,99.455085062831,107.4479184139414,80.12414588416766,81.00043853368278,73.20183672682565,71.57289598536869,51.57506821484426,57.67020694687035
2026-09-27,EP172026,37,2026-09-28 06:00:00,1 days 06:00:00,30,23.8,-113.97,952.8,102.8,44.19209883852649,129.04300339208112,173.77860621693466,157.23416724783,125.23740756193222,98.7775026351032,109.89797442301476,93.4934102710284,83.65235590581344,68.93555363823108,68.63241907596267,53.00029781874119,55.78051298381277
2026-09-27,EP172026,37,2026-09-28 12:00:00,1 days 12:00:00,36,24.5,-113.85,960.6,95.8,48.21540415536448,147.97104407920023,148.6095923083716,142.5261108779289,97.96196303935965,87.74178019005313,103.05467062008844,83.33354520955862,70.51584580496095,69.01813640159398,67.08070624779975,54.3596655917252,55.4510900358305
2026-09-27,EP172026,37,2026-09-28 18:00:00,1 days 18:00:00,42,24.92,-113.41,969.5,81.6,38.389341127311525,112.58162698869263,93.50057856929796,125.80419613171352,108.3722692687774,76.761025425702,93.50057856929796,73.21113125488878,64.66574502472356,42.42543349161214,43.02422143630506,37.617842094972,35.09371794476787
2026-09-27,EP172026,37,2026-09-29 00:00:00,2 days 00:00:00,48,25.56,-112.76,980.3,68.5,29.47190715813266,152.75857387949458,134.30126822897728,139.21801139434515,156.9232459896383,84.81939803566911,81.07064117297581,65.89615773728366,66.72717273658203,16.074196221386394,29.47190715813266,12.366765351275978,13.957619975322372
2026-09-27,EP172026,37,2026-09-29 06:00:00,2 days 06:00:00,54,26.3,-112.23,986.5,51.8,72.72640465423183,108.0603258273147,89.51160088549281,43.04440925551534,57.39325781176066,72.72640465423183,2.1444845944871758,0.474977559729878,4.489657782228013,0.0,0.0,0.0,0.0
2026-09-27,EP172026,37,2026-09-29 12:00:00,2 days 12:00:00,60,27.83,-111.27,994.4,39.7,109.07346399585632,109.07346399585632,80.52855584143984,33.50700596704188,50.51481576687288,0.0,0.0,0.0,0.0,0.0,0.0,0.0,0.0
2026-09-27,EP902026,37,2026-09-27 00:00:00,0 days 00:00:00,0,12.0,-98.6,1008.0,25.0,111.0,0.0,0.0,0.0,0.0,0.0,0.0,0.0,0.0,0.0,0.0,0.0,0.0
2026-09-27,EP902026,37,2026-09-27 06:00:00,0 days 06:00:00,6,11.7,-98.33,1005.4,25.6,68.46820855415615,0.0,0.0,0.0,0.0,0.0,0.0,0.0,0.0,0.0,0.0,0.0,0.0
2026-09-27,EP902026,37,2026-09-27 12:00:00,0 days 12:00:00,12,12.43,-98.65,1002.3,35.4,56.84150475843967,56.84150475843967,35.31866392647464,22.05869613595962,35.436314973919366,0.0,0.0,0.0,0.0,0.0,0.0,0.0,0.0
2026-09-27,EP902026,37,2026-09-27 18:00:00,0 days 18:00:00,18,12.48,-99.15,1003.4,37.9,118.90691328091634,5.900191941030244,118.90691328091634,1.6649294568869664,2.7772750690610337,0.0,0.0,0.0,0.0,0.0,0.0,0.0,0.0
2026-09-27,EP902026,37,2026-09-28 00:00:00,1 days 00:00:00,24,12.39,-99.77,1005.1,35.2,98.13286693980216,98.13286693980216,32.747987717585715,15.580161812981911,36.69145486096557,0.0,0.0,0.0,0.0,0.0,0.0,0.0,0.0
2026-09-27,EP902026,37,2026-09-28 06:00:00,1 days 06:00:00,30,12.69,-100.37,1002.4,43.1,65.07656085120772,216.5732482735537,194.4064683917941,166.8213678972379,186.98006040336463,0.0,0.0,0.0,0.0,0.0,0.0,0.0,0.0
2026-09-27,EP902026,37,2026-09-28 12:00:00,1 days 12:00:00,36,13.14,-101.28,999.8,52.9,67.59702833776649,302.4155702107823,208.6255039765506,193.5957755220449,285.4905574831021,84.37436772596021,65.57373930371578,56.27583059443444,76.26545984808246,0.0,0.0,0.0,0.0
2026-09-27,EP902026,37,2026-09-28 18:00:00,1 days 18:00:00,42,13.44,-102.31,1000.4,46.2,123.68063566722252,336.2695478683838,282.84967803696054,258.80957648502084,315.55007520774967,0.0,0.0,0.0,0.0,0.0,0.0,0.0,0.0
2026-09-27,EP902026,37,2026-09-29 00:00:00,2 days 00:00:00,48,13.73,-103.47,991.8,67.7,50.760376574365,148.89998162087034,157.34264606132652,141.4844468744491,152.56366778084546,83.64197484650111,74.8715613622,58.02520434530101,65.11555251028406,50.760376574365,7.1220586743655945,4.705963772404807,6.623798807296858
2026-09-27,EP902026,37,2026-09-29 06:00:00,2 days 06:00:00,54,14.8,-104.49,993.6,54.4,83.26146878904706,218.73002117887276,190.4768113947183,142.5822807856821,174.60546831662282,83.26146878904706,22.85035704130768,14.430707362041076,17.49668935969121,0.0,0.0,0.0,0.0
2026-09-27,EP902026,37,2026-09-29 12:00:00,2 days 12:00:00,60,15.21,-105.44,984.9,60.4,97.8119752387763,132.79739401265192,122.9419305935054,63.708649459204906,98.59904469103498,97.8119752387763,28.758145339517306,15.217721309611,20.233865619480312,0.0,0.0,0.0,0.0
2026-09-27,EP902026,37,2026-09-29 18:00:00,2 days 18:00:00,66,15.86,-106.71,989.2,61.1,39.27436713572685,208.67989138592228,196.80860051281232,163.86070282616578,181.2590117650179,111.49594564930185,95.63167997081769,63.2751361999748,84.1533823077074,0.0,0.0,0.0,0.0
2026-09-27,EP902026,37,2026-09-30 00:00:00,3 days 00:00:00,72,16.2,-107.44,987.0,60.2,42.30934240829567,149.23426221654617,189.91477871949436,158.47110764214315,136.48821236881054,88.62766340764415,85.13528196552735,54.2903753501781,64.9197640345196,0.0,0.0,0.0,0.0
2026-09-27,EP902026,37,2026-09-30 06:00:00,3 days 06:00:00,78,16.95,-108.13,983.6,66.5,24.959806640495454,127.51210402475068,178.15343447801024,101.42322730173964,72.35799579373156,71.87112342119099,68.15508895278936,41.96624311233052,44.75160900109154,24.959806640495454,2.7724744812419075,0.0,2.4342029869630863
2026-09-27,EP902026,37,2026-09-30 12:00:00,3 days 12:00:00,84,17.62,-108.73,982.5,72.1,29.018299986377546,204.64599025893492,228.24307461109856,150.8633692170538,171.4448341098564,107.31840462589888,90.16477879355762,57.975680571859925,75.90904402032083,40.267538121530606,33.149439017686404,23.974618748733064,30.68660602742085
2026-09-27,EP902026,37,2026-09-30 18:00:00,3 days 18:00:00,90,18.15,-109.54,975.8,76.4,33.391544471708464,161.63957112256455,164.00729537492165,128.0086382522784,126.7797428989124,79.1196098433894,72.94839144191167,54.271723648925466,60.12924979301432,53.821304491818005,46.25826542408524,34.6902000084886,42.43547864150095
2026-09-27,EP902026,37,2026-10-01 00:00:00,4 days 00:00:00,96,18.63,-110.07,975.1,72.3,35.58207528974354,182.7509679428876,178.72931590677155,151.3434245840124,142.34499765769868,91.7230804025606,88.59782918293774,65.04656851634051,73.70504382012322,46.88038948606591,42.77086481983239,33.32020338731597,36.44081542214742
2026-09-27,EP902026,37,2026-10-01 06:00:00,4 days 06:00:00,102,18.88,-110.5,979.7,71.3,26.07131955623068,191.93658088354087,180.9721610663606,164.5287195152378,149.01667160327946,76.86354022790255,75.52121788632066,54.97175454429662,65.4225082739063,31.678107171771472,26.070812754912723,18.433608551494498,24.924034877843493
2026-09-27,EP902026,37,2026-10-01 12:00:00,4 days 12:00:00,108,18.81,-110.55,990.6,57.9,61.97032934481484,181.01939749643344,200.7844245659928,213.5953882663804,171.519079157887,141.34270101224894,133.7766018410702,119.62697226458906,126.23482900777827,0.0,0.0,0.0,0.0
2026-09-27,EP902026,37,2026-10-01 18:00:00,4 days 18:00:00,114,18.88,-110.78,985.7,56.7,42.04200627990372,143.07256524289005,171.20776697902147,164.46793289073685,136.25933603055864,89.79536606442343,90.05491527110553,75.74285609999788,75.32490585176402,0.0,0.0,0.0,0.0
2026-09-27,EP902026,37,2026-10-02 00:00:00,5 days 00:00:00,120,19.2,-110.73,981.1,59.7,34.44568633428948,147.7136212598807,174.13676814603306,136.80237774252012,110.75272334432192,83.4325411271193,79.67581427490501,58.12555069531525,62.14642936276107,0.0,0.0,0.0,0.0
2026-09-27,EP902026,37,2026-10-02 06:00:00,5 days 06:00:00,126,19.49,-110.94,982.3,65.0,59.3937221919922,179.3875752338199,209.2278201128071,168.6567074653271,163.0359173452735,83.36599206240953,79.27026570066866,57.27404535188262,64.05463456928956,59.3937221919922,0.0,0.0,0.0
2026-09-27,EP902026,37,2026-10-02 12:00:00,5 days 12:00:00,132,19.51,-111.21,984.1,64.1,28.420183591096723,106.39045693034754,132.61661076536365,148.20901214547956,134.28417464652466,89.81792043605171,74.51993638931378,65.2177334908494,73.3350032613666,7.434618810206962,5.294994568135003,4.601342009902767,28.420183591096723
2026-09-27,EP902026,37,2026-10-02 18:00:00,5 days 18:00:00,138,19.62,-111.22,981.5,65.2,44.48398026303399,103.87175640983324,154.81283319484805,149.7092750801807,105.29402999198332,79.801192716814,83.18495776084337,68.95876950022988,67.17075201632278,44.48398026303399,20.946496469225963,17.211329907618826,16.548960672546492
2026-09-27,EP902026,37,2026-10-03 00:00:00,6 days 00:00:00,144,19.81,-111.27,989.2,55.0,39.680176070695325,110.3061128227937,138.47382518837048,142.44164313293436,111.02208072356598,49.05593384777592,53.58843827612827,44.45839167057636,43.74501738884749,0.0,0.0,0.0,0.0
2026-09-27,EP902026,37,2026-10-03 06:00:00,6 days 06:00:00,150,19.75,-111.41,989.3,61.6,37.19964157967984,137.9744508635457,164.0410015890592,172.40032518713943,143.7099638385453,94.19351636322055,95.08115187787692,82.5490235934846,83.46069244511929,0.0,0.0,0.0,0.0
2026-09-27,EP902026,37,2026-10-03 12:00:00,6 days 12:00:00,156,19.76,-111.6,982.5,67.6,38.28856053250972,126.95379665268209,135.72343399822037,108.37511605066727,103.92466125929036,66.75698412513533,63.196687478171455,53.60291808971053,54.33102566757596,38.28856053250972,22.64376229329815,19.297030461945983,21.16820899004963
2026-09-27,EP902026,37,2026-10-03 18:00:00,6 days 18:00:00,162,19.74,-111.75,979.6,65.8,47.44811100192498,111.44933844080504,117.56597155474144,91.46664116866702,78.36962338947725,59.768120253332086,60.71927274235434,43.98494450661805,50.57429085879755,47.44811100192498,22.864009510794403,17.132889575102347,20.68948871580195
2026-09-27,EP902026,37,2026-10-04 00:00:00,7 days 00:00:00,168,19.77,-111.74,966.8,79.9,18.36163390658452,68.41374228330594,148.71236772175277,123.78304754253725,45.26630184850281,45.84114344980546,48.422378269616814,53.7197017596039,38.28000714298733,45.84114344980546,43.787001914043564,37.87549456924861,38.28000714298733
2026-09-27,EP902026,37,2026-10-04 06:00:00,7 days 06:00:00,174,19.63,-112.29,973.0,82.6,22.042768577367347,55.89534339190271,110.2723725275548,102.43986982975196,70.5185839987615,32.51884466762524,27.4266800025363,36.83659185203515,36.95029015594756,25.496850655221472,19.76950229572316,18.39386260698091,22.400330379008704
2026-09-27,EP902026,37,2026-10-04 12:00:00,7 days 12:00:00,180,19.6,-112.51,971.1,82.3,35.3196209806267,92.82830633801036,148.48895857016493,134.51743874175546,65.02612878189811,53.454061785164086,64.23497116717618,55.855000142503,37.40228789680511,41.89318704835739,36.144966403301794,32.86150116478042,34.56570906125985
2026-09-27,EP902026,37,2026-10-04 18:00:00,7 days 18:00:00,186,19.73,-112.97,965.5,88.3,27.667723771877377,96.13990381313204,129.14632347933122,119.914264205171,117.92359965661537,58.992999873934906,50.75535650668488,53.39571157153466,67.08550616287351,41.38577026678189,32.88773972114923,28.293152769903138,37.7085681671054
2026-09-27,EP902026,37,2026-10-05 00:00:00,8 days 00:00:00,192,19.83,-113.47,976.8,70.2,17.589932038787182,138.28982367403222,162.09591321375763,130.38340946368305,118.94458328740576,55.108220233482825,55.75885928723363,42.54090732345963,41.16277199541046,17.589932038787182,13.09158636569005,9.402753259952814,13.717598609122213
2026-09-27,EP902026,37,2026-10-05 06:00:00,8 days 06:00:00,198,20.21,-114.13,968.0,85.4,32.28689983530087,106.43663565300604,122.22783443214225,147.89307356409498,111.0623099006879,59.61128305330537,52.267379967194046,46.45579101644604,56.20985846243772,32.28689983530087,23.18803825612538,17.951423041996122,25.84933986861328
2026-09-27,EP902026,37,2026-10-05 12:00:00,8 days 12:00:00,204,20.34,-114.7,966.5,92.8,19.902415973738023,105.7617463755092,111.73560261676973,123.14326794354042,129.35651006458485,73.57212815651428,57.10405591507996,55.02242559097671,72.1804842590258,41.53114295725875,32.08521226973752,26.0366472783314,36.33308268432185
2026-09-27,EP902026,37,2026-10-05 18:00:00,8 days 18:00:00,210,20.47,-115.29,966.2,89.1,11.124755476773686,144.08765137792943,107.96964218047624,115.8497618960019,138.84953474741857,62.80224821328643,51.09134775087131,47.31827684057527,57.292723912626855,51.93803040827184,43.88204873554933,35.33915597623262,42.78591907187823
2026-09-27,EP902026,37,2026-10-06 00:00:00,9 days 00:00:00,216,20.81,-115.81,971.5,74.1,21.80271124602169,162.10887611703907,105.91617729950812,76.74170811939454,148.13985201979503,72.68917426705053,54.3671967790705,39.20795104479637,58.128383022962765,36.20744026556935,28.482773472299336,21.65233043793285,29.285480882794104
2026-09-27,EP902026,37,2026-10-06 06:00:00,9 days 06:00:00,222,21.35,-116.25,970.4,80.0,28.58648761797349,150.1699492930643,115.14543559469598,131.37307883523852,144.20541328336208,70.27961258899495,59.66305011098825,51.99234501078973,65.6381045488381,51.53482573125774,41.915194763023294,33.02615962345641,42.7045567936857
2026-09-27,EP902026,37,2026-10-06 12:00:00,9 days 12:00:00,228,21.54,-116.79,977.1,66.8,31.936262661491547,142.1091573631668,124.3345936834171,131.86683569539656,146.30353783060684,61.83825081347454,66.77866127491684,56.37655052535332,55.33133928732119,38.835982123350185,32.052400125256696,26.37798107525788,33.180040105773685
2026-09-27,EP902026,37,2026-10-06 18:00:00,9 days 18:00:00,234,22.01,-117.19,976.1,72.1,25.58562705515412,164.09838374464934,97.84834106588858,49.49427023278591,131.53997157307708,78.27459031259127,57.586834500927445,27.941881418139275,59.90658617809534,41.55426318299954,32.08420539551024,20.492684729085152,30.92386211609611
2026-09-27,EP902026,37,2026-10-07 00:00:00,10 days 00:00:00,240,22.44,-117.52,977.9,67.8,15.413914578233246,123.8259521006116,89.67551575342594,101.99822094490688,101.86124251448604,63.68578729043144,61.45048070485265,44.32744409148303,58.63619963041021,27.10104514290964,21.98871271650681,15.900669956262067,23.820331068333388
2026-09-27,EP902026,37,2026-10-07 06:00:00,10 days 06:00:00,246,23.12,-117.83,980.7,61.0,44.67599060084859,149.65132738665443,145.37809857366278,128.31484386860063,113.88532610745337,77.5448736935673,67.15232164351585,47.28686562779774,57.6097378994582,0.0,0.0,0.0,0.0
2026-09-27,EP902026,37,2026-10-07 12:00:00,10 days 12:00:00,252,23.31,-118.34,988.2,53.7,28.38877295551065,157.28111450755648,114.9294902686879,92.66635536948738,140.04864662274414,44.27933163404508,38.627080575199486,24.54208556406124,31.93274538578393,0.0,0.0,0.0,0.0
2026-09-27,EP902026,37,2026-10-07 18:00:00,10 days 18:00:00,258,24.0,-118.53,993.1,46.0,42.48963524212492,151.3246110786966,124.1063378610234,64.48951884040807,117.00550256391368,0.0,0.0,0.0,0.0,0.0,0.0,0.0,0.0
2026-09-27,EP902026,37,2026-10-08 00:00:00,11 days 00:00:00,264,24.57,-119.03,998.9,46.6,50.98741123572599,164.41432832460384,113.4875515661159,76.07126201279448,117.33379620964192,0.0,0.0,0.0,0.0,0.0,0.0,0.0,0.0
2026-09-27,EP902026,37,2026-10-08 06:00:00,11 days 06:00:00,270,24.71,-119.11,999.8,40.6,61.00313609801033,88.02192948025808,50.514071754733465,18.43477760385077,47.81248423123107,0.0,0.0,0.0,0.0,0.0,0.0,0.0,0.0
2026-09-27,EP902026,37,2026-10-08 12:00:00,11 days 12:00:00,276,25.28,-119.01,996.4,44.0,20.769657623876697,183.07671492918652,140.94314688905553,93.4214842869774,137.37720202413,0.0,0.0,0.0,0.0,0.0,0.0,0.0,0.0
2026-09-27,EP902026,37,2026-10-08 18:00:00,11 days 18:00:00,282,25.51,-119.34,1003.2,29.9,82.8959840123672,0.0,0.0,0.0,0.0,0.0,0.0,0.0,0.0,0.0,0.0,0.0,0.0
2026-09-27,EP902026,37,2026-10-09 00:00:00,12 days 00:00:00,288,25.45,-119.42,1003.5,25.2,65.66495488382434,0.0,0.0,0.0,0.0,0.0,0.0,0.0,0.0,0.0,0.0,0.0,0.0
2026-09-27,EP902026,37,2026-10-09 06:00:00,12 days 06:00:00,294,25.23,-119.32,1006.0,19.5,89.57415511371912,0.0,0.0,0.0,0.0,0.0,0.0,0.0,0.0,0.0,0.0,0.0,0.0
2026-09-27,EP902026,37,2026-10-09 12:00:00,12 days 12:00:00,300,24.85,-119.48,1006.6,16.6,97.57510976252856,0.0,0.0,0.0,0.0,0.0,0.0,0.0,0.0,0.0,0.0,0.0,0.0
2026-09-27,EP902026,37,2026-10-09 18:00:00,12 days 18:00:00,306,24.35,-119.68,1005.7,19.8,39.97447883443274,0.0,0.0,0.0,0.0,0.0,0.0,0.0,0.0,0.0,0.0,0.0,0.0
2026-09-27,EP902026,37,2026-10-10 00:00:00,13 days 00:00:00,312,23.84,-119.84,1007.3,20.0,70.9001446747144,0.0,0.0,0.0,0.0,0.0,0.0,0.0,0.0,0.0,0.0,0.0,0.0
2026-09-27,EP902026,37,2026-10-10 06:00:00,13 days 06:00:00,318,22.81,-119.99,1006.1,22.0,75.61022000942914,0.0,0.0,0.0,0.0,0.0,0.0,0.0,0.0,0.0,0.0,0.0,0.0
2026-09-27,EP902026,37,2026-10-10 12:00:00,13 days 12:00:00,324,21.99,-119.97,1007.0,23.3,51.85886553614971,0.0,0.0,0.0,0.0,0.0,0.0,0.0,0.0,0.0,0.0,0.0,0.0
2026-09-27,WP252026,37,2026-09-27 00:00:00,0 days 00:00:00,0,24.6,127.6,964.0,89.0,22.0,102.0,121.0,102.0,93.0,,,,,,,,
2026-09-27,WP252026,37,2026-09-27 06:00:00,0 days 06:00:00,6,25.34,128.17,951.3,99.2,24.43044564099563,173.08634292657143,185.56896541998185,120.65484503010228,105.59854689909426,98.1517919441408,100.0106058077063,69.49860384385399,69.39470549800009,54.88281038852112,53.58420863109248,40.45925407660218,44.31619048900109
2026-09-27,WP252026,37,2026-09-27 12:00:00,0 days 12:00:00,12,25.74,128.77,953.1,105.5,21.61658782826209,94.4708507526896,131.3645077465138,124.44907692253368,70.26399399404225,45.13457555398409,66.60127402048252,49.477720388746654,35.0451205229526,38.00081792408312,36.64319126227642,33.9341383532123,30.244963854008216
2026-09-27,WP252026,37,2026-09-27 18:00:00,0 days 18:00:00,18,26.12,129.57,962.4,90.9,54.459533584613695,168.79079981912105,200.61380487391443,169.9785355097447,133.92373591661084,80.59110394617147,96.27120452299488,75.99344609527287,56.51489748607759,47.15314184160991,54.459533584613695,44.873060309110656,38.82700899451798
2026-09-27,WP252026,37,2026-09-28 00:00:00,1 days 00:00:00,24,26.52,130.39,966.9,92.7,35.053332324676134,153.78970029388518,164.424914608187,143.4692730935246,125.64953709454258,89.83972542481115,102.97316245973062,82.06278015657253,66.57775534118407,78.52544481512584,77.97532520923534,65.4048600115391,63.43814782417503
2026-09-27,WP252026,37,2026-09-28 06:00:00,1 days 06:00:00,30,27.01,131.41,975.6,80.8,27.77479693764095,170.7600481673682,174.10400366670785,165.78559770997296,127.62873080782352,80.20843364429209,94.50042796027768,73.99871221142658,66.58290885388332,46.58270741736129,48.95363129871212,43.07099711903,36.791305642161696
2026-09-27,WP252026,37,2026-09-28 12:00:00,1 days 12:00:00,36,27.18,132.34,982.0,66.3,36.62947957930887,163.11133862341262,156.89616843126203,125.46226835748948,129.38980510225383,74.53401463151287,72.46021239195437,55.20784755883838,54.75460500564549,36.62947957930887,15.198958910668482,11.30978890712008,9.208630430719952
2026-09-27,WP252026,37,2026-09-28 18:00:00,1 days 18:00:00,42,27.84,132.82,990.5,58.5,35.38490035195365,138.76671115602113,133.02544122921046,109.31349221364236,120.61251258044432,66.00777509555913,62.16964925975546,52.733060857680414,57.79246983752705,0.0,0.0,0.0,0.0
2026-09-27,WP252026,37,2026-09-29 00:00:00,2 days 00:00:00,48,28.44,133.73,993.9,48.7,44.24688058086082,196.7279098316439,159.83015018336326,102.53889348941628,162.43072125530148,0.0,0.0,0.0,0.0,0.0,0.0,0.0,0.0
2026-09-27,WP252026,37,2026-09-29 06:00:00,2 days 06:00:00,54,28.74,134.7,991.3,53.3,82.01753323672934,226.58029852180945,255.05271284225827,164.12072688019478,176.65014874862197,5.291457792172394,82.01753323672934,0.0,0.0,0.0,0.0,0.0,0.0
2026-09-27,WP252026,37,2026-09-29 12:00:00,2 days 12:00:00,60,28.31,135.8,990.5,46.8,27.97025946277577,97.8625562207744,117.77522661990632,111.41368842247346,92.00337971300758,0.0,0.0,0.0,0.0,0.0,0.0,0.0,0.0
2026-09-27,WP252026,37,2026-09-29 18:00:00,2 days 18:00:00,66,29.18,136.7,995.0,45.7,46.50512760081867,157.88608639409966,156.8639565745284,108.51643781980268,118.32279602947582,0.0,0.0,0.0,0.0,0.0,0.0,0.0,0.0
2026-09-27,WP252026,37,2026-09-30 00:00:00,3 days 00:00:00,72,29.45,137.29,994.4,41.4,112.30728860253645,32.49003358941008,112.30728860253645,31.745061585208077,22.14062180979704,0.0,0.0,0.0,0.0,0.0,0.0,0.0,0.0
2026-09-27,WP252026,37,2026-09-30 06:00:00,3 days 06:00:00,78,29.81,138.25,997.9,29.9,121.4982998345669,0.0,0.0,0.0,0.0,0.0,0.0,0.0,0.0,0.0,0.0,0.0,0.0
2026-09-27,WP252026,37,2026-09-30 12:00:00,3 days 12:00:00,84,30.15,139.02,1002.6,28.1,104.5392261719562,0.0,0.0,0.0,0.0,0.0,0.0,0.0,0.0,0.0,0.0,0.0,0.0
2026-09-27,WP252026,37,2026-09-30 18:00:00,3 days 18:00:00,90,30.91,139.77,999.8,29.2,62.614848682592566,0.0,0.0,0.0,0.0,0.0,0.0,0.0,0.0,0.0,0.0,0.0,0.0
2026-09-27,WP252026,37,2026-10-01 00:00:00,4 days 00:00:00,96,31.91,140.4,999.3,25.8,65.38422003090841,0.0,0.0,0.0,0.0,0.0,0.0,0.0,0.0,0.0,0.0,0.0,0.0
2026-09-27,WP252026,37,2026-10-01 06:00:00,4 days 06:00:00,102,32.91,141.36,998.7,28.9,116.648594435331,0.0,0.0,0.0,0.0,0.0,0.0,0.0,0.0,0.0,0.0,0.0,0.0
2026-09-27,WP252026,37,2026-10-01 12:00:00,4 days 12:00:00,108,34.58,142.87,999.1,35.4,122.76592228840988,60.91144772519947,122.76592228840988,29.44473807007325,18.43911145690199,0.0,0.0,0.0,0.0,0.0,0.0,0.0,0.0
2026-09-27,WP252026,37,2026-10-01 18:00:00,4 days 18:00:00,114,36.37,145.43,997.3,40.9,82.62221852517769,67.73497705374345,96.0900433605436,34.30704619323127,0.1029855125421264,0.0,0.0,0.0,0.0,0.0,0.0,0.0,0.0
2026-09-27,WP252026,37,2026-10-02 00:00:00,5 days 00:00:00,120,38.76,150.45,995.7,39.5,130.30852188015498,136.93157951864362,171.80363184471608,84.61281382568399,71.79266449188002,0.0,0.0,0.0,0.0,0.0,0.0,0.0,0.0
2026-09-27,AL062026,38,2026-09-27 00:00:00,0 days 00:00:00,0,29.8,-43.9,1010.0,29.0,56.0,0.0,0.0,0.0,0.0,0.0,0.0,0.0,0.0,0.0,0.0,0.0,0.0
2026-09-27,AL062026,38,2026-09-27 06:00:00,0 days 06:00:00,6,29.68,-44.02,1010.1,29.3,126.60233673620064,0.0,0.0,0.0,0.0,0.0,0.0,0.0,0.0,0.0,0.0,0.0,0.0
2026-09-27,EP152026,38,2026-09-27 00:00:00,0 days 00:00:00,0,16.7,-156.1,972.0,80.0,37.0,241.0,185.0,185.0,241.0,93.0,74.0,93.0,111.0,56.0,46.0,56.0,56.0
2026-09-27,EP152026,38,2026-09-27 06:00:00,0 days 06:00:00,6,16.37,-156.92,974.6,83.8,29.72763876010684,166.00725971842138,124.02039793565038,143.79726955172373,189.1036629930948,99.5258688733999,79.52178595827311,80.15391332926863,103.50504063450929,70.8933602564386,63.93002830295835,56.74984024289943,62.700658454434624
2026-09-27,EP152026,38,2026-09-27 12:00:00,0 days 12:00:00,12,16.13,-157.34,972.7,88.3,32.17459633844136,207.48358497666345,162.30037735915926,112.32612126161172,207.83825160483596,109.81715130305004,74.89749791170647,52.31651982686563,96.53907948745902,52.58944981710617,40.08428587276495,31.982767588337943,45.53450645175937
2026-09-27,EP152026,38,2026-09-27 18:00:00,0 days 18:00:00,18,16.01,-158.16,956.7,100.9,33.67340880227023,216.88316152821403,136.08501702752716,139.04070585407686,205.9539565455685,108.42919946035018,75.33320830372514,71.63798276221733,109.69278373618874,66.52458976073837,51.94011471050446,44.82107159251619,60.10955714406784
2026-09-27,EP152026,38,2026-09-28 00:00:00,1 days 00:00:00,24,16.12,-159.22,948.4,112.0,18.363104106170702,221.4193114706195,183.77785260540213,149.42597375972645,209.04482171893204,119.17005243106853,92.01656585235727,83.79178729729617,120.15746994925809,74.89071274812014,61.31418124012156,49.48377064890707,66.71158146435405
2026-09-27,EP152026,38,2026-09-28 06:00:00,1 days 06:00:00,30,16.1,-160.2,949.1,118.0,35.580020127094954,145.79647798309108,140.33944999395027,113.41323136807458,147.7731083668796,79.55787390115252,62.04630867862471,65.37969705531358,78.44153840221912,60.04364353087542,49.516167888447086,45.25818457552795,55.33346557694905
2026-09-27,EP152026,38,2026-09-28 12:00:00,1 days 12:00:00,36,17.16,-161.26,965.6,91.8,20.88834591455332,203.76983088515777,128.17756400056996,54.941197370044726,159.62153263551934,74.59116848929773,42.18478425899089,19.921148231480984,58.64939604182308,41.42381518954816,30.30456842344543,18.743773123421786,33.39269249657634
2026-09-27,EP152026,38,2026-09-28 18:00:00,1 days 18:00:00,42,17.83,-162.12,960.6,92.4,22.382788944600563,217.7039414819575,197.475584254073,134.74284955647803,166.90373962048727,112.24985362088027,92.42322455628084,63.58107503269659,91.40401332965097,61.80971100247345,51.30309205639559,38.328454132405405,50.37179145098945
2026-09-27,EP152026,38,2026-09-29 00:00:00,2 days 00:00:00,48,18.86,-162.51,965.5,98.3,30.578969249422,213.58899775747776,181.6015325055597,140.19980202850653,165.77663944864133,126.86556254368377,117.50486995139958,90.40476637551676,110.79734209346051,82.9609311653472,73.88461631619637,58.47708098758757,70.71852836045619
2026-09-27,EP152026,38,2026-09-29 06:00:00,2 days 06:00:00,54,19.87,-163.15,964.9,89.5,39.984938294323456,197.4862959250404,162.5956136756913,117.87866231635098,156.27170695382392,98.25771206570334,79.92023909401769,54.86412131024554,84.4947048542299,57.63461179776755,48.8005165746215,36.801236050439,46.5977107267986
2026-09-27,EP152026,38,2026-09-29 12:00:00,2 days 12:00:00,60,20.62,-163.18,975.7,81.8,54.95222017912496,182.09798878387645,152.78461921160013,113.88671592898478,132.1711245439516,82.92108075285822,79.14364064502742,61.88205609146553,72.92307573437905,78.3312043093809,69.8686675447861,55.73607613448788,64.90114017422444
2026-09-27,EP152026,38,2026-09-29 18:00:00,2 days 18:00:00,66,21.34,-163.28,975.4,74.2,30.31641468355134,188.8699468651108,115.43804161958502,90.9410757570822,152.72409049571542,99.0096272774898,80.409543977641,54.16532080325268,90.28851732746588,66.53626474832183,55.90661330090478,42.51006699910624,54.92800211771111
2026-09-27,EP152026,38,2026-09-30 00:00:00,3 days 00:00:00,72,22.0,-163.02,981.5,72.2,31.611846043320583,147.02869025505993,126.17033773273585,139.19562675947105,159.00026953002987,75.77355375588061,73.50889640174387,58.89022145704487,77.07615342431514,49.907075653448175,43.13579051678743,35.317396693795914,41.31681279120225
2026-09-27,EP152026,38,2026-09-30 06:00:00,3 days 06:00:00,78,22.46,-162.79,985.9,64.0,29.63729653002333,139.4306065302259,176.5233484881684,157.64881467929024,176.54707082988648,71.93384920515999,73.67255584231842,70.56108217702007,79.70368932631018,0.0,0.0,0.0,0.0
2026-09-27,EP152026,38,2026-09-30 12:00:00,3 days 12:00:00,84,23.0,-162.31,989.2,59.1,24.486747640451767,205.46414495293425,182.6396864776292,148.00169007956788,190.3329715317136,63.89437819814333,55.40172607426763,37.69160364223788,47.36795941520768,0.0,0.0,0.0,0.0
2026-09-27,EP152026,38,2026-09-30 18:00:00,3 days 18:00:00,90,23.27,-162.18,992.9,56.2,44.27617771016611,231.47757486404493,194.69680895090173,150.3220437772194,197.4781641051219,90.79473993643926,90.24807399566384,68.9447591989788,70.89331731283694,0.0,0.0,0.0,0.0
2026-09-27,EP152026,38,2026-10-01 00:00:00,4 days 00:00:00,96,23.06,-162.68,983.3,59.2,54.59718551739469,225.86793921598445,196.16510732207948,201.16175979037655,215.54312109579703,115.52940729552849,107.35669002891844,101.82682934081146,111.08805526091732,0.0,0.0,0.0,0.0
2026-09-27,EP152026,38,2026-10-01 06:00:00,4 days 06:00:00,102,22.8,-162.82,990.3,50.4,123.21325193773464,175.89785953732098,145.85209895568187,151.80664917190097,181.02971438892928,123.21325193773464,0.0,0.0,1.274925762191799,0.0,0.0,0.0,0.0
2026-09-27,EP152026,38,2026-10-01 12:00:00,4 days 12:00:00,108,22.55,-163.07,989.3,52.0,106.88321591784076,287.43738927627174,206.30325154410605,180.7109511958079,253.35058968155212,106.88321591784076,19.615143111586445,16.123441997596565,21.22609867327059,0.0,0.0,0.0,0.0
2026-09-27,EP152026,38,2026-10-01 18:00:00,4 days 18:00:00,114,22.4,-163.32,994.4,48.4,53.09771423130019,145.73686692285082,93.19623738858157,80.087876357082,126.887763834303,0.0,0.0,0.0,0.0,0.0,0.0,0.0,0.0
2026-09-27,EP152026,38,2026-10-02 00:00:00,5 days 00:00:00,120,22.77,-163.42,993.0,45.1,9.496850374984383,142.8360054086222,68.5811487753171,54.65334789151792,126.85950669893155,0.0,0.0,0.0,0.0,0.0,0.0,0.0,0.0
2026-09-27,EP152026,38,2026-10-02 06:00:00,5 days 06:00:00,126,22.85,-163.87,991.3,41.6,128.81661730196674,128.95104871717558,90.39211784869168,70.32948643883037,110.8387145681004,0.0,0.0,0.0,0.0,0.0,0.0,0.0,0.0
2026-09-27,EP152026,38,2026-10-02 12:00:00,5 days 12:00:00,132,23.04,-164.39,992.0,46.4,34.76799011967785,136.5121534418662,84.3751658868249,74.26837202508614,122.8739021806582,0.0,0.0,0.0,0.0,0.0,0.0,0.0,0.0
2026-09-27,EP152026,38,2026-10-02 18:00:00,5 days 18:00:00,138,23.08,-165.04,996.4,42.8,82.4459790947584,203.0984028729557,139.2178405158865,112.88969407753544,185.67689997933192,0.0,0.0,0.0,0.0,0.0,0.0,0.0,0.0
2026-09-27,EP152026,38,2026-10-03 00:00:00,6 days 00:00:00,144,22.65,-165.74,998.5,42.7,39.18526552122957,235.59988901563952,205.9660413951184,172.69102402743442,216.0125217224743,0.0,0.0,0.0,0.0,0.0,0.0,0.0,0.0
2026-09-27,EP152026,38,2026-10-03 06:00:00,6 days 06:00:00,150,22.56,-166.41,995.9,45.0,95.40050890914976,256.5380822830828,214.7066431492448,180.08925259919016,231.20104326529508,0.0,0.0,0.0,0.0,0.0,0.0,0.0,0.0
2026-09-27,EP152026,38,2026-10-03 12:00:00,6 days 12:00:00,156,22.64,-167.53,996.4,43.4,73.98198624727326,168.98138701214043,137.33030512296023,95.68335131530654,148.4913186479331,0.0,0.0,0.0,0.0,0.0,0.0,0.0,0.0
2026-09-27,EP152026,38,2026-10-03 18:00:00,6 days 18:00:00,162,22.95,-168.99,998.8,48.8,99.97090445890854,283.2291992663427,172.82797984083982,119.43874465606098,222.4323335077038,0.0,0.0,0.0,0.0,0.0,0.0,0.0,0.0
2026-09-27,EP152026,38,2026-10-04 00:00:00,7 days 00:00:00,168,22.99,-170.77,996.4,47.4,76.6192619954873,357.2983614141162,244.5952865982542,162.0590967896748,293.93169248303303,0.0,0.0,0.0,0.0,0.0,0.0,0.0,0.0
2026-09-27,EP152026,38,2026-10-04 06:00:00,7 days 06:00:00,174,23.49,-172.53,998.6,48.6,34.24281997866018,217.52447759327956,115.88498410757822,66.41881009443314,192.02938717413377,0.0,0.0,0.0,0.0,0.0,0.0,0.0,0.0
2026-09-27,EP152026,38,2026-10-04 12:00:00,7 days 12:00:00,180,24.09,-174.45,993.4,54.9,39.83310816463394,197.15651837094805,87.35821372264999,49.452220482345226,177.13165862666014,41.36678564454539,28.128970813677945,15.20883341964317,31.494042278458885,0.0,0.0,0.0,0.0
2026-09-27,EP152026,38,2026-10-04 18:00:00,7 days 18:00:00,186,24.85,-175.94,993.2,57.9,43.573027437651405,149.5169387095221,68.05734447097811,38.165085579186325,134.10094742246764,43.573027437651405,24.417203642847102,11.592219273053155,30.069973708017024,0.0,0.0,0.0,0.0
2026-09-27,EP152026,38,2026-10-05 00:00:00,8 days 00:00:00,192,25.09,-177.78,992.0,53.8,26.801434323555043,154.43038154682563,119.15356861365171,95.73729586307536,147.61607811254316,84.0964415359681,66.5261203797487,41.43296535018965,65.18096731240178,0.0,0.0,0.0,0.0
2026-09-27,EP152026,38,2026-10-05 06:00:00,8 days 06:00:00,198,25.35,-179.39,995.9,53.6,20.42772503332944,159.959470234234,94.0927119967547,67.37242845586684,155.01277676202915,66.09309240233031,48.38828965133564,32.30730544284319,52.14869682784212,0.0,0.0,0.0,0.0
2026-09-27,EP152026,38,2026-10-05 12:00:00,8 days 12:00:00,204,25.62,178.91,985.4,63.7,16.075440045788927,109.66183618320837,69.9106986912158,80.29068070503274,110.67489541804808,56.39356459973113,42.58902501407678,37.93049773969152,49.50769558515288,0.0,0.0,0.0,0.0
2026-09-27,EP152026,38,2026-10-05 18:00:00,8 days 18:00:00,210,25.48,177.62,984.6,65.8,24.94202269573813,145.91723320236554,113.32150475605243,102.62758123347658,140.032469291383,85.25452631344322,70.64276112351808,50.41607308986308,75.83458368265235,24.94202269573813,15.932606583882972,12.06329971626464,18.3015445151563
2026-09-27,EP152026,38,2026-10-06 00:00:00,9 days 00:00:00,216,25.3,176.34,995.2,50.6,22.496019110168984,136.33721976264937,106.03638907218308,82.24918101694635,152.50581395307117,57.503548841914025,40.69528492399284,27.62052549469212,51.0763972449568,0.0,0.0,0.0,0.0
2026-09-27,EP152026,38,2026-10-06 06:00:00,9 days 06:00:00,222,25.02,174.89,982.7,73.7,14.812142197761204,80.5486718513309,46.68182230606017,50.49026303285831,100.09938791117727,50.10562770064873,41.33921187314039,29.81566398502689,49.6147563476521,22.913254105041545,17.310505333915927,13.758328707221985,18.762906852219267
2026-09-27,EP152026,38,2026-10-06 12:00:00,9 days 12:00:00,228,24.86,173.28,987.1,60.9,6.49211880346061,141.97144266107395,85.43429861775434,49.21857011475273,129.59210949685055,54.23929701472997,30.93085957694481,16.372341671789382,43.58735696513632,0.0,0.0,0.0,0.0
2026-09-27,EP152026,38,2026-10-06 18:00:00,9 days 18:00:00,234,24.34,170.93,1000.4,44.8,48.55737730562605,149.12362359257003,83.20346615569329,31.14112845641818,120.54862757177364,0.0,0.0,0.0,0.0,0.0,0.0,0.0,0.0
2026-09-27,EP152026,38,2026-10-07 00:00:00,10 days 00:00:00,240,24.28,168.79,1000.9,46.4,28.406709798209107,140.42055740278164,91.95494555125477,43.216882472427606,114.63799214270512,0.0,0.0,0.0,0.0,0.0,0.0,0.0,0.0
2026-09-27,EP152026,38,2026-10-07 06:00:00,10 days 06:00:00,246,24.74,166.48,1000.5,45.6,83.4125812853975,107.71416727698282,38.7424671655695,0.0,72.82027198067672,0.0,0.0,0.0,0.0,0.0,0.0,0.0,0.0
2026-09-27,EP152026,38,2026-10-07 12:00:00,10 days 12:00:00,252,25.4,164.1,997.0,50.4,18.08746584802546,156.7779630350749,103.79906877961211,49.64370351369048,131.1650552652051,23.10390526766853,9.708224571871472,0.0,14.863792637011102,0.0,0.0,0.0,0.0
2026-09-27,EP152026,38,2026-10-07 18:00:00,10 days 18:00:00,258,26.35,161.99,999.1,46.4,18.03157076936284,131.4611928904417,80.17293456859963,50.06564296615868,121.08858419273676,0.0,0.0,0.0,0.0,0.0,0.0,0.0,0.0
2026-09-27,EP152026,38,2026-10-08 00:00:00,11 days 00:00:00,264,27.5,160.15,1000.6,39.7,49.167490307915,144.8084199774881,135.70716935325532,103.26375995581164,113.14154042127645,0.0,0.0,0.0,0.0,0.0,0.0,0.0,0.0
2026-09-27,EP152026,38,2026-10-08 06:00:00,11 days 06:00:00,270,29.09,159.41,998.0,43.2,30.72912483224377,34.48153452391851,42.249330012295445,19.60842605126957,25.845492030888096,0.0,0.0,0.0,0.0,0.0,0.0,0.0,0.0
2026-09-27,EP152026,38,2026-10-08 12:00:00,11 days 12:00:00,276,30.49,159.08,1002.1,40.4,30.66243467039644,59.06075251243116,59.995205229160135,29.069781477230556,33.874883140076335,0.0,0.0,0.0,0.0,0.0,0.0,0.0,0.0
2026-09-27,EP152026,38,2026-10-08 18:00:00,11 days 18:00:00,282,31.93,159.56,1004.5,36.4,28.690765332980696,79.9212864492495,86.1382925580708,38.5591932266488,38.02677213887172,0.0,0.0,0.0,0.0,0.0,0.0,0.0,0.0
2026-09-27,EP152026,38,2026-10-09 00:00:00,12 days 00:00:00,288,33.44,161.34,1000.3,26.7,79.17041735668394,0.0,0.0,0.0,0.0,0.0,0.0,0.0,0.0,0.0,0.0,0.0,0.0
2026-09-27,EP152026,38,2026-10-09 06:00:00,12 days 06:00:00,294,34.52,162.99,1002.0,32.0,116.74674897409818,0.0,0.0,0.0,0.0,0.0,0.0,0.0,0.0,0.0,0.0,0.0,0.0
2026-09-27,EP152026,38,2026-10-09 12:00:00,12 days 12:00:00,300,35.05,164.99,1003.4,30.5,76.43973583661018,0.0,0.0,0.0,0.0,0.0,0.0,0.0,0.0,0.0,0.0,0.0,0.0
2026-09-27,EP152026,38,2026-10-09 18:00:00,12 days 18:00:00,306,35.38,167.78,1001.5,33.6,53.91950987103834,0.0,0.0,0.0,0.0,0.0,0.0,0.0,0.0,0.0,0.0,0.0,0.0
2026-09-27,EP152026,38,2026-10-10 00:00:00,13 days 00:00:00,312,35.63,170.27,1008.4,36.5,103.55312306751745,0.0,103.55312306751745,0.0,0.0,0.0,0.0,0.0,0.0,0.0,0.0,0.0,0.0
2026-09-27,EP162026,38,2026-09-27 00:00:00,0 days 00:00:00,0,20.8,-123.6,975.0,76.0,28.0,167.0,167.0,148.0,185.0,93.0,74.0,74.0,93.0,65.0,46.0,37.0,56.0
2026-09-27,EP162026,38,2026-09-27 06:00:00,0 days 06:00:00,6,21.55,-123.52,988.4,63.0,30.99234263445769,145.22293721749364,123.29792478798495,117.49899761089054,139.25277329406788,75.97060886303053,61.15636859854848,46.99585652219069,68.06286818244885,0.0,0.0,0.0,0.0
2026-09-27,EP162026,38,2026-09-27 12:00:00,0 days 12:00:00,12,21.85,-123.35,998.9,48.8,59.89732316056052,157.42069759044898,124.23477079866008,88.0970031606389,108.83547475905108,0.0,0.0,0.0,0.0,0.0,0.0,0.0,0.0
2026-09-27,EP162026,38,2026-09-27 18:00:00,0 days 18:00:00,18,22.61,-123.32,996.4,40.4,66.37619842686009,193.6960434450355,161.46327549903992,111.77485310992064,154.79120596527116,0.0,0.0,0.0,0.0,0.0,0.0,0.0,0.0
2026-09-27,EP162026,38,2026-09-28 00:00:00,1 days 00:00:00,24,22.8,-123.42,1003.2,33.1,82.37814596741237,0.0,0.0,0.0,0.0,0.0,0.0,0.0,0.0,0.0,0.0,0.0,0.0
2026-09-27,EP162026,38,2026-09-28 06:00:00,1 days 06:00:00,30,23.28,-123.25,994.8,38.8,71.35701562685495,77.52053998967077,72.30220184499788,81.02724574611985,65.47912505767952,0.0,0.0,0.0,0.0,0.0,0.0,0.0,0.0
2026-09-27,EP162026,38,2026-09-28 12:00:00,1 days 12:00:00,36,23.08,-123.05,1004.2,26.6,67.28082720070459,0.0,0.0,0.0,0.0,0.0,0.0,0.0,0.0,0.0,0.0,0.0,0.0
2026-09-27,EP162026,38,2026-09-28 18:00:00,1 days 18:00:00,42,22.47,-123.23,1003.2,24.9,63.5268623205831,0.0,0.0,0.0,0.0,0.0,0.0,0.0,0.0,0.0,0.0,0.0,0.0
2026-09-27,EP162026,38,2026-09-29 00:00:00,2 days 00:00:00,48,22.17,-122.87,1007.2,18.4,95.20031305153208,0.0,0.0,0.0,0.0,0.0,0.0,0.0,0.0,0.0,0.0,0.0,0.0
2026-09-27,EP162026,38,2026-09-29 06:00:00,2 days 06:00:00,54,21.12,-123.11,1008.4,16.7,56.02936934497779,0.0,0.0,0.0,0.0,0.0,0.0,0.0,0.0,0.0,0.0,0.0,0.0
2026-09-27,EP172026,38,2026-09-27 00:00:00,0 days 00:00:00,0,19.0,-112.9,946.0,111.0,28.0,259.0,185.0,167.0,185.0,111.0,111.0,93.0,93.0,65.0,65.0,46.0,56.0
2026-09-27,EP172026,38,2026-09-27 06:00:00,0 days 06:00:00,6,19.82,-113.21,941.7,127.0,33.268357339336234,194.48406568917815,231.89169813548705,178.38866871003003,142.6744861991789,100.23880199243568,107.34991283782384,85.18036394965624,85.59841127954307,67.5953728138694,62.58028338936143,51.3090524480023,56.99886011414742
2026-09-27,EP172026,38,2026-09-27 12:00:00,0 days 12:00:00,12,20.77,-113.74,944.8,112.6,33.87285196950589,209.5804213341784,201.39701965911564,134.3877192486184,157.12350002910995,112.9074277520652,108.96757222061116,76.179725666927,93.67210719626476,64.32033747225393,55.65357729659547,42.933669422687146,51.31129186514974
2026-09-27,EP172026,38,2026-09-27 18:00:00,0 days 18:00:00,18,21.46,-114.07,950.2,105.5,34.727241472906485,179.64277760913774,188.09255442855465,144.8256883867357,151.58425200034253,89.44600252021246,74.16291933110574,53.45694172135416,73.20995921331269,55.29481096808672,44.25352127090446,31.085573538148367,44.449196502093855
2026-09-27,EP172026,38,2026-09-28 00:00:00,1 days 00:00:00,24,22.4,-113.84,952.5,111.1,35.56215933495718,144.02753130967244,168.6856027526449,132.7325911685286,131.6039579371356,101.29245825888545,104.36198001590004,80.62306825744506,82.06166102916262,56.06041857879136,53.3747446426341,42.16049756595928,47.613122493330806
2026-09-27,EP172026,38,2026-09-28 06:00:00,1 days 06:00:00,30,23.34,-114.61,954.4,113.6,8.377194886153461,200.01117570070187,205.67286442283728,171.16760302983334,183.5416309923176,97.9001494500344,96.09295286431716,78.62919225826269,91.88400842035946,64.66559611021721,60.447022579342345,54.194314615513534,55.11007125595887
2026-09-27,EP172026,38,2026-09-28 12:00:00,1 days 12:00:00,36,24.27,-114.4,973.0,79.7,27.39658903775711,153.6187329039263,159.90951596710153,94.13001672535955,93.61230584491936,58.10221756140431,56.03949040573622,32.03949311959279,42.98445469491081,37.82335275751957,33.05559126532381,25.389434631314288,28.74134192779528
2026-09-27,EP172026,38,2026-09-28 18:00:00,1 days 18:00:00,42,25.07,-113.67,989.9,56.1,62.57298024511361,159.36691602588726,155.23075246048262,117.78042222646698,96.49830535698212,40.83795314296542,62.57298024511361,28.34169776973707,25.872038125583668,0.0,0.0,0.0,0.0
2026-09-27,EP172026,38,2026-09-29 00:00:00,2 days 00:00:00,48,25.95,-113.04,987.4,50.1,40.09664158173018,113.12371557321784,116.74396263180095,59.3169130310971,73.2518025556019,19.216836005082317,40.09664158173018,10.00261370226758,11.413727281384809,0.0,0.0,0.0,0.0
2026-09-27,EP172026,38,2026-09-29 06:00:00,2 days 06:00:00,54,27.14,-112.13,992.4,47.6,38.28746093478537,103.22959276906226,91.43308425523298,61.49191567998815,72.62414108879847,0.0,0.0,0.0,0.0,0.0,0.0,0.0,0.0
2026-09-27,EP172026,38,2026-09-29 12:00:00,2 days 12:00:00,60,28.15,-111.63,984.2,52.8,91.526239517307,140.61070821454746,161.04975526611992,79.31880497357285,86.12002705725003,91.526239517307,0.0,1.065471792032654,0.0,0.0,0.0,0.0,0.0
2026-09-27,EP172026,38,2026-09-29 18:00:00,2 days 18:00:00,66,30.59,-109.95,1003.1,25.2,92.05500185475236,0.0,0.0,0.0,0.0,0.0,0.0,0.0,0.0,0.0,0.0,0.0,0.0
2026-09-27,EP902026,38,2026-09-27 00:00:00,0 days 00:00:00,0,12.0,-98.6,1008.0,25.0,111.0,0.0,0.0,0.0,0.0,0.0,0.0,0.0,0.0,0.0,0.0,0.0,0.0
2026-09-27,EP902026,38,2026-09-27 06:00:00,0 days 06:00:00,6,12.14,-98.65,1005.0,27.3,115.75382655772994,0.0,0.0,0.0,0.0,0.0,0.0,0.0,0.0,0.0,0.0,0.0,0.0
2026-09-27,EP902026,38,2026-09-27 12:00:00,0 days 12:00:00,12,12.17,-98.65,1003.7,29.9,74.304933468169,0.0,0.0,0.0,0.0,0.0,0.0,0.0,0.0,0.0,0.0,0.0,0.0
2026-09-27,EP902026,38,2026-09-27 18:00:00,0 days 18:00:00,18,12.27,-98.87,1005.1,35.1,87.36305493105527,87.36305493105527,39.617698598200754,15.502995858974987,34.24822548654757,0.0,0.0,0.0,0.0,0.0,0.0,0.0,0.0
2026-09-27,EP902026,38,2026-09-28 00:00:00,1 days 00:00:00,24,12.63,-99.13,1001.1,39.9,63.89349417434629,220.769739118863,205.5577179824333,181.03669293896928,204.3140438239375,0.0,0.0,0.0,0.0,0.0,0.0,0.0,0.0
2026-09-27,EP902026,38,2026-09-28 06:00:00,1 days 06:00:00,30,12.37,-99.79,994.9,44.2,78.29773086435125,278.6941081249679,272.45823470627874,283.2113714361549,283.5237294772378,0.0,0.0,0.0,0.0,0.0,0.0,0.0,0.0
2026-09-27,EP902026,38,2026-09-28 12:00:00,1 days 12:00:00,36,13.1,-100.2,999.3,49.0,95.97104030809032,128.84938732252968,145.64075005818586,120.14197560273963,96.0556858647266,0.0,0.0,0.0,0.0,0.0,0.0,0.0,0.0
2026-09-27,EP902026,38,2026-09-28 18:00:00,1 days 18:00:00,42,13.64,-101.32,996.4,54.6,40.37629620787226,189.40700801053777,155.39053720151037,112.8193012802559,168.09046259555134,94.5239081940565,81.45098888394739,52.28892237457978,66.44639928738093,0.0,0.0,0.0,0.0
2026-09-27,EP902026,38,2026-09-29 00:00:00,2 days 00:00:00,48,13.81,-102.32,994.3,55.2,69.76978998345498,178.67516530574858,160.42140733809174,76.33003343244309,142.29926781651398,69.76978998345498,9.915921343857832,0.0,4.391105580403078,0.0,0.0,0.0,0.0
2026-09-27,EP902026,38,2026-09-29 06:00:00,2 days 06:00:00,54,14.62,-103.34,992.5,56.6,81.53938707588401,255.05631636471932,223.04083053241425,143.81937683454657,203.28700704494963,81.53938707588401,21.32834179136228,10.261102631872152,16.368518186267778,0.0,0.0,0.0,0.0
2026-09-27,EP902026,38,2026-09-29 12:00:00,2 days 12:00:00,60,14.88,-104.29,986.1,68.0,57.16187122521851,225.03313994570183,209.04680003768976,236.0628458717524,232.5687077452316,164.56861205286293,151.5180796476224,134.10941681817104,144.39551252713517,57.16187122521851,2.850818198420136,5.424681389576417,5.0715248827678
2026-09-27,EP902026,38,2026-09-29 18:00:00,2 days 18:00:00,66,15.17,-105.34,984.7,68.2,59.24507959645,171.1746368573322,176.32088302609975,118.52702979981332,143.69403898522685,90.103705346464,76.35106887453,45.20891971623367,63.2834817280428,59.24507959645,9.736164262227147,3.106386235910185,7.970644614713327
2026-09-27,EP902026,38,2026-09-30 00:00:00,3 days 00:00:00,72,15.84,-106.18,978.2,73.6,15.997426575967632,242.3580938923051,263.96225234791564,159.90994737851264,178.55182935494605,110.57445722813446,98.5117454448916,60.06832440072581,79.03660667959338,41.34958788295819,33.748241751583265,22.62577516633607,31.27538568572444
2026-09-27,EP902026,38,2026-09-30 06:00:00,3 days 06:00:00,78,16.72,-106.93,973.1,84.7,34.646490155059496,188.76796533643392,222.52607547345636,132.3295820545993,139.45698504494112,85.22597431732197,80.41341385930173,50.83525076899468,54.83200883230995,35.90791034580906,30.97351096746894,22.575619366657094,27.382360993033984
2026-09-27,EP902026,38,2026-09-30 12:00:00,3 days 12:00:00,84,17.19,-107.47,959.7,98.8,32.21488376428266,223.1868346534127,256.5663177986746,209.4321035540379,188.9363757781939,117.48705281217326,104.51182106376234,74.23115881745525,91.1510577455083,55.00869206485447,46.911694571595945,33.91719047407048,43.57071075339957
2026-09-27,EP902026,38,2026-09-30 18:00:00,3 days 18:00:00,90,17.67,-107.99,956.0,106.0,26.933538443207635,231.5213649570153,214.64675426588823,181.9304909234847,191.45973703464924,99.53546299472806,89.87576291840978,69.2994042563574,85.57999895836187,53.66344890345755,46.20516025716479,35.38668175875968,45.33245902633914
2026-09-27,EP902026,38,2026-10-01 00:00:00,4 days 00:00:00,96,17.85,-108.62,944.9,112.5,24.508512558926213,231.64032507127197,254.8879125525664,230.26806366124487,206.4362662549784,125.1892662983687,115.4620226595805,102.55225197501431,106.2570579036003,62.48573076986804,54.70897206494829,44.54786533672302,54.76981632622301
2026-09-27,EP902026,38,2026-10-01 06:00:00,4 days 06:00:00,102,18.18,-109.07,956.6,107.4,24.753641591017782,166.188365819414,190.0366123373941,159.7171911143664,139.28154036560875,83.19970051447979,78.28591592553607,64.1490931433267,65.23542343816735,52.75605809702381,43.74529781481101,34.15741269919117,42.93208841918897
2026-09-27,EP902026,38,2026-10-01 12:00:00,4 days 12:00:00,108,18.57,-109.49,953.4,107.6,23.789554057301626,138.94787949013346,181.10781640911543,164.1749547734091,132.8300086995595,89.5416615307454,85.67215575039396,71.72888237759169,77.43435288965478,49.29523228660308,43.66417105453,31.89152014603177,39.369996107394
2026-09-27,EP902026,38,2026-10-01 18:00:00,4 days 18:00:00,114,18.59,-109.97,965.2,88.4,52.43824069248693,102.64295509310234,171.6640432003841,167.15414957929391,107.83642941322272,64.27441589179398,70.09582282213917,62.76906556577904,58.47504546089195,52.43824069248693,45.89260324289563,36.73696565630429,42.30497821009034
2026-09-27,EP902026,38,2026-10-02 00:00:00,5 days 00:00:00,120,18.89,-110.24,968.1,79.6,37.16122237164359,131.02842512673897,192.9063559399665,136.00729916084083,89.11345616611425,79.89991869109008,82.13292785458725,56.14415236778223,63.98130684098578,53.9895355206088,45.60773830610151,35.45783096770026,42.64944916439481
2026-09-27,EP902026,38,2026-10-02 06:00:00,5 days 06:00:00,126,19.08,-110.49,980.2,68.9,31.027158850443847,136.87632325248563,165.31282852954052,147.78883075906873,123.00448678862244,80.14018046828728,80.75805007531667,62.22147950199977,67.5436905631977,31.027158850443847,24.85966649428441,19.99173402823073,22.85931617548681
2026-09-27,EP902026,38,2026-10-02 12:00:00,5 days 12:00:00,132,19.26,-110.64,986.3,57.0,28.232219225717454,76.43657790420274,116.83741199091764,125.14877071029365,83.82773248113013,56.30123144714746,58.09193195406191,43.11339546193754,47.06681442373655,0.0,0.0,0.0,0.0
2026-09-27,EP902026,38,2026-10-02 18:00:00,5 days 18:00:00,138,19.28,-111.04,990.6,53.5,53.46954746264433,167.41772270917886,124.14568253252766,143.64665617196758,186.82792259186976,56.721087449708136,47.37484403496012,35.36115793596511,48.38002024497399,0.0,0.0,0.0,0.0
2026-09-27,EP902026,38,2026-10-03 00:00:00,6 days 00:00:00,144,19.22,-111.19,994.9,48.9,58.751773173700784,114.47537406766776,92.27843184361755,93.05716771846878,106.86999315519051,0.0,0.0,0.0,0.0,0.0,0.0,0.0,0.0
2026-09-27,EP902026,38,2026-10-03 06:00:00,6 days 06:00:00,150,19.26,-111.6,992.5,54.3,37.27806614141869,122.1595739109096,99.98646797449211,98.22727067159994,122.60900772965384,52.69145542300967,47.59509692702395,34.233725119255844,44.36954479234141,0.0,0.0,0.0,0.0
2026-09-27,EP902026,38,2026-10-03 12:00:00,6 days 12:00:00,156,19.32,-112.22,985.3,58.4,40.63637343266656,157.8989916665177,142.82316747174167,104.63376140161928,136.28595001102252,59.42307641832052,47.81558691735228,30.3837144656882,47.45739616609808,0.0,0.0,0.0,0.0
2026-09-27,EP902026,38,2026-10-03 18:00:00,6 days 18:00:00,162,19.61,-112.84,972.1,77.3,34.375069067482826,145.57209026835525,156.28508394693102,100.43928388694928,115.28872701301307,67.24263304713776,53.75089980379559,39.38586394829818,51.28070507725599,34.375069067482826,17.50639250711707,12.134557158025313,19.699456606180004
2026-09-27,EP902026,38,2026-10-04 00:00:00,7 days 00:00:00,168,19.65,-113.43,970.4,78.5,16.17962736156619,169.03234200162586,139.17551381596837,145.03934662053737,163.61038280863696,83.45794576355178,71.51267105588073,60.20685845404394,82.80752318697363,53.109400007267176,43.71583157881954,35.03609801611282,45.22777923401066
2026-09-27,EP902026,38,2026-10-04 06:00:00,7 days 06:00:00,174,19.59,-114.03,974.0,80.2,27.99543005281916,186.22162534613977,150.1505021274432,139.47973160671486,159.0160304874065,89.2664863603774,73.65758500028547,55.64923075184,82.80059789668381,40.05663747473119,28.15442515874093,19.696263554642208,31.554148090451204
2026-09-27,EP902026,38,2026-10-04 12:00:00,7 days 12:00:00,180,19.75,-114.41,973.8,78.8,37.217890509893365,170.6826256295554,184.6296118529937,177.06635064608304,155.4842924859679,70.08041090233343,61.93738747001106,63.219965163593685,66.1096401269339,37.217890509893365,29.14620137216528,24.13714809538252,30.48473961088033
2026-09-27,EP902026,38,2026-10-04 18:00:00,7 days 18:00:00,186,19.9,-115.1,972.5,80.4,30.59079118019311,186.2542896561245,156.09708780637612,131.98636126003512,177.9249687811165,95.7764824825452,77.9343255139012,59.80302634459161,85.37588409892783,53.0212049293251,42.00826487098973,33.0201892161374,43.94156082538922
2026-09-27,EP902026,38,2026-10-05 00:00:00,8 days 00:00:00,192,20.13,-115.68,964.7,92.7,19.456191609490112,155.52914508459924,154.36434425111116,125.1853735633187,156.88727206427075,77.77241095887855,57.519778331308295,46.99337021985379,74.33787005639485,49.46903429349173,35.56216023893579,29.514784758085103,42.18592677730416
2026-09-27,EP902026,38,2026-10-05 06:00:00,8 days 06:00:00,198,20.13,-116.6,958.9,94.6,25.73429502474813,141.2922207394264,88.66624537108581,112.15702870902214,148.26393810782173,64.0195170002779,47.09363206052528,43.34884178246027,63.686059492797725,47.24826096486909,34.56276694420222,28.056094225766078,40.55235905604548
2026-09-27,EP902026,38,2026-10-05 12:00:00,8 days 12:00:00,204,20.11,-117.42,962.9,98.3,34.28276550043238,108.42041144508975,85.11351797619712,103.96775504277404,123.38515621907749,60.35398368742409,48.67736039529616,42.41882325142069,56.967791974710266,36.40337914034923,28.445629478774684,22.69829226799489,32.16731207467184
2026-09-27,EP902026,38,2026-10-05 18:00:00,8 days 18:00:00,210,20.01,-117.99,955.5,100.6,58.4720614911802,72.14960365225083,86.89560294144862,91.45366524581802,99.44636098977576,58.4720614911802,43.46297612622647,58.4720614911802,46.54914852353584,58.4720614911802,43.46297612622647,37.64868450200482,41.541803759844925
2026-09-27,EP902026,38,2026-10-06 00:00:00,9 days 00:00:00,216,20.08,-118.7,956.2,97.5,27.6162180909229,152.52765374334777,166.4827607166501,164.88018505218923,158.03518277044788,91.43146370603893,82.1078671841625,80.65081315234575,90.28265087036458,50.83170106629767,39.95405772132819,35.482140432567526,45.86332236776579
2026-09-27,EP902026,38,2026-10-06 06:00:00,9 days 06:00:00,222,19.83,-119.78,959.0,100.2,27.451707836798956,166.59563111030002,148.7063138477651,172.488916458176,183.63862186590177,83.37357722775221,74.1658797032095,70.67096572379774,80.01351774809133,55.10165093842421,44.58256627727635,37.42731056852551,47.87724022018065
2026-09-27,EP902026,38,2026-10-06 12:00:00,9 days 12:00:00,228,19.52,-120.54,971.8,83.5,37.77528448737964,118.6324874689666,126.21030313004208,130.580745701895,131.0045181570294,77.22836515485928,68.2874987648957,59.99488641452373,70.92818110121748,37.77528448737964,23.704916706018928,20.63758418318102,28.023087830650248
2026-09-27,EP902026,38,2026-10-06 18:00:00,9 days 18:00:00,234,19.54,-121.2,985.2,62.0,23.581625714061687,125.45180742944976,133.8050395965673,139.32437473903218,146.7409972199105,78.05327061606667,71.19244369530605,61.83537649376444,69.97728998549398,0.0,0.0,0.0,0.0
2026-09-27,EP902026,38,2026-10-07 00:00:00,10 days 00:00:00,240,19.62,-121.9,984.3,65.3,29.486534940504495,136.3731730553627,112.46103710419992,128.86366022811853,178.96469064196572,82.1966809068399,68.76179669310659,57.9658251897672,76.27870944513415,13.274627940259052,8.501259166950149,5.88135910893584,29.486534940504495
2026-09-27,EP902026,38,2026-10-07 06:00:00,10 days 06:00:00,246,19.57,-122.53,993.7,48.7,7.791946300152901,127.8300069857635,97.98900533889488,121.28702851042966,158.58005673588545,0.0,0.0,0.0,0.0,0.0,0.0,0.0,0.0
2026-09-27,EP902026,38,2026-10-07 12:00:00,10 days 12:00:00,252,19.95,-123.15,992.1,56.2,43.38443363852488,179.60908836029876,134.20502884351993,100.93752045828938,160.80179112242996,43.38443363852488,19.917796183218027,11.16764179706006,22.94383159824753,0.0,0.0,0.0,0.0
2026-09-27,EP902026,38,2026-10-07 18:00:00,10 days 18:00:00,258,20.35,-123.79,994.3,51.4,51.70468024077158,173.4261981985719,127.3677960234304,85.59144921618355,139.2514119202039,51.70468024077158,16.22052888822252,11.56560735519298,19.82135524037926,0.0,0.0,0.0,0.0
2026-09-27,EP902026,38,2026-10-08 00:00:00,11 days 00:00:00,264,20.96,-124.29,990.1,60.3,23.75845969218677,148.08047462284392,119.95029759632274,93.86292424909382,131.5446426715868,55.21340661196654,42.30500833467576,30.216203582869788,39.55503243712573,0.0,0.0,0.0,0.0
2026-09-27,EP902026,38,2026-10-08 06:00:00,11 days 06:00:00,270,21.68,-124.8,991.3,57.1,25.83811934148844,169.22475800823304,155.5848725318856,142.07265634653345,147.73857334979084,83.74155209329001,70.62445313778107,54.929279865461126,72.94437862463815,0.0,0.0,0.0,0.0
2026-09-27,EP902026,38,2026-10-08 12:00:00,11 days 12:00:00,276,22.44,-125.4,987.6,59.9,42.708961991362045,121.03371048176686,104.59736308776787,92.8798315490109,101.11937385280903,42.708961991362045,35.195515666196,26.491272539770865,32.45951159360061,0.0,0.0,0.0,0.0
2026-09-27,EP902026,38,2026-10-08 18:00:00,11 days 18:00:00,282,23.08,-125.53,992.5,49.3,36.74483849493679,132.43130097437395,123.3963291946946,87.67958328769562,113.39981415834735,0.0,0.0,0.0,0.0,0.0,0.0,0.0,0.0
2026-09-27,EP902026,38,2026-10-09 00:00:00,12 days 00:00:00,288,23.29,-125.46,1000.3,40.9,36.46819969002416,82.88171502634208,85.30108182253927,63.57960844626184,73.58029160962279,0.0,0.0,0.0,0.0,0.0,0.0,0.0,0.0
2026-09-27,EP902026,38,2026-10-09 06:00:00,12 days 06:00:00,294,23.79,-125.22,1000.1,42.3,43.29675034484293,59.27205379998033,73.23308919526886,44.82489683722556,38.441840109397006,0.0,0.0,0.0,0.0,0.0,0.0,0.0,0.0
2026-09-27,EP902026,38,2026-10-09 12:00:00,12 days 12:00:00,300,24.02,-125.16,1003.9,35.3,55.00091796844127,55.00091796844127,24.79154399845732,20.49796232061014,24.140813845354504,0.0,0.0,0.0,0.0,0.0,0.0,0.0,0.0
2026-09-27,EP902026,38,2026-10-09 18:00:00,12 days 18:00:00,306,24.29,-125.15,1000.7,33.7,36.51792101765706,0.0,0.0,0.0,0.0,0.0,0.0,0.0,0.0,0.0,0.0,0.0,0.0
2026-09-27,EP902026,38,2026-10-10 00:00:00,13 days 00:00:00,312,24.26,-125.23,1002.9,29.1,77.98523191936005,0.0,0.0,0.0,0.0,0.0,0.0,0.0,0.0,0.0,0.0,0.0,0.0
2026-09-27,EP902026,38,2026-10-10 06:00:00,13 days 06:00:00,318,23.97,-125.28,1004.3,25.2,66.55247245224919,0.0,0.0,0.0,0.0,0.0,0.0,0.0,0.0,0.0,0.0,0.0,0.0
2026-09-27,EP902026,38,2026-10-10 12:00:00,13 days 12:00:00,324,23.99,-125.54,1008.2,20.1,95.39595028331934,0.0,0.0,0.0,0.0,0.0,0.0,0.0,0.0,0.0,0.0,0.0,0.0
2026-09-27,EP902026,38,2026-10-10 18:00:00,13 days 18:00:00,330,23.59,-125.84,1007.7,19.8,74.07948150780493,0.0,0.0,0.0,0.0,0.0,0.0,0.0,0.0,0.0,0.0,0.0,0.0
2026-09-27,EP902026,38,2026-10-11 00:00:00,14 days 00:00:00,336,23.16,-126.43,1006.0,23.6,102.35492958844156,0.0,0.0,0.0,0.0,0.0,0.0,0.0,0.0,0.0,0.0,0.0,0.0
2026-09-27,EP902026,38,2026-10-11 06:00:00,14 days 06:00:00,342,22.8,-127.3,1007.8,21.6,98.57595836013228,0.0,0.0,0.0,0.0,0.0,0.0,0.0,0.0,0.0,0.0,0.0,0.0
2026-09-27,EP902026,38,2026-10-11 12:00:00,14 days 12:00:00,348,22.46,-127.8,1007.8,18.2,95.71644896194483,0.0,0.0,0.0,0.0,0.0,0.0,0.0,0.0,0.0,0.0,0.0,0.0
2026-09-27,EP902026,38,2026-10-11 18:00:00,14 days 18:00:00,354,22.13,-128.77,1007.7,23.9,135.3720756393154,0.0,0.0,0.0,0.0,0.0,0.0,0.0,0.0,0.0,0.0,0.0,0.0
2026-09-27,EP902026,38,2026-10-12 00:00:00,15 days 00:00:00,360,21.9,-129.88,1006.6,20.3,115.41181984313673,0.0,0.0,0.0,0.0,0.0,0.0,0.0,0.0,0.0,0.0,0.0,0.0
2026-09-27,WP252026,38,2026-09-27 00:00:00,0 days 00:00:00,0,24.6,127.6,964.0,89.0,22.0,102.0,121.0,102.0,93.0,,,,,,,,
2026-09-27,WP252026,38,2026-09-27 06:00:00,0 days 06:00:00,6,25.38,127.93,957.4,95.9,29.471650522946987,147.85249050501977,141.94833710529838,100.98973038315012,102.35301383111964,89.50221335551714,87.10716690373874,64.86333532009755,70.57296983902233,55.32906006788858,52.846689382185474,41.67653358783903,45.48159848049295
2026-09-27,WP252026,38,2026-09-27 12:00:00,0 days 12:00:00,12,26.02,128.99,953.6,102.2,3.1667835664311497,125.65013943675147,133.36916309973458,155.12121448481412,138.21983459472722,72.87928012742486,92.43515302543346,85.68020213068121,63.50076411141709,46.59043380461208,50.00335977213672,45.46341017424948,37.13951270367443
2026-09-27,WP252026,38,2026-09-27 18:00:00,0 days 18:00:00,18,26.3,129.6,972.1,85.1,7.805648070020025,141.7836304324193,173.1727712358549,106.5444973825304,103.21397942388674,75.96693693575534,77.22793563951672,60.62955697067514,58.744256680959694,48.21354597855097,45.5302597222632,39.05591720061902,37.11267956453935
2026-09-27,WP252026,38,2026-09-28 00:00:00,1 days 00:00:00,24,26.7,130.51,966.4,79.3,41.77230856824917,121.29911664223346,173.14815352776895,115.45874405136964,94.37372267308729,67.23305960483049,78.25996233566184,58.5418820595346,40.39805675856587,38.47593405035832,41.77230856824917,33.12059700296231,29.310842251877148
2026-09-27,WP252026,38,2026-09-28 06:00:00,1 days 06:00:00,30,27.04,131.24,975.6,75.9,42.9494608234096,161.696173482363,162.8113666062527,98.13644610799624,121.35989182867436,55.87134622331749,63.294844360874805,42.1905127258393,40.25448327599733,33.896033789970346,42.9494608234096,25.81087314986849,26.250662582300663
2026-09-27,WP252026,38,2026-09-28 12:00:00,1 days 12:00:00,36,27.67,132.48,988.6,56.2,55.1127048196836,111.70527594342164,115.9691997835383,119.55855852120332,95.84298515117472,37.37853555078813,55.1127048196836,39.453577693884085,28.63362246075864,0.0,0.0,0.0,0.0
2026-09-27,WP252026,38,2026-09-28 18:00:00,1 days 18:00:00,42,28.44,132.93,993.2,45.2,14.559450130322205,174.19698677879245,169.03054844175924,137.59322900807342,124.27600276159568,0.0,0.0,0.0,0.0,0.0,0.0,0.0,0.0
2026-09-27,WP252026,38,2026-09-29 00:00:00,2 days 00:00:00,48,29.13,133.83,996.7,45.2,29.457508583145767,80.26732283742834,87.92008933912224,59.29824647924118,65.66440755208994,0.0,0.0,0.0,0.0,0.0,0.0,0.0,0.0
2026-09-27,WP252026,38,2026-09-29 06:00:00,2 days 06:00:00,54,29.58,134.85,995.6,38.7,59.6686924336802,79.47766645364557,108.21144138215028,98.49404295310214,73.89647888661202,0.0,0.0,0.0,0.0,0.0,0.0,0.0,0.0
2026-09-27,WP252026,38,2026-09-29 12:00:00,2 days 12:00:00,60,30.0,136.3,994.2,38.2,66.08518636756975,100.58511514358617,119.90447344021526,100.60079230343074,78.94058232717683,0.0,0.0,0.0,0.0,0.0,0.0,0.0,0.0
2026-09-27,WP252026,38,2026-09-29 18:00:00,2 days 18:00:00,66,30.44,137.56,994.5,43.6,76.83997049507593,113.24454924838466,125.38748347315678,88.78212656140317,83.0317510066497,0.0,0.0,0.0,0.0,0.0,0.0,0.0,0.0
2026-09-27,WP252026,38,2026-09-30 00:00:00,3 days 00:00:00,72,31.14,138.8,997.0,36.6,91.6171288193607,219.7564398212301,246.9908075928444,193.16656384408031,173.19200842326228,0.0,0.0,0.0,0.0,0.0,0.0,0.0,0.0
2026-09-27,WP252026,38,2026-09-30 06:00:00,3 days 06:00:00,78,31.84,139.99,997.4,36.9,117.7299765893705,77.16753652934472,117.7299765893705,83.83747262945587,55.83620645308651,0.0,0.0,0.0,0.0,0.0,0.0,0.0,0.0
2026-09-27,WP252026,38,2026-09-30 12:00:00,3 days 12:00:00,84,32.64,141.16,999.4,33.1,150.9093728721443,0.0,0.0,0.0,0.0,0.0,0.0,0.0,0.0,0.0,0.0,0.0,0.0
2026-09-27,WP252026,38,2026-09-30 18:00:00,3 days 18:00:00,90,33.89,142.3,999.8,31.3,116.0859741929159,0.0,0.0,0.0,0.0,0.0,0.0,0.0,0.0,0.0,0.0,0.0,0.0
2026-09-27,WP252026,38,2026-10-01 00:00:00,4 days 00:00:00,96,34.73,143.92,1000.7,31.7,187.8658488449009,0.0,0.0,0.0,0.0,0.0,0.0,0.0,0.0,0.0,0.0,0.0,0.0
2026-09-27,WP252026,38,2026-10-01 06:00:00,4 days 06:00:00,102,36.03,145.99,997.5,29.2,122.71914321716464,0.0,0.0,0.0,0.0,0.0,0.0,0.0,0.0,0.0,0.0,0.0,0.0
2026-09-27,WP252026,38,2026-10-01 12:00:00,4 days 12:00:00,108,37.03,148.22,1000.0,29.5,82.4940167521114,0.0,0.0,0.0,0.0,0.0,0.0,0.0,0.0,0.0,0.0,0.0,0.0
2026-09-27,AL062026,39,2026-09-27 00:00:00,0 days 00:00:00,0,29.8,-43.9,1010.0,29.0,56.0,0.0,0.0,0.0,0.0,0.0,0.0,0.0,0.0,0.0,0.0,0.0,0.0
2026-09-27,AL062026,39,2026-09-27 06:00:00,0 days 06:00:00,6,29.37,-44.31,1007.6,34.2,72.65395457477963,0.0,72.65395457477963,8.332249187546704,0.0,0.0,0.0,0.0,0.0,0.0,0.0,0.0,0.0
2026-09-27,AL062026,39,2026-09-27 12:00:00,0 days 12:00:00,12,29.38,-43.91,1008.7,27.9,78.51823477393546,0.0,0.0,0.0,0.0,0.0,0.0,0.0,0.0,0.0,0.0,0.0,0.0
2026-09-27,AL062026,39,2026-09-27 18:00:00,0 days 18:00:00,18,29.14,-43.8,1009.2,24.4,50.40270838563095,0.0,0.0,0.0,0.0,0.0,0.0,0.0,0.0,0.0,0.0,0.0,0.0
2026-09-27,AL062026,39,2026-09-28 00:00:00,1 days 00:00:00,24,28.56,-43.95,1009.8,27.8,67.13363061276424,0.0,0.0,0.0,0.0,0.0,0.0,0.0,0.0,0.0,0.0,0.0,0.0
2026-09-27,EP152026,39,2026-09-27 00:00:00,0 days 00:00:00,0,16.7,-156.1,972.0,80.0,37.0,241.0,185.0,185.0,241.0,93.0,74.0,93.0,111.0,56.0,46.0,56.0,56.0
2026-09-27,EP152026,39,2026-09-27 06:00:00,0 days 06:00:00,6,16.49,-156.75,975.3,79.5,21.01650476161862,193.1016462899009,106.03688323631314,168.6338094743408,235.8630221308785,118.03971318016876,92.8369542751845,85.7049523424125,117.5978964515209,61.31797561972449,52.81025565184049,48.93708974403116,53.499685885891424
2026-09-27,EP152026,39,2026-09-27 12:00:00,0 days 12:00:00,12,16.29,-157.68,967.7,92.3,24.133999998345207,192.5504403606973,184.0743361223365,166.33794040570865,178.9638714983056,110.10687803485064,95.19636152684596,92.2634052560091,107.44718686585432,68.03993404418021,57.20312027852703,51.12025038963076,63.10953261390921
2026-09-27,EP152026,39,2026-09-27 18:00:00,0 days 18:00:00,18,16.03,-158.43,937.3,126.8,15.125487601147144,124.87210801485536,137.75806004904246,166.83337378262212,144.53120244858465,70.32806966918909,77.49946760767457,83.02202406453527,71.95228417751113,54.186204653290055,46.932435638500976,43.25097754591328,50.59963420049927
2026-09-27,EP152026,39,2026-09-28 00:00:00,1 days 00:00:00,24,16.31,-159.57,975.5,82.4,22.182867666582855,189.9764179508504,127.25028016271978,69.27424334639468,149.0204262989256,84.06604890972883,57.98429492476529,35.37765497840393,68.8968394824409,56.47690352731835,46.176525027560345,35.37765497840393,47.27650282598408
2026-09-27,EP152026,39,2026-09-28 06:00:00,1 days 06:00:00,30,16.68,-160.69,968.8,87.7,22.32434191487411,171.92524048680363,130.45121639938296,96.37468153250062,161.82938570873486,93.42717102366596,74.71780432858048,51.0269315238092,86.13358517273498,55.20573112133665,44.13692893289983,32.67809915647183,45.83728303540569
2026-09-27,EP152026,39,2026-09-28 12:00:00,1 days 12:00:00,36,17.16,-161.78,959.9,96.2,16.61484878680611,146.68993493329256,106.71660858311589,69.97354856597725,128.57278435585374,83.47555692537192,57.39780570985862,37.06659917372389,70.72325081469273,46.01178716541925,34.90469051748289,22.585717170110133,37.13909167531355
2026-09-27,EP152026,39,2026-09-28 18:00:00,1 days 18:00:00,42,17.86,-162.55,954.0,102.6,16.76830245859287,170.11879938519633,159.37271380601123,108.1150319321182,132.12853249885984,87.00921576501423,77.27439092712802,55.01472027330351,73.40127635611225,52.06315054563856,42.81156862414764,33.74703019274807,44.36846184166052
2026-09-27,EP152026,39,2026-09-29 00:00:00,2 days 00:00:00,48,18.84,-163.26,954.7,103.0,4.737836888707708,164.47397622838434,145.57993027355442,80.72794519838453,107.884290290528,88.91381682995143,78.82125234941779,46.54999698234505,71.7027896012938,54.24251586075182,45.646959172465024,31.786248573541624,41.0172525687258
2026-09-27,EP152026,39,2026-09-29 06:00:00,2 days 06:00:00,54,19.85,-163.69,961.1,94.9,49.37579850681129,211.92827730710843,159.2715047997939,106.20925726226729,169.88027493453427,113.2112059713922,89.3253551129585,57.689169921608695,95.51976532866216,63.332835333848976,54.04401266191627,38.557616523881705,52.08806883011471
2026-09-27,EP152026,39,2026-09-29 12:00:00,2 days 12:00:00,60,20.93,-164.12,970.4,90.2,36.10311419984933,180.7710699543925,132.10157939018617,83.51810410138299,142.29226595372288,90.33658129535615,71.1177162348217,43.39138230916045,74.04061818334816,47.56092646893897,38.09384443698718,25.248393687413905,37.82141943593899
2026-09-27,EP152026,39,2026-09-29 18:00:00,2 days 18:00:00,66,22.11,-164.2,978.6,76.3,24.352936032057546,221.67912230103175,170.71160375467952,128.41457783096283,188.88531172370332,80.84860768213136,78.3071481353499,61.61057705742451,75.2927503292911,53.52291999977507,45.827512179539326,37.334189028112746,46.30798391027725
2026-09-27,EP152026,39,2026-09-30 00:00:00,3 days 00:00:00,72,22.68,-164.85,984.1,65.1,34.315216098079354,292.3915568761839,220.71592582075056,148.68822481256248,249.4594991219289,128.3159671632928,105.32712290955013,79.92208495769546,110.88169444325278,34.315216098079354,6.917674036000814,4.799687172932741,11.80607090426941
2026-09-27,EP152026,39,2026-09-30 06:00:00,3 days 06:00:00,78,23.1,-165.04,981.8,61.2,70.74404156152173,199.04806448683848,134.40029584228932,119.73152569089213,205.4499222789136,85.37759598496041,61.62659536107162,49.03505212160826,75.88988018807436,0.0,0.0,0.0,0.0
2026-09-27,EP152026,39,2026-09-30 12:00:00,3 days 12:00:00,84,23.19,-164.99,988.9,61.7,43.656239548507074,176.99663949702042,136.41669419201207,142.71794116409816,181.058832421714,49.68558205390376,32.233608002655004,25.768985209634195,47.28050405353829,0.0,0.0,0.0,0.0
2026-09-27,EP152026,39,2026-09-30 18:00:00,3 days 18:00:00,90,23.4,-166.01,991.2,55.8,116.9291909982451,258.3621678810615,141.4503084943098,124.40754262027124,248.2529542897541,116.9291909982451,70.34559406476161,50.3197201938204,72.8867175660331,0.0,0.0,0.0,0.0
2026-09-27,EP152026,39,2026-10-01 00:00:00,4 days 00:00:00,96,23.87,-167.23,988.4,55.2,81.45463425139727,290.6557621879657,197.74010132174203,164.83985668367416,252.705456492572,124.81877178271114,101.60296239375678,79.55649269655075,104.91867259096804,0.0,0.0,0.0,0.0
2026-09-27,EP152026,39,2026-10-01 06:00:00,4 days 06:00:00,102,23.87,-168.94,974.3,71.5,46.25364080509945,223.4934207014236,189.01036876285556,162.85249375432193,223.14327977111623,104.96333680387993,88.12852892675,69.95763724787975,88.90570804429875,46.25364080509945,39.73809106674795,35.61355993335971,39.74933742211766
2026-09-27,EP152026,39,2026-10-01 12:00:00,4 days 12:00:00,108,23.49,-169.68,981.6,63.6,14.41640727982728,183.9560724176881,149.9935845633479,148.20806771843544,205.46842805993077,88.03303153749661,69.02343179305703,61.29754168449494,82.75562160878499,0.0,0.0,0.0,0.0
2026-09-27,EP152026,39,2026-10-01 18:00:00,4 days 18:00:00,114,23.42,-169.95,985.0,61.2,48.38298167330299,229.8141383543996,183.5200690777824,170.03631477780732,231.7591126593834,109.2034297446271,89.59202944299739,69.64743417604188,94.27598487230524,0.0,0.0,0.0,0.0
2026-09-27,EP152026,39,2026-10-02 00:00:00,5 days 00:00:00,120,23.66,-170.47,978.9,64.6,42.22093366977153,238.9888750574924,214.42786211363148,174.62733313456437,214.4698940114461,132.22839501354895,117.27469805962345,90.75469578981586,107.0581150749805,42.22093366977153,34.210650180206926,27.54251106809437,32.90742487970563
2026-09-27,EP152026,39,2026-10-02 06:00:00,5 days 06:00:00,126,23.97,-170.72,975.8,67.4,69.92827382186778,237.59183169721723,189.44298027700623,154.00156984360495,232.86500773564143,105.54340923620975,78.92243399725555,59.34919738921168,89.83014201717748,69.92827382186778,46.98682934945076,37.99198221296143,47.83532331373266
2026-09-27,EP152026,39,2026-10-02 12:00:00,5 days 12:00:00,132,23.49,-171.24,983.4,60.1,52.6556066517353,185.84751849380848,156.4539760993422,161.64651052323745,201.74915890634043,82.84674251194758,77.98133710770321,60.8797296974991,69.33388718577993,0.0,0.0,0.0,0.0
2026-09-27,EP152026,39,2026-10-02 18:00:00,5 days 18:00:00,138,23.21,-171.72,979.0,65.7,25.683183295886177,158.19406639040784,134.36081967146458,145.66498215182582,197.4602681675701,82.78543327661112,66.09685961158263,50.077743948519455,72.54174439079202,30.38411129288306,24.978220026423763,20.818852088620844,25.353904704497065
2026-09-27,EP152026,39,2026-10-03 00:00:00,6 days 00:00:00,144,22.39,-172.42,991.2,50.5,66.66313604481729,240.49084315607456,178.70716497317767,184.6053152908057,257.63328497290377,121.291863655743,96.83656544358848,74.33353919019976,101.31646657518274,0.0,0.0,0.0,0.0
2026-09-27,EP152026,39,2026-10-03 06:00:00,6 days 06:00:00,150,21.59,-173.1,977.8,74.6,28.761774991421746,196.6472343186736,175.23823429723112,148.26247421051244,215.4585623902367,87.55739934369615,72.68588676562374,67.14424329013863,83.16882531389543,51.920568493655296,45.13459809392264,39.82496340083605,45.77023122512303
2026-09-27,EP152026,39,2026-10-03 12:00:00,6 days 12:00:00,156,21.05,-173.84,977.5,73.5,33.33343271751791,219.50264894473472,148.3467493806553,132.85525247898147,248.77706489585276,95.37684025495986,74.19002564427413,60.50165283208384,89.10527123766015,40.72787259340397,32.186038941101536,26.57735092715236,36.64688700067877
2026-09-27,EP152026,39,2026-10-03 18:00:00,6 days 18:00:00,162,20.9,-175.2,969.9,82.9,27.32591701884036,268.2574764179844,156.79248873164636,138.2519830709528,254.71537005353184,121.96499892919128,82.21166174523927,59.78002778300072,109.72123082525025,61.6879190218838,48.455768401814,36.02742798478063,53.79611667004872
2026-09-27,EP152026,39,2026-10-04 00:00:00,7 days 00:00:00,168,21.03,-176.65,961.3,96.1,35.520735038714214,297.0635187942023,200.0707275625954,162.09183503529866,257.32883254717683,145.53910395218958,114.3544175525836,86.37777186145134,123.40015627811825,88.04580045517848,77.59872929826811,57.352648678808,73.74259202119872
2026-09-27,EP152026,39,2026-10-04 06:00:00,7 days 06:00:00,174,21.06,-178.52,963.4,101.1,50.21424851876013,222.39931657619653,128.95439071646388,117.29148773210144,208.11938301668613,92.5541187823406,64.9866325930789,53.26886600174265,85.26762677810989,57.21772697871486,47.2017559369193,35.93779136207216,48.8738451036312
2026-09-27,EP152026,39,2026-10-04 12:00:00,7 days 12:00:00,180,21.01,179.3,970.4,88.2,34.19918209868747,224.63234182940192,142.46290679006444,149.61058879968454,242.42329170400103,119.5992487570125,94.4215240077053,78.3030630227637,109.87155746924373,76.77024255638267,67.55825249196914,55.03878047095812,67.95027973949652
2026-09-27,EP152026,39,2026-10-04 18:00:00,7 days 18:00:00,186,20.8,177.72,958.9,99.1,17.97960075014157,253.17039322122832,159.83392015690583,153.45548011861092,253.8901845913647,117.81463313253424,95.01123566194588,80.91098194554377,111.76101253764966,64.33154386237459,54.71406303793623,44.70521917571813,57.84799862593411
2026-09-27,EP152026,39,2026-10-05 00:00:00,8 days 00:00:00,192,21.41,175.99,942.6,119.0,10.160816790232236,224.7941040136578,171.11592556439237,161.7059878849523,230.4094855980433,117.35724766096936,95.0728291331728,84.84375047617871,109.16712177158954,68.73554297148068,60.11586488537427,47.86454300409752,59.629161244206
2026-09-27,EP152026,39,2026-10-05 06:00:00,8 days 06:00:00,198,21.59,174.41,941.2,119.4,18.076727194831346,258.2633681498557,209.90414021285451,180.77205637000677,218.58717148030263,134.7660388446376,125.71355997608958,101.62443370562846,121.22956115199987,77.2739632280653,67.33606686521347,50.00653235978388,63.64858883909436
2026-09-27,EP152026,39,2026-10-05 12:00:00,8 days 12:00:00,204,22.36,172.46,941.9,119.1,19.109369672050143,283.08248774124263,223.99191441909863,135.1387670595285,242.01635839266936,146.23093832264402,117.58757093150156,85.26505950902406,119.46806596232834,72.6293894919155,63.03166315699558,46.21733097341836,60.74911583236968
2026-09-27,EP152026,39,2026-10-05 18:00:00,8 days 18:00:00,210,22.66,170.81,939.7,121.6,33.121845155594755,227.4167609986549,156.34097280331304,131.42634453898916,221.9641762547384,126.2465049441065,102.30829823001548,84.8253452857107,108.80201311757136,75.73280817008771,65.69698330323831,51.48347163541001,64.72173697580524
2026-09-27,EP152026,39,2026-10-06 00:00:00,9 days 00:00:00,216,23.26,169.02,951.2,109.1,17.88268618361512,272.76922540020666,144.48292594766846,122.09803782868178,267.2128328901452,123.53630277219486,89.1535465191455,62.801485706652414,109.49773740019756,63.964370907338754,51.18953144089984,38.23459344585116,53.77410761516565
2026-09-27,EP152026,39,2026-10-06 06:00:00,9 days 06:00:00,222,24.08,167.43,950.3,109.0,15.256979054596291,198.07313647424664,159.84409174009846,110.23523120221952,189.59348076889452,114.04062127864783,94.29037212705286,74.43198643957322,102.55512707615144,56.36966710848724,46.52361596417549,35.858650539424566,49.40774199296337
2026-09-27,EP152026,39,2026-10-06 12:00:00,9 days 12:00:00,228,24.92,165.72,952.6,104.0,19.48680392826016,232.274773746645,191.22245480131608,146.12135078103142,204.85369025773295,128.5499026541326,115.88736206833906,81.9939785033979,104.12480955054768,64.58115429501015,57.22637565618648,41.609792642130216,54.387808282707965
2026-09-27,EP152026,39,2026-10-06 18:00:00,9 days 18:00:00,234,26.04,164.19,949.6,109.1,21.227825200265297,226.11155431699797,179.35008008100397,145.86712994732983,216.34295474431505,129.3083413776276,100.44307252710388,72.68118894850872,106.59555374934972,65.57852475117826,54.14288144387251,39.89532151333631,54.217308657853664
2026-09-27,EP152026,39,2026-10-07 00:00:00,10 days 00:00:00,240,27.2,162.67,961.7,90.4,12.809625831275936,227.3011732140058,168.37674293084353,126.78294605351066,187.63912112648612,121.29399795080846,103.5175313975042,75.59744343564445,101.86332692116254,84.3627137535519,74.55752833608284,56.48805890416094,69.39013531533335
2026-09-27,EP152026,39,2026-10-07 06:00:00,10 days 06:00:00,246,28.53,161.29,960.5,100.4,13.798230253235952,216.6942187539097,223.77799241063065,141.85168023752723,176.55767181510208,130.80342721090463,114.6269573044066,81.05020158840719,108.15149614138964,66.23433481566688,57.93930904320899,42.096023929619534,52.96322770561797
2026-09-27,EP152026,39,2026-10-07 12:00:00,10 days 12:00:00,252,29.61,160.49,962.2,86.4,40.95201473736563,245.33301309931025,238.616650168977,172.97300498879994,188.69804683883797,129.86318211161898,131.7232590740175,92.6530002045881,97.08347067770576,76.57474074294913,71.2295808019983,51.49563464194458,61.408270508367146
2026-09-27,EP152026,39,2026-10-07 18:00:00,10 days 18:00:00,258,31.11,159.84,965.4,82.7,39.47758748399305,231.54985321938588,223.7886615357079,196.3661422383404,160.23118959178885,121.06376267276656,136.380326897953,104.09161080860034,96.40637515616991,83.25142659031438,80.23183512338414,63.29661450174586,66.80050365606552
2026-09-27,EP152026,39,2026-10-08 00:00:00,11 days 00:00:00,264,32.85,159.81,981.2,64.0,51.25477655495656,247.4209509886892,232.10496921927825,134.2538049459179,160.32930401877135,139.51425366641018,142.86978526180198,91.56750951069924,102.9580573451762,51.25477655495656,16.596200355778002,8.67031715365188,12.055788836937923
2026-09-27,EP152026,39,2026-10-08 06:00:00,11 days 06:00:00,270,34.59,160.39,983.3,60.6,40.21947772698118,241.5606318348812,288.6784549804736,238.5034465480826,180.3325979689921,163.91077702421285,181.38125402885728,134.8767257829927,115.9375647668731,0.0,0.0,0.0,0.0
2026-09-27,EP152026,39,2026-10-08 12:00:00,11 days 12:00:00,276,36.36,162.0,983.1,63.1,56.829268803279774,248.8288474796791,288.4028646308216,249.70295205858565,194.47610849490596,165.42705768883206,199.06869635151816,157.3098324718976,124.8938763798178,0.0,0.0,0.0,0.0
2026-09-27,EP152026,39,2026-10-08 18:00:00,11 days 18:00:00,282,38.24,163.9,986.1,52.6,130.42452067527245,161.16795826283897,237.9077562432376,158.54796472835665,61.904492419129326,87.3091061698558,130.42452067527245,77.11206507704708,52.592762472414165,0.0,0.0,0.0,0.0
2026-09-27,EP152026,39,2026-10-09 00:00:00,12 days 00:00:00,288,39.74,166.82,987.3,51.7,153.91514431581396,127.87936329274676,237.72312750166176,139.8866257133233,46.31274288476688,49.40453550257878,153.91514431581396,45.95279078225853,27.404874585562705,0.0,0.0,0.0,0.0
2026-09-27,EP152026,39,2026-10-09 06:00:00,12 days 06:00:00,294,41.15,170.51,980.5,53.9,113.18759435110196,249.19686142305463,357.359225572,292.0435100280061,159.39541118485425,52.84081757549226,113.18759435110196,54.01878632082744,28.143791365605477,0.0,0.0,0.0,0.0
2026-09-27,EP152026,39,2026-10-09 12:00:00,12 days 12:00:00,300,42.04,174.36,991.2,47.2,119.33009801503869,186.8153928659612,355.5094870011065,281.9159924465198,152.48238872464248,0.0,0.0,0.0,0.0,0.0,0.0,0.0,0.0
2026-09-27,EP152026,39,2026-10-09 18:00:00,12 days 18:00:00,306,42.61,178.49,989.1,45.1,92.34754289140346,285.5903725895423,406.1810403881118,337.6826994532021,237.84360544982883,0.0,0.0,0.0,0.0,0.0,0.0,0.0,0.0
2026-09-27,EP152026,39,2026-10-10 00:00:00,13 days 00:00:00,312,43.34,-176.87,992.6,45.1,130.58551559593502,91.4888075971708,205.63330201286337,157.2098109062464,76.92263487862058,0.0,0.0,0.0,0.0,0.0,0.0,0.0,0.0
2026-09-27,EP162026,39,2026-09-27 00:00:00,0 days 00:00:00,0,20.8,-123.6,975.0,76.0,28.0,167.0,167.0,148.0,185.0,93.0,74.0,74.0,93.0,65.0,46.0,37.0,56.0
2026-09-27,EP162026,39,2026-09-27 06:00:00,0 days 06:00:00,6,21.51,-123.51,990.5,60.4,51.2979037636546,177.02171549350646,152.35153598337604,90.81873260421251,143.5480083161923,72.90808394682935,62.56164261265576,39.487799876613565,51.73560094266111,0.0,0.0,0.0,0.0
2026-09-27,EP162026,39,2026-09-27 12:00:00,0 days 12:00:00,12,22.21,-123.43,1000.4,50.2,38.42809153521921,211.16484974044943,156.1831499361706,105.37571326089072,149.66613557981054,38.42809153521921,2.315680435412901,0.0,0.4236364148420932,0.0,0.0,0.0,0.0
2026-09-27,EP162026,39,2026-09-27 18:00:00,0 days 18:00:00,18,22.56,-123.31,999.4,46.9,63.50858818013458,192.53582076109365,149.2027912761917,100.664322069866,156.4595590407925,0.0,0.0,0.0,0.0,0.0,0.0,0.0,0.0
2026-09-27,EP162026,39,2026-09-28 00:00:00,1 days 00:00:00,24,22.6,-123.09,1002.8,34.2,40.21919614015662,66.48814134122279,66.00986073193292,47.46259169200492,57.44035858888612,0.0,0.0,0.0,0.0,0.0,0.0,0.0,0.0
2026-09-27,EP162026,39,2026-09-28 06:00:00,1 days 06:00:00,30,22.85,-122.72,1003.3,28.3,93.97519530342676,0.0,0.0,0.0,0.0,0.0,0.0,0.0,0.0,0.0,0.0,0.0,0.0
2026-09-27,EP162026,39,2026-09-28 12:00:00,1 days 12:00:00,36,22.54,-122.97,1003.4,27.0,155.97129029201176,0.0,0.0,0.0,0.0,0.0,0.0,0.0,0.0,0.0,0.0,0.0,0.0
2026-09-27,EP162026,39,2026-09-28 18:00:00,1 days 18:00:00,42,22.13,-122.72,1004.2,27.5,55.36785321699499,0.0,0.0,0.0,0.0,0.0,0.0,0.0,0.0,0.0,0.0,0.0,0.0
2026-09-27,EP162026,39,2026-09-29 00:00:00,2 days 00:00:00,48,21.68,-122.45,1004.9,23.6,70.3816516998636,0.0,0.0,0.0,0.0,0.0,0.0,0.0,0.0,0.0,0.0,0.0,0.0
2026-09-27,EP162026,39,2026-09-29 06:00:00,2 days 06:00:00,54,20.81,-122.08,1007.7,19.3,71.901362592426,0.0,0.0,0.0,0.0,0.0,0.0,0.0,0.0,0.0,0.0,0.0,0.0
2026-09-27,EP162026,39,2026-09-29 12:00:00,2 days 12:00:00,60,20.28,-121.56,1006.2,23.2,104.04059074430404,0.0,0.0,0.0,0.0,0.0,0.0,0.0,0.0,0.0,0.0,0.0,0.0
2026-09-27,EP162026,39,2026-09-29 18:00:00,2 days 18:00:00,66,19.62,-121.38,1007.0,18.7,92.9785873090508,0.0,0.0,0.0,0.0,0.0,0.0,0.0,0.0,0.0,0.0,0.0,0.0
2026-09-27,EP172026,39,2026-09-27 00:00:00,0 days 00:00:00,0,19.0,-112.9,946.0,111.0,28.0,259.0,185.0,167.0,185.0,111.0,111.0,93.0,93.0,65.0,65.0,46.0,56.0
2026-09-27,EP172026,39,2026-09-27 06:00:00,0 days 06:00:00,6,19.76,-113.16,946.1,114.4,27.11571001640358,126.74573212593226,185.36487927490788,128.07069612983054,82.85814729275427,74.76659025776495,81.24127448295664,58.80792520908205,60.69899527039359,55.99869038965103,49.68899615165514,37.39478301808515,44.67005346270857
2026-09-27,EP172026,39,2026-09-27 12:00:00,0 days 12:00:00,12,20.44,-113.74,946.0,121.2,27.280567590741505,179.46938097178676,225.41455685672983,159.99209578906277,130.9442055397683,96.60627662957955,105.54274483171125,77.91602248407013,74.35122009936146,69.62274339798844,61.643174907689215,46.61497198800208,54.82492591750396
2026-09-27,EP172026,39,2026-09-27 18:00:00,0 days 18:00:00,18,21.47,-114.14,948.1,117.3,33.5893267101354,133.13862038316086,191.338776245236,114.17754039977729,86.09000803830162,82.72665081829166,93.8692938867905,65.94645733968389,68.57691073839823,55.94529863311638,50.83032403144583,38.24239928517132,43.74894332759206
2026-09-27,EP172026,39,2026-09-28 00:00:00,1 days 00:00:00,24,22.72,-114.33,952.8,108.7,27.601774043684703,171.83286686301113,194.21388620309128,107.25200953620866,111.7964511672092,88.06787683848087,87.19167390195855,55.63994467604429,62.73892262852036,53.7870177274635,48.00285066488702,36.98121628404938,42.02849295388899
2026-09-27,EP172026,39,2026-09-28 06:00:00,1 days 06:00:00,30,23.56,-114.11,954.8,98.6,22.90754798946034,174.9366835956398,236.15478016609583,192.6163736615922,155.68676786716605,107.05071342033852,111.59883930938145,91.69388670602008,86.00790845946494,60.20556982245012,58.75831684285652,49.78338605303122,49.06226208231829
2026-09-27,EP172026,39,2026-09-28 12:00:00,1 days 12:00:00,36,24.56,-113.47,963.8,93.9,44.62927473211806,184.44774581069328,194.189140822971,142.63404429657885,122.44003086868952,84.67639671140523,87.01664464491557,56.013825295976574,57.18565852549614,46.5627704748195,44.299997690517614,31.625280263433325,36.23392176914243
2026-09-27,EP172026,39,2026-09-28 18:00:00,1 days 18:00:00,42,25.1,-112.8,960.4,98.3,40.42527110405172,130.684174602638,160.5820895048455,110.54642008154453,71.3566076685031,73.89418709265078,93.447226262806,61.432028638780366,52.776815063492,42.06570918927832,41.72323147590441,33.551564552438094,31.890967683851727
2026-09-27,EP172026,39,2026-09-29 00:00:00,2 days 00:00:00,48,25.8,-111.87,978.7,78.2,20.86352639169194,153.77761974438448,136.5095752477137,96.63818407035106,94.1705242103982,63.53351143593191,67.84024975799433,43.68124265427541,50.98096119266374,47.3487668519845,43.1030539777468,30.855702350078907,33.70130555093256
2026-09-27,EP172026,39,2026-09-29 06:00:00,2 days 06:00:00,54,27.0,-110.97,979.5,77.2,33.07546485633797,151.61178584810202,153.4466608893296,102.90820110848227,76.5372895810413,64.76632225586228,78.60260439829185,56.12784552182976,49.18173766961403,21.6755503694173,33.07546485633797,19.856860263559888,17.881588501067988
2026-09-27,EP172026,39,2026-09-29 12:00:00,2 days 12:00:00,60,28.39,-110.27,993.9,48.0,57.82335925023881,95.97105654307256,88.41165217354433,18.153821540246557,23.93336477144805,0.0,0.0,0.0,0.0,0.0,0.0,0.0,0.0
2026-09-27,EP902026,39,2026-09-27 00:00:00,0 days 00:00:00,0,12.0,-98.6,1008.0,25.0,111.0,0.0,0.0,0.0,0.0,0.0,0.0,0.0,0.0,0.0,0.0,0.0,0.0
2026-09-27,EP902026,39,2026-09-27 06:00:00,0 days 06:00:00,6,11.9,-98.7,1006.5,30.6,135.46373012322726,0.0,0.0,0.0,0.0,0.0,0.0,0.0,0.0,0.0,0.0,0.0,0.0
2026-09-27,EP902026,39,2026-09-27 12:00:00,0 days 12:00:00,12,11.96,-98.6,1001.5,38.5,86.42236809864735,63.95379623983168,86.42236809864735,55.507697786820806,46.975989194199336,0.0,0.0,0.0,0.0,0.0,0.0,0.0,0.0
2026-09-27,EP902026,39,2026-09-27 18:00:00,0 days 18:00:00,18,12.42,-98.76,1003.8,37.1,72.16151826271943,74.10428997077744,55.56620956634688,42.229622109871386,54.23129736720743,0.0,0.0,0.0,0.0,0.0,0.0,0.0,0.0
2026-09-27,EP902026,39,2026-09-28 00:00:00,1 days 00:00:00,24,12.41,-99.34,999.0,45.0,107.13429920649553,220.70910605903225,211.00659876930771,169.18053497967333,175.82230273562544,0.0,0.0,0.0,0.0,0.0,0.0,0.0,0.0
2026-09-27,EP902026,39,2026-09-28 06:00:00,1 days 06:00:00,30,12.68,-100.39,995.6,51.3,67.91042391168997,185.25568538138648,139.24503938995292,103.3254517175398,152.13725634796265,67.91042391168997,16.272647171371347,12.73089876546262,19.56688289805335,0.0,0.0,0.0,0.0
2026-09-27,EP902026,39,2026-09-28 12:00:00,1 days 12:00:00,36,13.01,-100.98,1001.9,46.5,88.18271544505848,313.81758234300605,282.1964943557366,232.71594006584385,257.0347754045681,0.0,0.0,0.0,0.0,0.0,0.0,0.0,0.0
2026-09-27,EP902026,39,2026-09-28 18:00:00,1 days 18:00:00,42,13.18,-102.33,993.1,53.4,69.14267442166965,256.8593130408699,252.18345686360408,189.2190147494184,193.33842560419723,22.92583834307061,69.14267442166965,13.614243960087832,13.4580454407876,0.0,0.0,0.0,0.0
2026-09-27,EP902026,39,2026-09-29 00:00:00,2 days 00:00:00,48,13.63,-103.11,989.0,63.8,33.70640602540687,150.62059508030086,153.8427720372931,98.8031849240665,121.3697594652722,54.17633354762548,46.91203010549419,31.927886131977456,36.13591826908744,0.0,0.0,0.0,0.0
2026-09-27,EP902026,39,2026-09-29 06:00:00,2 days 06:00:00,54,14.06,-104.23,991.1,59.0,73.28632249783197,185.3612947596673,184.15471031059656,128.1431553639718,149.25607918451487,76.151810410047,67.0985735082221,44.05017653961153,54.44654202310335,0.0,0.0,0.0,0.0
2026-09-27,EP902026,39,2026-09-29 12:00:00,2 days 12:00:00,60,14.61,-105.33,985.5,64.4,54.69898041149453,215.90529596602948,227.30028653073907,153.35087234535024,180.4947490826779,109.2665408255886,91.40954562075252,58.8654899762309,72.90996447016043,54.69898041149453,0.0,0.0,0.7109754902707482
2026-09-27,EP902026,39,2026-09-29 18:00:00,2 days 18:00:00,66,15.09,-106.42,980.4,78.8,47.1543475567528,171.2132311880135,177.5399033176529,103.66414549674924,120.21484169453788,86.61686646160027,75.68231040672026,48.33374988927323,64.8902529545561,47.1543475567528,17.6728909986036,11.379761145679982,19.118356742163098
2026-09-27,EP902026,39,2026-09-30 00:00:00,3 days 00:00:00,72,15.82,-107.32,977.1,80.7,40.70179859009225,222.72158278821843,225.3618059721162,142.14659349328724,167.9582779034932,98.37497945366488,82.83295006814164,46.65014868813202,66.28947944188181,40.70179859009225,22.42897129468431,13.145171396060544,21.48254779676752
2026-09-27,EP902026,39,2026-09-30 06:00:00,3 days 06:00:00,78,16.32,-108.28,971.0,86.7,40.354231700554045,191.92733770535955,185.37247475910988,119.27137008536266,129.13733327826316,82.42219629571677,66.17018748852668,48.4134142611543,67.56622792581345,40.354231700554045,32.40059167029836,23.32529379150078,32.061172059173714
2026-09-27,EP902026,39,2026-09-30 12:00:00,3 days 12:00:00,84,16.94,-109.21,962.5,98.3,25.544371686571267,227.2718133631328,245.51267779704017,165.1224907344365,160.6013143643088,132.1230252584682,115.36418794007363,78.31349650020024,102.792366921423,60.88110853339492,50.63597208457318,37.236424772671725,48.02400516567184
2026-09-27,EP902026,39,2026-09-30 18:00:00,3 days 18:00:00,90,17.37,-109.99,952.1,119.1,37.80454095961223,138.61207461650642,153.24790176051476,115.80012303246332,84.7887620088373,68.9665192947762,69.76714480132014,58.04258982365687,55.45053967641684,52.70401745975423,43.56562180038892,34.47656645394754,44.264399720436245
2026-09-27,EP902026,39,2026-10-01 00:00:00,4 days 00:00:00,96,17.9,-110.61,957.4,97.2,44.50795649589962,173.9215598471238,205.9463570487739,147.19069388320705,137.35733780404144,89.05026130894447,77.95065681270702,56.38213450759328,73.53520882244062,56.53693441913738,44.92404682828307,34.6235712993882,44.78498139279292
2026-09-27,EP902026,39,2026-10-01 06:00:00,4 days 06:00:00,102,17.7,-111.17,967.1,87.5,19.534410678189477,205.6146393343782,237.90839016831697,188.7517393566843,213.838868029606,98.09462799184854,86.24515875133712,81.17804602009795,89.39465502569479,53.56480337053422,45.90792156410736,41.354582317522514,48.46584207422504
2026-09-27,EP902026,39,2026-10-01 12:00:00,4 days 12:00:00,108,18.06,-111.51,973.0,76.7,19.503310867655813,112.03563818120514,145.1547548460996,148.1728335517805,125.2935499290181,61.934365362792505,63.19140544429408,56.68180143509433,53.54539121265845,35.195698534859616,30.954975826637693,24.07157511113952,29.18793362955345
2026-09-27,EP902026,39,2026-10-01 18:00:00,4 days 18:00:00,114,18.13,-112.06,983.4,67.8,55.32196236513717,146.03576478643373,155.82189643112528,122.87081776141017,110.71019620475668,82.57158381936262,79.48480291277859,65.85125095952206,67.0159690197289,55.32196236513717,21.21790366510098,16.846151006388737,20.083437827364364
2026-09-27,EP902026,39,2026-10-02 00:00:00,5 days 00:00:00,120,18.45,-112.42,986.8,55.6,51.29126171141644,164.81475411097318,192.58263961899195,189.9960811310283,157.5746212798755,106.14239332206256,103.08209500103013,77.47256630508491,84.27216524476646,0.0,0.0,0.0,0.0
2026-09-27,EP902026,39,2026-10-02 06:00:00,5 days 06:00:00,126,18.86,-112.6,985.9,56.8,56.265810383591145,175.13946453008185,202.4364994290455,167.95665834295338,153.07023156263156,95.21729299531086,89.61346526562494,61.258376243574745,70.84678823180543,0.0,0.0,0.0,0.0
2026-09-27,EP902026,39,2026-10-02 12:00:00,5 days 12:00:00,132,18.98,-112.69,993.5,48.0,34.3448752643031,125.13817626410112,116.7718223636217,95.36053469052756,99.83932280283916,0.0,0.0,0.0,0.0,0.0,0.0,0.0,0.0
2026-09-27,EP902026,39,2026-10-02 18:00:00,5 days 18:00:00,138,19.32,-112.66,990.6,56.3,45.84738112341426,143.46994872721973,146.9840485111695,105.15496958475023,114.838043225103,45.84738112341426,38.18953324369403,20.87308298268369,24.39766948263127,0.0,0.0,0.0,0.0
2026-09-27,EP902026,39,2026-10-03 00:00:00,6 days 00:00:00,144,19.29,-113.0,991.9,51.0,56.64450745295867,168.79795311613216,165.6028498304999,120.6858981180512,133.53790223833522,11.199262324488805,56.64450745295867,3.763956300425336,4.7615105621123055,0.0,0.0,0.0,0.0
2026-09-27,EP902026,39,2026-10-03 06:00:00,6 days 06:00:00,150,19.36,-113.14,989.5,55.9,52.69453641550044,156.81822421195,158.2806810999228,136.8622524824308,136.46036387356628,87.65529040191056,76.48645508838126,57.72955420885975,72.96987587080156,0.0,0.0,0.0,0.0
2026-09-27,EP902026,39,2026-10-03 12:00:00,6 days 12:00:00,156,19.18,-113.04,987.2,55.8,41.32351075898799,143.86969995559596,144.24702395921918,106.5089198999476,118.20570052375392,44.97426487267558,41.5994502245385,28.20424193927929,31.46334432392709,0.0,0.0,0.0,0.0
2026-09-27,EP902026,39,2026-10-03 18:00:00,6 days 18:00:00,162,19.24,-113.0,993.5,54.7,40.9283898780398,111.32435780939622,137.92031706197943,158.81056665946815,136.32549373262037,69.82890984864032,67.90275898344449,59.503036271681744,56.641237779778486,0.0,0.0,0.0,0.0
2026-09-27,EP902026,39,2026-10-04 00:00:00,7 days 00:00:00,168,19.25,-113.18,988.8,54.3,32.10987727148673,115.38010559338072,132.37992079867175,150.0679951647782,135.49488074741342,51.309966884308224,49.49382199045911,41.16611205579508,45.09030147960131,0.0,0.0,0.0,0.0
2026-09-27,EP902026,39,2026-10-04 06:00:00,7 days 06:00:00,174,19.33,-113.21,989.5,57.5,37.93598343321719,134.20172201529624,174.64737114860583,120.47349236747084,110.0356944426254,82.63935242802934,75.29362524858206,53.35947383763909,63.099431758599984,0.0,0.0,0.0,0.0
2026-09-27,EP902026,39,2026-10-04 12:00:00,7 days 12:00:00,180,19.32,-113.41,986.3,55.5,52.31671974665769,124.5781319903668,145.51094733652954,126.81002592634384,118.95520233840966,64.8277083112755,64.61046602222316,47.87192299599928,48.91639781287593,0.0,0.0,0.0,0.0
2026-09-27,EP902026,39,2026-10-04 18:00:00,7 days 18:00:00,186,19.3,-113.61,982.2,68.3,47.43201545829129,148.72538260081714,149.8639343237011,105.3759617370238,105.46129172135558,71.6691263343078,63.50722035979776,42.07972062719741,58.810232812242106,47.43201545829129,26.45378961139748,19.900268379588,25.379522374237773
2026-09-27,EP902026,39,2026-10-05 00:00:00,8 days 00:00:00,192,19.54,-113.59,978.5,65.0,37.16303497402208,159.4343732269429,170.80289904387982,106.0801726836107,96.94888696132377,62.9432764645648,58.23620427615322,35.62263329494682,48.36579748376917,42.45145379247048,33.85064430789127,23.96098140349024,30.669916700297684
2026-09-27,EP902026,39,2026-10-05 06:00:00,8 days 06:00:00,198,19.66,-113.91,973.7,75.9,28.86700753897052,152.3383635196852,110.26966779610524,99.44073371404596,143.29546933042437,53.21543711145315,42.3222108562042,29.599008100289325,41.90737690796958,28.86700753897052,23.579143201093288,18.475662644993392,23.462630950815026
2026-09-27,EP902026,39,2026-10-05 12:00:00,8 days 12:00:00,204,19.59,-114.59,978.5,71.9,14.23476042509828,108.89366666746848,105.9095582108118,94.93063252732968,112.54666679336805,62.03542292134773,51.57354345411897,48.20725423405901,57.04723304970345,34.18543783248414,29.333409967489427,24.46020136622464,30.447821903169995
2026-09-27,EP902026,39,2026-10-05 18:00:00,8 days 18:00:00,210,19.86,-114.78,978.7,67.8,35.956949461464575,134.22946303886317,134.5193165173113,180.51084498054135,168.10747725737303,77.62688083897376,75.5404395836983,69.58423877014488,73.71389436895358,35.956949461464575,7.172475415865392,4.834822011595395,8.484139857183479
2026-09-27,EP902026,39,2026-10-06 00:00:00,9 days 00:00:00,216,19.9,-114.87,982.9,61.1,53.00295715765365,172.09921317266006,174.02340642199982,130.5984206018913,155.61911794025616,102.02029876647012,86.69469101297008,65.9539535068129,77.84345056294032,0.0,0.0,0.0,0.0
2026-09-27,EP902026,39,2026-10-06 06:00:00,9 days 06:00:00,222,20.26,-115.52,984.9,64.5,40.777168956986,132.16842642589515,134.43465874057702,100.49624491981312,113.62455787793236,60.84676776306837,53.70093276950167,36.6484939030979,46.05403547654993,40.777168956986,27.473076612929702,21.862519970972077,26.489196387893724
2026-09-27,EP902026,39,2026-10-06 12:00:00,9 days 12:00:00,228,20.42,-116.13,982.4,70.6,31.848579920567545,161.34046745914495,126.6747268629531,88.75757184019926,130.26461654666252,71.66217781280164,63.82878719204075,36.79595677114088,53.642763841185,31.848579920567545,25.031074443777754,17.781200889337697,24.76139406911662
2026-09-27,EP902026,39,2026-10-06 18:00:00,9 days 18:00:00,234,20.59,-116.65,978.3,72.9,41.81309194204442,183.24263918157453,125.46785651261644,82.32558265188902,139.5889169961763,68.71195911738295,49.7567183712755,30.358380399051555,60.435041083327405,41.81309194204442,27.620483314953447,19.55320874195391,29.555242129490978
2026-09-27,EP902026,39,2026-10-07 00:00:00,10 days 00:00:00,240,20.92,-117.09,966.4,83.9,24.51485425446849,153.57616421475217,169.54624210965707,144.90438754708003,127.44342707475408,75.71454542786793,67.9663494760938,49.165363700937846,63.24635431539383,48.81069246775089,40.166187689648766,30.46046917499893,39.94117460619189
2026-09-27,EP902026,39,2026-10-07 06:00:00,10 days 06:00:00,246,21.1,-117.71,969.9,79.6,39.866515614766136,186.90029796606683,134.03392458764498,141.7824467698964,196.03476532068143,101.92471488217194,82.77873632018304,67.27487264001215,87.0771352991147,59.304389574494,48.93130655299012,40.52578349379988,49.50991010596788
2026-09-27,EP902026,39,2026-10-07 12:00:00,10 days 12:00:00,252,21.41,-118.18,975.6,72.3,39.543764128899966,200.99424628637348,167.45915216929347,152.7064372330151,170.71047907764978,104.1312288286008,96.60755668678064,73.55689231585166,84.56338291458485,46.602238923275365,39.5307901494142,30.92981897001519,37.903652501982975
2026-09-27,EP902026,39,2026-10-07 18:00:00,10 days 18:00:00,258,21.64,-118.52,978.2,72.0,22.925410615141917,228.93011127031517,218.03227222919415,196.8070545482956,193.9778200277124,125.71450755509612,111.83110541771951,87.52667812006837,104.5564419242702,35.4033907278091,28.11757191879769,22.167507944926143,28.567075696243023
2026-09-27,EP902026,39,2026-10-08 00:00:00,11 days 00:00:00,264,21.91,-119.21,974.6,67.8,18.65896223090872,203.73986938497893,206.17495181919543,136.5135859389552,158.8864918316217,93.8540513482628,85.77017573194482,65.44994558159192,69.65363469584095,43.19716393474231,35.18248518442365,26.50167049644752,33.682335768063496
2026-09-27,EP902026,39,2026-10-08 06:00:00,11 days 06:00:00,270,22.26,-119.36,978.8,68.8,39.54430492574174,196.1574473589341,182.51682979907696,144.57655051880567,151.36586554109635,90.48157065179068,75.73262247958921,53.276940338038784,71.63080278172009,39.54430492574174,22.69892299272442,16.818523457350793,23.53082325123008
2026-09-27,EP902026,39,2026-10-08 12:00:00,11 days 12:00:00,276,22.53,-119.91,981.0,65.8,24.03320232533096,168.21912900985552,166.05781452213597,150.4118258782976,167.34294043397847,91.95183431231985,76.87753737644003,60.55002593063725,72.50592949565925,24.03320232533096,10.66586445462502,7.564650255616003,11.79328572597056
2026-09-27,EP902026,39,2026-10-08 18:00:00,11 days 18:00:00,282,22.89,-120.05,979.9,64.9,47.67980752879054,218.0621652228229,158.8404234175848,129.86682495857346,207.2048011801072,95.42527593102491,63.70485162039266,42.26986448983329,78.71639759139008,47.67980752879054,25.45856453576264,16.811188042442303,29.26698427703939
2026-09-27,EP902026,39,2026-10-09 00:00:00,12 days 00:00:00,288,23.16,-120.45,987.6,56.2,58.718016783203126,157.42774537333258,130.20536232033606,94.30049424802328,134.6220225752316,58.718016783203126,30.579042425122797,20.21480857659231,27.94217526266744,0.0,0.0,0.0,0.0
2026-09-27,EP902026,39,2026-10-09 06:00:00,12 days 06:00:00,294,23.21,-120.72,990.2,57.8,47.751026462722265,207.4577844422448,130.84171582789105,96.25051253088073,181.8292953334393,47.751026462722265,25.146886658373813,10.928645613408802,25.181980003443154,0.0,0.0,0.0,0.0
2026-09-27,EP902026,39,2026-10-09 12:00:00,12 days 12:00:00,300,23.44,-121.22,995.3,36.4,55.46549429455106,143.60583888871992,124.1979400793512,113.82895784940902,125.09725799983508,0.0,0.0,0.0,0.0,0.0,0.0,0.0,0.0
2026-09-27,EP902026,39,2026-10-09 18:00:00,12 days 18:00:00,306,23.57,-121.41,994.3,40.2,89.64971756774327,179.40694298345858,131.4071629736863,137.48974006459272,169.6582710052797,0.0,0.0,0.0,0.0,0.0,0.0,0.0,0.0
2026-09-27,EP902026,39,2026-10-10 00:00:00,13 days 00:00:00,312,23.76,-121.68,998.5,37.7,133.95396316857284,133.95396316857284,21.98268077741081,12.21510594198532,19.438423909032423,0.0,0.0,0.0,0.0,0.0,0.0,0.0,0.0
2026-09-27,EP902026,39,2026-10-10 06:00:00,13 days 06:00:00,318,24.08,-122.13,1001.9,33.4,112.73109367384936,0.0,0.0,0.0,0.0,0.0,0.0,0.0,0.0,0.0,0.0,0.0,0.0
2026-09-27,EP902026,39,2026-10-10 12:00:00,13 days 12:00:00,324,24.2,-122.83,1002.2,35.9,130.18482153536416,130.18482153536416,26.93082687092052,6.664828916496571,35.48819620836278,0.0,0.0,0.0,0.0,0.0,0.0,0.0,0.0
2026-09-27,EP902026,39,2026-10-10 18:00:00,13 days 18:00:00,330,24.69,-122.73,1000.4,37.5,25.92899372896593,31.011741165167837,16.373284823797263,0.0,15.895745725517829,0.0,0.0,0.0,0.0,0.0,0.0,0.0,0.0
2026-09-27,EP902026,39,2026-10-11 00:00:00,14 days 00:00:00,336,24.83,-123.31,998.4,31.3,96.54275269246928,0.0,0.0,0.0,0.0,0.0,0.0,0.0,0.0,0.0,0.0,0.0,0.0
2026-09-27,EP902026,39,2026-10-11 06:00:00,14 days 06:00:00,342,24.53,-123.18,1000.6,29.2,41.41362153235416,0.0,0.0,0.0,0.0,0.0,0.0,0.0,0.0,0.0,0.0,0.0,0.0
2026-09-27,EP902026,39,2026-10-11 12:00:00,14 days 12:00:00,348,24.26,-123.72,1005.5,29.7,90.4015520324268,0.0,0.0,0.0,0.0,0.0,0.0,0.0,0.0,0.0,0.0,0.0,0.0
2026-09-27,EP902026,39,2026-10-11 18:00:00,14 days 18:00:00,354,23.85,-124.26,1004.0,23.1,147.29246645302365,0.0,0.0,0.0,0.0,0.0,0.0,0.0,0.0,0.0,0.0,0.0,0.0
2026-09-27,EP902026,39,2026-10-12 00:00:00,15 days 00:00:00,360,23.13,-124.34,1003.2,25.9,188.07939064950324,0.0,0.0,0.0,0.0,0.0,0.0,0.0,0.0,0.0,0.0,0.0,0.0
2026-09-27,WP252026,39,2026-09-27 00:00:00,0 days 00:00:00,0,24.6,127.6,964.0,89.0,22.0,102.0,121.0,102.0,93.0,,,,,,,,
2026-09-27,WP252026,39,2026-09-27 06:00:00,0 days 06:00:00,6,25.43,128.24,945.2,108.8,24.10108875594085,94.60879658631006,127.11339092032132,81.32190182096679,56.91599209212109,66.29708093382897,80.53654883317085,63.67644962893337,48.03167938222532,44.5655483780987,45.51504402333149,38.80212891916216,35.491478035328726
2026-09-27,WP252026,39,2026-09-27 12:00:00,0 days 12:00:00,12,25.88,128.77,945.8,108.0,5.125675920061894,135.83725106140537,149.27362712721333,155.4079461606766,83.31230705016105,78.19297237335513,98.45900241592835,75.96647226246796,59.06953422236484,52.00933981230219,53.9177486362828,45.54463436232686,41.66272974202957
2026-09-27,WP252026,39,2026-09-27 18:00:00,0 days 18:00:00,18,26.31,129.67,962.5,90.7,37.31247423591549,159.09701749128135,182.7655677947196,145.08960603909213,127.80642293626534,86.71370715224589,101.18307032758594,76.11286914527886,63.94638062648983,43.90113454510299,47.77955283484107,38.780154521859686,37.35905168825752
2026-09-27,WP252026,39,2026-09-28 00:00:00,1 days 00:00:00,24,27.19,130.69,965.9,88.9,29.895888428855628,98.41565007403976,132.82830574377837,118.31859228258868,36.00699638010754,50.27653727310735,78.97520631500699,65.83718613451524,30.18556828919656,25.762671102092213,30.926763667282003,26.841240924776805,20.20931588080157
2026-09-27,WP252026,39,2026-09-28 06:00:00,1 days 06:00:00,30,27.54,131.8,975.8,73.1,19.44232206929785,136.83498093313327,166.51929426849915,155.7730247109874,104.62563121091944,77.07150563762926,102.35158151118404,85.41103743184247,60.20915486317551,58.08358942288119,65.85961376895872,57.75252468031492,47.04516226437099
2026-09-27,WP252026,39,2026-09-28 12:00:00,1 days 12:00:00,36,27.88,132.38,986.6,58.6,24.260875328507492,150.95665580564173,183.72891563414487,134.56886547576005,121.96957492043587,68.82735386057243,71.7581497006936,49.38753915989616,39.67496588967504,0.0,0.0,0.0,0.0
2026-09-27,WP252026,39,2026-09-28 18:00:00,1 days 18:00:00,42,28.18,133.1,980.3,67.1,34.099416703589455,139.37331386617058,166.3723219434853,134.4318033934971,117.43640764513536,54.97713568857366,62.60077495532746,54.57634160654176,39.48705590491407,34.099416703589455,32.22349816978603,28.622909985785316,26.358124688139483
2026-09-27,WP252026,39,2026-09-29 00:00:00,2 days 00:00:00,48,28.9,133.94,990.3,51.5,34.869528706235315,125.9022472788873,128.35533899946478,92.1099148945053,86.4587875266788,52.7784221805762,55.75744034372863,41.68167407701127,37.8494751276433,0.0,0.0,0.0,0.0
2026-09-27,WP252026,39,2026-09-29 06:00:00,2 days 06:00:00,54,29.32,134.73,986.5,47.9,43.02159060115106,173.3582805786976,202.530539962512,170.0979646326526,147.67400909911888,0.0,0.0,0.0,0.0,0.0,0.0,0.0,0.0
2026-09-27,WP252026,39,2026-09-29 12:00:00,2 days 12:00:00,60,29.76,135.31,996.9,40.3,85.00490712828255,16.521282851178405,85.00490712828255,24.3575383473231,23.813730100120708,0.0,0.0,0.0,0.0,0.0,0.0,0.0,0.0
2026-09-27,WP252026,39,2026-09-29 18:00:00,2 days 18:00:00,66,30.24,136.54,999.2,35.2,80.00553179328926,82.15326279895089,87.64706450986341,45.98159234872128,57.83441309291629,0.0,0.0,0.0,0.0,0.0,0.0,0.0,0.0
2026-09-27,WP252026,39,2026-09-30 00:00:00,3 days 00:00:00,72,30.87,137.64,999.8,34.1,124.9529825472815,0.0,124.9529825472815,10.851246897408622,0.0,0.0,0.0,0.0,0.0,0.0,0.0,0.0,0.0
2026-09-27,WP252026,39,2026-09-30 06:00:00,3 days 06:00:00,78,31.54,138.59,997.6,34.0,136.44469214443598,0.0,136.44469214443598,0.0,0.0,0.0,0.0,0.0,0.0,0.0,0.0,0.0,0.0
2026-09-27,WP252026,39,2026-09-30 12:00:00,3 days 12:00:00,84,31.73,139.63,999.3,29.9,87.92348525561124,0.0,0.0,0.0,0.0,0.0,0.0,0.0,0.0,0.0,0.0,0.0,0.0
2026-09-27,WP252026,39,2026-09-30 18:00:00,3 days 18:00:00,90,32.58,140.51,1001.8,22.9,67.9652460513557,0.0,0.0,0.0,0.0,0.0,0.0,0.0,0.0,0.0,0.0,0.0,0.0
2026-09-27,WP252026,39,2026-10-01 00:00:00,4 days 00:00:00,96,33.42,141.22,1001.8,27.8,188.7347024957081,0.0,0.0,0.0,0.0,0.0,0.0,0.0,0.0,0.0,0.0,0.0,0.0
2026-09-27,WP252026,39,2026-10-01 06:00:00,4 days 06:00:00,102,34.78,142.59,1001.5,29.4,103.05162092485624,0.0,0.0,0.0,0.0,0.0,0.0,0.0,0.0,0.0,0.0,0.0,0.0
2026-09-27,WP252026,39,2026-10-01 12:00:00,4 days 12:00:00,108,36.73,145.08,994.9,32.0,108.81605596434451,0.0,0.0,0.0,0.0,0.0,0.0,0.0,0.0,0.0,0.0,0.0,0.0
2026-09-27,AL062026,4,2026-09-27 00:00:00,0 days 00:00:00,0,29.8,-43.9,1010.0,29.0,56.0,0.0,0.0,0.0,0.0,0.0,0.0,0.0,0.0,0.0,0.0,0.0,0.0
2026-09-27,AL062026,4,2026-09-27 06:00:00,0 days 06:00:00,6,29.75,-43.93,1010.4,26.4,30.142696306782767,0.0,0.0,0.0,0.0,0.0,0.0,0.0,0.0,0.0,0.0,0.0,0.0
2026-09-27,AL062026,4,2026-09-27 12:00:00,0 days 12:00:00,12,29.62,-44.59,1008.3,27.8,68.04341098915711,0.0,0.0,0.0,0.0,0.0,0.0,0.0,0.0,0.0,0.0,0.0,0.0
2026-09-27,AL062026,4,2026-09-27 18:00:00,0 days 18:00:00,18,28.75,-43.8,1011.8,25.2,56.34818774735777,0.0,0.0,0.0,0.0,0.0,0.0,0.0,0.0,0.0,0.0,0.0,0.0
2026-09-27,AL062026,4,2026-09-28 00:00:00,1 days 00:00:00,24,28.52,-43.51,1011.1,26.6,45.95564506665945,0.0,0.0,0.0,0.0,0.0,0.0,0.0,0.0,0.0,0.0,0.0,0.0
2026-09-27,AL062026,4,2026-09-28 06:00:00,1 days 06:00:00,30,28.24,-43.51,1007.8,27.1,122.25056778165924,0.0,0.0,0.0,0.0,0.0,0.0,0.0,0.0,0.0,0.0,0.0,0.0
2026-09-27,AL062026,4,2026-09-28 12:00:00,1 days 12:00:00,36,27.33,-44.07,1008.5,32.2,50.848324817863656,0.0,0.0,0.0,0.0,0.0,0.0,0.0,0.0,0.0,0.0,0.0,0.0
2026-09-27,AL062026,4,2026-09-28 18:00:00,1 days 18:00:00,42,26.06,-44.96,1012.5,22.3,126.48254985499231,0.0,0.0,0.0,0.0,0.0,0.0,0.0,0.0,0.0,0.0,0.0,0.0
2026-09-27,AL062026,4,2026-09-29 00:00:00,2 days 00:00:00,48,25.59,-45.64,1009.6,30.3,64.65847202183872,0.0,0.0,0.0,0.0,0.0,0.0,0.0,0.0,0.0,0.0,0.0,0.0
2026-09-27,EP152026,4,2026-09-27 00:00:00,0 days 00:00:00,0,16.7,-156.1,972.0,80.0,37.0,241.0,185.0,185.0,241.0,93.0,74.0,93.0,111.0,56.0,46.0,56.0,56.0
2026-09-27,EP152026,4,2026-09-27 06:00:00,0 days 06:00:00,6,16.35,-156.99,967.3,91.0,35.47338981585972,230.7597799789073,195.59451358084925,169.74735967844208,194.5146402822229,106.44726775246272,81.80110425649013,74.46261026568936,102.60024866958132,56.27025742682872,43.864609942775246,37.62646313979883,51.19975626358337
2026-09-27,EP152026,4,2026-09-27 12:00:00,0 days 12:00:00,12,16.34,-157.67,949.8,107.1,16.430205097704878,194.2747262360629,183.96848020195648,181.68196223499248,204.1321689402361,108.60437743062464,101.0895561497862,91.98879039694054,105.29083338882144,64.82994432709053,55.742762021041536,49.19746525842358,58.13848373126319
2026-09-27,EP152026,4,2026-09-27 18:00:00,0 days 18:00:00,18,16.17,-158.82,941.2,121.8,33.607174769540315,185.3005454595676,145.48987965909066,119.14320205519267,169.77635969055342,93.54689613406028,73.20803368484178,67.82011780875914,92.54146684095667,56.66133574264899,45.244015148701,37.50401676226153,52.48619992069167
2026-09-27,EP152026,4,2026-09-28 00:00:00,1 days 00:00:00,24,16.07,-159.68,955.0,102.1,7.052819484644274,170.87203352705666,113.8090490653946,116.92387955380502,192.51429286096007,94.08090863208623,69.29181994170901,59.02329130160767,98.7584922446788,63.665811159813096,52.614964467316085,42.48807017113266,62.06463894777549
2026-09-27,EP152026,4,2026-09-28 06:00:00,1 days 06:00:00,30,16.67,-160.78,936.0,123.2,10.804992332142264,217.41109497714723,202.3497304747271,161.8943341660227,186.9539017711201,121.05284720401914,104.80040691797436,85.1327653528055,105.66966864736156,63.67332049062309,53.98893548153046,44.568560257585816,55.92385395767329
2026-09-27,EP152026,4,2026-09-28 12:00:00,1 days 12:00:00,36,17.05,-161.7,944.5,124.5,28.81085283792143,206.71535320239428,158.29449736001635,124.0840764486462,169.4564209142561,122.90226005746108,92.07648338811234,75.52799667737526,107.13253324459862,82.8539396401757,65.91877610405638,52.96833514088573,72.70859284139686
2026-09-27,EP152026,4,2026-09-28 18:00:00,1 days 18:00:00,42,17.65,-162.7,938.3,124.0,14.781350014244891,223.86450463745493,194.66765673208107,139.43230740325538,189.6187290662632,113.95084465509078,85.85368154174411,62.22377372383713,92.82893790228198,63.83416314514439,52.18529579074266,39.60658509080726,53.88624068304526
2026-09-27,EP152026,4,2026-09-29 00:00:00,2 days 00:00:00,48,18.42,-163.24,958.6,108.2,5.184925075137016,182.6233185495803,144.7371832945796,113.10438749323998,138.71508291658552,113.3549243708694,92.8054080868933,66.86882595517784,97.46706968274545,63.90133037057126,53.13739761928037,41.44047258118246,54.99950607935512
2026-09-27,EP152026,4,2026-09-29 06:00:00,2 days 06:00:00,54,19.39,-163.39,957.4,103.3,13.4672242016264,198.06953017760665,156.10920197659632,139.60927988753264,158.9913355409961,110.42485043488364,93.50315550564922,65.34268278253565,89.31196251435033,59.59646811628487,49.80977359688576,37.0078649105072,49.752351745804106
2026-09-27,EP152026,4,2026-09-29 12:00:00,2 days 12:00:00,60,20.25,-163.68,969.3,86.0,29.34653114065287,218.68820604169852,204.47552338173023,145.6622025420097,195.22468412037733,129.0208478764573,122.5369341340571,83.78965539404919,102.534133723158,72.0132801867195,64.17409634061437,49.18555831650116,57.860697863632026
2026-09-27,EP152026,4,2026-09-29 18:00:00,2 days 18:00:00,66,20.91,-163.77,975.5,73.1,38.23360418948171,242.4232461528636,203.00535295060925,189.7715333294678,243.2001538049373,135.098792743892,122.7960501408488,100.43486821310478,120.06215989218026,69.38933383009204,64.39242376448803,56.75456066607802,61.59498247063988
2026-09-27,EP152026,4,2026-09-30 00:00:00,3 days 00:00:00,72,22.0,-163.65,988.1,60.5,51.30611703385799,176.785957579313,154.75840953955526,116.8826808654469,141.80365663109353,96.43265736356352,85.72181398638665,67.00879414082091,84.1706553539259,0.0,0.0,0.0,0.0
2026-09-27,EP152026,4,2026-09-30 06:00:00,3 days 06:00:00,78,22.07,-163.55,989.0,56.2,77.21102593519909,295.804061935632,266.3136755745583,210.22983741343864,269.3568572960163,79.84667355970834,67.57228714984076,48.54631292670934,64.7987707204573,0.0,0.0,0.0,0.0
2026-09-27,EP152026,4,2026-09-30 12:00:00,3 days 12:00:00,84,22.07,-163.39,987.8,55.8,84.07165730783613,286.2007649500364,267.5652846847421,233.5926428539425,257.9989801081037,95.42284012022964,85.04339736692432,67.72074721169179,75.75070671320113,0.0,0.0,0.0,0.0
2026-09-27,EP152026,4,2026-09-30 18:00:00,3 days 18:00:00,90,22.1,-163.01,996.6,49.4,85.52500602082445,272.29210877057244,254.62497281123527,250.50769132536865,268.7866187166858,0.0,0.0,0.0,0.0,0.0,0.0,0.0,0.0
2026-09-27,EP152026,4,2026-10-01 00:00:00,4 days 00:00:00,96,22.6,-162.73,995.0,51.7,44.51734127192243,223.2735375559029,195.63697914403468,141.4401979405658,176.09545386717934,44.51734127192243,31.519800618040637,20.248043724554336,32.09181505741076,0.0,0.0,0.0,0.0
2026-09-27,EP152026,4,2026-10-01 06:00:00,4 days 06:00:00,102,23.18,-162.98,988.2,50.6,95.43107480318834,349.0455463372677,262.52499068071967,206.21807356094232,296.3203139178928,95.43107480318834,24.118942337219963,18.08173274947232,43.73092173757976,0.0,0.0,0.0,0.0
2026-09-27,EP152026,4,2026-10-01 12:00:00,4 days 12:00:00,108,23.37,-164.07,984.6,52.5,93.133060911349,213.97901051753263,159.5917271985246,111.6252442920319,159.56484800073218,93.133060911349,31.722464938026683,24.300487017116225,32.34034865104135,0.0,0.0,0.0,0.0
2026-09-27,EP152026,4,2026-10-01 18:00:00,4 days 18:00:00,114,23.28,-164.84,990.7,54.3,81.59077407694755,187.11743273082072,135.79814862153475,132.3845667571021,179.13178572217856,81.59077407694755,34.04432956027839,25.49698530255756,38.84390355363874,0.0,0.0,0.0,0.0
2026-09-27,EP152026,4,2026-10-02 00:00:00,5 days 00:00:00,120,23.37,-165.47,993.6,42.5,74.90603273748525,164.93517700898406,144.66040970661288,126.17908534244724,156.3022913108557,0.0,0.0,0.0,0.0,0.0,0.0,0.0,0.0
2026-09-27,EP152026,4,2026-10-02 06:00:00,5 days 06:00:00,126,23.47,-166.41,989.2,48.4,80.78329824190061,276.269469093728,190.3389174244866,167.6971832065357,272.31755825534566,0.0,0.0,0.0,0.0,0.0,0.0,0.0,0.0
2026-09-27,EP152026,4,2026-10-02 12:00:00,5 days 12:00:00,132,23.72,-167.3,990.5,45.8,86.97830839273612,272.069487926079,234.2175832169725,171.62009621341733,227.32657313845056,0.0,0.0,0.0,0.0,0.0,0.0,0.0,0.0
2026-09-27,EP152026,4,2026-10-02 18:00:00,5 days 18:00:00,138,23.51,-168.05,990.7,51.2,66.60691136260364,210.0999941732669,184.32567401618644,173.33559220289175,204.352430203455,66.60691136260364,6.063686347482459,2.75596725453093,10.230878377996824,0.0,0.0,0.0,0.0
2026-09-27,EP152026,4,2026-10-03 00:00:00,6 days 00:00:00,144,23.65,-169.23,989.4,55.9,41.79390523949674,272.16871547348165,174.21782623641752,146.58481516332796,252.26556355485357,48.2718007572404,27.02959788078519,16.608907762636413,37.73749838209025,0.0,0.0,0.0,0.0
2026-09-27,EP152026,4,2026-10-03 06:00:00,6 days 06:00:00,150,23.86,-170.35,986.2,61.5,44.88706563885374,192.58163765994905,117.17918276330496,90.69174223606842,177.93112258524445,96.41984999014934,60.80593973686664,43.29636838147328,75.53434822654265,0.0,0.0,0.0,0.0
2026-09-27,EP152026,4,2026-10-03 12:00:00,6 days 12:00:00,156,23.73,-172.14,976.2,74.5,18.035254275029388,252.7185363972692,159.83956479117455,127.2209388167014,230.6523568321163,95.52269676967784,70.77333731114834,53.39785686668108,82.11867220050578,42.32176533494726,34.23106035186578,28.314158814222253,35.54876832400828
2026-09-27,EP152026,4,2026-10-03 18:00:00,6 days 18:00:00,162,23.94,-174.08,972.6,87.4,9.986049641309185,242.29789326030425,178.6383578731392,129.7473386688693,221.40919504795107,112.91469544882608,81.08958363657212,58.32446177876218,102.08564956632804,65.97043506037414,52.492856872787584,41.78853420282131,57.604942694080975
2026-09-27,EP152026,4,2026-10-04 00:00:00,7 days 00:00:00,168,24.26,-176.36,983.6,75.4,30.61448774730228,239.7713746280556,169.8959466196849,105.2753538487258,219.99599883557585,103.64404348178248,74.12559639585447,52.80077944601038,94.11325489365773,44.92213890434686,30.716787097342056,23.345478664939417,37.51104602548665
2026-09-27,EP152026,4,2026-10-04 06:00:00,7 days 06:00:00,174,24.07,-178.69,982.0,74.2,7.97237412848925,208.12777250509055,159.5454218612807,121.17614692552912,184.8403319892447,93.70135324307677,68.7773019574039,46.75279880509117,79.38566430396459,32.91119404937324,23.09273017181627,16.223090298749735,28.93230507055821
2026-09-27,EP152026,4,2026-10-04 12:00:00,7 days 12:00:00,180,24.16,179.33,977.3,80.0,20.77223393141852,259.68444858643386,174.8871375316923,137.3160600965257,237.3408782446104,113.66477231273508,80.36655711200778,50.59289544851663,93.52580501343584,38.89310016906467,27.328814983214663,18.64408816662866,32.545457626075205
2026-09-27,EP152026,4,2026-10-04 18:00:00,7 days 18:00:00,186,24.69,177.73,968.2,87.1,13.958404265876766,269.6348702429359,198.1336125974817,81.0715900959849,204.45203750710695,108.89819207646724,64.34252300514163,44.51975812023409,82.741207368799,42.373440698562376,31.724150840170186,24.42901901642045,36.24412609785168
2026-09-27,EP152026,4,2026-10-05 00:00:00,8 days 00:00:00,192,25.34,176.18,973.2,84.0,5.3060573092033625,203.92293787961373,171.03896028566496,147.59123472073662,199.66619897763763,107.5559838789956,79.77756090953157,54.87444978567495,81.86432797581514,48.2904162809684,37.30800542609457,28.024275309490896,38.789997917151794
2026-09-27,EP152026,4,2026-10-05 06:00:00,8 days 06:00:00,198,26.1,175.19,964.9,83.1,0.0,188.3818310881321,154.88019346999994,93.18606875715416,120.49863756003576,87.02168660108305,69.82934839804682,43.061314596170845,66.1657848012101,28.554318227078404,21.779981301054065,14.682498238668504,22.33340030032523
2026-09-27,EP152026,4,2026-10-05 12:00:00,8 days 12:00:00,204,27.32,173.93,984.9,59.5,2.908281736966717,174.27423358638475,151.19697460461526,79.66427739087496,103.25268270815532,49.10266350711333,38.84935536726257,20.579581418238263,29.597859401715738,0.0,0.0,0.0,0.0
2026-09-27,EP152026,4,2026-10-05 18:00:00,8 days 18:00:00,210,28.57,173.46,992.2,53.6,17.364172104947286,173.07864924991787,166.1679428067556,55.61977715711623,91.86373886241964,29.13518672831502,25.559635808916084,5.351607377314736,15.01978175103658,0.0,0.0,0.0,0.0
2026-09-27,EP152026,4,2026-10-06 00:00:00,9 days 00:00:00,216,29.48,173.46,996.8,49.8,64.30923585480286,178.2051781049836,194.6049161817464,121.21855200802564,123.0344908143843,0.0,0.0,0.0,0.0,0.0,0.0,0.0,0.0
2026-09-27,EP152026,4,2026-10-06 06:00:00,9 days 06:00:00,222,30.47,174.52,996.7,49.9,100.37342636061923,240.1102535709062,266.09728819282026,181.02868401159125,181.27831687434264,0.0,0.0,0.0,0.0,0.0,0.0,0.0,0.0
2026-09-27,EP152026,4,2026-10-06 12:00:00,9 days 12:00:00,228,31.79,175.8,998.4,47.4,69.17641948309202,205.33479170069813,223.52108161949687,183.15254928450668,146.30831536446982,0.0,0.0,0.0,0.0,0.0,0.0,0.0,0.0
2026-09-27,EP152026,4,2026-10-06 18:00:00,9 days 18:00:00,234,32.83,178.34,995.0,56.0,88.65677546341738,131.98836674985012,169.14135491070567,117.8024359743572,79.13406499449155,57.70043883708419,88.65677546341738,39.034642333457526,32.09103273002711,0.0,0.0,0.0,0.0
2026-09-27,EP152026,4,2026-10-07 00:00:00,10 days 00:00:00,240,34.83,-178.72,991.6,51.2,23.775761295517214,89.84382302205131,141.88952578757744,115.66780123195484,58.557470191491575,62.556475987786825,82.45472055395157,54.84202761108213,40.58067374469647,0.0,0.0,0.0,0.0
2026-09-27,EP152026,4,2026-10-07 06:00:00,10 days 06:00:00,246,37.08,-176.03,992.0,53.6,73.00407283374179,178.7817125504159,223.7099642819581,174.29749433881494,134.69372104983506,133.6033701325854,143.7210257533333,113.13295417479677,104.4891871689566,0.0,0.0,0.0,0.0
2026-09-27,EP152026,4,2026-10-07 12:00:00,10 days 12:00:00,252,39.12,-172.75,990.9,50.7,123.23784397502246,275.1765690025724,261.20903164288575,178.54456396327467,224.82273328362584,123.23784397502246,32.854139712444365,20.833186306922222,30.1022987257849,0.0,0.0,0.0,0.0
2026-09-27,EP152026,4,2026-10-07 18:00:00,10 days 18:00:00,258,38.93,-173.07,991.8,53.1,121.81649682469704,380.18712059464167,305.3118756973324,241.85012047837503,317.37352972071824,121.81649682469704,0.0,0.0,5.395323496613621,0.0,0.0,0.0,0.0
2026-09-27,EP162026,4,2026-09-27 00:00:00,0 days 00:00:00,0,20.8,-123.6,975.0,76.0,28.0,167.0,167.0,148.0,185.0,93.0,74.0,74.0,93.0,65.0,46.0,37.0,56.0
2026-09-27,EP162026,4,2026-09-27 06:00:00,0 days 06:00:00,6,21.41,-123.33,995.0,56.2,48.97363223360794,165.30180330273564,167.2240194706687,103.90065077348596,132.30848754464495,48.97363223360794,20.079100411369065,7.661513747892263,24.556806306801604,0.0,0.0,0.0,0.0
2026-09-27,EP162026,4,2026-09-27 12:00:00,0 days 12:00:00,12,22.06,-123.16,998.8,44.2,72.85964988853962,131.8624061795495,134.44167371920884,89.99233777953532,112.48225133301248,0.0,0.0,0.0,0.0,0.0,0.0,0.0,0.0
2026-09-27,EP162026,4,2026-09-27 18:00:00,0 days 18:00:00,18,22.61,-123.07,998.2,34.9,79.96161962666264,79.96161962666264,9.27083115277918,0.0,12.587318576035967,0.0,0.0,0.0,0.0,0.0,0.0,0.0,0.0
2026-09-27,EP162026,4,2026-09-28 00:00:00,1 days 00:00:00,24,22.46,-122.91,1001.7,30.9,71.24755487723792,0.0,0.0,0.0,0.0,0.0,0.0,0.0,0.0,0.0,0.0,0.0,0.0
2026-09-27,EP162026,4,2026-09-28 06:00:00,1 days 06:00:00,30,22.44,-122.66,1001.1,30.4,95.4876412921094,0.0,0.0,0.0,0.0,0.0,0.0,0.0,0.0,0.0,0.0,0.0,0.0
2026-09-27,EP162026,4,2026-09-28 12:00:00,1 days 12:00:00,36,22.46,-122.63,1004.9,27.2,93.10343975451268,0.0,0.0,0.0,0.0,0.0,0.0,0.0,0.0,0.0,0.0,0.0,0.0
2026-09-27,EP162026,4,2026-09-28 18:00:00,1 days 18:00:00,42,22.0,-122.32,1004.7,28.7,64.93290111582724,0.0,0.0,0.0,0.0,0.0,0.0,0.0,0.0,0.0,0.0,0.0,0.0
2026-09-27,EP162026,4,2026-09-29 00:00:00,2 days 00:00:00,48,21.3,-121.98,1005.1,20.3,166.08363113686426,0.0,0.0,0.0,0.0,0.0,0.0,0.0,0.0,0.0,0.0,0.0,0.0
2026-09-27,EP162026,4,2026-09-29 06:00:00,2 days 06:00:00,54,20.67,-121.48,1006.1,23.8,125.22684573245216,0.0,0.0,0.0,0.0,0.0,0.0,0.0,0.0,0.0,0.0,0.0,0.0
2026-09-27,EP162026,4,2026-09-29 12:00:00,2 days 12:00:00,60,20.23,-121.34,1008.4,19.8,109.42712106201384,0.0,0.0,0.0,0.0,0.0,0.0,0.0,0.0,0.0,0.0,0.0,0.0
2026-09-27,EP162026,4,2026-09-29 18:00:00,2 days 18:00:00,66,19.81,-120.93,1006.4,23.8,122.96443615214582,0.0,0.0,0.0,0.0,0.0,0.0,0.0,0.0,0.0,0.0,0.0,0.0
2026-09-27,EP162026,4,2026-09-30 00:00:00,3 days 00:00:00,72,19.13,-121.25,1006.3,19.5,58.851790527644894,0.0,0.0,0.0,0.0,0.0,0.0,0.0,0.0,0.0,0.0,0.0,0.0
2026-09-27,EP162026,4,2026-09-30 06:00:00,3 days 06:00:00,78,18.91,-121.29,1005.9,19.3,157.14913911029555,0.0,0.0,0.0,0.0,0.0,0.0,0.0,0.0,0.0,0.0,0.0,0.0
2026-09-27,EP162026,4,2026-09-30 12:00:00,3 days 12:00:00,84,17.53,-123.9,1004.1,23.0,83.8264451909072,0.0,0.0,0.0,0.0,0.0,0.0,0.0,0.0,0.0,0.0,0.0,0.0
2026-09-27,EP172026,4,2026-09-27 00:00:00,0 days 00:00:00,0,19.0,-112.9,946.0,111.0,28.0,259.0,185.0,167.0,185.0,111.0,111.0,93.0,93.0,65.0,65.0,46.0,56.0
2026-09-27,EP172026,4,2026-09-27 06:00:00,0 days 06:00:00,6,19.84,-113.33,940.6,121.2,16.7584978201639,182.44755544569372,203.2031337390199,161.99370807050389,131.13767766080753,99.9608299094534,98.7928272647224,78.55849909192176,80.61739092188654,52.76979066807117,46.69820119398317,38.58535252777863,46.51487369768007
2026-09-27,EP172026,4,2026-09-27 12:00:00,0 days 12:00:00,12,20.59,-113.76,946.1,109.3,13.650197902155952,284.6491687162768,296.5422682003018,209.4098985960738,234.269309718775,145.21079068280358,142.08731526579214,102.76700739423144,112.12139787506804,83.69871498314707,76.74666895867367,60.945896799598216,70.94032937804958
2026-09-27,EP172026,4,2026-09-27 18:00:00,0 days 18:00:00,18,21.37,-114.24,963.0,98.4,27.660268999498957,200.7473151289697,186.5394889123994,143.7700403007662,175.99886382763248,112.08879488166951,93.22958850913945,68.83086030504472,77.06364285531328,57.48708869403754,52.15496722892848,43.27323283175215,46.6963202978323
2026-09-27,EP172026,4,2026-09-28 00:00:00,1 days 00:00:00,24,22.46,-114.31,943.2,121.9,10.507446952343985,171.4049918310332,205.8705569562269,148.53997690179412,133.81300822851182,59.055057663422815,57.70203763222207,43.311574061105176,36.79901314147211,41.60720018438953,37.3986385041148,30.72396102879464,33.32512500269612
2026-09-27,EP172026,4,2026-09-28 06:00:00,1 days 06:00:00,30,23.56,-114.08,944.6,114.5,0.0,188.7285826348707,241.0810984585715,167.31473434690707,147.61467641144534,97.21163494010692,105.06610321416044,75.83970951037244,69.03134373657451,59.56524300878476,60.56795125987834,48.7359663695583,48.50347608971915
2026-09-27,EP172026,4,2026-09-28 12:00:00,1 days 12:00:00,36,24.55,-113.72,961.6,102.9,29.35425611787236,141.13947515481283,174.16932765980926,136.02835693734437,97.73684355662957,94.27169561643449,104.97584743093915,78.50342170510034,68.71600978965185,59.68501341396378,59.73397572269027,46.7693782532678,49.469106030896654
2026-09-27,EP172026,4,2026-09-28 18:00:00,1 days 18:00:00,42,25.44,-113.17,956.1,102.8,0.0,157.76966755706053,178.75348720247348,136.3827195666563,133.54891517667784,65.59044229038636,78.56214995186201,54.77821781943885,46.73712966933908,38.37473856100269,40.02270523862308,33.03728333209688,31.043960170572745
2026-09-27,EP172026,4,2026-09-29 00:00:00,2 days 00:00:00,48,26.04,-112.24,964.7,89.3,20.900991798070493,181.55153168688827,212.5999371151524,153.4051694982748,107.55059350555057,73.82704992499501,78.48947352383107,57.76447382646839,50.80689635020439,56.77278140170472,54.32878584210388,40.67036736460293,44.98844291493148
2026-09-27,EP172026,4,2026-09-29 06:00:00,2 days 06:00:00,54,27.12,-111.54,980.9,70.5,20.37000409569887,129.77157429086094,149.48592557464622,95.74033953521206,100.4955629970304,90.66178399400516,94.2570344305836,57.39913290136965,79.2299963210501,20.594195177680028,16.409590363600216,9.736923614759643,14.393066666013368
2026-09-27,EP172026,4,2026-09-29 12:00:00,2 days 12:00:00,60,29.56,-110.65,995.1,38.2,85.7141101003217,55.86390472763105,85.7141101003217,60.39242853476571,38.28544080814231,0.0,0.0,0.0,0.0,0.0,0.0,0.0,0.0
2026-09-27,EP902026,4,2026-09-27 00:00:00,0 days 00:00:00,0,12.0,-98.6,1008.0,25.0,111.0,0.0,0.0,0.0,0.0,0.0,0.0,0.0,0.0,0.0,0.0,0.0,0.0
2026-09-27,EP902026,4,2026-09-27 06:00:00,0 days 06:00:00,6,12.07,-98.8,1005.9,31.6,104.08473858167962,0.0,0.0,0.0,0.0,0.0,0.0,0.0,0.0,0.0,0.0,0.0,0.0
2026-09-27,EP902026,4,2026-09-27 12:00:00,0 days 12:00:00,12,12.24,-98.6,1003.7,34.6,159.35006977085368,0.0,159.35006977085368,0.0,0.0,0.0,0.0,0.0,0.0,0.0,0.0,0.0,0.0
2026-09-27,EP902026,4,2026-09-27 18:00:00,0 days 18:00:00,18,12.42,-98.94,1003.3,33.1,136.5827615593115,0.0,0.0,0.0,0.0,0.0,0.0,0.0,0.0,0.0,0.0,0.0,0.0
2026-09-27,EP902026,4,2026-09-28 00:00:00,1 days 00:00:00,24,12.57,-99.36,1003.6,33.5,109.19965314412708,0.0,0.0,0.0,0.0,0.0,0.0,0.0,0.0,0.0,0.0,0.0,0.0
2026-09-27,EP902026,4,2026-09-28 06:00:00,1 days 06:00:00,30,12.98,-100.03,1004.8,39.4,92.65821490987042,232.17957452130565,199.2770708373857,144.56829573485732,184.2932190629158,0.0,0.0,0.0,0.0,0.0,0.0,0.0,0.0
2026-09-27,EP902026,4,2026-09-28 12:00:00,1 days 12:00:00,36,13.31,-100.78,999.1,41.3,65.35627401722314,66.0035811799138,59.43903576420905,50.56836711224673,56.92810748069047,0.0,0.0,0.0,0.0,0.0,0.0,0.0,0.0
2026-09-27,EP902026,4,2026-09-28 18:00:00,1 days 18:00:00,42,13.54,-101.85,999.6,45.9,53.97149385011282,170.3528804761144,143.9822471780918,102.69799645894398,135.78822772328223,0.0,0.0,0.0,0.0,0.0,0.0,0.0,0.0
2026-09-27,EP902026,4,2026-09-29 00:00:00,2 days 00:00:00,48,14.22,-102.89,996.4,45.7,112.60688458421686,158.26940048324718,142.58465204844742,78.20112059989881,116.89687971674928,0.0,0.0,0.0,0.0,0.0,0.0,0.0,0.0
2026-09-27,EP902026,4,2026-09-29 06:00:00,2 days 06:00:00,54,14.32,-103.9,997.4,48.8,73.80720240023223,79.72611655378786,69.3825472429621,39.192165873587534,58.82182755954972,0.0,0.0,0.0,0.0,0.0,0.0,0.0,0.0
2026-09-27,EP902026,4,2026-09-29 12:00:00,2 days 12:00:00,60,15.1,-105.0,994.8,51.6,114.32458962646254,294.4305210511756,264.7549591694657,200.36161285728627,240.24947641319568,114.32458962646254,24.981244999289387,16.16564849462572,21.771489668540333,0.0,0.0,0.0,0.0
2026-09-27,EP902026,4,2026-09-29 18:00:00,2 days 18:00:00,66,15.53,-105.83,994.5,48.8,97.81867739450216,287.06989721434707,264.4289109629202,216.06057014451653,253.05681830368644,0.0,0.0,0.0,0.0,0.0,0.0,0.0,0.0
2026-09-27,EP902026,4,2026-09-30 00:00:00,3 days 00:00:00,72,16.15,-106.65,987.6,60.5,45.50494124971733,227.99067965753972,224.06697308721007,159.5270757564706,179.45945710069304,131.33527792183128,113.0227272380818,82.31125839843466,105.21353228032858,0.0,0.0,0.0,0.0
2026-09-27,EP902026,4,2026-09-30 06:00:00,3 days 06:00:00,78,17.01,-107.38,984.0,64.1,47.0459366062783,250.3492686287265,258.77935323575633,197.6473445339129,197.014885690933,137.12929623133488,123.9605214780738,87.13487261991197,112.6916491809164,47.0459366062783,17.31130599739699,11.646880141459684,17.669445964367178
2026-09-27,EP902026,4,2026-09-30 12:00:00,3 days 12:00:00,84,17.6,-107.91,981.2,68.9,38.10553525738861,239.70313817269195,270.8009645350872,182.09250891060745,177.30091301202356,108.11420272602612,95.51033294959204,65.94661086682288,81.76257537556303,40.8734918428265,34.1084806854783,26.9242125265488,33.536274432609346
2026-09-27,EP902026,4,2026-09-30 18:00:00,3 days 18:00:00,90,17.87,-108.54,972.4,80.6,32.09774783532844,201.99947812707356,208.7413368747138,184.64563910791415,198.29970282423392,93.7991727696704,84.59314488765514,68.11711397954608,79.45849988307074,51.131243339593496,45.77568542831908,38.10789815846834,43.764777256753575
2026-09-27,EP902026,4,2026-10-01 00:00:00,4 days 00:00:00,96,18.44,-109.21,965.2,86.2,39.26940476152825,206.5460159198821,227.9794060916388,185.3450482652374,187.674472874462,96.74031077355664,91.02436029317072,76.16580553622418,82.24998892687105,63.540937839201504,57.94094067210925,48.05719633594455,55.75170589051951
2026-09-27,EP902026,4,2026-10-01 06:00:00,4 days 06:00:00,102,18.33,-109.54,963.7,90.4,2.4113792326571115,153.91833441521953,167.40641434552197,150.1085289839172,160.34333837366398,102.95338161632684,94.45064456565284,77.8458522704112,95.62600604060458,51.7660336037691,46.165561786527775,38.039177251827326,46.56601662867331
2026-09-27,EP902026,4,2026-10-01 12:00:00,4 days 12:00:00,108,18.57,-110.06,972.8,79.4,19.565096301884974,148.82390190991282,160.59498766686193,164.2327544552645,155.0297880303042,87.71714580994376,83.63139132492051,74.46722835088167,74.02980628745172,46.195438038027305,42.73978143224781,35.09950130161951,39.54001574999302
2026-09-27,EP902026,4,2026-10-01 18:00:00,4 days 18:00:00,114,18.78,-110.23,976.2,75.7,35.19599144542673,163.22042684008625,200.63194011214276,186.3566891640453,146.46215312223055,73.74445803786546,75.28286182287297,62.15746181377301,63.55257213602283,35.19599144542673,29.439284455594304,26.06892284293761,27.791958111323083
2026-09-27,EP902026,4,2026-10-02 00:00:00,5 days 00:00:00,120,18.9,-110.45,979.5,61.1,26.637759893331,155.29703345700705,171.90795420684722,179.0128642634654,172.40488713834054,89.32501072918484,79.71801690240927,68.39336760589785,74.36960020332408,0.0,0.0,0.0,0.0
2026-09-27,EP902026,4,2026-10-02 06:00:00,5 days 06:00:00,126,18.88,-110.57,986.3,60.4,34.37174136927392,159.66860051899937,155.29944088623452,141.4977615245888,154.2479831607975,62.76804266330291,54.80758573387091,38.32883116985139,43.14839528362268,0.0,0.0,0.0,0.0
2026-09-27,EP902026,4,2026-10-02 12:00:00,5 days 12:00:00,132,18.59,-110.94,993.8,52.7,72.29894875708484,182.18598618163995,200.47099950918027,213.13474878042143,183.9807089009649,72.29894875708484,14.24044703348384,9.671403208147009,9.74590348062248,0.0,0.0,0.0,0.0
2026-09-27,EP902026,4,2026-10-02 18:00:00,5 days 18:00:00,138,18.41,-110.9,993.5,48.3,79.05057569708059,140.23241246993794,148.25588761096293,132.62831359893977,133.5084688216266,0.0,0.0,0.0,0.0,0.0,0.0,0.0,0.0
2026-09-27,EP902026,4,2026-10-03 00:00:00,6 days 00:00:00,144,18.45,-111.05,994.9,47.1,66.99737260640542,97.26178885966874,98.4771762238106,88.11994842043879,98.62992733856302,0.0,0.0,0.0,0.0,0.0,0.0,0.0,0.0
2026-09-27,EP902026,4,2026-10-03 06:00:00,6 days 06:00:00,150,18.73,-111.03,995.9,43.2,35.09387524826353,116.2001861550487,110.68734926646752,88.00581430527734,94.4877205119976,0.0,0.0,0.0,0.0,0.0,0.0,0.0,0.0
2026-09-27,EP902026,4,2026-10-03 12:00:00,6 days 12:00:00,156,18.34,-110.84,991.3,47.6,59.92779540818659,139.12443503402994,139.13913756924657,112.44841128493069,130.42533847860116,0.0,0.0,0.0,0.0,0.0,0.0,0.0,0.0
2026-09-27,EP902026,4,2026-10-03 18:00:00,6 days 18:00:00,162,18.34,-110.97,990.6,55.5,47.463063724281895,151.74448281911873,187.42715626397128,144.67634885544737,118.54701070733036,47.463063724281895,39.369142407616906,23.312716750621583,25.765933898095906,0.0,0.0,0.0,0.0
2026-09-27,EP902026,4,2026-10-04 00:00:00,7 days 00:00:00,168,18.41,-110.95,993.3,48.7,61.68685073369706,145.0720161046678,159.16611697822367,107.16467088117568,120.57793740174318,0.0,0.0,0.0,0.0,0.0,0.0,0.0,0.0
2026-09-27,EP902026,4,2026-10-04 06:00:00,7 days 06:00:00,174,18.6,-110.79,996.3,46.7,85.78073792927466,128.62714517011614,119.85217305689252,101.14346862200809,112.23641631607154,0.0,0.0,0.0,0.0,0.0,0.0,0.0,0.0
2026-09-27,EP902026,4,2026-10-04 12:00:00,7 days 12:00:00,180,19.08,-111.2,992.1,48.6,17.994523514202612,148.94276011793366,144.08077037113273,90.70680062076504,122.69393084440836,0.0,0.0,0.0,0.0,0.0,0.0,0.0,0.0
2026-09-27,EP902026,4,2026-10-04 18:00:00,7 days 18:00:00,186,19.43,-111.79,993.2,47.8,35.41056700228423,163.26151567870903,143.95410737191057,99.08302553468442,109.6761834718922,0.0,0.0,0.0,0.0,0.0,0.0,0.0,0.0
2026-09-27,EP902026,4,2026-10-05 00:00:00,8 days 00:00:00,192,19.61,-112.62,991.9,51.2,53.89762016285663,172.55412279600012,168.647168796418,101.9386028843521,137.8768687955694,53.89762016285663,16.278619129279466,7.287433300812305,14.844754062008626,0.0,0.0,0.0,0.0
2026-09-27,EP902026,4,2026-10-05 06:00:00,8 days 06:00:00,198,19.94,-113.39,991.5,55.1,14.363114303046991,115.18899410450229,120.49402891574265,67.7099018019133,80.8340596720661,51.64246584497822,43.88382057893797,25.29227725602328,36.816601014897614,0.0,0.0,0.0,0.0
2026-09-27,EP902026,4,2026-10-05 12:00:00,8 days 12:00:00,204,20.64,-114.13,994.3,47.7,29.215458263210408,166.8509315525174,154.55663593004203,87.66202112735124,125.8050297489036,0.0,0.0,0.0,0.0,0.0,0.0,0.0,0.0
2026-09-27,EP902026,4,2026-10-05 18:00:00,8 days 18:00:00,210,21.13,-115.23,997.1,48.1,71.41355518018645,182.1428865722837,159.221191931749,99.79229558813996,118.23070495036382,0.0,0.0,0.0,0.0,0.0,0.0,0.0,0.0
2026-09-27,EP902026,4,2026-10-06 00:00:00,9 days 00:00:00,216,21.65,-116.19,990.3,52.3,60.11560154734804,170.90111324112726,131.17872935118476,100.05413116417922,149.1506515144165,60.11560154734804,12.20600199631784,4.626386090242082,13.431010731249838,0.0,0.0,0.0,0.0
2026-09-27,EP902026,4,2026-10-06 06:00:00,9 days 06:00:00,222,22.09,-117.19,993.5,49.0,97.21759280641638,221.07855502521983,179.05718767883306,120.8031531182517,181.82721302480527,0.0,0.0,0.0,0.0,0.0,0.0,0.0,0.0
2026-09-27,EP902026,4,2026-10-06 12:00:00,9 days 12:00:00,228,22.41,-118.3,992.4,50.1,37.53671093781705,154.7074273315818,118.61585189751668,84.18656246992043,134.93048923804997,37.53671093781705,16.239185691883606,9.949572291156912,16.471280302045223,0.0,0.0,0.0,0.0
2026-09-27,EP902026,4,2026-10-06 18:00:00,9 days 18:00:00,234,22.52,-119.23,992.3,48.5,55.498788918278535,223.0652887414243,167.15261058808176,111.40650270444996,174.31634835767943,0.0,0.0,0.0,0.0,0.0,0.0,0.0,0.0
2026-09-27,EP902026,4,2026-10-07 00:00:00,10 days 00:00:00,240,22.82,-120.57,995.2,51.1,85.44562498535834,186.19343458778349,146.42583821716835,95.34764500970778,152.8731487808218,85.44562498535834,0.0,0.0,1.3997270479374038,0.0,0.0,0.0,0.0
2026-09-27,EP902026,4,2026-10-07 06:00:00,10 days 06:00:00,246,22.69,-121.48,991.7,51.2,40.67921911548706,161.24381741861407,112.9779115885342,87.00693529112118,157.4626759198395,40.67921911548706,9.775408114118406,4.24112912610849,11.448927717696506,0.0,0.0,0.0,0.0
2026-09-27,EP902026,4,2026-10-07 12:00:00,10 days 12:00:00,252,22.59,-122.47,992.5,45.9,72.21943969351867,138.2336974833239,107.26536129160866,73.74055834851254,115.75070903748484,0.0,0.0,0.0,0.0,0.0,0.0,0.0,0.0
2026-09-27,EP902026,4,2026-10-07 18:00:00,10 days 18:00:00,258,22.4,-123.03,998.6,42.3,42.74933512105397,79.60102028109432,44.4774697692181,41.27333450108428,72.28791177650787,0.0,0.0,0.0,0.0,0.0,0.0,0.0,0.0
2026-09-27,EP902026,4,2026-10-08 00:00:00,11 days 00:00:00,264,22.37,-123.29,999.3,38.7,57.57909118715112,64.06585745297811,45.67533510675419,42.37440693562358,59.40455662491321,0.0,0.0,0.0,0.0,0.0,0.0,0.0,0.0
2026-09-27,EP902026,4,2026-10-08 06:00:00,11 days 06:00:00,270,22.27,-123.61,1001.8,32.5,94.23149253349622,0.0,0.0,0.0,0.0,0.0,0.0,0.0,0.0,0.0,0.0,0.0,0.0
2026-09-27,EP902026,4,2026-10-08 12:00:00,11 days 12:00:00,276,22.15,-123.62,1004.4,29.1,99.1113965793246,0.0,0.0,0.0,0.0,0.0,0.0,0.0,0.0,0.0,0.0,0.0,0.0
2026-09-27,EP902026,4,2026-10-08 18:00:00,11 days 18:00:00,282,21.93,-123.89,1005.3,23.4,162.8874480421926,0.0,0.0,0.0,0.0,0.0,0.0,0.0,0.0,0.0,0.0,0.0,0.0
2026-09-27,EP902026,4,2026-10-09 00:00:00,12 days 00:00:00,288,21.78,-123.82,1002.5,21.8,66.13902562851563,0.0,0.0,0.0,0.0,0.0,0.0,0.0,0.0,0.0,0.0,0.0,0.0
2026-09-27,EP902026,4,2026-10-09 06:00:00,12 days 06:00:00,294,21.48,-124.12,1006.1,23.1,79.97776198442011,0.0,0.0,0.0,0.0,0.0,0.0,0.0,0.0,0.0,0.0,0.0,0.0
2026-09-27,EP902026,4,2026-10-09 12:00:00,12 days 12:00:00,300,21.48,-123.52,1004.6,23.5,99.82292037161908,0.0,0.0,0.0,0.0,0.0,0.0,0.0,0.0,0.0,0.0,0.0,0.0
2026-09-27,EP902026,4,2026-10-09 18:00:00,12 days 18:00:00,306,21.05,-123.33,1007.1,20.0,148.75056145812982,0.0,0.0,0.0,0.0,0.0,0.0,0.0,0.0,0.0,0.0,0.0,0.0
2026-09-27,EP902026,4,2026-10-10 00:00:00,13 days 00:00:00,312,21.06,-123.22,1006.7,20.6,110.9598617200457,0.0,0.0,0.0,0.0,0.0,0.0,0.0,0.0,0.0,0.0,0.0,0.0
2026-09-27,EP902026,4,2026-10-10 06:00:00,13 days 06:00:00,318,20.67,-123.11,1006.3,18.4,149.98498659010528,0.0,0.0,0.0,0.0,0.0,0.0,0.0,0.0,0.0,0.0,0.0,0.0
2026-09-27,EP902026,4,2026-10-10 12:00:00,13 days 12:00:00,324,20.67,-123.21,1007.3,14.6,116.07210167125294,0.0,0.0,0.0,0.0,0.0,0.0,0.0,0.0,0.0,0.0,0.0,0.0
2026-09-27,EP902026,4,2026-10-10 18:00:00,13 days 18:00:00,330,20.47,-123.42,1008.3,17.7,75.21294129842923,0.0,0.0,0.0,0.0,0.0,0.0,0.0,0.0,0.0,0.0,0.0,0.0
2026-09-27,EP902026,4,2026-10-11 00:00:00,14 days 00:00:00,336,20.24,-123.44,1007.5,15.4,129.8319042919702,0.0,0.0,0.0,0.0,0.0,0.0,0.0,0.0,0.0,0.0,0.0,0.0
2026-09-27,WP252026,4,2026-09-27 00:00:00,0 days 00:00:00,0,24.6,127.6,964.0,89.0,22.0,102.0,121.0,102.0,93.0,,,,,,,,
2026-09-27,WP252026,4,2026-09-27 06:00:00,0 days 06:00:00,6,25.34,128.11,938.8,115.7,16.476853190148773,122.11457198470636,172.51374253381803,139.60302365590115,110.0101649727213,45.40152296345204,70.73461566906975,59.66135044955225,39.94900828978439,44.65261343193842,48.93615792227189,46.57064709656573,37.1352245638315
2026-09-27,WP252026,4,2026-09-27 12:00:00,0 days 12:00:00,12,26.14,128.95,931.4,128.4,17.140776191941043,97.8337295656956,184.8907325968427,155.6792795211275,90.30368539067952,50.2030783280724,59.67043229914326,47.98534201986428,38.41367717957957,41.47349664284705,40.5238412872958,33.640217714248124,35.92431400496395
2026-09-27,WP252026,4,2026-09-27 18:00:00,0 days 18:00:00,18,26.95,129.87,967.5,90.6,9.434990321202315,95.31895769927664,138.19460633626483,93.74376796349482,94.02812342628442,57.14278635519368,66.79104942563639,50.619746129312496,48.63235977045211,39.30349919813947,39.80983549544126,31.82667389833868,31.227236146521964
2026-09-27,WP252026,4,2026-09-28 00:00:00,1 days 00:00:00,24,27.5,130.89,972.2,80.4,21.86608538857542,86.46829349999044,161.7055959260246,154.37446406307976,97.09821721759567,67.32570249012717,88.76435554808118,70.54846980582712,50.92485421802044,24.80552811517645,28.015246113758664,23.7722807350081,18.51282597086145
2026-09-27,WP252026,4,2026-09-28 06:00:00,1 days 06:00:00,30,27.65,131.79,978.5,70.4,43.6559539168195,110.43630371328037,196.980640188348,161.31783120521266,116.32706003835642,57.83332751666816,71.11465587083367,58.174297563638746,44.764675094701865,7.739779140816612,43.6559539168195,11.90720189202248,6.0819027469742135
2026-09-27,WP252026,4,2026-09-28 12:00:00,1 days 12:00:00,36,28.4,133.1,992.3,53.4,28.051478072687985,170.68765666875152,157.06596282206402,104.78299611704796,113.085304418905,36.426249309378775,31.38093383803843,19.126454652832148,26.953220011539784,0.0,0.0,0.0,0.0
2026-09-27,WP252026,4,2026-09-28 18:00:00,1 days 18:00:00,42,28.91,133.81,993.0,50.8,70.9321700398807,119.92369215682412,139.9412816988793,77.34395619966125,89.56553770099595,70.9321700398807,0.0,0.0,0.0,0.0,0.0,0.0,0.0
2026-09-27,WP252026,4,2026-09-29 00:00:00,2 days 00:00:00,48,29.6,134.74,995.8,46.7,77.91315817930042,149.3300231110749,176.67253325301863,108.66956535162991,115.39905546951364,0.0,0.0,0.0,0.0,0.0,0.0,0.0,0.0
2026-09-27,WP252026,4,2026-09-29 06:00:00,2 days 06:00:00,54,30.35,136.03,998.0,40.4,70.23545990350061,36.71851295098001,70.23545990350061,28.64932231204178,31.896211626408917,0.0,0.0,0.0,0.0,0.0,0.0,0.0,0.0
2026-09-27,WP252026,4,2026-09-29 12:00:00,2 days 12:00:00,60,30.94,138.17,1001.2,38.3,88.38513136622879,45.52017966209644,88.38513136622879,24.23428841015154,26.69907965832663,0.0,0.0,0.0,0.0,0.0,0.0,0.0,0.0
2026-09-27,WP252026,4,2026-09-29 18:00:00,2 days 18:00:00,66,31.95,140.0,997.5,45.0,85.20971010477156,83.72748576720338,112.4199192753264,70.37308809018701,48.58101521323668,0.0,0.0,0.0,0.0,0.0,0.0,0.0,0.0
2026-09-27,WP252026,4,2026-09-30 00:00:00,3 days 00:00:00,72,32.93,142.11,996.4,37.6,30.72149232845385,141.74748683523455,162.4458037570472,119.30142930997216,65.95271453656744,0.0,0.0,0.0,0.0,0.0,0.0,0.0,0.0
2026-09-27,WP252026,4,2026-09-30 06:00:00,3 days 06:00:00,78,34.06,144.32,1001.0,37.4,141.82345439461037,330.07257912868323,327.5538456912828,297.37193683574134,290.96613580337976,0.0,0.0,0.0,0.0,0.0,0.0,0.0,0.0
2026-09-27,WP252026,4,2026-09-30 12:00:00,3 days 12:00:00,84,34.61,146.33,993.4,43.0,98.92726237378312,139.5781612423345,183.21641682232752,101.81819497837743,109.73854268271576,0.0,0.0,0.0,0.0,0.0,0.0,0.0,0.0
2026-09-27,WP252026,4,2026-09-30 18:00:00,3 days 18:00:00,90,35.59,148.26,994.0,37.0,113.66969485411956,39.45152088354017,113.66969485411956,14.838526891179026,22.58638792484944,0.0,0.0,0.0,0.0,0.0,0.0,0.0,0.0
2026-09-27,WP252026,4,2026-10-01 00:00:00,4 days 00:00:00,96,36.59,150.07,997.6,37.3,52.22353487392365,59.66243445524515,82.45898054754434,56.00981625907389,28.698898737935,0.0,0.0,0.0,0.0,0.0,0.0,0.0,0.0
2026-09-27,WP252026,4,2026-10-01 06:00:00,4 days 06:00:00,102,37.84,151.66,997.5,32.3,122.92167901748736,0.0,0.0,0.0,0.0,0.0,0.0,0.0,0.0,0.0,0.0,0.0,0.0
2026-09-27,WP252026,4,2026-10-01 12:00:00,4 days 12:00:00,108,38.82,153.07,998.8,35.7,129.9768592159154,129.9768592159154,103.57833400395953,72.81063272643328,63.5561684860069,0.0,0.0,0.0,0.0,0.0,0.0,0.0,0.0
2026-09-27,WP252026,4,2026-10-01 18:00:00,4 days 18:00:00,114,40.24,155.25,999.3,32.3,86.75247581915937,0.0,0.0,0.0,0.0,0.0,0.0,0.0,0.0,0.0,0.0,0.0,0.0
2026-09-27,WP252026,4,2026-10-02 00:00:00,5 days 00:00:00,120,41.55,158.71,998.7,36.3,132.95847805832,90.44554312581248,132.95847805832,67.55775007793318,34.481363248750995,0.0,0.0,0.0,0.0,0.0,0.0,0.0,0.0
2026-09-27,WP252026,4,2026-10-02 06:00:00,5 days 06:00:00,126,42.27,162.84,998.0,36.1,136.0683425966916,53.87436767707765,136.0683425966916,28.16528694503755,6.431627887269954,0.0,0.0,0.0,0.0,0.0,0.0,0.0,0.0
2026-09-27,AL062026,40,2026-09-27 00:00:00,0 days 00:00:00,0,29.8,-43.9,1010.0,29.0,56.0,0.0,0.0,0.0,0.0,0.0,0.0,0.0,0.0,0.0,0.0,0.0,0.0
2026-09-27,AL062026,40,2026-09-27 06:00:00,0 days 06:00:00,6,29.7,-44.04,1011.8,25.2,134.07860398534183,0.0,0.0,0.0,0.0,0.0,0.0,0.0,0.0,0.0,0.0,0.0,0.0
2026-09-27,AL062026,40,2026-09-27 12:00:00,0 days 12:00:00,12,29.76,-44.22,1009.9,26.9,131.5920972089303,0.0,0.0,0.0,0.0,0.0,0.0,0.0,0.0,0.0,0.0,0.0,0.0
2026-09-27,EP152026,40,2026-09-27 00:00:00,0 days 00:00:00,0,16.7,-156.1,972.0,80.0,37.0,241.0,185.0,185.0,241.0,93.0,74.0,93.0,111.0,56.0,46.0,56.0,56.0
2026-09-27,EP152026,40,2026-09-27 06:00:00,0 days 06:00:00,6,16.5,-156.86,966.3,95.1,23.720394638567853,142.57571131835107,122.14031729135868,119.97350519871983,168.81530671951617,75.3302268272147,53.679505765637856,55.23351106209758,77.86302988630895,47.81824808292463,37.538322625368885,33.715855277465145,45.26676534593075
2026-09-27,EP152026,40,2026-09-27 12:00:00,0 days 12:00:00,12,16.27,-157.75,950.1,111.5,25.45494338749557,220.84468816707775,146.27548266371235,152.63759711199873,262.75601611230627,135.6539944849231,107.8684056075126,101.18200762927016,138.0366787511124,74.25414541727318,62.80772683493025,54.9919936906374,69.69999279391894
2026-09-27,EP152026,40,2026-09-27 18:00:00,0 days 18:00:00,18,16.28,-158.6,960.8,104.5,20.041845866401896,134.9376858063418,141.10005590867746,124.01681023866172,136.47022826363337,92.2305996987662,84.1869815651766,78.76495735778155,86.77543266227583,55.92719343256612,46.82255782033209,40.02485774197342,49.71281073980562
2026-09-27,EP152026,40,2026-09-28 00:00:00,1 days 00:00:00,24,15.94,-159.52,954.8,105.2,23.987608495533408,184.4411187513409,164.64652382588338,149.10722393963346,184.8753995211148,101.80176164103686,83.51654024958408,78.52804659691166,96.00506999242248,63.7166581036048,52.744567607224994,44.16546396821092,56.59938354667663
2026-09-27,EP152026,40,2026-09-28 06:00:00,1 days 06:00:00,30,16.14,-160.75,950.0,109.1,24.70276889123105,162.76170981978436,118.30175978487776,105.46406442613778,176.9708802655956,87.95440404512006,53.26636886811261,49.35572124235589,78.81235422560077,51.09279826955263,37.83433193577424,28.980504318503414,45.84090824544308
2026-09-27,EP152026,40,2026-09-28 12:00:00,1 days 12:00:00,36,16.85,-161.62,940.5,126.6,13.65722053374813,188.35241070383324,149.37503490861275,116.7894415060191,174.65827920333055,116.2779882813773,89.04681804036082,75.28756193197918,108.00169846164329,65.89268010099953,52.32406588589615,42.63662379729567,58.32853530234851
2026-09-27,EP152026,40,2026-09-28 18:00:00,1 days 18:00:00,42,17.4,-162.4,947.2,114.7,11.114223694626538,226.94554975357977,180.04040760722586,130.27563670344645,170.01587897807914,104.78284450222684,84.83608021313286,59.76531971406244,87.91840233320269,64.58435548673958,50.596308013768585,36.01552811578917,54.06192372709592
2026-09-27,EP152026,40,2026-09-29 00:00:00,2 days 00:00:00,48,18.29,-163.0,944.2,118.7,14.223707805969347,198.463294159367,190.409580101536,122.5066112062747,143.73469670897947,113.62594375956836,94.70502806102007,65.8922509788053,83.42912212686296,60.22670680599241,53.43170901169517,35.581230312961296,47.82910442511388
2026-09-27,EP152026,40,2026-09-29 06:00:00,2 days 06:00:00,54,19.12,-163.39,954.3,106.2,24.001753187094536,217.71560966223467,179.38283478283807,131.34970430447504,182.79270483842728,116.4813884866572,93.9607025021408,69.0475929877949,99.92154515833928,55.99180754355265,46.105681729153495,33.56326370291719,48.841827901813616
2026-09-27,EP152026,40,2026-09-29 12:00:00,2 days 12:00:00,60,20.05,-163.72,969.8,86.1,13.98433610506929,199.11227936887408,171.8769848749913,101.89938831347312,135.88885235953347,80.11831938794211,69.88019464796977,34.007495614475594,61.23857883941098,34.72192772507875,26.0207630284302,17.085392842084232,25.251713430346072
2026-09-27,EP152026,40,2026-09-29 18:00:00,2 days 18:00:00,66,21.02,-163.71,971.9,86.1,47.17136101433516,237.9890193025697,172.006009961862,122.57060143432,200.51295049169173,112.90948458930256,101.94855109701764,66.72715594673224,96.58832337987197,65.21453777264995,56.43530493108571,40.52797581822794,52.88421094987763
2026-09-27,EP152026,40,2026-09-30 00:00:00,3 days 00:00:00,72,21.92,-163.5,981.3,71.9,52.02033436568442,279.7814189078792,249.21701220411703,167.79073859514665,233.00632482827316,138.17684459192287,129.12880625107942,96.27238886301654,120.15840427097726,92.43327383968996,88.16093184826036,70.85950706829573,78.4407441382375
2026-09-27,EP152026,40,2026-09-30 06:00:00,3 days 06:00:00,78,22.54,-163.04,978.7,86.6,50.53310909583087,222.1366140251396,177.39539284798582,146.8224272559769,188.97767017242336,101.5257207701452,82.38630521633138,60.40681859429188,84.94564642831216,68.78392599309873,62.51141006641947,45.89280106529759,55.84422918211629
2026-09-27,EP152026,40,2026-09-30 12:00:00,3 days 12:00:00,84,23.02,-162.64,988.9,57.4,44.988893798043065,267.4817237264129,205.5788684899581,165.04437093176796,232.2925721755534,69.44828164462228,57.49918795297138,42.34563147045003,59.16393532592451,0.0,0.0,0.0,0.0
2026-09-27,EP152026,40,2026-09-30 18:00:00,3 days 18:00:00,90,22.9,-162.61,990.5,54.9,66.1034596927077,190.17817041751232,152.85520865570015,110.9126822844189,160.50353101559995,66.1034596927077,41.61323919412405,27.003548372564296,39.50257863238585,0.0,0.0,0.0,0.0
2026-09-27,EP152026,40,2026-10-01 00:00:00,4 days 00:00:00,96,23.25,-162.6,992.4,50.6,78.62430867014089,314.718029898382,243.2750371710257,202.98071080987225,274.62504293420386,11.764039735726456,3.945286549069445,5.049965743422337,78.62430867014089,0.0,0.0,0.0,0.0
2026-09-27,EP152026,40,2026-10-01 06:00:00,4 days 06:00:00,102,23.8,-162.92,994.7,41.8,127.36994674741808,305.2730997807539,247.37100215870964,198.8346435797316,257.41700835305573,0.0,0.0,0.0,0.0,0.0,0.0,0.0,0.0
2026-09-27,EP152026,40,2026-10-01 12:00:00,4 days 12:00:00,108,24.38,-164.0,994.5,41.2,98.94906910227095,177.06575874888682,134.85012022072954,97.48911617764844,138.221445702855,0.0,0.0,0.0,0.0,0.0,0.0,0.0,0.0
2026-09-27,EP152026,40,2026-10-01 18:00:00,4 days 18:00:00,114,24.51,-164.51,1004.9,33.3,46.8893843323232,0.0,0.0,0.0,0.0,0.0,0.0,0.0,0.0,0.0,0.0,0.0,0.0
2026-09-27,EP152026,40,2026-10-02 00:00:00,5 days 00:00:00,120,25.07,-165.34,995.8,36.1,94.65689633115556,194.016798921269,159.54436526050893,111.6937730692044,143.69670761059018,0.0,0.0,0.0,0.0,0.0,0.0,0.0,0.0
2026-09-27,EP152026,40,2026-10-02 06:00:00,5 days 06:00:00,126,25.45,-165.64,992.4,41.9,143.22514098909892,143.22514098909892,96.39454604746668,55.5646632060513,79.8981004794217,0.0,0.0,0.0,0.0,0.0,0.0,0.0,0.0
2026-09-27,EP152026,40,2026-10-02 12:00:00,5 days 12:00:00,132,25.71,-165.88,994.0,37.5,144.09071267383666,93.9998140900962,144.09071267383666,74.99379522364013,60.076759242580025,0.0,0.0,0.0,0.0,0.0,0.0,0.0,0.0
2026-09-27,EP152026,40,2026-10-02 18:00:00,5 days 18:00:00,138,25.83,-165.92,994.6,42.1,126.02528946139913,192.7872407769358,176.13363123859398,173.54200076844415,188.78094319426,0.0,0.0,0.0,0.0,0.0,0.0,0.0,0.0
2026-09-27,EP152026,40,2026-10-03 00:00:00,6 days 00:00:00,144,25.84,-166.5,987.4,41.2,65.06371472272285,216.5324336395768,178.19827159556434,162.38632339054084,189.58920315729185,0.0,0.0,0.0,0.0,0.0,0.0,0.0,0.0
2026-09-27,EP152026,40,2026-10-03 06:00:00,6 days 06:00:00,150,25.39,-166.6,997.5,36.6,76.88921745130133,4.677522305396238,76.88921745130133,17.60854564704892,18.63224286868656,0.0,0.0,0.0,0.0,0.0,0.0,0.0,0.0
2026-09-27,EP152026,40,2026-10-03 12:00:00,6 days 12:00:00,156,25.3,-167.53,998.7,39.0,63.1349658630332,144.05215144659888,111.31475427400532,98.16475874082272,137.14147821475092,0.0,0.0,0.0,0.0,0.0,0.0,0.0,0.0
2026-09-27,EP152026,40,2026-10-03 18:00:00,6 days 18:00:00,162,25.0,-168.62,996.9,33.9,51.95564880233609,0.0,0.0,0.0,0.0,0.0,0.0,0.0,0.0,0.0,0.0,0.0,0.0
2026-09-27,EP152026,40,2026-10-04 00:00:00,7 days 00:00:00,168,24.36,-169.88,999.3,35.3,54.76932839283085,121.16598850478796,90.831533779184,71.1216947173464,88.07711341667576,0.0,0.0,0.0,0.0,0.0,0.0,0.0,0.0
2026-09-27,EP152026,40,2026-10-04 06:00:00,7 days 06:00:00,174,24.23,-171.37,1000.2,39.5,69.15234632852835,206.64667251511528,158.0942544435757,118.56724348428152,192.61685619611055,0.0,0.0,0.0,0.0,0.0,0.0,0.0,0.0
2026-09-27,EP152026,40,2026-10-04 12:00:00,7 days 12:00:00,180,24.5,-173.19,999.1,44.3,61.2062852728627,179.97352452850538,101.98634144367026,51.48035982338477,141.1800489992652,0.0,0.0,0.0,0.0,0.0,0.0,0.0,0.0
2026-09-27,EP152026,40,2026-10-04 18:00:00,7 days 18:00:00,186,24.93,-175.04,994.5,51.0,51.78374013184483,156.35493373990147,89.04099591851786,26.8634089508595,128.86867680332583,51.78374013184483,4.978487862534891,0.0,10.330544460033034,0.0,0.0,0.0,0.0
2026-09-27,EP152026,40,2026-10-05 00:00:00,8 days 00:00:00,192,25.28,-176.93,994.0,51.4,34.24429583842591,184.94147394840056,111.39122862349068,70.79967462099782,157.12252419121944,42.08384713831859,26.91049433512293,9.751802756025777,27.3652053881294,0.0,0.0,0.0,0.0
2026-09-27,EP152026,40,2026-10-05 06:00:00,8 days 06:00:00,198,25.57,-178.55,990.5,60.0,8.15825679945603,108.957525232256,82.0497426268654,51.079948913916326,93.85516048168844,59.44907976246765,46.23921538928241,27.344014473035067,44.80558544710183,0.0,0.0,0.0,0.0
2026-09-27,EP152026,40,2026-10-05 12:00:00,8 days 12:00:00,204,25.89,-179.72,991.7,52.3,23.67429476400134,140.43894370095558,94.67085173861057,39.657549364392864,112.160689671499,36.008891028398416,20.35267036360788,5.793478593341627,21.488513798489716,0.0,0.0,0.0,0.0
2026-09-27,EP152026,40,2026-10-05 18:00:00,8 days 18:00:00,210,26.06,179.28,993.6,48.8,47.5972576462092,185.48880941730525,116.20471939255096,60.99038830971536,144.62969317173642,0.0,0.0,0.0,0.0,0.0,0.0,0.0,0.0
2026-09-27,EP152026,40,2026-10-06 00:00:00,9 days 00:00:00,216,26.04,177.94,993.5,55.3,45.34182420333212,175.82887488042184,140.1006245347824,65.47218769164093,143.22058756690123,45.34182420333212,6.872467064862802,1.1927472102860823,8.415297550177195,0.0,0.0,0.0,0.0
2026-09-27,EP152026,40,2026-10-06 06:00:00,9 days 06:00:00,222,25.86,176.84,999.9,45.8,71.2123492899241,148.94415943364768,92.71239653278896,66.2346128028465,127.17288801483596,0.0,0.0,0.0,0.0,0.0,0.0,0.0,0.0
2026-09-27,EP152026,40,2026-10-06 12:00:00,9 days 12:00:00,228,25.51,175.47,1002.3,41.1,80.4624189889615,80.4624189889615,39.67321261849182,6.79989338653386,56.86623150603599,0.0,0.0,0.0,0.0,0.0,0.0,0.0,0.0
2026-09-27,EP152026,40,2026-10-06 18:00:00,9 days 18:00:00,234,25.54,174.1,1004.2,35.8,106.02539106572245,106.02539106572245,50.3944378648948,35.41856719655276,91.84815154698332,0.0,0.0,0.0,0.0,0.0,0.0,0.0,0.0
2026-09-27,EP152026,40,2026-10-07 00:00:00,10 days 00:00:00,240,25.1,172.33,1007.7,26.1,98.92881951576148,0.0,0.0,0.0,0.0,0.0,0.0,0.0,0.0,0.0,0.0,0.0,0.0
2026-09-27,EP152026,40,2026-10-07 06:00:00,10 days 06:00:00,246,24.53,170.66,1006.7,23.2,86.39603127524242,0.0,0.0,0.0,0.0,0.0,0.0,0.0,0.0,0.0,0.0,0.0,0.0
2026-09-27,EP162026,40,2026-09-27 00:00:00,0 days 00:00:00,0,20.8,-123.6,975.0,76.0,28.0,167.0,167.0,148.0,185.0,93.0,74.0,74.0,93.0,65.0,46.0,37.0,56.0
2026-09-27,EP162026,40,2026-09-27 06:00:00,0 days 06:00:00,6,21.68,-123.29,983.2,65.8,29.51668748574108,167.91584492371643,135.43116247518526,127.10136857987273,130.05821025976866,81.95556777124844,76.4488754290453,59.58175569103688,72.48767920782045,29.51668748574108,6.118438522831959,3.1878473955631588,6.087469006506073
2026-09-27,EP162026,40,2026-09-27 12:00:00,0 days 12:00:00,12,22.31,-123.31,998.0,43.1,31.801721970625223,168.29120404319733,117.9887151639702,87.50113060048291,134.97054393478078,0.0,0.0,0.0,0.0,0.0,0.0,0.0,0.0
2026-09-27,EP162026,40,2026-09-27 18:00:00,0 days 18:00:00,18,22.47,-123.15,1000.2,34.4,51.70182688062488,51.70182688062488,32.599061658379384,17.347804686671978,33.6451675233864,0.0,0.0,0.0,0.0,0.0,0.0,0.0,0.0
2026-09-27,EP162026,40,2026-09-28 00:00:00,1 days 00:00:00,24,22.66,-123.31,1001.7,31.5,45.505807050677134,0.0,0.0,0.0,0.0,0.0,0.0,0.0,0.0,0.0,0.0,0.0,0.0
2026-09-27,EP162026,40,2026-09-28 06:00:00,1 days 06:00:00,30,22.92,-123.01,1001.1,28.0,54.18712552637405,0.0,0.0,0.0,0.0,0.0,0.0,0.0,0.0,0.0,0.0,0.0,0.0
2026-09-27,EP162026,40,2026-09-28 12:00:00,1 days 12:00:00,36,22.91,-123.06,1001.9,28.3,82.15906215079343,0.0,0.0,0.0,0.0,0.0,0.0,0.0,0.0,0.0,0.0,0.0,0.0
2026-09-27,EP162026,40,2026-09-28 18:00:00,1 days 18:00:00,42,22.5,-122.88,1003.5,25.1,112.49693770782696,0.0,0.0,0.0,0.0,0.0,0.0,0.0,0.0,0.0,0.0,0.0,0.0
2026-09-27,EP162026,40,2026-09-29 00:00:00,2 days 00:00:00,48,22.12,-122.61,1004.1,25.3,96.01970064186868,0.0,0.0,0.0,0.0,0.0,0.0,0.0,0.0,0.0,0.0,0.0,0.0
2026-09-27,EP162026,40,2026-09-29 06:00:00,2 days 06:00:00,54,21.27,-122.52,1007.9,21.7,136.19568023545023,0.0,0.0,0.0,0.0,0.0,0.0,0.0,0.0,0.0,0.0,0.0,0.0
2026-09-27,EP162026,40,2026-09-29 12:00:00,2 days 12:00:00,60,20.43,-122.89,1006.2,19.6,82.39520961970413,0.0,0.0,0.0,0.0,0.0,0.0,0.0,0.0,0.0,0.0,0.0,0.0
2026-09-27,EP162026,40,2026-09-29 18:00:00,2 days 18:00:00,66,19.81,-122.96,1005.7,14.7,153.25888744505403,0.0,0.0,0.0,0.0,0.0,0.0,0.0,0.0,0.0,0.0,0.0,0.0
2026-09-27,EP172026,40,2026-09-27 00:00:00,0 days 00:00:00,0,19.0,-112.9,946.0,111.0,28.0,259.0,185.0,167.0,185.0,111.0,111.0,93.0,93.0,65.0,65.0,46.0,56.0
2026-09-27,EP172026,40,2026-09-27 06:00:00,0 days 06:00:00,6,19.91,-113.28,946.8,116.0,43.43294218314305,185.504769881576,183.6193757845039,136.11277827810477,122.75802309948315,89.83768109184719,90.96689874518692,70.25034967925833,70.2893743668657,63.90606981277902,57.62059244028313,45.181992692150025,52.45561687371833
2026-09-27,EP172026,40,2026-09-27 12:00:00,0 days 12:00:00,12,21.0,-113.99,935.6,129.5,24.58578898987578,190.0731291193844,202.25442152044576,153.25601929239008,153.5449254918358,103.9162463586741,102.1882321332734,76.5164952983985,90.15998786204024,72.60602527346947,62.74004409948486,49.19686919950395,61.04449982307095
2026-09-27,EP172026,40,2026-09-27 18:00:00,0 days 18:00:00,18,21.83,-114.17,945.5,120.1,25.49821211267309,126.01209060734814,172.9501384446033,126.11491339187556,76.36917525626183,74.01746910723185,80.64221394856402,58.925704933252064,57.46487472811006,56.6426413485458,51.40007478443918,37.779874172610434,45.241331127303255
2026-09-27,EP172026,40,2026-09-28 00:00:00,1 days 00:00:00,24,22.82,-114.12,937.9,121.1,29.07685427634135,169.33089589136767,199.3923336142722,144.3251152481987,124.54554186996988,97.26726483594922,112.88865739408313,87.67536482977408,82.53648768239336,58.89902941425884,56.568419692268826,46.0853638578022,49.79027764514885
2026-09-27,EP172026,40,2026-09-28 06:00:00,1 days 06:00:00,30,23.87,-114.05,948.0,107.4,35.92341742806825,185.46114720922304,189.47875519284264,152.52558477850624,144.11275751176612,102.1809613575766,112.62917672817387,87.23935215071009,77.30406022415936,70.65233058119092,66.90253476627552,52.24258186394761,53.563476029052765
2026-09-27,EP172026,40,2026-09-28 12:00:00,1 days 12:00:00,36,24.56,-113.59,955.5,96.1,54.81777641030425,124.71021552095353,117.02098869619864,125.8297389491416,98.06780473719802,73.91895342846172,82.45444512309943,60.929124658943,60.7142336134605,54.81777641030425,46.39126769132873,35.71937077108607,39.94999410076147
2026-09-27,EP172026,40,2026-09-28 18:00:00,1 days 18:00:00,42,25.43,-113.1,967.5,87.3,23.392928470477344,180.95620703537537,198.35285303262145,135.18872533420807,131.75771046786366,62.02789640973172,79.20301944625969,60.32590397495139,42.91472709210013,51.47553894571533,52.21047965687456,44.60982245755668,39.92741164466766
2026-09-27,EP172026,40,2026-09-29 00:00:00,2 days 00:00:00,48,26.14,-112.13,977.3,70.7,23.049680197477045,126.6979291406306,140.8298980220143,70.89776201298494,53.71329041520488,49.44780447965967,60.75586716645291,38.20280304975877,23.535718219422307,32.78241297855473,32.1637350496585,25.49727798153574,23.535718219422307
2026-09-27,EP172026,40,2026-09-29 06:00:00,2 days 06:00:00,54,27.36,-111.25,982.4,57.9,8.648697335933463,181.58319092559384,162.2939731535886,93.4395265964242,103.69308613629138,85.76880365907215,88.02281702628673,55.44357574504857,58.97335642931751,0.0,0.0,0.0,0.0
2026-09-27,EP172026,40,2026-09-29 12:00:00,2 days 12:00:00,60,28.61,-110.54,993.7,34.3,53.260496710384224,61.51757196696649,50.456269131498544,33.86873501664398,9.21686211598365,0.0,0.0,0.0,0.0,0.0,0.0,0.0,0.0
2026-09-27,EP902026,40,2026-09-27 00:00:00,0 days 00:00:00,0,12.0,-98.6,1008.0,25.0,111.0,0.0,0.0,0.0,0.0,0.0,0.0,0.0,0.0,0.0,0.0,0.0,0.0
2026-09-27,EP902026,40,2026-09-27 06:00:00,0 days 06:00:00,6,11.71,-98.33,1005.8,28.6,94.6658195408394,0.0,0.0,0.0,0.0,0.0,0.0,0.0,0.0,0.0,0.0,0.0,0.0
2026-09-27,EP902026,40,2026-09-27 12:00:00,0 days 12:00:00,12,11.82,-98.72,1005.0,31.4,154.42392756596337,0.0,0.0,0.0,0.0,0.0,0.0,0.0,0.0,0.0,0.0,0.0,0.0
2026-09-27,EP902026,40,2026-09-27 18:00:00,0 days 18:00:00,18,12.12,-99.08,1004.0,33.3,143.15092849774538,0.0,0.0,0.0,0.0,0.0,0.0,0.0,0.0,0.0,0.0,0.0,0.0
2026-09-27,EP902026,40,2026-09-28 00:00:00,1 days 00:00:00,24,12.32,-99.4,1003.4,36.5,109.46349377517092,109.46349377517092,0.0,0.0,0.0,0.0,0.0,0.0,0.0,0.0,0.0,0.0,0.0
2026-09-27,EP902026,40,2026-09-28 06:00:00,1 days 06:00:00,30,12.77,-99.99,1002.9,31.3,167.376206613867,0.0,0.0,0.0,0.0,0.0,0.0,0.0,0.0,0.0,0.0,0.0,0.0
2026-09-27,EP902026,40,2026-09-28 12:00:00,1 days 12:00:00,36,12.85,-100.6,1002.8,34.3,100.56511536008097,100.56511536008097,22.90811169564343,19.09370102104872,12.73684131370192,0.0,0.0,0.0,0.0,0.0,0.0,0.0,0.0
2026-09-27,EP902026,40,2026-09-28 18:00:00,1 days 18:00:00,42,13.29,-101.75,1003.0,37.3,85.80419740847378,180.6291642385073,175.60047193149683,129.43902252840718,150.01297419067038,0.0,0.0,0.0,0.0,0.0,0.0,0.0,0.0
2026-09-27,EP902026,40,2026-09-29 00:00:00,2 days 00:00:00,48,13.83,-102.75,1000.9,37.9,121.3626913100726,279.94810746029543,251.7403992416365,203.28022439712944,233.3318003328795,0.0,0.0,0.0,0.0,0.0,0.0,0.0,0.0
2026-09-27,EP902026,40,2026-09-29 06:00:00,2 days 06:00:00,54,14.83,-103.46,999.0,45.3,137.1205902140349,191.14320080172288,170.72693149002805,118.95514185199158,149.96435072140116,0.0,0.0,0.0,0.0,0.0,0.0,0.0,0.0
2026-09-27,EP902026,40,2026-09-29 12:00:00,2 days 12:00:00,60,15.21,-104.55,997.5,40.5,138.167833627218,73.07255412134796,138.167833627218,36.93218663792466,43.875188817647775,0.0,0.0,0.0,0.0,0.0,0.0,0.0,0.0
2026-09-27,EP902026,40,2026-09-29 18:00:00,2 days 18:00:00,66,16.2,-105.71,996.9,43.3,90.37145332015255,185.45179507819572,185.17464595676384,135.70160854256812,156.2590367361401,0.0,0.0,0.0,0.0,0.0,0.0,0.0,0.0
2026-09-27,EP902026,40,2026-09-30 00:00:00,3 days 00:00:00,72,16.94,-106.15,998.2,42.3,88.29701415910193,154.45174622939714,160.42737584642418,119.60380584288586,143.15276912116067,0.0,0.0,0.0,0.0,0.0,0.0,0.0,0.0
2026-09-27,EP902026,40,2026-09-30 06:00:00,3 days 06:00:00,78,17.67,-106.99,989.9,56.8,75.65470326674699,174.4014710428312,167.28276868960052,117.4993778191432,130.1869989350111,75.65470326674699,42.20763997413937,29.401677390259408,32.39677186674875,0.0,0.0,0.0,0.0
2026-09-27,EP902026,40,2026-09-30 12:00:00,3 days 12:00:00,84,18.01,-107.52,986.1,70.0,19.097121208117137,187.30885466017136,185.8350579997081,161.3266177643859,153.17234274055173,102.33079709816992,93.98192952264696,69.53833980787384,82.09337964581376,32.966750266281295,27.354030743875114,20.123553032242647,25.81536301896895
2026-09-27,EP902026,40,2026-09-30 18:00:00,3 days 18:00:00,90,18.19,-108.03,972.1,81.4,45.74089447136335,170.6798178788253,184.39452640615264,118.2656025750075,111.56825083093736,86.87954389535697,76.28619820108182,43.381899331764046,60.76288209676665,45.74089447136335,33.66101882804804,23.13270281601128,30.181509694654544
2026-09-27,EP902026,40,2026-10-01 00:00:00,4 days 00:00:00,96,18.82,-108.48,977.8,80.0,32.04964501069442,134.73345977858196,161.77773890340927,114.13304775141592,108.5748786650156,66.58916488997338,60.81168416394538,40.69495683178425,46.36878256243171,40.727750686978005,34.496568775753566,26.76997999754893,32.60613579446157
2026-09-27,EP902026,40,2026-10-01 06:00:00,4 days 06:00:00,102,18.97,-108.78,977.4,78.9,15.168115999322566,153.36307299186203,179.668413493294,165.35120668250897,136.17971537719922,85.58091140225184,83.48670320788443,72.67854005513007,76.01738190071524,53.00517318095396,45.59868592817202,40.092144534604245,45.255095595752266
2026-09-27,EP902026,40,2026-10-01 12:00:00,4 days 12:00:00,108,19.1,-108.98,977.4,77.1,25.197948370991263,144.50642997690616,141.96693648692352,130.5411074621186,128.84396099969257,79.11307142884002,74.41099271808648,60.36900666258482,71.79428355111692,48.62351346343301,41.57114356509196,34.61646394724711,41.31022770366994
2026-09-27,EP902026,40,2026-10-01 18:00:00,4 days 18:00:00,114,19.07,-109.33,977.3,75.8,37.874012177905264,136.76838211195107,135.384836629953,139.13233357653567,125.39196511762516,72.10289884340145,68.33602644702471,62.80755920529198,66.75604318711424,50.35697168647649,46.130579237056295,38.68996328362307,42.16136275505448
2026-09-27,EP902026,40,2026-10-02 00:00:00,5 days 00:00:00,120,18.97,-109.51,982.3,69.6,33.49302449445676,154.19913823269872,202.9733662230877,171.14175331748615,153.9937040638659,92.61256213920112,95.06098424495364,72.77399932146477,72.74529746982527,25.0730864512841,33.49302449445676,19.01155593537074,19.702155453354514
2026-09-27,EP902026,40,2026-10-02 06:00:00,5 days 06:00:00,126,19.44,-109.36,978.6,66.7,55.44970682759076,114.16723412547248,174.4000042691493,155.8990287441099,108.84373231504344,71.14134289499869,76.02688531514133,63.6336676330818,56.46047366924728,55.44970682759076,17.05117722532723,14.526315297297892,13.711987484207526
2026-09-27,EP902026,40,2026-10-02 12:00:00,5 days 12:00:00,132,19.6,-109.39,983.1,60.3,55.18059434014839,93.71353472417763,138.92980861943096,122.18470579158736,86.52208961269784,60.83771982104122,60.52993778085661,43.39661783499906,45.254444587775566,0.0,0.0,0.0,0.0
2026-09-27,EP902026,40,2026-10-02 18:00:00,5 days 18:00:00,138,19.54,-109.46,991.2,47.7,71.68487146277096,183.7827663021133,169.05930864526596,173.01506923905677,160.74357425600442,0.0,0.0,0.0,0.0,0.0,0.0,0.0,0.0
2026-09-27,EP902026,40,2026-10-03 00:00:00,6 days 00:00:00,144,19.74,-109.53,988.6,51.3,49.03362157206878,98.40110019507593,112.31800117014572,99.22494805972778,89.7335949516999,49.03362157206878,18.07917827470118,14.35489631521943,12.978941874210248,0.0,0.0,0.0,0.0
2026-09-27,EP902026,40,2026-10-03 06:00:00,6 days 06:00:00,150,19.56,-109.82,989.1,56.8,59.14939811369494,141.4189145914915,155.94090036101196,124.0747980632612,125.40281624082974,59.14939811369494,33.750025375182936,24.02830613800645,25.288750869697765,0.0,0.0,0.0,0.0
2026-09-27,EP902026,40,2026-10-03 12:00:00,6 days 12:00:00,156,19.69,-110.1,966.9,82.0,38.75817198206949,242.49370074185435,249.4656643303274,257.23028208147844,267.0658990823722,144.9847920730649,142.90925435644203,147.11184958357467,148.95259489476848,86.713277635042,83.93430807574646,79.36044398164768,80.82533235201572
2026-09-27,EP902026,40,2026-10-03 18:00:00,6 days 18:00:00,162,19.85,-110.64,986.6,60.0,40.80705295380852,197.45696671848177,173.9670002253653,122.69080765132804,146.13873666464747,78.63014634472418,68.87089200715849,47.13553783166152,61.886041519151966,0.0,0.0,0.0,0.0
2026-09-27,EP902026,40,2026-10-04 00:00:00,7 days 00:00:00,168,19.65,-111.33,981.0,69.8,36.79372471302344,127.68311739987809,116.73301136237,97.44576654127007,110.2568660442826,62.69579214832204,54.44018120130667,37.366875780678924,46.76375868542688,36.79372471302344,18.32285556587861,13.566689046912398,18.580040419083424
2026-09-27,EP902026,40,2026-10-04 06:00:00,7 days 06:00:00,174,19.85,-112.09,980.6,74.3,20.34168415247717,140.27092077014936,149.82038980377456,90.70256853838704,107.53040728208612,63.2142454441539,48.5869255408723,34.670061215366786,51.948036719657466,32.19945645128206,25.206061495458584,19.42027074747108,27.04329749608985
2026-09-27,EP902026,40,2026-10-04 12:00:00,7 days 12:00:00,180,19.82,-113.16,993.9,56.9,45.085406056988674,120.369290818592,88.73336308640306,104.32406287936928,148.26319574350018,94.56513990958427,79.90296923147804,61.39655788911022,86.46535596986398,0.0,0.0,0.0,0.0
2026-09-27,EP902026,40,2026-10-04 18:00:00,7 days 18:00:00,186,19.8,-113.78,993.7,59.8,34.86156274826493,210.87230488583225,173.7413610715625,125.4087263227942,197.5166049674175,97.694532304568,74.69090533290957,45.49482465230616,75.19010299303163,0.0,0.0,0.0,0.0
2026-09-27,EP902026,40,2026-10-05 00:00:00,8 days 00:00:00,192,19.67,-114.8,991.2,60.8,33.71117866312221,199.2021921860639,132.952038133899,86.52251039822407,181.0439743157358,68.22151618454174,46.41977347917079,25.920679319447117,52.27656414281228,0.0,0.0,0.0,0.0
2026-09-27,EP902026,40,2026-10-05 06:00:00,8 days 06:00:00,198,19.77,-115.63,983.3,71.4,39.40295310163094,147.42013183484545,147.47603032950303,136.21436622640476,137.0923539129315,75.05388240367965,71.95789753372141,58.21133965732875,64.82008618119113,46.01087836516051,38.35021894073569,32.64265046572483,41.00561260924705
2026-09-27,EP902026,40,2026-10-05 12:00:00,8 days 12:00:00,204,19.8,-116.69,971.8,78.6,22.5848641385158,210.96997130984724,142.9415062968747,111.25037131026328,179.74211583712895,89.63336381316489,70.60825565268749,53.85689784220282,79.22225476765685,46.77284219244992,37.73919011540448,29.55366688723358,39.8729573540646
2026-09-27,EP902026,40,2026-10-05 18:00:00,8 days 18:00:00,210,19.87,-117.66,967.3,83.2,38.03443135474849,229.2682479445362,170.74701948385538,149.99107404037693,212.27600740575377,122.10672747953812,104.52805004946472,77.4391783001482,103.55740354200871,60.56080856860311,49.94336970966842,37.51809488692298,51.17024848526237
2026-09-27,EP902026,40,2026-10-06 00:00:00,9 days 00:00:00,216,20.04,-118.42,975.6,75.0,35.0119674787026,192.85284293304883,176.38679433942838,169.56611759770635,197.7336077436032,101.97971761425568,91.34724691652634,73.24144456721672,88.63663545529894,60.66575190791476,52.08362154717154,41.69668400696675,51.01828769419855
2026-09-27,EP902026,40,2026-10-06 06:00:00,9 days 06:00:00,222,20.07,-119.53,975.9,75.3,38.06488056644937,209.49342088969905,175.1966996615975,172.0036677820591,219.65099696681688,110.04130352154316,85.97030866940024,75.75687550689814,105.54480814477134,74.25731902702766,60.74182009189296,52.21358928171932,63.870512026564256
2026-09-27,EP902026,40,2026-10-06 12:00:00,9 days 12:00:00,228,19.88,-120.58,979.0,75.6,44.39448286837204,217.20108331214004,177.37185379539284,129.17706061973703,184.620203676586,98.4981340909762,81.66267297539196,58.10985395961288,79.17322070584355,49.20337749947978,38.7595775805894,31.059430571513275,41.30564309197735
2026-09-27,EP902026,40,2026-10-06 18:00:00,9 days 18:00:00,234,19.69,-121.36,969.5,82.5,31.015712825979307,193.2898338698568,164.89031025089304,136.62557015288252,205.81532534259892,92.0811054872522,73.23338749248927,60.45441991007839,86.1495698539801,52.927452578989474,40.21051846667514,32.41047773704065,44.46459882922391
2026-09-27,EP902026,40,2026-10-07 00:00:00,10 days 00:00:00,240,19.54,-122.08,970.0,79.5,50.38955937063605,213.200632787034,197.7572025955974,172.86937360581555,206.59734244542688,103.4267038881228,92.81767085546612,76.13966250358686,90.56954444120362,50.38955937063605,40.125056559561386,33.78070368792379,41.98762582383051
2026-09-27,EP902026,40,2026-10-07 06:00:00,10 days 06:00:00,246,19.36,-122.66,970.7,81.2,46.914683112801896,215.16607367208508,187.0687750932306,175.89788267873678,197.61741195184263,99.77442856313348,94.38652805111424,88.44495352329938,94.49975069318546,63.27301774987284,55.60467190742736,52.44615547703231,56.98098691889538
2026-09-27,EP902026,40,2026-10-07 12:00:00,10 days 12:00:00,252,19.32,-123.37,975.9,77.4,24.627579096331267,182.37658805562023,176.19855094342643,155.15068061019656,190.5074334345033,85.12595746358062,67.03591937723213,60.17319893806174,79.86325508143058,54.87302485903173,43.83935928306778,34.76454721482425,46.31613703722709
2026-09-27,EP902026,40,2026-10-07 18:00:00,10 days 18:00:00,258,19.69,-124.06,980.4,75.9,50.07941798015396,176.86968327265083,132.7752322373954,147.3435367882068,181.91769870583076,95.07644306334149,78.94683515311041,69.76058974388455,90.75958136217652,61.668029455551846,51.32127331435365,42.32272486952044,52.231550662385295
2026-09-27,EP902026,40,2026-10-08 00:00:00,11 days 00:00:00,264,19.9,-124.69,980.9,68.4,44.93240687928247,189.61323423032357,151.12710275887835,125.20134265611624,194.8731104091317,98.69967434175004,78.29104450684903,58.4144319243855,80.74189332433824,44.93240687928247,30.144099310796317,22.936201397079408,30.91626706793985
2026-09-27,EP902026,40,2026-10-08 06:00:00,11 days 06:00:00,270,20.32,-125.35,981.6,70.3,35.15386266758429,183.08602115466945,142.61816231731746,129.16489655312682,168.7330852682503,97.38456216810027,82.59587237685321,57.44918524688495,83.7384805034485,54.534854944747735,44.17994718610231,33.64302437766628,44.79187040019417
2026-09-27,EP902026,40,2026-10-08 12:00:00,11 days 12:00:00,276,20.66,-125.93,981.0,69.0,39.00797805987703,202.15169447776844,190.7096152263864,148.05880441211502,172.71368305858718,91.9159051078786,79.16535875642852,53.80433208019252,71.56289094137753,39.00797805987703,15.671706644229648,10.57386277973997,16.201310781508226
2026-09-27,EP902026,40,2026-10-08 18:00:00,11 days 18:00:00,282,21.15,-126.53,983.8,61.7,21.24726285841129,166.4772104386883,140.2031160976819,138.60554811163905,154.0327386754974,96.30921240771444,82.66100105567057,68.28939981533372,89.4209878420553,0.0,0.0,0.0,0.0
2026-09-27,EP902026,40,2026-10-09 00:00:00,12 days 00:00:00,288,21.62,-126.75,986.1,59.2,35.227070736657296,177.344349570318,182.0726480553552,137.91623401568637,150.7290762549521,93.59919776503124,84.6362708312706,54.683540215873,68.03925924626597,0.0,0.0,0.0,0.0
2026-09-27,EP902026,40,2026-10-09 06:00:00,12 days 06:00:00,294,22.01,-127.04,997.1,48.7,48.23958229483315,150.6099833936552,126.7371414217688,112.01109917991496,143.99557238792278,0.0,0.0,0.0,0.0,0.0,0.0,0.0,0.0
2026-09-27,EP902026,40,2026-10-09 12:00:00,12 days 12:00:00,300,22.36,-127.22,997.8,41.1,56.26567645301604,124.33946555223469,117.96057703628742,64.78652010390196,91.68054596101766,0.0,0.0,0.0,0.0,0.0,0.0,0.0,0.0
2026-09-27,EP902026,40,2026-10-09 18:00:00,12 days 18:00:00,306,22.82,-127.18,996.0,47.1,69.30735649152388,148.36724710388228,119.84138327691151,71.53212498283807,108.18240622984428,0.0,0.0,0.0,0.0,0.0,0.0,0.0,0.0
2026-09-27,EP902026,40,2026-10-10 00:00:00,13 days 00:00:00,312,22.92,-127.2,993.8,44.2,60.09114404440027,94.5738407685874,93.73108269162664,65.52537463613317,79.45325172267803,0.0,0.0,0.0,0.0,0.0,0.0,0.0,0.0
2026-09-27,EP902026,40,2026-10-10 06:00:00,13 days 06:00:00,318,22.84,-126.75,997.2,42.5,93.82559060116182,108.38645958949564,76.62361976649845,56.018253175259815,91.6084273717579,0.0,0.0,0.0,0.0,0.0,0.0,0.0,0.0
2026-09-27,EP902026,40,2026-10-10 12:00:00,13 days 12:00:00,324,23.17,-126.54,998.7,38.7,102.0586582346713,102.0586582346713,67.75841040618226,43.95818743241982,56.220929065668216,0.0,0.0,0.0,0.0,0.0,0.0,0.0,0.0
2026-09-27,EP902026,40,2026-10-10 18:00:00,13 days 18:00:00,330,22.86,-126.13,1002.0,32.7,84.88893752076397,0.0,0.0,0.0,0.0,0.0,0.0,0.0,0.0,0.0,0.0,0.0,0.0
2026-09-27,EP902026,40,2026-10-11 00:00:00,14 days 00:00:00,336,23.15,-125.7,1003.1,29.9,127.86773863603388,0.0,0.0,0.0,0.0,0.0,0.0,0.0,0.0,0.0,0.0,0.0,0.0
2026-09-27,EP902026,40,2026-10-11 06:00:00,14 days 06:00:00,342,23.16,-125.18,1003.9,29.2,133.29309047310204,0.0,0.0,0.0,0.0,0.0,0.0,0.0,0.0,0.0,0.0,0.0,0.0
2026-09-27,EP902026,40,2026-10-11 12:00:00,14 days 12:00:00,348,23.2,-125.35,1004.5,28.8,142.3726189115854,0.0,0.0,0.0,0.0,0.0,0.0,0.0,0.0,0.0,0.0,0.0,0.0
2026-09-27,EP902026,40,2026-10-11 18:00:00,14 days 18:00:00,354,23.06,-124.72,1003.7,25.8,185.35487266805995,0.0,0.0,0.0,0.0,0.0,0.0,0.0,0.0,0.0,0.0,0.0,0.0
2026-09-27,EP902026,40,2026-10-12 00:00:00,15 days 00:00:00,360,23.19,-124.96,1004.3,31.0,127.90928860251182,0.0,0.0,0.0,0.0,0.0,0.0,0.0,0.0,0.0,0.0,0.0,0.0
2026-09-27,WP252026,40,2026-09-27 00:00:00,0 days 00:00:00,0,24.6,127.6,964.0,89.0,22.0,102.0,121.0,102.0,93.0,,,,,,,,
2026-09-27,WP252026,40,2026-09-27 06:00:00,0 days 06:00:00,6,25.19,128.09,950.6,96.8,35.97385126006858,142.8201925390713,157.0076913342837,87.3100704839905,51.773542035621325,72.72782118122308,84.38802022222501,58.08305175360509,45.10729570505491,46.963922876109685,47.77495389106615,36.58228276904284,36.6522578139237
2026-09-27,WP252026,40,2026-09-27 12:00:00,0 days 12:00:00,12,25.69,128.84,953.1,111.5,38.37685481398748,81.41474836358657,158.94265171458653,122.26846277580506,40.661272595617504,55.15323821377075,85.67745255818619,62.00249420384225,37.71769416249211,29.38723588543671,38.37685481398748,29.017301149378525,22.587115823028327
2026-09-27,WP252026,40,2026-09-27 18:00:00,0 days 18:00:00,18,26.44,129.68,964.0,89.1,41.48961535121478,148.4012227899838,168.58776386765663,131.91371301228034,81.10904016049201,87.29208189794872,106.70995667033472,77.4037693921021,59.70139387506529,51.473469460652765,53.95897916016669,42.37485510974082,38.49193165033599
2026-09-27,WP252026,40,2026-09-28 00:00:00,1 days 00:00:00,24,27.13,130.78,974.9,74.5,33.91763321056855,116.5635974192341,166.75625378988823,119.41869877560129,49.14277985763239,56.53809895624602,68.45608488167233,48.15857855242086,31.8453212891267,37.3208222171878,37.74372155975048,28.070696028962537,28.74829098062871
2026-09-27,WP252026,40,2026-09-28 06:00:00,1 days 06:00:00,30,27.51,131.54,985.2,62.8,37.1875615374832,117.36306498440366,130.49297071642485,99.95541259107912,76.07252012473441,66.5567777133749,67.32808717599359,49.341602884887145,51.405970889499656,0.0,0.0,0.0,0.0
2026-09-27,WP252026,40,2026-09-28 12:00:00,1 days 12:00:00,36,27.88,132.46,985.5,65.9,36.38801703133856,147.27636083675958,174.1300404830784,184.1669747964465,154.10069647648314,100.06383229018874,116.73498226778936,98.11137207738474,81.32038241461815,26.52075290563343,36.38801703133856,27.40066137664624,21.754971385779413
2026-09-27,WP252026,40,2026-09-28 18:00:00,1 days 18:00:00,42,28.62,133.13,991.2,53.3,42.58596760663508,127.51889706454028,150.99471470488447,125.71794852776291,90.83104391540618,59.15542507150761,63.1430788073103,41.719504438947446,41.56683449018173,0.0,0.0,0.0,0.0
2026-09-27,WP252026,40,2026-09-29 00:00:00,2 days 00:00:00,48,29.43,133.98,983.6,52.8,47.32256601957037,141.8946919342984,144.90925223425924,94.6386300307166,106.0445552282428,47.32256601957037,25.73211558913901,15.032671161847754,17.86837924602615,0.0,0.0,0.0,0.0
2026-09-27,WP252026,40,2026-09-29 06:00:00,2 days 06:00:00,54,30.13,135.01,996.3,38.5,46.6582916654188,102.357083142423,112.92627340858095,84.52244588079986,76.13485237492652,0.0,0.0,0.0,0.0,0.0,0.0,0.0,0.0
2026-09-27,WP252026,40,2026-09-29 12:00:00,2 days 12:00:00,60,30.55,136.66,999.3,36.9,86.60403935588127,109.6128736555346,103.51395068750948,84.7214085520024,85.30612976869602,0.0,0.0,0.0,0.0,0.0,0.0,0.0,0.0
2026-09-27,WP252026,40,2026-09-29 18:00:00,2 days 18:00:00,66,31.27,137.87,997.1,39.2,93.46114848942864,107.24616084727904,106.81031711251104,71.62418335878056,71.7262535275807,0.0,0.0,0.0,0.0,0.0,0.0,0.0,0.0
2026-09-27,WP252026,40,2026-09-30 00:00:00,3 days 00:00:00,72,31.71,139.12,998.2,37.4,52.98046089615226,0.0,52.98046089615226,11.974532249286613,0.0,0.0,0.0,0.0,0.0,0.0,0.0,0.0,0.0
2026-09-27,WP252026,40,2026-09-30 06:00:00,3 days 06:00:00,78,32.27,140.86,1000.0,37.2,75.39360955472011,0.0,75.39360955472011,0.0,0.0,0.0,0.0,0.0,0.0,0.0,0.0,0.0,0.0
2026-09-27,WP252026,40,2026-09-30 12:00:00,3 days 12:00:00,84,33.17,142.57,1001.3,23.9,99.88348714044112,0.0,0.0,0.0,0.0,0.0,0.0,0.0,0.0,0.0,0.0,0.0,0.0
2026-09-27,WP252026,40,2026-09-30 18:00:00,3 days 18:00:00,90,34.31,144.05,1001.5,30.5,53.54455709124,0.0,0.0,0.0,0.0,0.0,0.0,0.0,0.0,0.0,0.0,0.0,0.0
2026-09-27,WP252026,40,2026-10-01 00:00:00,4 days 00:00:00,96,35.75,145.16,1002.5,28.6,225.4309628728497,0.0,0.0,0.0,0.0,0.0,0.0,0.0,0.0,0.0,0.0,0.0,0.0
2026-09-27,WP252026,40,2026-10-01 06:00:00,4 days 06:00:00,102,38.05,147.11,998.6,34.9,162.1803572625665,2.0098252041849065,162.1803572625665,0.0,0.0,0.0,0.0,0.0,0.0,0.0,0.0,0.0,0.0
2026-09-27,AL062026,41,2026-09-27 00:00:00,0 days 00:00:00,0,29.8,-43.9,1010.0,29.0,56.0,0.0,0.0,0.0,0.0,0.0,0.0,0.0,0.0,0.0,0.0,0.0,0.0
2026-09-27,AL062026,41,2026-09-27 06:00:00,0 days 06:00:00,6,29.63,-44.08,1010.8,25.6,84.91997141898023,0.0,0.0,0.0,0.0,0.0,0.0,0.0,0.0,0.0,0.0,0.0,0.0
2026-09-27,AL062026,41,2026-09-27 12:00:00,0 days 12:00:00,12,29.56,-43.93,1008.8,25.6,90.36776742918784,0.0,0.0,0.0,0.0,0.0,0.0,0.0,0.0,0.0,0.0,0.0,0.0
2026-09-27,EP152026,41,2026-09-27 00:00:00,0 days 00:00:00,0,16.7,-156.1,972.0,80.0,37.0,241.0,185.0,185.0,241.0,93.0,74.0,93.0,111.0,56.0,46.0,56.0,56.0
2026-09-27,EP152026,41,2026-09-27 06:00:00,0 days 06:00:00,6,16.48,-156.89,965.8,95.3,13.968051022571387,144.2947527727892,160.99070547071042,153.64360949726813,178.2123867292479,76.36803593565848,66.71555336461653,72.42603180793367,83.37842300025663,55.25664501765359,46.92028395207375,40.98124037292314,50.39778564968755
2026-09-27,EP152026,41,2026-09-27 12:00:00,0 days 12:00:00,12,16.22,-157.64,952.8,105.0,23.21036579862912,151.6879053681203,125.4269820468854,139.99812914285422,197.43420479247064,95.20948779324227,71.02611818264396,72.49520488992,99.8786163638034,61.118720766817226,48.07662879599809,41.8199074177046,56.09382501283584
2026-09-27,EP152026,41,2026-09-27 18:00:00,0 days 18:00:00,18,16.35,-158.54,947.7,111.6,20.431503427261585,143.33688547004073,134.4970796169291,123.06064256553998,143.6769404171676,83.30499227080756,63.82629434577442,68.00097251686836,85.90334976456484,61.69024591546964,48.73396123406055,41.43320667143844,56.303848632678886
2026-09-27,EP152026,41,2026-09-28 00:00:00,1 days 00:00:00,24,16.3,-159.66,945.4,112.6,29.16690369724644,185.07762218481776,154.02868009573604,117.45469058594396,155.07490387966416,86.3054521882974,64.27395036855168,55.114829952229336,75.31941322157161,55.43665444118263,44.86372704402012,33.09533886468909,47.76393090272887
2026-09-27,EP152026,41,2026-09-28 06:00:00,1 days 06:00:00,30,16.36,-160.45,947.3,111.7,29.719676598037843,200.22340658285265,173.49690825497512,146.68412980587104,182.466568849606,112.47551608204446,97.32698308498377,81.65080735957677,105.33943610044874,65.97804402750927,54.25806087512076,46.05564756856168,58.71969837891899
2026-09-27,EP152026,41,2026-09-28 12:00:00,1 days 12:00:00,36,16.92,-161.32,950.1,113.1,16.37321952251132,194.64089794665048,170.47083437520985,143.02241919144046,192.6359672241101,110.0361145883506,83.99764768950129,70.70515134802908,97.49342077109344,59.09067905017906,46.07605048589322,35.84743692991192,52.34945614669316
2026-09-27,EP152026,41,2026-09-28 18:00:00,1 days 18:00:00,42,17.78,-162.17,949.0,109.1,21.01108011475793,227.0845184739512,176.65111705676622,107.85039073319184,205.11039278349855,126.9970065125898,91.6998054825965,66.36100317374562,108.97610112489131,70.79654536921026,57.69445528223656,41.501045046599415,61.054909270876806
2026-09-27,EP152026,41,2026-09-29 00:00:00,2 days 00:00:00,48,18.69,-162.85,957.9,103.4,32.202996627347446,261.6201200115396,214.8156544741165,115.08571123192468,171.05675013563152,123.73612670278432,92.49266595513625,58.453881859416775,99.57176675925632,59.369340881432784,47.31630415787198,29.977933737181225,48.18924222330435
2026-09-27,EP152026,41,2026-09-29 06:00:00,2 days 06:00:00,54,19.63,-163.1,960.6,100.4,44.185416519511136,205.8011554921769,144.338831629403,98.70795100334033,162.80051573402494,92.86085760950732,81.80737249719954,51.456790692458576,76.37504563679497,63.01756250695332,54.234128256356186,37.97613323146894,51.420184547826096
2026-09-27,EP152026,41,2026-09-29 12:00:00,2 days 12:00:00,60,20.75,-163.2,971.5,78.0,40.958176450910194,228.30258966351604,194.65830924656615,142.5748372457324,145.40706735080414,99.28790921215229,91.697532230477,68.48724475265774,82.79126455865577,48.2811471916839,41.74285824680905,32.241459109139385,41.14766946215873
2026-09-27,EP152026,41,2026-09-29 18:00:00,2 days 18:00:00,66,21.52,-163.29,976.6,77.7,0.0,217.4621614479693,164.93957726132066,142.37152282637544,188.96402785592363,107.60548690189898,106.637307986035,89.34792132403527,98.45630772192816,77.70407034670643,75.57814862822488,62.30738345937425,66.2378879768512
2026-09-27,EP152026,41,2026-09-30 00:00:00,3 days 00:00:00,72,22.3,-163.12,989.7,65.5,39.897247846729066,185.07464242957988,129.39457720358507,110.42524825754448,171.19457876082143,110.95911551017976,85.98490480785992,55.6958898354286,84.431954073501,39.897247846729066,14.753835366760192,8.469517633180724,15.2968097529858
2026-09-27,EP152026,41,2026-09-30 06:00:00,3 days 06:00:00,78,22.5,-163.17,982.6,66.4,20.419175825532196,261.2451968974105,250.34977180915075,212.81295838053256,247.0140197857436,129.7867820778447,125.67482437391412,111.86127488479303,113.7928721197302,27.49523861940733,26.06267606764895,22.65268800394184,22.72695551469588
2026-09-27,EP152026,41,2026-09-30 12:00:00,3 days 12:00:00,84,22.84,-162.96,990.0,57.8,53.28191521623522,231.8896188668808,183.20017685773115,153.16392726184165,226.90658902203688,97.6109450205468,83.57871075737214,62.762023666609245,79.47633774052372,0.0,0.0,0.0,0.0
2026-09-27,EP152026,41,2026-09-30 18:00:00,3 days 18:00:00,90,22.85,-163.4,992.7,50.8,59.82616114418781,354.43974952770753,224.7034695335173,191.9680321824964,325.3837540012627,97.50115840841993,73.24978770248308,65.40293727914295,96.99431130441452,0.0,0.0,0.0,0.0
2026-09-27,EP152026,41,2026-10-01 00:00:00,4 days 00:00:00,96,23.11,-164.12,995.2,48.4,82.14351433998428,295.9631286117769,171.65476805907088,127.17604270599112,247.6662411343853,0.0,0.0,0.0,0.0,0.0,0.0,0.0,0.0
2026-09-27,EP152026,41,2026-10-01 06:00:00,4 days 06:00:00,102,23.32,-165.32,993.8,45.1,124.10695466952676,448.2176344488501,288.2125518134705,224.1427560582049,389.146753947934,0.0,0.0,0.0,0.0,0.0,0.0,0.0,0.0
2026-09-27,EP152026,41,2026-10-01 12:00:00,4 days 12:00:00,108,22.97,-166.18,990.5,56.2,52.09723711384807,267.3314304386487,188.16211984535627,153.22919238060229,240.13482703785527,52.09723711384807,40.027035112566,28.72614375457172,38.425022459973405,0.0,0.0,0.0,0.0
2026-09-27,EP152026,41,2026-10-01 18:00:00,4 days 18:00:00,114,23.21,-166.58,979.9,58.5,86.93328056824382,234.13507795534423,173.60346741786375,123.82095744612823,205.7137296013184,86.93328056824382,47.35856474079239,31.801057894558205,49.13115028492477,0.0,0.0,0.0,0.0
2026-09-27,EP152026,41,2026-10-02 00:00:00,5 days 00:00:00,120,23.73,-167.3,982.0,57.8,35.84793838199621,226.8208536870684,203.61612663222996,132.01029111746527,189.47254724870496,96.55589490860989,72.65827454299664,40.31217320079297,67.87187921851822,0.0,0.0,0.0,0.0
2026-09-27,EP152026,41,2026-10-02 06:00:00,5 days 06:00:00,126,24.17,-168.16,983.6,60.4,32.56689283853002,225.56318494512945,174.81562661274646,162.26907484207828,202.4005541313502,112.2507581365638,100.82307185087367,81.54211603244377,103.34886502376918,0.0,0.0,0.0,0.0
2026-09-27,EP152026,41,2026-10-02 12:00:00,5 days 12:00:00,132,23.95,-168.72,978.2,68.2,37.55892967371932,192.94236810173305,156.4171346353134,139.1383356369716,196.9336881696306,88.99225424040577,69.15330918406275,48.18467282768884,75.90385939189761,37.55892967371932,7.037146249380617,3.878469716958807,11.95504616379335
2026-09-27,EP152026,41,2026-10-02 18:00:00,5 days 18:00:00,138,23.98,-168.96,982.8,66.3,50.242448534972326,198.6603570441387,161.93815858718426,181.20822250541823,216.03156909127893,110.33824582207686,94.15736035962207,88.81152774670886,103.82197064281816,52.92742880012906,48.200317310406405,42.11852735605246,45.08901302603274
2026-09-27,EP152026,41,2026-10-03 00:00:00,6 days 00:00:00,144,23.61,-169.61,982.9,58.4,38.989769594509866,192.4712617291176,152.75172284734518,188.3979015502897,213.9051982417224,114.1008693360962,101.58750401152616,94.5652528282135,99.47836725776033,0.0,0.0,0.0,0.0
2026-09-27,EP152026,41,2026-10-03 06:00:00,6 days 06:00:00,150,23.68,-170.28,981.1,61.7,30.14496032895343,209.93454952349052,159.83444934704198,160.1890413011021,231.6064988983153,99.21775709509971,82.91592628235719,67.95477425148081,90.89644240047484,0.0,0.0,0.0,0.0
2026-09-27,EP152026,41,2026-10-03 12:00:00,6 days 12:00:00,156,23.39,-171.36,981.2,65.9,24.534776029392862,250.9727921789593,153.62172914391368,163.03606153716552,261.570943963908,102.84707469912384,73.74338090721244,59.950156728371816,85.58247455994817,2.3000581402372875,0.0,0.0,24.534776029392862
2026-09-27,EP152026,41,2026-10-03 18:00:00,6 days 18:00:00,162,23.35,-172.59,979.0,68.6,31.18686062274361,244.1382670201588,150.84727202164763,109.73409753006172,220.4598551657268,102.16957914293904,63.74429645041812,36.182239684602365,81.53794742402152,31.18686062274361,15.782562637986857,8.021680509055667,20.309983089453524
2026-09-27,EP152026,41,2026-10-04 00:00:00,7 days 00:00:00,168,23.44,-174.49,970.4,78.6,36.52361596186637,226.55112955592196,141.35257757601985,120.38867280807878,225.18752974678108,92.40144870570651,61.36318277170708,43.54966827056326,79.24115604888314,39.8357464288418,32.18079820291365,21.31316727849203,33.880218614763216
2026-09-27,EP152026,41,2026-10-04 06:00:00,7 days 06:00:00,174,23.69,-176.03,965.8,85.2,24.26215065913857,255.45915085637532,150.7127516145556,131.8534246317795,240.9101442536048,125.14286495935812,96.14653795162668,69.94497706042603,104.83767200207512,60.41788672745861,49.72311307181917,37.54324655131859,49.26453878131724
2026-09-27,EP152026,41,2026-10-04 12:00:00,7 days 12:00:00,180,24.28,-178.29,945.6,111.2,10.09679600027447,235.87898556090136,174.06487300467387,129.6924046874886,208.1059410691536,121.88479130354231,94.96568146027668,75.42355754024672,105.83850173028767,60.94872439423709,50.53276157724733,38.072096977556974,51.86209363774088
2026-09-27,EP152026,41,2026-10-04 18:00:00,7 days 18:00:00,186,25.06,179.6,957.4,98.4,34.968710824807545,232.56322807715463,175.61444988173193,105.59067148599254,186.98240080411065,100.9190979989007,77.142348406888,53.38393181636188,73.01451975218754,56.07262874013946,49.65978720556392,32.53586534527837,43.02588479160404
2026-09-27,EP152026,41,2026-10-05 00:00:00,8 days 00:00:00,192,25.79,177.46,958.3,95.8,19.14251825942138,307.36750984875056,208.332362017186,144.18032511621095,278.52070801387947,149.8323200860147,110.53548226653066,71.52192274344974,121.96353143405338,66.80689869010308,55.385283708513285,36.96618082837594,57.68517907781788
2026-09-27,EP152026,41,2026-10-05 06:00:00,8 days 06:00:00,198,26.77,175.54,955.9,99.1,27.98592174499968,252.49606980425904,173.32860174962454,126.47992146826267,241.624042046978,128.638821281317,104.3348554462305,79.54053457318373,121.04852771950644,87.09665643683987,73.97933948043331,56.72054782823709,74.80351541506245
2026-09-27,EP152026,41,2026-10-05 12:00:00,8 days 12:00:00,204,27.66,173.48,959.6,101.1,30.162129385203603,249.29570669143425,210.68313669210536,167.7774511098473,204.1590809767102,115.88224479895676,110.9206255880202,86.83322047824967,100.57401619364435,57.1422315461777,51.82720947632114,38.22123557156664,48.60914026895329
2026-09-27,EP152026,41,2026-10-05 18:00:00,8 days 18:00:00,210,28.16,171.94,964.0,90.5,29.031299380239787,294.3007915161268,210.44650957609477,159.26312825773567,256.5916092255205,129.7343778836033,100.31878912734538,71.10800620624818,112.46414234517268,63.57942415910951,51.34647094263708,37.077350805917874,53.63975474994683
2026-09-27,EP152026,41,2026-10-06 00:00:00,9 days 00:00:00,216,29.02,170.54,967.6,85.6,34.55805393339436,282.6419527310629,247.66163428203507,179.70785852586692,254.8512831526882,152.08403280738818,110.77139536009336,86.61878573337488,129.80006999257216,59.348951371475366,49.30569934281292,32.45770289186163,51.28136040013601
2026-09-27,EP152026,41,2026-10-06 06:00:00,9 days 06:00:00,222,29.4,169.48,968.5,83.1,27.546163864806505,250.24251336234664,170.61225991787262,143.80589580101503,232.9682092799717,146.51527555385331,110.20195860077077,82.73319287583712,128.92362401317433,74.36369225219815,60.39548816086968,46.71060836251577,65.15866044217043
2026-09-27,EP152026,41,2026-10-06 12:00:00,9 days 12:00:00,228,29.49,168.15,972.4,71.7,35.256470886108715,263.5342678551714,189.8607225499677,165.5427956450041,247.85039011580037,135.64773703682374,104.71710604116592,94.71648918940176,125.98021998782416,78.13760708522588,66.77568061963001,56.47296305481423,69.22998568683225
2026-09-27,EP152026,41,2026-10-06 18:00:00,9 days 18:00:00,234,29.57,166.67,982.8,65.8,30.601982293585905,265.0719934006827,196.9534664708417,139.9434136767535,225.30405754268128,127.35790140404852,88.39117129324094,64.0932962840964,102.55585596093935,30.601982293585905,14.390167731000648,9.727207389760393,20.507505891917624
2026-09-27,EP152026,41,2026-10-07 00:00:00,10 days 00:00:00,240,29.14,164.77,979.7,71.8,26.40946339748561,239.78635774607127,159.20639392191103,142.72184745919225,241.0311475339792,120.4582778966705,84.2927061559463,69.74452835803064,112.94892107524151,63.95871040260548,53.034610080779885,38.26729598473868,51.63213197801876
2026-09-27,EP152026,41,2026-10-07 06:00:00,10 days 06:00:00,246,28.85,162.87,989.6,56.6,50.002869459190606,246.001478602647,140.5221023740263,123.81410251681802,253.4916822905316,130.43251392144873,92.52874095545508,73.67322472152006,112.84604519316416,0.0,0.0,0.0,0.0
2026-09-27,EP152026,41,2026-10-07 12:00:00,10 days 12:00:00,252,28.71,160.01,990.6,57.1,17.813518907165136,210.3384253751847,152.09923644207464,149.08754803220313,199.61742949370625,106.2039384216947,89.17538233997112,74.59016860932215,97.28560316432012,0.0,0.0,0.0,0.0
2026-09-27,EP152026,41,2026-10-07 18:00:00,10 days 18:00:00,258,28.67,157.66,985.9,67.0,8.923573536997992,235.51842144938016,134.76647838453755,83.1200657703148,207.76708094627972,114.8972655241596,78.56856633264306,50.60693551375016,91.1257222795557,21.20252248654833,12.753286263089764,5.435303816156193,16.990065886923844
2026-09-27,EP152026,41,2026-10-08 00:00:00,11 days 00:00:00,264,28.41,155.21,983.9,62.8,38.23261257087843,256.36755175256326,180.255009500394,156.4402811880437,226.28989087321003,137.9051111552271,103.44580187075488,79.8871180524279,122.61809387853468,0.0,0.0,0.0,0.0
2026-09-27,EP152026,41,2026-10-08 06:00:00,11 days 06:00:00,270,28.32,152.91,990.4,59.7,42.936437478198094,268.45089243014456,181.289478180257,115.42912229274044,242.26722171237864,137.83982490087257,94.51558881322484,56.5380736251275,107.17399449111652,0.0,0.0,0.0,0.0
2026-09-27,EP152026,41,2026-10-08 12:00:00,11 days 12:00:00,276,28.13,150.88,995.4,42.4,79.33517928678577,196.78296035006576,155.0650325551004,143.79447547549705,186.06947794341727,0.0,0.0,0.0,0.0,0.0,0.0,0.0,0.0
2026-09-27,EP152026,41,2026-10-08 18:00:00,11 days 18:00:00,282,28.52,148.8,998.0,33.8,75.85314753027181,0.0,0.0,0.0,0.0,0.0,0.0,0.0,0.0,0.0,0.0,0.0,0.0
2026-09-27,EP152026,41,2026-10-09 00:00:00,12 days 00:00:00,288,28.95,146.96,1005.5,25.6,81.19314314473229,0.0,0.0,0.0,0.0,0.0,0.0,0.0,0.0,0.0,0.0,0.0,0.0
2026-09-27,EP152026,41,2026-10-09 06:00:00,12 days 06:00:00,294,29.36,145.21,1005.0,31.2,87.25110679638841,0.0,0.0,0.0,0.0,0.0,0.0,0.0,0.0,0.0,0.0,0.0,0.0
2026-09-27,EP152026,41,2026-10-09 12:00:00,12 days 12:00:00,300,29.64,143.09,1004.4,26.6,95.3325056687124,0.0,0.0,0.0,0.0,0.0,0.0,0.0,0.0,0.0,0.0,0.0,0.0
2026-09-27,EP162026,41,2026-09-27 00:00:00,0 days 00:00:00,0,20.8,-123.6,975.0,76.0,28.0,167.0,167.0,148.0,185.0,93.0,74.0,74.0,93.0,65.0,46.0,37.0,56.0
2026-09-27,EP162026,41,2026-09-27 06:00:00,0 days 06:00:00,6,21.65,-123.31,984.8,65.8,20.570816404951486,147.10881013748818,132.40543473679335,105.0182320656192,119.65962481917256,59.909489314282354,49.76778763978077,33.876656690237795,49.1855076029581,20.570816404951486,7.146278552704569,3.2420197449684918,6.946055798973778
2026-09-27,EP162026,41,2026-09-27 12:00:00,0 days 12:00:00,12,22.18,-123.58,998.3,39.7,34.46816371647978,173.10522278507267,155.13006064204,121.7257917764452,136.3337308697316,0.0,0.0,0.0,0.0,0.0,0.0,0.0,0.0
2026-09-27,EP162026,41,2026-09-27 18:00:00,0 days 18:00:00,18,22.55,-123.38,1001.1,34.2,88.74402561086308,88.74402561086308,14.800317877516104,10.714576862263293,17.01668516283103,0.0,0.0,0.0,0.0,0.0,0.0,0.0,0.0
2026-09-27,EP162026,41,2026-09-28 00:00:00,1 days 00:00:00,24,22.58,-123.38,1003.8,32.2,43.37338328290877,0.0,0.0,0.0,0.0,0.0,0.0,0.0,0.0,0.0,0.0,0.0,0.0
2026-09-27,EP162026,41,2026-09-28 06:00:00,1 days 06:00:00,30,22.59,-122.98,1002.0,30.0,74.8538064655202,0.0,0.0,0.0,0.0,0.0,0.0,0.0,0.0,0.0,0.0,0.0,0.0
2026-09-27,EP162026,41,2026-09-28 12:00:00,1 days 12:00:00,36,22.45,-122.85,1004.8,22.9,127.09575734845126,0.0,0.0,0.0,0.0,0.0,0.0,0.0,0.0,0.0,0.0,0.0,0.0
2026-09-27,EP162026,41,2026-09-28 18:00:00,1 days 18:00:00,42,22.22,-122.46,1006.4,22.7,71.77082207153342,0.0,0.0,0.0,0.0,0.0,0.0,0.0,0.0,0.0,0.0,0.0,0.0
2026-09-27,EP162026,41,2026-09-29 00:00:00,2 days 00:00:00,48,21.46,-122.3,1007.0,22.9,134.95502705398667,0.0,0.0,0.0,0.0,0.0,0.0,0.0,0.0,0.0,0.0,0.0,0.0
2026-09-27,EP162026,41,2026-09-29 06:00:00,2 days 06:00:00,54,20.74,-121.99,1008.7,16.2,144.44188447165163,0.0,0.0,0.0,0.0,0.0,0.0,0.0,0.0,0.0,0.0,0.0,0.0
2026-09-27,EP162026,41,2026-09-29 12:00:00,2 days 12:00:00,60,20.2,-121.85,1007.1,21.5,128.3081497792988,0.0,0.0,0.0,0.0,0.0,0.0,0.0,0.0,0.0,0.0,0.0,0.0
2026-09-27,EP172026,41,2026-09-27 00:00:00,0 days 00:00:00,0,19.0,-112.9,946.0,111.0,28.0,259.0,185.0,167.0,185.0,111.0,111.0,93.0,93.0,65.0,65.0,46.0,56.0
2026-09-27,EP172026,41,2026-09-27 06:00:00,0 days 06:00:00,6,19.8,-113.3,938.4,130.1,0.0,176.22406234361165,223.7475165819353,169.26294696739387,156.65108555702557,82.67794664379983,73.6659801675309,62.17552225815899,69.42571829370536,61.6636077058881,53.99592176690612,41.651737802271015,52.26061623522645
2026-09-27,EP172026,41,2026-09-27 12:00:00,0 days 12:00:00,12,20.58,-113.66,954.3,109.3,35.96545781578636,153.0169229651838,196.1718913574041,130.25015295878256,109.25997788377852,90.95360765314923,84.54805378609223,58.37184657414415,64.81852278657647,50.800684254362736,46.17304683780418,33.198560614221975,40.03608450162983
2026-09-27,EP172026,41,2026-09-27 18:00:00,0 days 18:00:00,18,21.65,-113.87,946.4,115.0,29.153158816221648,212.9752165468805,226.26985493220397,165.18767565514975,179.5079622727677,125.76860454879728,111.27612911747843,87.21397126517275,108.83697254764836,68.86039822282184,60.355108598431215,46.17370025228719,57.76693052847975
2026-09-27,EP172026,41,2026-09-28 00:00:00,1 days 00:00:00,24,22.75,-114.03,942.0,115.6,39.23756573289478,122.92974500081776,198.8818816483954,129.05935299690134,71.98678343743234,100.2975003629076,103.46815311215836,66.58240627274785,66.27071538403766,59.315876497289366,55.049877525432805,38.17242555657072,43.70540533987139
2026-09-27,EP172026,41,2026-09-28 06:00:00,1 days 06:00:00,30,23.79,-114.01,942.2,113.2,26.038016660806864,179.2904712903818,208.4052849956201,161.66828391265338,150.6945031505167,111.95628417032776,119.0495108369535,86.46172448734906,87.50606639513784,68.23255411853978,65.21311083889938,51.43937067388997,54.495700276926485
2026-09-27,EP172026,41,2026-09-28 12:00:00,1 days 12:00:00,36,24.62,-113.61,953.1,105.2,36.98850265543648,201.4678379231888,160.85755774905658,124.53424075399778,160.73916706075738,93.78182891968606,92.59566848644464,69.6420611562172,70.61857461869846,56.63386951162991,55.97931583299256,43.51311842051881,46.66496261563231
2026-09-27,EP172026,41,2026-09-28 18:00:00,1 days 18:00:00,42,25.66,-112.76,949.5,110.5,26.274066417813053,192.07686303510667,222.93557413067288,162.39325559468045,130.91876666368665,121.6017456696831,124.83564676541236,97.96457714819216,94.96631968640212,84.05613715042061,84.75274193906861,71.13427195352187,71.04999635186597
2026-09-27,EP172026,41,2026-09-29 00:00:00,2 days 00:00:00,48,26.69,-112.03,951.5,102.5,27.27805277172022,188.8942458768377,172.64213450685796,140.96422234269863,130.49201058888428,90.16889258977952,88.44233460185374,64.03681246886653,65.49468462210616,70.7424976020562,62.474598903261565,49.84400179834226,54.50541121797028
2026-09-27,EP172026,41,2026-09-29 06:00:00,2 days 06:00:00,54,28.09,-111.02,960.7,91.1,39.06741466545191,115.2533255411413,146.5457785722483,107.65065656925252,93.32314878507304,76.10298971095426,76.68038053885448,65.33302135751183,56.647046718816455,39.95921701969269,42.0828063325705,33.961493375546524,32.91333201555358
2026-09-27,EP172026,41,2026-09-29 12:00:00,2 days 12:00:00,60,29.59,-110.46,985.0,54.3,109.10596583661504,93.73723243175807,116.36905322068,78.25754539863598,63.3087363479483,14.88194138732106,109.10596583661504,12.406376810332228,12.10593218960581,0.0,0.0,0.0,0.0
2026-09-27,EP902026,41,2026-09-27 00:00:00,0 days 00:00:00,0,12.0,-98.6,1008.0,25.0,111.0,0.0,0.0,0.0,0.0,0.0,0.0,0.0,0.0,0.0,0.0,0.0,0.0
2026-09-27,EP902026,41,2026-09-27 06:00:00,0 days 06:00:00,6,12.07,-98.3,1005.9,27.9,97.2557194031148,0.0,0.0,0.0,0.0,0.0,0.0,0.0,0.0,0.0,0.0,0.0,0.0
2026-09-27,EP902026,41,2026-09-27 12:00:00,0 days 12:00:00,12,11.96,-98.24,1003.5,26.2,77.51899232149503,0.0,0.0,0.0,0.0,0.0,0.0,0.0,0.0,0.0,0.0,0.0,0.0
2026-09-27,EP902026,41,2026-09-27 18:00:00,0 days 18:00:00,18,12.45,-98.65,1002.5,37.5,87.5684841505299,115.74427296813872,130.12074679475705,87.3774558661805,95.39673276416306,0.0,0.0,0.0,0.0,0.0,0.0,0.0,0.0
2026-09-27,EP902026,41,2026-09-28 00:00:00,1 days 00:00:00,24,12.62,-99.24,999.6,40.8,119.34170661659572,205.6046281863568,224.04006145255076,207.71693186726935,205.96044947481903,0.0,0.0,0.0,0.0,0.0,0.0,0.0,0.0
2026-09-27,EP902026,41,2026-09-28 06:00:00,1 days 06:00:00,30,12.88,-99.81,1000.1,43.5,87.35138243177056,170.4068864168138,192.22400112828348,159.21718035623758,146.4328423274968,0.0,0.0,0.0,0.0,0.0,0.0,0.0,0.0
2026-09-27,EP902026,41,2026-09-28 12:00:00,1 days 12:00:00,36,13.35,-100.74,998.2,45.6,74.83415511976904,151.06431618405594,144.06020079168425,97.75765337718592,123.62477821327369,0.0,0.0,0.0,0.0,0.0,0.0,0.0,0.0
2026-09-27,EP902026,41,2026-09-28 18:00:00,1 days 18:00:00,42,14.2,-101.96,994.0,45.2,52.97073803367998,84.83443020954593,98.44061727163404,63.19479058513839,75.16486833713371,0.0,0.0,0.0,0.0,0.0,0.0,0.0,0.0
2026-09-27,EP902026,41,2026-09-29 00:00:00,2 days 00:00:00,48,14.53,-103.05,997.9,44.2,59.73389105891761,234.25610642151747,220.7163895634328,165.5823612704586,195.189331288414,0.0,0.0,0.0,0.0,0.0,0.0,0.0,0.0
2026-09-27,EP902026,41,2026-09-29 06:00:00,2 days 06:00:00,54,14.69,-104.02,994.2,51.2,119.38321056189343,226.50331053099436,219.16335694636183,177.30984958460795,185.6656574429876,1.800966353775678,119.38321056189343,0.1829946987540847,0.0,0.0,0.0,0.0,0.0
2026-09-27,EP902026,41,2026-09-29 12:00:00,2 days 12:00:00,60,15.09,-105.12,987.6,65.7,48.999549603647125,203.9257011176665,203.93264733313447,156.470207199117,176.79803079377984,83.90043794569294,70.60690927153752,46.315199461078265,58.1884560685228,48.999549603647125,0.0,0.0,0.0
2026-09-27,EP902026,41,2026-09-29 18:00:00,2 days 18:00:00,66,15.8,-106.11,977.7,76.5,37.8010014829348,203.52606903416608,239.22562192095077,189.46651612618643,172.30251222510103,102.56963157178416,97.30979912604651,72.18572666899695,77.96150435189224,52.98020122979062,48.26990580114352,39.08642120873617,42.43341347208639
2026-09-27,EP902026,41,2026-09-30 00:00:00,3 days 00:00:00,72,17.0,-106.9,964.9,89.7,51.66955004796242,163.56752934832997,177.90783730524322,195.5519154336334,161.5332898440535,119.53932963718404,126.86743770231286,100.54398805738091,103.07136801944534,51.66955004796242,39.44548347882101,30.77082551846854,34.39206474015876
2026-09-27,EP902026,41,2026-09-30 06:00:00,3 days 06:00:00,78,17.42,-107.58,970.3,83.8,42.33411210664838,188.56980015718705,268.1461156141736,169.77087656999856,120.00537989536645,75.71488489309093,78.69900390439534,48.25797352435967,44.55341921301698,42.33411210664838,28.38240481021768,19.48817358194262,22.15598760321157
2026-09-27,EP902026,41,2026-09-30 12:00:00,3 days 12:00:00,84,18.19,-108.48,969.9,91.7,29.53592547009073,199.28571126801563,226.84252273858573,126.33107844382832,147.33350408667243,103.42899145660208,89.23032592080315,54.96151523279232,75.41530916395803,59.61360659134911,50.56698378328822,38.269633014280735,47.29854416391274
2026-09-27,EP902026,41,2026-09-30 18:00:00,3 days 18:00:00,90,19.59,-108.98,967.1,86.9,39.976257567616,208.9001402775169,227.7622787978412,171.02636495114135,143.74216319443937,98.74185371439115,97.90707314981402,71.10301797731555,74.92041171672355,49.89945468575362,44.18040891664128,31.25434430682444,38.34718605565924
2026-09-27,EP902026,41,2026-10-01 00:00:00,4 days 00:00:00,96,19.89,-109.29,972.4,81.4,22.48307825794474,167.39257317814042,202.06469365147396,143.28242914807748,111.20512835831484,60.69169089235514,67.5533864585484,44.95670728653591,39.92499882785974,28.915536739036707,25.55921841677892,18.4415748143644,22.846785889520174
2026-09-27,EP902026,41,2026-10-01 06:00:00,4 days 06:00:00,102,20.38,-109.95,981.2,68.6,68.13518068074268,160.88727094312435,202.16495198347457,160.71195877574337,127.18111675564568,94.1350598423387,85.76761584841552,57.40217062406418,67.2191725890475,68.13518068074268,4.775564841476182,1.3355198009150513,5.806048370842319
2026-09-27,EP902026,41,2026-10-01 12:00:00,4 days 12:00:00,108,20.65,-110.12,975.4,73.3,14.313826680761938,154.18245192814794,160.7125162484106,127.03399348157104,123.44995216313784,80.0705082726056,69.76537589511699,50.356404987058056,64.45748750257067,44.36668884477923,37.82727414559872,28.448406693118123,36.21588493015669
2026-09-27,EP902026,41,2026-10-01 18:00:00,4 days 18:00:00,114,21.14,-110.28,982.4,64.6,37.95761751276393,165.40987188310606,162.1309463098769,137.26341428163977,137.8145711497506,83.6131337158183,78.11597840269212,56.820413060424485,64.9549286591477,37.95761751276393,1.886203042845556,0.0,2.3635575292149174
2026-09-27,EP902026,41,2026-10-02 00:00:00,5 days 00:00:00,120,21.42,-110.83,977.4,65.7,29.856026777364875,164.31461816945563,184.635837146205,192.0574391262527,157.15040030516855,100.2623184247724,95.90791590250458,82.56679932223565,89.56187481004969,40.17524087970613,38.22220438112336,32.46078365065956,34.53134310300449
2026-09-27,EP902026,41,2026-10-02 06:00:00,5 days 06:00:00,126,21.58,-111.14,975.2,72.2,27.403859647043944,120.49566066131857,150.93783786691404,140.713196992977,113.55513656986686,72.7600690269504,65.49232126140919,52.1885203607337,59.66299884005397,27.96794550231251,22.900518077220976,17.309100947795663,21.34993617787832
2026-09-27,EP902026,41,2026-10-02 12:00:00,5 days 12:00:00,132,21.96,-111.67,982.1,64.0,27.786094163232686,146.2575114367521,111.46674781147,108.6532999012975,144.06328207427617,81.39180950614391,66.9415282509046,50.28085584035276,68.14425548135978,0.0,0.0,0.0,0.0
2026-09-27,EP902026,41,2026-10-02 18:00:00,5 days 18:00:00,138,22.28,-112.23,978.0,65.9,45.278614679092414,101.6085758342141,163.76969805199985,132.955554540435,98.19734204491954,66.9889189851067,58.54218072380536,46.66168782703812,48.74654311284155,45.278614679092414,10.459667894143962,6.663543276173797,10.153371052607682
2026-09-27,EP902026,41,2026-10-03 00:00:00,6 days 00:00:00,144,22.46,-113.09,987.2,59.9,38.6423615170713,151.15197280392812,138.1350533111766,90.3585906226912,121.38320571443344,70.69932905350882,56.35252561572023,32.5933475707518,52.69844463272745,0.0,0.0,0.0,0.0
2026-09-27,EP902026,41,2026-10-03 06:00:00,6 days 06:00:00,150,22.43,-113.72,989.9,60.3,33.80877228592798,187.12487738815213,151.52630776475544,93.75265126394542,134.64829556444573,88.66532033232852,70.9241897313417,44.87196823069713,72.60591908396967,0.0,0.0,0.0,0.0
2026-09-27,EP902026,41,2026-10-03 12:00:00,6 days 12:00:00,156,22.36,-114.66,985.7,63.6,19.81437470778205,128.72157321813083,103.82425624843744,75.366142635313,104.7914193854068,55.76350887914192,39.09981742185664,23.462655164526453,44.42491832570416,0.0,0.0,0.0,0.0
2026-09-27,EP902026,41,2026-10-03 18:00:00,6 days 18:00:00,162,22.0,-115.54,997.0,48.0,24.088209364306977,142.42605670601358,110.02408334708048,72.4135539811308,126.64930213460434,0.0,0.0,0.0,0.0,0.0,0.0,0.0,0.0
2026-09-27,EP902026,41,2026-10-04 00:00:00,7 days 00:00:00,168,21.75,-116.24,995.8,41.3,71.55484692080938,103.07485062591354,91.970851141936,66.6841421115812,95.6559048141587,0.0,0.0,0.0,0.0,0.0,0.0,0.0,0.0
2026-09-27,EP902026,41,2026-10-04 06:00:00,7 days 06:00:00,174,21.35,-116.98,1000.5,36.4,36.42317753276679,78.79483440161368,56.87832629898322,45.51249406415655,77.22950487880868,0.0,0.0,0.0,0.0,0.0,0.0,0.0,0.0
2026-09-27,EP902026,41,2026-10-04 12:00:00,7 days 12:00:00,180,21.05,-117.49,1002.9,35.6,59.392725717040136,59.392725717040136,7.425526559871312,0.0,5.647280757725119,0.0,0.0,0.0,0.0,0.0,0.0,0.0,0.0
2026-09-27,EP902026,41,2026-10-04 18:00:00,7 days 18:00:00,186,20.82,-117.85,1002.0,35.1,63.652246566951256,66.7861347327647,56.75615941020483,38.53257704552216,61.0912409991497,0.0,0.0,0.0,0.0,0.0,0.0,0.0,0.0
2026-09-27,EP902026,41,2026-10-05 00:00:00,8 days 00:00:00,192,20.56,-118.1,999.2,39.7,56.25647657595341,25.839952712650582,56.25647657595341,25.154375288968676,27.32841032448294,0.0,0.0,0.0,0.0,0.0,0.0,0.0,0.0
2026-09-27,EP902026,41,2026-10-05 06:00:00,8 days 06:00:00,198,20.73,-117.99,998.2,36.6,71.61793961576996,71.61793961576996,34.72317664420876,23.334631688581023,27.688920217876777,0.0,0.0,0.0,0.0,0.0,0.0,0.0,0.0
2026-09-27,EP902026,41,2026-10-05 12:00:00,8 days 12:00:00,204,20.69,-118.18,995.2,42.8,72.99054462492073,80.84828290636847,91.715687585008,60.51648808002538,58.006350781057016,0.0,0.0,0.0,0.0,0.0,0.0,0.0,0.0
2026-09-27,EP902026,41,2026-10-05 18:00:00,8 days 18:00:00,210,21.02,-118.06,995.8,42.7,47.86632459840183,62.27601189483888,63.01705751528027,64.18438692973443,55.6928245425168,0.0,0.0,0.0,0.0,0.0,0.0,0.0,0.0
2026-09-27,EP902026,41,2026-10-06 00:00:00,9 days 00:00:00,216,21.34,-118.46,998.9,39.6,68.46329971451163,74.9086228741041,56.42193084462448,48.530952735208544,60.75883364458731,0.0,0.0,0.0,0.0,0.0,0.0,0.0,0.0
2026-09-27,EP902026,41,2026-10-06 06:00:00,9 days 06:00:00,222,21.73,-118.65,1002.1,37.3,25.51097993843177,53.21002256291918,27.923819000923714,13.582070423688108,35.741381574114776,0.0,0.0,0.0,0.0,0.0,0.0,0.0,0.0
2026-09-27,EP902026,41,2026-10-06 12:00:00,9 days 12:00:00,228,22.18,-119.18,1000.2,39.5,36.94160657841852,114.60384553334134,103.70959052363862,55.542008699577714,78.23720575107119,0.0,0.0,0.0,0.0,0.0,0.0,0.0,0.0
2026-09-27,EP902026,41,2026-10-06 18:00:00,9 days 18:00:00,234,22.95,-119.63,1003.2,38.4,21.67718012695991,58.83798263777328,45.25421054899277,25.34545691562573,51.82181801109368,0.0,0.0,0.0,0.0,0.0,0.0,0.0,0.0
2026-09-27,EP902026,41,2026-10-07 00:00:00,10 days 00:00:00,240,23.71,-119.98,999.3,39.8,80.1413188316692,80.1413188316692,0.0,0.0,3.961102479708643,0.0,0.0,0.0,0.0,0.0,0.0,0.0,0.0
2026-09-27,EP902026,41,2026-10-07 06:00:00,10 days 06:00:00,246,24.55,-120.76,997.4,29.4,102.09097905208546,0.0,0.0,0.0,0.0,0.0,0.0,0.0,0.0,0.0,0.0,0.0,0.0
2026-09-27,EP902026,41,2026-10-07 12:00:00,10 days 12:00:00,252,25.32,-121.41,1002.6,30.4,41.10408579287002,0.0,0.0,0.0,0.0,0.0,0.0,0.0,0.0,0.0,0.0,0.0,0.0
2026-09-27,EP902026,41,2026-10-07 18:00:00,10 days 18:00:00,258,25.64,-121.99,1001.4,35.7,73.1813887782927,73.1813887782927,53.96483983716655,44.087204720942935,59.19157130194827,0.0,0.0,0.0,0.0,0.0,0.0,0.0,0.0
2026-09-27,EP902026,41,2026-10-08 00:00:00,11 days 00:00:00,264,26.53,-122.75,1002.2,35.7,107.91473844769726,107.91473844769726,26.5750953161022,3.9517490263601935,34.894529753683855,0.0,0.0,0.0,0.0,0.0,0.0,0.0,0.0
2026-09-27,EP902026,41,2026-10-08 06:00:00,11 days 06:00:00,270,26.83,-123.07,1003.1,34.3,92.19047283806007,92.19047283806007,0.0,0.0,0.0,0.0,0.0,0.0,0.0,0.0,0.0,0.0,0.0
2026-09-27,EP902026,41,2026-10-08 12:00:00,11 days 12:00:00,276,27.04,-123.35,1005.0,26.5,86.37909421031043,0.0,0.0,0.0,0.0,0.0,0.0,0.0,0.0,0.0,0.0,0.0,0.0
2026-09-27,EP902026,41,2026-10-08 18:00:00,11 days 18:00:00,282,27.21,-123.21,1005.7,26.2,54.04418296722862,0.0,0.0,0.0,0.0,0.0,0.0,0.0,0.0,0.0,0.0,0.0,0.0
2026-09-27,EP902026,41,2026-10-09 00:00:00,12 days 00:00:00,288,27.26,-123.02,1009.7,16.9,64.17669956041723,0.0,0.0,0.0,0.0,0.0,0.0,0.0,0.0,0.0,0.0,0.0,0.0
2026-09-27,EP902026,41,2026-10-09 06:00:00,12 days 06:00:00,294,26.83,-123.06,1008.3,18.8,61.56705766785636,0.0,0.0,0.0,0.0,0.0,0.0,0.0,0.0,0.0,0.0,0.0,0.0
2026-09-27,EP902026,41,2026-10-09 12:00:00,12 days 12:00:00,300,26.24,-122.91,1008.9,18.5,91.18861018695192,0.0,0.0,0.0,0.0,0.0,0.0,0.0,0.0,0.0,0.0,0.0,0.0
2026-09-27,EP902026,41,2026-10-09 18:00:00,12 days 18:00:00,306,25.69,-122.82,1007.9,22.1,130.8259562793069,0.0,0.0,0.0,0.0,0.0,0.0,0.0,0.0,0.0,0.0,0.0,0.0
2026-09-27,EP902026,41,2026-10-10 00:00:00,13 days 00:00:00,312,25.11,-122.8,1010.1,18.5,69.20227146377846,0.0,0.0,0.0,0.0,0.0,0.0,0.0,0.0,0.0,0.0,0.0,0.0
2026-09-27,EP902026,41,2026-10-10 06:00:00,13 days 06:00:00,318,24.07,-122.65,1010.2,18.0,94.75871383470108,0.0,0.0,0.0,0.0,0.0,0.0,0.0,0.0,0.0,0.0,0.0,0.0
2026-09-27,WP252026,41,2026-09-27 00:00:00,0 days 00:00:00,0,24.6,127.6,964.0,89.0,22.0,102.0,121.0,102.0,93.0,,,,,,,,
2026-09-27,WP252026,41,2026-09-27 06:00:00,0 days 06:00:00,6,25.35,128.39,943.6,111.8,11.902847686241556,125.95025669561892,160.80484641245448,122.20822930195038,105.1412384026322,80.63974819300654,89.9022065257007,69.43788764845974,59.7158304121823,51.32006309818462,51.79672122434866,43.326460461896886,42.12771351304815
2026-09-27,WP252026,41,2026-09-27 12:00:00,0 days 12:00:00,12,25.84,128.86,953.8,103.0,39.86476865351084,135.82596085065893,151.1005630375486,140.69275467559754,118.14941171870797,79.35629531296391,92.98339474520446,68.98674119086832,58.66057458284568,42.09336748390427,44.88895164432466,36.17956676521252,34.99151979640981
2026-09-27,WP252026,41,2026-09-27 18:00:00,0 days 18:00:00,18,26.4,130.09,951.2,105.2,10.468232879775936,160.03190548310258,181.83311671921072,141.48940716080807,147.57188624194202,90.94719632370791,104.07796120933926,83.30054908995874,70.99301339549774,51.96256332629702,53.61003945013597,44.55804252832586,43.673417004542046
2026-09-27,WP252026,41,2026-09-28 00:00:00,1 days 00:00:00,24,26.92,130.78,970.3,92.1,36.22995641201976,166.6741812547011,176.3708710315858,134.27383714890345,120.5499091744002,73.09167235882748,97.99173000333926,77.78689418723843,58.26392524741745,52.748504021950566,55.79319092374175,47.48160200532629,41.941949683044975
2026-09-27,WP252026,41,2026-09-28 06:00:00,1 days 06:00:00,30,27.38,131.84,978.2,75.1,37.29507414801066,156.88533747638888,160.8800119169617,122.55771427994448,98.35318487652144,86.2275571949651,101.4265925151742,81.24429350791881,64.90273318269364,63.87054048505577,68.26516737355863,56.3977122923629,50.68359490802718
2026-09-27,WP252026,41,2026-09-28 12:00:00,1 days 12:00:00,36,27.51,132.81,978.4,77.7,43.233017997088936,135.46946755413398,178.74727782143728,137.09266609382394,92.27207831014108,59.89273916378032,77.93178709504349,57.03298460476259,42.27947787731647,34.45235521823697,43.233017997088936,31.18442286921133,24.70385908940848
2026-09-27,WP252026,41,2026-09-28 18:00:00,1 days 18:00:00,42,27.84,133.59,987.0,62.6,34.3988780773434,172.58187718827412,180.38923792757487,154.82719412387632,151.7047444436157,107.03915469487764,110.04131720149236,90.33226501880516,88.41434640118223,0.0,0.0,0.0,0.0
2026-09-27,WP252026,41,2026-09-29 00:00:00,2 days 00:00:00,48,28.28,134.31,987.3,58.3,34.43190867280897,140.77059594199767,138.683889027759,95.12173368803676,93.78996155163804,43.65699938224721,44.18549438643564,34.49421819363903,32.01465128683387,0.0,0.0,0.0,0.0
2026-09-27,WP252026,41,2026-09-29 06:00:00,2 days 06:00:00,54,28.79,135.2,993.8,49.9,38.86697272832979,133.65014423050786,161.11196977324778,143.9932747056871,131.7713064986736,0.0,0.0,0.0,0.0,0.0,0.0,0.0,0.0
2026-09-27,WP252026,41,2026-09-29 12:00:00,2 days 12:00:00,60,29.21,136.04,994.0,41.6,58.102700282313045,80.0733069840698,101.22090955886742,81.66247874561185,76.42911950755281,0.0,0.0,0.0,0.0,0.0,0.0,0.0,0.0
2026-09-27,WP252026,41,2026-09-29 18:00:00,2 days 18:00:00,66,29.46,136.93,997.3,41.0,42.26526844918274,77.67103641109337,106.9916136199832,79.0782091806523,68.87290890816698,0.0,0.0,0.0,0.0,0.0,0.0,0.0,0.0
2026-09-27,WP252026,41,2026-09-30 00:00:00,3 days 00:00:00,72,29.86,137.84,995.4,38.8,47.53096549707436,204.88269982218657,217.24310422335856,185.04969986654248,179.77125724460228,0.0,0.0,0.0,0.0,0.0,0.0,0.0,0.0
2026-09-27,WP252026,41,2026-09-30 06:00:00,3 days 06:00:00,78,30.35,138.75,997.3,34.2,102.33020832855368,0.0,102.33020832855368,0.0,0.0,0.0,0.0,0.0,0.0,0.0,0.0,0.0,0.0
2026-09-27,WP252026,41,2026-09-30 12:00:00,3 days 12:00:00,84,30.16,139.43,1002.7,27.3,160.3807429063894,0.0,0.0,0.0,0.0,0.0,0.0,0.0,0.0,0.0,0.0,0.0,0.0
2026-09-27,WP252026,41,2026-09-30 18:00:00,3 days 18:00:00,90,30.47,139.84,1005.9,24.8,71.46661357760749,0.0,0.0,0.0,0.0,0.0,0.0,0.0,0.0,0.0,0.0,0.0,0.0
2026-09-27,WP252026,41,2026-10-01 00:00:00,4 days 00:00:00,96,31.94,140.26,1004.8,26.5,161.38238154612213,0.0,0.0,0.0,0.0,0.0,0.0,0.0,0.0,0.0,0.0,0.0,0.0
2026-09-27,WP252026,41,2026-10-01 06:00:00,4 days 06:00:00,102,33.41,141.09,1005.2,26.8,19.07717238177952,0.0,0.0,0.0,0.0,0.0,0.0,0.0,0.0,0.0,0.0,0.0,0.0
2026-09-27,WP252026,41,2026-10-01 12:00:00,4 days 12:00:00,108,34.46,142.81,1004.0,28.8,52.60952821792489,0.0,0.0,0.0,0.0,0.0,0.0,0.0,0.0,0.0,0.0,0.0,0.0
2026-09-27,WP252026,41,2026-10-01 18:00:00,4 days 18:00:00,114,36.28,145.19,994.5,41.5,26.743596276006546,77.76140665800813,99.41397131758164,54.44238814135997,50.34488616598418,0.0,0.0,0.0,0.0,0.0,0.0,0.0,0.0
2026-09-27,AL062026,42,2026-09-27 00:00:00,0 days 00:00:00,0,29.8,-43.9,1010.0,29.0,56.0,0.0,0.0,0.0,0.0,0.0,0.0,0.0,0.0,0.0,0.0,0.0,0.0
2026-09-27,EP152026,42,2026-09-27 00:00:00,0 days 00:00:00,0,16.7,-156.1,972.0,80.0,37.0,241.0,185.0,185.0,241.0,93.0,74.0,93.0,111.0,56.0,46.0,56.0,56.0
2026-09-27,EP152026,42,2026-09-27 06:00:00,0 days 06:00:00,6,16.52,-156.81,961.9,96.9,31.911766875726983,211.13773009440024,156.61773579935988,143.8463742697633,234.9721061037,124.14341100401344,94.00988171358532,85.78335407777126,120.39830386935388,69.50770758416428,58.34764939556173,50.12981553307469,62.860552732062345
2026-09-27,EP152026,42,2026-09-27 12:00:00,0 days 12:00:00,12,16.37,-157.59,958.8,99.8,31.2026017918989,201.90993763999904,159.48130451271027,138.3341363585845,208.83540625453543,112.80509491855616,94.17894139641794,77.13008177093087,102.51336228961463,56.04804449892396,45.97809506527895,39.38636265680415,47.70657708330157
2026-09-27,EP152026,42,2026-09-27 18:00:00,0 days 18:00:00,18,15.99,-158.59,957.9,102.4,27.964830722041008,153.86443569639275,127.68010525009252,114.15554604375306,149.784463409603,95.26576250244848,74.33003981149994,63.2261132084065,88.84696779252076,58.27274378089322,44.49064477116991,36.41849180294355,50.0477477898273
2026-09-27,EP152026,42,2026-09-28 00:00:00,1 days 00:00:00,24,15.89,-159.71,950.7,117.9,32.21310237504753,175.19318358216594,143.67543795272024,143.35272926319865,169.68284583032195,99.7945883087227,77.05082910546673,74.90704188885128,94.911203346385,62.76904452160264,52.84911560632185,45.38154344496312,55.93564822357661
2026-09-27,EP152026,42,2026-09-28 06:00:00,1 days 06:00:00,30,15.96,-160.61,943.5,122.4,28.03189453107339,168.68603104385107,122.4533652341706,139.27152541466887,165.5648431136342,93.12197598468764,71.64069363797375,69.36566801951372,96.4051221668805,59.56611626782514,44.85527335863248,37.86214313835171,53.04425715212847
2026-09-27,EP152026,42,2026-09-28 12:00:00,1 days 12:00:00,36,16.49,-161.55,939.8,132.6,27.678994635675156,168.69777010764523,180.0514743851485,131.5052061024669,148.04157599841048,87.4692279239421,67.66546326322208,66.93297504113687,81.35475873695374,60.21142394859311,48.50560502219797,39.56022721381494,54.542916040196616
2026-09-27,EP152026,42,2026-09-28 18:00:00,1 days 18:00:00,42,17.05,-162.39,952.1,111.5,21.01735025108493,216.44475386055265,156.5968906087074,119.39953651608856,186.1560708448156,112.35762589020098,75.61340292504983,58.28349794759307,98.13820290750672,64.13787991267978,50.89891866386533,35.42044565492878,54.69118887735469
2026-09-27,EP152026,42,2026-09-29 00:00:00,2 days 00:00:00,48,18.06,-163.1,958.7,103.0,8.384488345043078,209.30370369345468,179.69535431629666,119.99678927640622,175.85475403858834,104.15743489927812,78.26405832800546,57.70121333854695,87.27420456398453,48.55197671649157,37.83345113995597,26.505975289305045,40.44554403587575
2026-09-27,EP152026,42,2026-09-29 06:00:00,2 days 06:00:00,54,19.01,-163.34,962.8,95.3,36.434432420907854,200.2165745599596,149.32661142641973,80.0357897572044,122.1614938055328,83.99840084764207,69.70768426728543,33.280533619818705,61.36440140471666,60.72216761257846,48.43650383266504,33.280533619818705,46.31616905983071
2026-09-27,EP152026,42,2026-09-29 12:00:00,2 days 12:00:00,60,19.84,-163.92,968.6,87.1,33.489165986686885,189.95491731550263,142.0971611268084,98.85961276609451,141.62875291045344,74.67603549151703,61.65609995907373,38.06757943255173,62.78172115963882,44.66770437531281,36.21581951027511,24.593954234829557,35.716695461256364
2026-09-27,EP152026,42,2026-09-29 18:00:00,2 days 18:00:00,66,20.89,-163.69,971.0,85.2,40.06262690292655,172.5953825967938,158.71214617432554,110.85054673011666,135.89606891120098,90.56665206685882,87.95487194129603,60.562287066335706,76.50227640959011,48.550084972092094,43.8128151650233,33.203170244942925,39.00249699272099
2026-09-27,EP152026,42,2026-09-30 00:00:00,3 days 00:00:00,72,21.63,-163.89,979.9,71.6,36.32119011617458,202.50999931688924,151.9737344878564,109.00358600552296,152.97733963488955,100.2898717344851,86.59059083541536,62.266014302724734,87.2591027712972,37.55621024402286,29.681439756459618,21.972063754697132,30.981925533598137
2026-09-27,EP152026,42,2026-09-30 06:00:00,3 days 06:00:00,78,22.32,-164.21,988.1,59.8,54.41401413958982,273.25561575185543,200.52787946939696,159.47531247259667,242.47339502350783,118.07179398458884,88.63897467897743,61.065563731765536,92.55028255245784,0.0,0.0,0.0,0.0
2026-09-27,EP152026,42,2026-09-30 12:00:00,3 days 12:00:00,84,22.62,-164.47,988.7,52.6,84.37041225309213,202.37482190250373,129.82110599113275,107.18075301020052,184.7687023048475,84.37041225309213,17.17959072685295,16.28623901717225,30.90377474688773,0.0,0.0,0.0,0.0
2026-09-27,EP152026,42,2026-09-30 18:00:00,3 days 18:00:00,90,22.9,-165.18,990.9,49.3,74.49143326777443,205.43131676479436,134.9129913555007,80.5696762619186,177.72147723029542,0.0,0.0,0.0,0.0,0.0,0.0,0.0,0.0
2026-09-27,EP152026,42,2026-10-01 00:00:00,4 days 00:00:00,96,23.26,-165.89,997.7,45.3,78.54703736209082,294.4866796589083,189.9402154828813,124.07900587309658,252.12200513505428,0.0,0.0,0.0,0.0,0.0,0.0,0.0,0.0
2026-09-27,EP152026,42,2026-10-01 06:00:00,4 days 06:00:00,102,23.53,-166.51,995.6,45.2,91.74705152385104,195.1824377336743,140.25954537868893,108.00671038572727,176.11413492367137,0.0,0.0,0.0,0.0,0.0,0.0,0.0,0.0
2026-09-27,EP152026,42,2026-10-01 12:00:00,4 days 12:00:00,108,24.44,-168.27,994.9,45.7,83.63578665665034,216.50190078085788,168.30053807685383,124.07791909478016,179.81749187127323,0.0,0.0,0.0,0.0,0.0,0.0,0.0,0.0
2026-09-27,EP152026,42,2026-10-01 18:00:00,4 days 18:00:00,114,24.4,-169.35,998.3,42.7,90.08053826956493,303.5407375965516,207.60780345036085,156.07676575906925,250.3120636036324,0.0,0.0,0.0,0.0,0.0,0.0,0.0,0.0
2026-09-27,EP152026,42,2026-10-02 00:00:00,5 days 00:00:00,120,24.61,-170.55,994.2,49.9,111.08755934675835,202.66619392949704,194.19099137860908,162.227814008673,189.61954353068396,0.0,0.0,0.0,0.0,0.0,0.0,0.0,0.0
2026-09-27,EP152026,42,2026-10-02 06:00:00,5 days 06:00:00,126,24.2,-171.37,991.9,48.6,84.0820979685681,320.14058191957207,262.0996954210013,243.4003084905285,308.087408778024,0.0,0.0,0.0,0.0,0.0,0.0,0.0,0.0
2026-09-27,EP152026,42,2026-10-02 12:00:00,5 days 12:00:00,132,24.0,-172.53,994.2,47.2,56.01131992157312,215.67840756953223,127.77104405037863,103.22361760039809,203.73230226938185,0.0,0.0,0.0,0.0,0.0,0.0,0.0,0.0
2026-09-27,EP152026,42,2026-10-02 18:00:00,5 days 18:00:00,138,23.53,-173.22,989.7,48.4,71.06383265837938,233.9605709517884,179.14929475770316,180.16563020351884,255.6582174225843,0.0,0.0,0.0,0.0,0.0,0.0,0.0,0.0
2026-09-27,EP152026,42,2026-10-03 00:00:00,6 days 00:00:00,144,22.98,-174.43,991.4,51.0,66.6488762018917,220.44349343632663,155.25297962011282,129.5488715904666,208.743554826488,66.6488762018917,23.918777440722767,15.870771594978006,26.12740666458609,0.0,0.0,0.0,0.0
2026-09-27,EP152026,42,2026-10-03 06:00:00,6 days 06:00:00,150,22.64,-175.95,994.7,58.0,28.351024884981683,216.8214758109248,127.73026159275054,89.89864378130623,210.96569595085455,113.817902041391,81.60662343181852,57.60242339929606,92.29220371198316,0.0,0.0,0.0,0.0
2026-09-27,EP152026,42,2026-10-03 12:00:00,6 days 12:00:00,156,22.71,-177.79,984.8,63.3,41.8647661482302,270.5608396595041,160.36121927649748,151.06724694859162,260.34983969909865,131.10767788202145,99.3229441381757,75.32799171884815,113.95277614161368,0.0,0.0,0.0,0.0
2026-09-27,EP152026,42,2026-10-03 18:00:00,6 days 18:00:00,162,22.98,-179.66,977.2,74.5,41.82717076222588,244.28912033874147,154.22719155590082,151.9105646372985,249.7170467870184,129.83732394925866,99.68375126569488,81.45123765532784,117.8708880474119,63.27579337845961,53.36326445331188,43.13385199234405,54.97996194519622
2026-09-27,EP152026,42,2026-10-04 00:00:00,7 days 00:00:00,168,23.21,177.98,982.1,71.9,17.052505777073055,206.820622789526,142.91189821461273,107.13923913777803,182.53874730442524,90.71759315873874,71.40979739082698,45.56284250207899,75.86837081331669,41.03045072600416,31.133314754354977,22.78285499742036,34.09147605918242
2026-09-27,EP152026,42,2026-10-04 06:00:00,7 days 06:00:00,174,23.17,176.06,976.3,78.0,30.052364639028383,268.511663384008,217.95300481012964,184.9119821229542,258.83626805306994,142.98362748141517,121.08193123867386,96.27754566415388,125.59117878970574,82.54051504388917,75.69691602867533,59.73202877886797,71.78896872641053
2026-09-27,EP152026,42,2026-10-04 12:00:00,7 days 12:00:00,180,23.7,174.44,975.9,76.4,26.30025408335727,240.0743750379812,167.5338848244811,184.126906627481,233.90115912495412,125.14062253633654,97.79212403317914,85.19672195455497,112.31206489303744,70.29178328660615,59.1170212256162,48.97982467439158,60.3805367911188
2026-09-27,EP152026,42,2026-10-04 18:00:00,7 days 18:00:00,186,24.26,173.16,970.1,83.1,22.9583119926412,266.971925259763,206.4101917733127,133.44253992774622,257.3463198944869,134.3043696167599,98.89475908790536,65.61717170184104,108.99558730932084,62.81685638275826,52.27105672359707,37.55511682502774,51.742134035934725
2026-09-27,EP152026,42,2026-10-05 00:00:00,8 days 00:00:00,192,24.99,171.67,975.6,76.1,31.937384412539917,302.27644027464146,212.5709860706785,150.6967626902935,247.83071932046997,143.99145099301626,105.041985121289,71.06649193958202,119.25114351963155,85.60835509411723,71.14625524080085,51.32194691953256,69.86094135088612
2026-09-27,EP152026,42,2026-10-05 06:00:00,8 days 06:00:00,198,25.81,170.4,969.4,72.2,34.390417631632445,290.24308763029785,223.12777258560052,161.8637978235736,259.1426674740387,141.17543177299245,106.63162156994534,73.1325453295797,110.89987315911348,39.4137710618484,33.814917376679155,22.00325786766421,30.54273613152451
2026-09-27,EP152026,42,2026-10-05 12:00:00,8 days 12:00:00,204,26.42,169.14,979.8,65.7,51.355036751468994,252.75853545018128,186.1365162584928,121.5603877990588,213.20093736066585,93.89595245332384,69.24018904492188,43.79059037894174,66.5156666899974,51.355036751468994,0.0,0.0,0.021044735250616
2026-09-27,EP152026,42,2026-10-05 18:00:00,8 days 18:00:00,210,27.1,167.8,990.7,56.8,58.81384809698102,259.47516702463054,175.9553955580077,102.58122290525534,216.93499309958497,108.42228784016788,82.50980495221802,54.52302081139533,78.58364482450088,0.0,0.0,0.0,0.0
2026-09-27,EP152026,42,2026-10-06 00:00:00,9 days 00:00:00,216,27.84,165.52,999.7,46.5,63.7401884677577,327.48605013430426,228.58654944105257,120.93972991807208,292.72327144249954,0.0,0.0,0.0,0.0,0.0,0.0,0.0,0.0
2026-09-27,EP152026,42,2026-10-06 06:00:00,9 days 06:00:00,222,28.82,164.06,996.3,51.6,75.3401368514089,222.1168115648864,153.11679495478597,124.64379844415532,170.4094494495419,93.335467559176,82.15132850165094,56.80333605390831,73.23323572009478,0.0,0.0,0.0,0.0
2026-09-27,EP152026,42,2026-10-06 12:00:00,9 days 12:00:00,228,29.39,162.6,991.8,50.4,32.922609510926115,217.8345751972448,143.19883735285504,68.69239726707387,170.11420881336076,33.9782408051144,15.522987360859704,8.6965247198706,24.23302726574082,0.0,0.0,0.0,0.0
2026-09-27,EP152026,42,2026-10-06 18:00:00,9 days 18:00:00,234,29.82,160.64,996.1,47.9,74.58367479515405,224.6654733235241,178.1767681963773,96.431113149935,186.60833329978996,0.0,0.0,0.0,0.0,0.0,0.0,0.0,0.0
2026-09-27,EP152026,42,2026-10-07 00:00:00,10 days 00:00:00,240,30.89,158.65,1001.0,40.8,36.43299244078327,233.30814386558976,170.01518247853386,84.06731632288623,180.9877638940844,0.0,0.0,0.0,0.0,0.0,0.0,0.0,0.0
2026-09-27,EP152026,42,2026-10-07 06:00:00,10 days 06:00:00,246,31.5,157.12,999.8,41.3,49.90103366367807,97.315343513803,67.6826854752069,25.97270749865916,67.17232783053379,0.0,0.0,0.0,0.0,0.0,0.0,0.0,0.0
2026-09-27,EP152026,42,2026-10-07 12:00:00,10 days 12:00:00,252,32.7,155.51,1003.8,30.0,49.25362667020369,0.0,0.0,0.0,0.0,0.0,0.0,0.0,0.0,0.0,0.0,0.0,0.0
2026-09-27,EP152026,42,2026-10-07 18:00:00,10 days 18:00:00,258,34.49,154.92,1006.1,30.5,61.04542842936225,0.0,0.0,0.0,0.0,0.0,0.0,0.0,0.0,0.0,0.0,0.0,0.0
2026-09-27,EP152026,42,2026-10-08 00:00:00,11 days 00:00:00,264,35.55,154.94,1005.6,31.6,155.22669723595033,0.0,0.0,0.0,0.0,0.0,0.0,0.0,0.0,0.0,0.0,0.0,0.0
2026-09-27,EP152026,42,2026-10-08 06:00:00,11 days 06:00:00,270,36.63,155.5,1003.3,31.4,72.38635767543032,0.0,0.0,0.0,0.0,0.0,0.0,0.0,0.0,0.0,0.0,0.0,0.0
2026-09-27,EP152026,42,2026-10-08 12:00:00,11 days 12:00:00,276,37.78,156.42,1005.5,29.6,78.0149290438105,0.0,0.0,0.0,0.0,0.0,0.0,0.0,0.0,0.0,0.0,0.0,0.0
2026-09-27,EP152026,42,2026-10-08 18:00:00,11 days 18:00:00,282,38.35,157.34,1011.0,24.0,103.20257316843174,0.0,0.0,0.0,0.0,0.0,0.0,0.0,0.0,0.0,0.0,0.0,0.0
2026-09-27,EP152026,42,2026-10-09 00:00:00,12 days 00:00:00,288,39.64,159.31,1007.2,25.8,154.48632479100712,0.0,0.0,0.0,0.0,0.0,0.0,0.0,0.0,0.0,0.0,0.0,0.0
2026-09-27,EP162026,42,2026-09-27 00:00:00,0 days 00:00:00,0,20.8,-123.6,975.0,76.0,28.0,167.0,167.0,148.0,185.0,93.0,74.0,74.0,93.0,65.0,46.0,37.0,56.0
2026-09-27,EP162026,42,2026-09-27 06:00:00,0 days 06:00:00,6,21.45,-123.45,989.3,64.0,57.52212280063255,201.7450784191988,178.9160070123263,135.8717865657835,160.69141279626666,83.69382589878458,79.91921990972138,56.87552792686943,72.37684732322386,0.0,0.0,0.0,0.0
2026-09-27,EP162026,42,2026-09-27 12:00:00,0 days 12:00:00,12,22.31,-123.39,994.9,48.2,99.88304773650796,208.69587694854047,165.21155700543403,112.91472572370608,160.12983644699634,0.0,0.0,0.0,0.0,0.0,0.0,0.0,0.0
2026-09-27,EP162026,42,2026-09-27 18:00:00,0 days 18:00:00,18,22.65,-123.29,1000.6,36.9,83.48113130155504,103.06333196479996,80.46217951415296,47.22354066574965,79.03631644526024,0.0,0.0,0.0,0.0,0.0,0.0,0.0,0.0
2026-09-27,EP162026,42,2026-09-28 00:00:00,1 days 00:00:00,24,22.93,-123.37,1002.1,33.4,97.00022994140032,0.0,0.0,0.0,0.0,0.0,0.0,0.0,0.0,0.0,0.0,0.0,0.0
2026-09-27,EP162026,42,2026-09-28 06:00:00,1 days 06:00:00,30,23.03,-123.11,1001.8,28.8,92.4299559261614,0.0,0.0,0.0,0.0,0.0,0.0,0.0,0.0,0.0,0.0,0.0,0.0
2026-09-27,EP162026,42,2026-09-28 12:00:00,1 days 12:00:00,36,23.15,-122.9,1004.8,26.8,84.77953516610775,0.0,0.0,0.0,0.0,0.0,0.0,0.0,0.0,0.0,0.0,0.0,0.0
2026-09-27,EP162026,42,2026-09-28 18:00:00,1 days 18:00:00,42,22.5,-122.84,1005.0,28.8,113.81539175656349,0.0,0.0,0.0,0.0,0.0,0.0,0.0,0.0,0.0,0.0,0.0,0.0
2026-09-27,EP162026,42,2026-09-29 00:00:00,2 days 00:00:00,48,21.83,-123.1,1007.3,23.4,74.56444002030167,0.0,0.0,0.0,0.0,0.0,0.0,0.0,0.0,0.0,0.0,0.0,0.0
2026-09-27,EP162026,42,2026-09-29 06:00:00,2 days 06:00:00,54,20.83,-123.21,1007.5,23.7,87.59296132252933,0.0,0.0,0.0,0.0,0.0,0.0,0.0,0.0,0.0,0.0,0.0,0.0
2026-09-27,EP172026,42,2026-09-27 00:00:00,0 days 00:00:00,0,19.0,-112.9,946.0,111.0,28.0,259.0,185.0,167.0,185.0,111.0,111.0,93.0,93.0,65.0,65.0,46.0,56.0
2026-09-27,EP172026,42,2026-09-27 06:00:00,0 days 06:00:00,6,19.88,-113.32,949.7,112.7,21.585737691017144,175.13316038756528,201.69553155857068,140.28819085882176,119.73981859830582,78.20456221705075,78.7713573893387,58.29578594785824,59.62409829948058,55.131951037989865,50.19333841129587,37.07087739241933,43.90004784411727
2026-09-27,EP172026,42,2026-09-27 12:00:00,0 days 12:00:00,12,20.63,-113.7,949.1,117.5,33.719295157197614,154.82762656640898,182.48374855375184,124.8647185080936,119.21023348213215,89.31790763826375,90.24561905552191,63.97622859312735,76.96785866885354,56.012875071638376,49.32299459908815,38.71584885843288,45.00486195285377
2026-09-27,EP172026,42,2026-09-27 18:00:00,0 days 18:00:00,18,21.52,-113.95,949.3,107.5,17.002595777269804,191.3131019073405,190.4932413317657,129.44727783892364,129.10408806529568,88.47190481366695,78.09602480314007,45.63551046286212,67.3254717107466,58.9224080261348,47.530064134929646,31.647818878324383,44.50961061581967
2026-09-27,EP172026,42,2026-09-28 00:00:00,1 days 00:00:00,24,22.45,-113.99,946.7,114.8,47.97243931972351,133.60705669981547,205.238099748008,148.09154730736304,68.45141380597346,92.39913297116406,116.89892336322076,93.95725226909391,68.45141380597346,65.04528179426882,63.49349889480341,50.8526613332743,52.58985056877121
2026-09-27,EP172026,42,2026-09-28 06:00:00,1 days 06:00:00,30,23.38,-113.8,950.5,101.6,20.73623480659856,173.09407109020543,192.95120838146585,132.5044661722418,135.62055503765464,99.62067552114678,105.77826108253991,68.04607471288105,71.66353482035927,52.53632689130909,47.859127235045406,35.13834045846937,38.96859183971702
2026-09-27,EP172026,42,2026-09-28 12:00:00,1 days 12:00:00,36,24.21,-113.4,955.3,97.0,47.7416508486961,159.28711365365865,187.43684270391395,160.78095422778046,118.04905351391317,84.78263159300562,98.0339948895818,73.10717404153755,61.02422429447071,48.70878969729195,49.50629741700647,38.13232119971194,38.10365466672974
2026-09-27,EP172026,42,2026-09-28 18:00:00,1 days 18:00:00,42,24.84,-113.0,954.3,99.4,35.465553254095994,152.25053314520846,162.21011966892365,108.40442475853524,89.96280979084622,66.00458551400334,73.83830054095324,48.49992701413885,48.08149081698866,36.204469267339846,33.70025165613424,23.582231989591943,26.623417903008203
2026-09-27,EP172026,42,2026-09-29 00:00:00,2 days 00:00:00,48,25.46,-112.09,962.4,96.5,20.142166697216496,170.59954421258738,172.33416439969056,143.04133990536656,135.30212764719434,77.03675796956377,91.32768077335407,83.25891817268536,68.37455790224536,50.17720676915401,52.3800910580953,46.97680417059935,40.55133728211303
2026-09-27,EP172026,42,2026-09-29 06:00:00,2 days 06:00:00,54,26.6,-111.54,979.8,66.4,22.297540857044226,193.73301039083827,217.38108811689492,118.44302229060044,150.49502253858793,95.67457402540607,92.2096957006729,54.019563926967,66.87557906796208,22.297540857044226,1.3708540930513804,0.0,0.0
2026-09-27,EP172026,42,2026-09-29 12:00:00,2 days 12:00:00,60,28.12,-111.01,987.4,50.2,30.52633662769013,134.29386247486954,166.93618879266913,91.18707422108248,72.33834267774765,53.69964438533788,57.87500958304209,35.25805220922514,35.31425605603542,0.0,0.0,0.0,0.0
2026-09-27,EP902026,42,2026-09-27 00:00:00,0 days 00:00:00,0,12.0,-98.6,1008.0,25.0,111.0,0.0,0.0,0.0,0.0,0.0,0.0,0.0,0.0,0.0,0.0,0.0,0.0
2026-09-27,EP902026,42,2026-09-27 06:00:00,0 days 06:00:00,6,11.61,-98.31,1005.5,26.4,117.55083959144604,0.0,0.0,0.0,0.0,0.0,0.0,0.0,0.0,0.0,0.0,0.0,0.0
2026-09-27,EP902026,42,2026-09-27 12:00:00,0 days 12:00:00,12,11.81,-98.37,1006.4,31.4,111.5026212507836,0.0,0.0,0.0,0.0,0.0,0.0,0.0,0.0,0.0,0.0,0.0,0.0
2026-09-27,EP902026,42,2026-09-27 18:00:00,0 days 18:00:00,18,11.94,-98.9,1002.1,39.4,63.19775636418011,142.80125780490488,150.07172142331214,121.38732642523316,116.5192190072508,0.0,0.0,0.0,0.0,0.0,0.0,0.0,0.0
2026-09-27,EP902026,42,2026-09-28 00:00:00,1 days 00:00:00,24,12.1,-99.33,1001.1,43.1,101.11767560093269,182.6639522797724,186.4069672468087,142.60067256282835,148.36137773560364,0.0,0.0,0.0,0.0,0.0,0.0,0.0,0.0
2026-09-27,EP902026,42,2026-09-28 06:00:00,1 days 06:00:00,30,12.2,-100.01,1001.2,44.4,81.75617976317758,184.21563467080205,159.0111336222438,104.95784036780589,141.47146065517816,0.0,0.0,0.0,0.0,0.0,0.0,0.0,0.0
2026-09-27,EP902026,42,2026-09-28 12:00:00,1 days 12:00:00,36,12.58,-100.72,996.3,44.9,95.42281837523184,230.98109482008945,232.5563800685027,168.7968909184258,212.2736034480684,0.0,0.0,0.0,0.0,0.0,0.0,0.0,0.0
2026-09-27,EP902026,42,2026-09-28 18:00:00,1 days 18:00:00,42,13.25,-101.97,993.3,52.4,53.18230518506269,149.7083534299121,145.19866491659354,98.77399058676906,111.09473312894691,1.4733751121429108,53.18230518506269,0.7247100270913407,0.1097043801738664,0.0,0.0,0.0,0.0
2026-09-27,EP902026,42,2026-09-29 00:00:00,2 days 00:00:00,48,13.59,-103.03,995.2,52.2,73.21985896631767,159.09166321820368,161.36157873809498,128.99173928522737,140.8424992982415,73.21985896631767,20.98135861473475,17.144881225593185,16.32740830930799,0.0,0.0,0.0,0.0
2026-09-27,EP902026,42,2026-09-29 06:00:00,2 days 06:00:00,54,14.44,-104.04,993.5,56.4,48.38950306486645,123.85389790545526,107.3037141948702,91.30383518733416,105.64458357081696,48.38950306486645,16.376204328272767,13.40627030689508,14.149767919445363,0.0,0.0,0.0,0.0
2026-09-27,EP902026,42,2026-09-29 12:00:00,2 days 12:00:00,60,14.75,-104.71,989.2,59.0,27.027817855220867,160.5992219554344,175.4312796849196,146.68279529526978,151.26474587048074,95.56293284486084,82.84026592730005,58.68627110869924,69.93548497614827,0.0,0.0,0.0,0.0
2026-09-27,EP902026,42,2026-09-29 18:00:00,2 days 18:00:00,66,15.93,-105.85,986.4,63.9,41.22290776253887,134.64611125492422,141.74129302856431,69.66601239420027,89.96117338482694,49.65233527353,43.50733537146007,24.51694941616657,28.637495669526245,0.0,0.0,0.0,0.0
2026-09-27,EP902026,42,2026-09-30 00:00:00,3 days 00:00:00,72,16.55,-106.52,985.6,60.9,58.32356079401405,197.06067539614477,212.42761131474143,126.52730099563324,133.23461930407657,97.78970754361174,80.14031550157635,43.9754895782677,60.859657623772286,0.0,0.0,0.0,0.0
2026-09-27,EP902026,42,2026-09-30 06:00:00,3 days 06:00:00,78,17.14,-107.68,986.5,71.7,34.64733311245692,125.8358981424725,190.18674703394925,152.57801680873877,110.8577308910954,86.01438553143839,82.57223924086134,59.95838736333013,62.216880951497615,34.64733311245692,12.171639767912112,9.334727092325508,11.353265753606196
2026-09-27,EP902026,42,2026-09-30 12:00:00,3 days 12:00:00,84,17.48,-108.18,975.9,73.4,37.59208354131671,159.34801105705276,159.9278342696999,105.61876901788251,114.4553288807612,77.76819866826486,71.02949721251093,50.05683157167985,64.69659690250118,45.89779331535669,38.63751255522546,29.758649995331904,37.30611865224115
2026-09-27,EP902026,42,2026-09-30 18:00:00,3 days 18:00:00,90,18.1,-108.74,980.6,76.8,39.50854701384515,121.4496261515422,133.27474488203367,92.31271429310242,82.70527585534396,43.2204090453807,38.61355899826538,27.47076100421107,32.31137948517764,39.50854701384515,13.90005351225398,8.656563598453946,12.10598218431917
2026-09-27,EP902026,42,2026-10-01 00:00:00,4 days 00:00:00,96,18.44,-109.23,981.4,74.4,26.880424936120523,137.18005797234355,143.95986679977565,133.15808826002032,118.010159063843,72.31799255888038,67.24360900468238,51.85370773674357,61.8442521778026,48.65757541481357,42.37446390240439,32.771968029909885,40.12687257262282
2026-09-27,EP902026,42,2026-10-01 06:00:00,4 days 06:00:00,102,18.41,-109.88,978.7,68.4,32.08390228843925,163.66971820151772,166.46155386562492,131.9074093518774,132.5055407809015,84.23550612820185,78.69173152963702,58.71105833251936,69.53384551034719,48.44311894601064,39.44239255302233,31.91017057366881,38.836298013446594
2026-09-27,EP902026,42,2026-10-01 12:00:00,4 days 12:00:00,108,18.36,-110.23,978.2,78.7,42.40241551037572,83.50351826453637,132.2266984293972,168.36557581483086,111.12755212627182,49.35442296296327,60.04269146382266,70.71079648721302,52.38259167723581,49.35442296296327,47.8038639512264,45.0616558312755,44.49558260645355
2026-09-27,EP902026,42,2026-10-01 18:00:00,4 days 18:00:00,114,18.31,-110.71,971.8,79.0,21.8801984790278,99.33670273374506,116.6679586917553,145.00626341453477,114.16514122598905,63.728567391342224,63.98649819090939,60.07027363901428,57.24908830644264,42.93329553016143,34.40581776779054,29.758721859670757,34.231675290584235
2026-09-27,EP902026,42,2026-10-02 00:00:00,5 days 00:00:00,120,18.07,-110.8,987.1,69.8,49.714148009990325,120.71694408124436,172.85064363148308,156.4560122070213,109.4676279713764,66.40962233231411,71.71340706931969,60.59673105967396,55.83422185346146,49.714148009990325,22.38105182028918,19.34343069234906,19.27142051311124
2026-09-27,EP902026,42,2026-10-02 06:00:00,5 days 06:00:00,126,18.07,-111.15,990.7,53.5,91.48800833078936,164.54120364587646,185.9502632934691,167.6611611119548,155.3612531094746,91.48800833078936,24.803249421364207,20.62182311555885,25.31044537038602,0.0,0.0,0.0,0.0
2026-09-27,EP902026,42,2026-10-02 12:00:00,5 days 12:00:00,132,18.11,-111.32,997.0,39.9,89.51248548693673,207.84769279161384,241.4094488403307,221.7025143560504,191.00632751322888,0.0,0.0,0.0,0.0,0.0,0.0,0.0,0.0
2026-09-27,EP902026,42,2026-10-02 18:00:00,5 days 18:00:00,138,18.34,-111.23,997.5,41.8,87.00394712014739,281.8287253986747,293.4591429525333,266.4675735706556,262.47598157485527,0.0,0.0,0.0,0.0,0.0,0.0,0.0,0.0
2026-09-27,EP902026,42,2026-10-03 00:00:00,6 days 00:00:00,144,18.44,-111.51,995.4,38.8,102.51765837829107,173.73981010147943,163.8851113415792,151.61010823307117,156.3932226039429,0.0,0.0,0.0,0.0,0.0,0.0,0.0,0.0
2026-09-27,EP902026,42,2026-10-03 06:00:00,6 days 06:00:00,150,18.46,-111.98,1002.4,32.8,60.47487236285174,0.0,0.0,0.0,0.0,0.0,0.0,0.0,0.0,0.0,0.0,0.0,0.0
2026-09-27,EP902026,42,2026-10-03 12:00:00,6 days 12:00:00,156,18.03,-111.77,996.9,36.2,89.38234853981574,0.4864716531344086,89.38234853981574,18.36998365404077,3.536928802224047,0.0,0.0,0.0,0.0,0.0,0.0,0.0,0.0
2026-09-27,EP902026,42,2026-10-03 18:00:00,6 days 18:00:00,162,18.46,-111.91,999.5,38.0,61.88234288881424,60.26543883806663,79.04282336479362,52.81416802722989,47.68271512736656,0.0,0.0,0.0,0.0,0.0,0.0,0.0,0.0
2026-09-27,EP902026,42,2026-10-04 00:00:00,7 days 00:00:00,168,18.42,-111.72,1000.9,29.3,58.61892636082898,0.0,0.0,0.0,0.0,0.0,0.0,0.0,0.0,0.0,0.0,0.0,0.0
2026-09-27,EP902026,42,2026-10-04 06:00:00,7 days 06:00:00,174,18.73,-111.66,999.7,35.2,93.16499381744366,45.88884518487805,93.16499381744366,29.02294972407569,15.597478568417063,0.0,0.0,0.0,0.0,0.0,0.0,0.0,0.0
2026-09-27,EP902026,42,2026-10-04 12:00:00,7 days 12:00:00,180,18.97,-111.4,997.3,38.5,115.27734712164104,115.27734712164104,65.02992590546594,35.86249561517515,35.398412908713425,0.0,0.0,0.0,0.0,0.0,0.0,0.0,0.0
2026-09-27,EP902026,42,2026-10-04 18:00:00,7 days 18:00:00,186,19.06,-111.51,1001.7,34.7,101.80727238130282,101.80727238130282,14.071877214178546,0.0,10.771665190606912,0.0,0.0,0.0,0.0,0.0,0.0,0.0,0.0
2026-09-27,EP902026,42,2026-10-05 00:00:00,8 days 00:00:00,192,19.43,-111.75,1000.0,32.2,68.7603044067087,0.0,0.0,0.0,0.0,0.0,0.0,0.0,0.0,0.0,0.0,0.0,0.0
2026-09-27,EP902026,42,2026-10-05 06:00:00,8 days 06:00:00,198,19.53,-112.21,1003.5,34.3,71.4490902464222,71.4490902464222,38.436510245182944,33.28752877937404,38.186244754467225,0.0,0.0,0.0,0.0,0.0,0.0,0.0,0.0
2026-09-27,EP902026,42,2026-10-05 12:00:00,8 days 12:00:00,204,19.69,-112.66,1000.2,42.4,58.438477391694185,93.431420409273,97.28232125022237,97.6419251850092,91.2193538286993,0.0,0.0,0.0,0.0,0.0,0.0,0.0,0.0
2026-09-27,EP902026,42,2026-10-05 18:00:00,8 days 18:00:00,210,19.81,-113.38,998.7,42.2,49.06188052353967,102.9885086481455,92.39717248516504,79.51759890167318,95.61886320955702,0.0,0.0,0.0,0.0,0.0,0.0,0.0,0.0
2026-09-27,EP902026,42,2026-10-06 00:00:00,9 days 00:00:00,216,20.08,-114.11,1001.1,44.4,54.11989969059808,159.51033043158708,102.51776063959994,83.1807771106985,136.71257198229972,0.0,0.0,0.0,0.0,0.0,0.0,0.0,0.0
2026-09-27,EP902026,42,2026-10-06 06:00:00,9 days 06:00:00,222,20.13,-115.05,996.9,51.8,55.99490646613454,109.15313136697564,60.99700463880656,44.52967357517217,86.3846106031379,55.99490646613454,0.0,0.0,0.0,0.0,0.0,0.0,0.0
2026-09-27,EP902026,42,2026-10-06 12:00:00,9 days 12:00:00,228,20.67,-116.2,987.7,64.3,28.34356498680802,115.25403776688609,88.11355466765701,83.12310462314974,136.58603175537564,66.3168324806773,57.52750451133329,41.33236903669365,58.64912377706128,28.34356498680802,14.981456426751322,10.827823928728831,17.851119412326682
2026-09-27,EP902026,42,2026-10-06 18:00:00,9 days 18:00:00,234,21.11,-117.55,983.2,66.4,20.34061261328316,168.9494810714932,124.36897618923469,91.13508860462208,145.28895117212232,70.6094658131642,50.160258542529846,33.961796727383444,58.03824877480292,20.34061261328316,7.926554006276547,4.997719598472941,10.664290717013388
2026-09-27,EP902026,42,2026-10-07 00:00:00,10 days 00:00:00,240,21.25,-118.75,989.9,64.5,7.243239629049217,111.32477119696468,80.019152339251,88.38488274835342,116.02266964965038,61.66808683250984,56.45144675568553,40.515809124930094,54.50185298911434,8.116479151584747,4.307174439895888,1.8182921105310776,7.552180593394049
2026-09-27,EP902026,42,2026-10-07 06:00:00,10 days 06:00:00,246,21.88,-119.86,987.3,58.4,47.78990338740484,166.05381978656297,154.17811309176057,113.3121830153335,153.85147891408502,92.62007287326622,73.16429983148026,46.60006299204204,68.70435592195292,0.0,0.0,0.0,0.0
2026-09-27,EP902026,42,2026-10-07 12:00:00,10 days 12:00:00,252,22.06,-120.87,981.8,72.1,25.734542813376265,169.6828480146262,138.39724993379014,95.38446219386265,166.8976362471135,87.30109837689838,70.11870489918681,44.52453138962352,73.01938839156674,39.3468998162474,28.98186748450225,22.17257421967129,32.59827562767825
2026-09-27,EP902026,42,2026-10-07 18:00:00,10 days 18:00:00,258,22.52,-121.68,978.0,75.6,17.256207404002573,116.03888686931654,77.32410203058208,103.05752542949908,130.66201536454366,58.04880736370325,52.271201433775104,44.26477467078321,62.79016223950416,47.66053939284493,38.25642872662439,29.32202167086017,40.44118783813821
2026-09-27,EP902026,42,2026-10-08 00:00:00,11 days 00:00:00,264,22.86,-122.61,980.9,69.9,32.33200732833311,160.2851258658789,103.90763396724532,66.88744934943384,123.18451916409984,72.47704360505921,52.36770026794969,31.190548736409102,59.75383115543518,32.33200732833311,16.609776697550437,10.828886260548698,18.949874164294364
2026-09-27,EP902026,42,2026-10-08 06:00:00,11 days 06:00:00,270,23.09,-123.21,985.1,66.4,28.939761305023453,143.0543372399212,104.10783376107054,115.29269151392162,156.64507857572272,73.30360257770508,61.978522398484586,47.450729423804106,70.00663514476187,34.73394610291224,25.32318123622504,19.719574034106152,30.27269797942993
2026-09-27,EP902026,42,2026-10-08 12:00:00,11 days 12:00:00,276,23.28,-123.93,996.9,45.3,48.59188304516472,155.82049498800166,123.7536413601726,102.89776185700234,152.0451375088519,0.0,0.0,0.0,0.0,0.0,0.0,0.0,0.0
2026-09-27,EP902026,42,2026-10-08 18:00:00,11 days 18:00:00,282,23.52,-124.21,1001.8,42.0,39.041757020084646,126.70012011442638,71.77575113267659,67.55866621229066,113.13730533552412,0.0,0.0,0.0,0.0,0.0,0.0,0.0,0.0
2026-09-27,EP902026,42,2026-10-09 00:00:00,12 days 00:00:00,288,23.79,-124.86,998.9,44.1,74.04872157542601,118.024994607643,75.15229586272628,52.83792212674467,109.86069293200838,0.0,0.0,0.0,0.0,0.0,0.0,0.0,0.0
2026-09-27,EP902026,42,2026-10-09 06:00:00,12 days 06:00:00,294,23.69,-125.31,1003.1,38.3,54.994657799612014,71.40398137753073,17.59790601579789,5.556077653633338,60.96162117845779,0.0,0.0,0.0,0.0,0.0,0.0,0.0,0.0
2026-09-27,EP902026,42,2026-10-09 12:00:00,12 days 12:00:00,300,23.5,-125.77,1004.9,34.1,68.56765012358463,20.466398207249583,3.964956417721272,0.0,68.56765012358463,0.0,0.0,0.0,0.0,0.0,0.0,0.0,0.0
2026-09-27,EP902026,42,2026-10-09 18:00:00,12 days 18:00:00,306,23.18,-126.77,1003.7,32.9,88.12216928251505,0.0,0.0,0.0,0.0,0.0,0.0,0.0,0.0,0.0,0.0,0.0,0.0
2026-09-27,EP902026,42,2026-10-10 00:00:00,13 days 00:00:00,312,22.67,-127.62,1003.9,33.2,51.108194223697446,0.0,0.0,0.0,0.0,0.0,0.0,0.0,0.0,0.0,0.0,0.0,0.0
2026-09-27,EP902026,42,2026-10-10 06:00:00,13 days 06:00:00,318,22.28,-128.39,1004.9,33.1,55.49267877002467,0.0,0.0,0.0,0.0,0.0,0.0,0.0,0.0,0.0,0.0,0.0,0.0
2026-09-27,EP902026,42,2026-10-10 12:00:00,13 days 12:00:00,324,21.95,-129.28,1004.6,28.3,38.2065541313336,0.0,0.0,0.0,0.0,0.0,0.0,0.0,0.0,0.0,0.0,0.0,0.0
2026-09-27,EP902026,42,2026-10-10 18:00:00,13 days 18:00:00,330,21.43,-130.33,1007.8,24.2,89.23197994307168,0.0,0.0,0.0,0.0,0.0,0.0,0.0,0.0,0.0,0.0,0.0,0.0
2026-09-27,EP902026,42,2026-10-11 00:00:00,14 days 00:00:00,336,21.15,-131.32,1006.0,28.2,109.5268206546058,0.0,0.0,0.0,0.0,0.0,0.0,0.0,0.0,0.0,0.0,0.0,0.0
2026-09-27,EP902026,42,2026-10-11 06:00:00,14 days 06:00:00,342,20.9,-132.39,1006.8,23.2,101.7564335678609,0.0,0.0,0.0,0.0,0.0,0.0,0.0,0.0,0.0,0.0,0.0,0.0
2026-09-27,EP902026,42,2026-10-11 12:00:00,14 days 12:00:00,348,20.74,-133.65,1008.4,28.2,112.1554068413034,0.0,0.0,0.0,0.0,0.0,0.0,0.0,0.0,0.0,0.0,0.0,0.0
2026-09-27,EP902026,42,2026-10-11 18:00:00,14 days 18:00:00,354,20.71,-134.66,1011.1,20.7,87.31647398537136,0.0,0.0,0.0,0.0,0.0,0.0,0.0,0.0,0.0,0.0,0.0,0.0
2026-09-27,WP252026,42,2026-09-27 00:00:00,0 days 00:00:00,0,24.6,127.6,964.0,89.0,22.0,102.0,121.0,102.0,93.0,,,,,,,,
2026-09-27,WP252026,42,2026-09-27 06:00:00,0 days 06:00:00,6,25.46,128.3,948.7,107.4,5.324471428490629,114.6747399450198,170.6321296782721,144.8216477602103,101.03611884741044,77.32275439549849,88.5648827386896,76.94582751783338,62.7173371129652,47.61812850633657,48.90472327373767,39.6448519119175,37.20053019745203
2026-09-27,WP252026,42,2026-09-27 12:00:00,0 days 12:00:00,12,25.81,128.93,945.8,111.8,32.03357625759236,105.56321996821498,118.44904299636256,118.63848102999329,81.09384200883505,57.51455580180482,77.41572589620773,65.1300294773755,46.21397379469272,55.00138174242602,60.12251726354225,52.6654284280703,46.21397379469272
2026-09-27,WP252026,42,2026-09-27 18:00:00,0 days 18:00:00,18,26.4,129.89,953.1,105.1,16.503240210542025,147.92353832655567,168.35657718513042,128.87670519889855,130.87977464021594,96.91626708979466,97.9169674738304,76.48630432202069,73.58146963296346,51.35267891593779,52.82931283671394,42.59479580743245,43.21319911118359
2026-09-27,WP252026,42,2026-09-28 00:00:00,1 days 00:00:00,24,26.54,130.62,964.3,90.8,47.138312721595085,170.2199832640224,197.28303301376997,152.41876121189037,147.22664018484517,86.22506437247712,99.35443330840542,74.87407474484746,66.04575879238575,47.48660449494716,50.44358201598082,38.146133721112186,40.765235971641616
2026-09-27,WP252026,42,2026-09-28 06:00:00,1 days 06:00:00,30,27.41,131.66,975.5,82.2,23.84965303702097,155.41282443386444,181.64298653144036,124.7182406615516,115.10456513650206,65.66108636874446,83.06605362194978,65.09667004886091,49.68584434590957,57.28074481729004,58.44865311316244,50.44604833708195,46.31538592597053
2026-09-27,WP252026,42,2026-09-28 12:00:00,1 days 12:00:00,36,27.55,132.58,983.9,73.3,25.69359197234678,140.9379840730105,161.55448326923693,141.97368731579058,127.74871348289707,72.480402962791,97.5399604293542,84.52442197014659,60.086891731268906,55.42507480282024,60.87080821737618,53.66238323673139,45.74486809188568
2026-09-27,WP252026,42,2026-09-28 18:00:00,1 days 18:00:00,42,28.02,133.38,979.0,68.8,38.71282397140652,147.7773193957045,201.55253664680637,165.68666414986126,98.02311009495544,81.14369914093601,96.13751463744843,78.62013527082242,59.0101301791284,10.819518517897665,38.71282397140652,13.010545247939124,7.376847832255572
2026-09-27,WP252026,42,2026-09-29 00:00:00,2 days 00:00:00,48,28.47,134.22,983.1,60.6,24.37654851446311,213.75523460507327,202.2049385879066,160.9291318474045,159.59089836971674,114.46001349027648,121.8725642031063,95.36749912829652,87.19537114871054,0.0,0.0,0.0,0.0
2026-09-27,WP252026,42,2026-09-29 06:00:00,2 days 06:00:00,54,28.77,134.95,989.4,48.4,29.8973167353974,126.89199077658856,149.83381793512797,122.65791587091176,111.53739085344895,0.0,0.0,0.0,0.0,0.0,0.0,0.0,0.0
2026-09-27,WP252026,42,2026-09-29 12:00:00,2 days 12:00:00,60,29.23,135.97,993.6,48.6,26.421089264882937,113.73825884489288,126.7404210805988,102.23647237845935,91.84915093799664,0.0,0.0,0.0,0.0,0.0,0.0,0.0,0.0
2026-09-27,WP252026,42,2026-09-29 18:00:00,2 days 18:00:00,66,29.69,136.8,994.8,42.8,88.94239405101825,149.1214331194251,194.36346856399632,135.18996473319612,100.69292055051984,0.0,0.0,0.0,0.0,0.0,0.0,0.0,0.0
2026-09-27,WP252026,42,2026-09-30 00:00:00,3 days 00:00:00,72,30.43,138.01,994.8,42.1,76.16798454169108,252.817177182812,267.3690934447684,207.6521357354752,199.3297076295255,0.0,0.0,0.0,0.0,0.0,0.0,0.0,0.0
2026-09-27,WP252026,42,2026-09-30 06:00:00,3 days 06:00:00,78,30.69,138.94,996.1,36.2,145.93297388831382,23.432673926960423,145.93297388831382,18.982408130427174,2.287496269015259,0.0,0.0,0.0,0.0,0.0,0.0,0.0,0.0
2026-09-27,WP252026,42,2026-09-30 12:00:00,3 days 12:00:00,84,31.27,139.79,997.5,34.1,55.44900367634451,0.0,55.44900367634451,7.790834708118876,0.0,0.0,0.0,0.0,0.0,0.0,0.0,0.0,0.0
2026-09-27,WP252026,42,2026-09-30 18:00:00,3 days 18:00:00,90,31.91,140.81,994.1,36.5,84.62304722050956,73.43989978677966,84.62304722050956,41.21222814269972,40.01683731538868,0.0,0.0,0.0,0.0,0.0,0.0,0.0,0.0
2026-09-27,WP252026,42,2026-10-01 00:00:00,4 days 00:00:00,96,32.43,141.91,1001.7,28.4,85.06331742349334,0.0,0.0,0.0,0.0,0.0,0.0,0.0,0.0,0.0,0.0,0.0,0.0
2026-09-27,WP252026,42,2026-10-01 06:00:00,4 days 06:00:00,102,33.37,143.32,1000.2,27.9,71.34451595685658,0.0,0.0,0.0,0.0,0.0,0.0,0.0,0.0,0.0,0.0,0.0,0.0
2026-09-27,WP252026,42,2026-10-01 12:00:00,4 days 12:00:00,108,34.34,144.94,1002.4,29.8,178.01742059788967,0.0,0.0,0.0,0.0,0.0,0.0,0.0,0.0,0.0,0.0,0.0,0.0
2026-09-27,WP252026,42,2026-10-01 18:00:00,4 days 18:00:00,114,36.07,147.83,998.7,32.3,143.35268025786735,0.0,0.0,0.0,0.0,0.0,0.0,0.0,0.0,0.0,0.0,0.0,0.0
2026-09-27,AL062026,43,2026-09-27 00:00:00,0 days 00:00:00,0,29.8,-43.9,1010.0,29.0,56.0,0.0,0.0,0.0,0.0,0.0,0.0,0.0,0.0,0.0,0.0,0.0,0.0
2026-09-27,AL062026,43,2026-09-27 06:00:00,0 days 06:00:00,6,29.53,-44.05,1010.7,29.6,89.06660834973654,0.0,0.0,0.0,0.0,0.0,0.0,0.0,0.0,0.0,0.0,0.0,0.0
2026-09-27,AL062026,43,2026-09-27 12:00:00,0 days 12:00:00,12,29.42,-43.98,1008.1,29.1,34.771852246843835,0.0,0.0,0.0,0.0,0.0,0.0,0.0,0.0,0.0,0.0,0.0,0.0
2026-09-27,AL062026,43,2026-09-27 18:00:00,0 days 18:00:00,18,29.12,-43.87,1011.5,21.2,75.7978471646309,0.0,0.0,0.0,0.0,0.0,0.0,0.0,0.0,0.0,0.0,0.0,0.0
2026-09-27,AL062026,43,2026-09-28 00:00:00,1 days 00:00:00,24,28.62,-44.05,1011.6,26.7,80.37345678120235,0.0,0.0,0.0,0.0,0.0,0.0,0.0,0.0,0.0,0.0,0.0,0.0
2026-09-27,AL062026,43,2026-09-28 06:00:00,1 days 06:00:00,30,28.19,-44.13,1011.8,28.5,102.09385901988878,0.0,0.0,0.0,0.0,0.0,0.0,0.0,0.0,0.0,0.0,0.0,0.0
2026-09-27,AL062026,43,2026-09-28 12:00:00,1 days 12:00:00,36,27.46,-44.59,1008.5,24.1,71.8873312540436,0.0,0.0,0.0,0.0,0.0,0.0,0.0,0.0,0.0,0.0,0.0,0.0
2026-09-27,EP152026,43,2026-09-27 00:00:00,0 days 00:00:00,0,16.7,-156.1,972.0,80.0,37.0,241.0,185.0,185.0,241.0,93.0,74.0,93.0,111.0,56.0,46.0,56.0,56.0
2026-09-27,EP152026,43,2026-09-27 06:00:00,0 days 06:00:00,6,16.47,-156.66,973.5,89.7,35.08987904604486,166.84246199007296,156.14191655881413,124.77557246625685,167.8742559263586,105.90728392586756,87.66020778950886,76.92788928980679,102.98129749633615,69.01891619197258,59.14639392805094,52.01917303281943,62.42274059611265
2026-09-27,EP152026,43,2026-09-27 12:00:00,0 days 12:00:00,12,16.25,-157.51,965.1,94.0,19.013738355440974,169.73806521755478,136.9917444474272,125.01858906521034,179.90028072535006,94.1076968125276,80.32843573475816,69.16175468904044,84.24993242007622,48.714907872314825,39.35860167837552,33.12283726082569,43.90342604455168
2026-09-27,EP152026,43,2026-09-27 18:00:00,0 days 18:00:00,18,15.93,-158.47,955.4,102.1,31.15646412113361,215.0943004388349,166.34332568717727,129.952785999596,201.18877733036013,102.2621827911099,79.25510762882561,72.5552568491369,100.9596114486674,58.47168682428587,46.24531062814834,39.209549152762406,50.93478661971318
2026-09-27,EP152026,43,2026-09-28 00:00:00,1 days 00:00:00,24,15.96,-159.64,943.6,114.7,19.71323126830441,166.1360327947788,152.82591685444703,137.7249986032679,163.4926438660219,87.9797364966065,79.13414092828273,69.25877430969936,87.90633686508842,59.19151377680946,48.30974580687511,38.927833811712574,53.07124764613182
2026-09-27,EP152026,43,2026-09-28 06:00:00,1 days 06:00:00,30,15.89,-160.49,952.9,113.2,24.41574409235952,143.04866897056516,122.14192241458235,92.6793890245552,139.3887929163285,84.44810183284056,61.48799224955973,62.17716604796584,78.25141697138054,50.2652937700225,41.11556809013804,33.228330309467594,47.160966460847135
2026-09-27,EP152026,43,2026-09-28 12:00:00,1 days 12:00:00,36,16.01,-161.42,943.6,124.7,23.812224607473127,195.39313150161752,150.05356164645968,125.2813111231169,169.10144657066394,96.0962711358884,73.67999719889019,60.75874156504142,82.80394168971281,61.1431004973831,47.076185981327626,35.7162701257094,50.381950623526336
2026-09-27,EP152026,43,2026-09-28 18:00:00,1 days 18:00:00,42,16.71,-162.06,950.6,110.2,16.303607812500154,206.24906951011303,131.96628307333998,98.22719644001396,192.6160252878634,110.0339208008605,73.51649840619618,55.41328980100218,99.96267101843492,65.99169266158836,52.55041710753273,38.86644987178477,57.29338238106175
2026-09-27,EP152026,43,2026-09-29 00:00:00,2 days 00:00:00,48,17.41,-162.82,952.0,109.1,33.30264829320657,171.2455312883892,149.59014275088612,70.59283580322563,119.34066341451536,85.33537483404234,66.89522742439033,41.50770867830943,69.1706562398366,53.039335546926736,42.80835142428748,30.396965388652774,42.60913160226335
2026-09-27,EP152026,43,2026-09-29 06:00:00,2 days 06:00:00,54,18.3,-163.33,939.5,118.9,27.14905032622805,230.3668838373229,207.31848192177893,140.39297759931162,178.7714266532072,126.13180738013403,105.72374996685028,78.2695368117434,104.81389966313938,68.24545745571115,57.47975967155483,43.00229494208698,56.91990989340039
2026-09-27,EP152026,43,2026-09-29 12:00:00,2 days 12:00:00,60,19.13,-163.44,950.6,112.2,43.241815458886045,160.36705282757302,163.23034928755186,117.4265787571493,121.59287746755334,84.86537297929094,87.81999792021638,63.42836591999114,75.5698335578341,53.96717732291547,46.89077342751185,35.27075731046662,44.13673829189421
2026-09-27,EP152026,43,2026-09-29 18:00:00,2 days 18:00:00,66,19.83,-163.43,960.7,98.1,39.76592030289783,165.93938543265733,145.39859513521984,143.1032636875364,137.6412176388255,103.97625023874926,94.9509378232051,67.31339215076113,81.11156275579161,57.68522370030309,52.36792326164946,37.453121718007466,47.47968417789191
2026-09-27,EP152026,43,2026-09-30 00:00:00,3 days 00:00:00,72,20.37,-163.25,974.2,82.2,57.908158957965625,188.16135356699732,160.78175582100064,101.2054513821538,147.32243104784584,97.0999420010158,83.45783452490106,53.81332519137588,75.57048720977843,57.908158957965625,50.37993107852424,39.75486162013813,47.56414673791417
2026-09-27,EP152026,43,2026-09-30 06:00:00,3 days 06:00:00,78,20.98,-163.05,975.7,67.8,29.092853309375187,152.85798730144995,154.70492836310035,95.89952740218042,152.16092283054104,82.43871169392582,73.35452782368543,51.58229746713309,78.06736075304505,50.40953294109595,46.5084860936779,38.52539014846148,44.01865680402963
2026-09-27,EP152026,43,2026-09-30 12:00:00,3 days 12:00:00,84,21.11,-163.14,990.4,61.4,56.24776759066339,189.70390892260863,151.9630561701647,148.81430204627875,201.94549677561048,111.28520968706684,97.92416444199064,85.63044105049215,106.59620600739493,0.0,0.0,0.0,0.0
2026-09-27,EP152026,43,2026-09-30 18:00:00,3 days 18:00:00,90,21.17,-163.46,992.1,51.9,42.92606434902953,303.42012909013295,201.96852022015835,142.17091785313767,245.64325136101297,114.49321874029796,80.38355405252116,51.1359705586014,85.89332724476208,0.0,0.0,0.0,0.0
2026-09-27,EP152026,43,2026-10-01 00:00:00,4 days 00:00:00,96,21.36,-163.78,996.7,45.5,80.38034534811642,234.90832904864465,145.37856514889705,89.30783595788758,212.3001653313436,0.0,0.0,0.0,0.0,0.0,0.0,0.0,0.0
2026-09-27,EP152026,43,2026-10-01 06:00:00,4 days 06:00:00,102,21.35,-164.25,995.2,47.7,77.19605074757791,213.2654279069422,132.2975000453041,113.17361868012068,185.5537106059803,0.0,0.0,0.0,0.0,0.0,0.0,0.0,0.0
2026-09-27,EP152026,43,2026-10-01 12:00:00,4 days 12:00:00,108,21.76,-164.8,997.4,42.0,54.51869497080111,100.26072702874376,29.20716629899232,29.86630870333613,84.19652240185883,0.0,0.0,0.0,0.0,0.0,0.0,0.0,0.0
2026-09-27,EP152026,43,2026-10-01 18:00:00,4 days 18:00:00,114,22.28,-165.9,1000.7,46.4,72.41363058569652,334.8864855332528,187.67644122464165,166.45395132306896,291.2833182495599,0.0,0.0,0.0,0.0,0.0,0.0,0.0,0.0
2026-09-27,EP152026,43,2026-10-02 00:00:00,5 days 00:00:00,120,22.61,-166.73,998.7,45.2,76.89384583250526,249.57924195788945,166.9860299452049,141.47267058314523,212.6221217905364,0.0,0.0,0.0,0.0,0.0,0.0,0.0,0.0
2026-09-27,EP152026,43,2026-10-02 06:00:00,5 days 06:00:00,126,23.04,-167.83,970.7,76.9,43.98611302255265,207.9640071757454,198.5503968310034,228.34953125775897,187.985592618242,110.79553860011376,111.93283216469312,111.48504194972064,107.18203777314142,61.96656189634234,60.09354319231531,54.4195175027402,57.10492500206034
2026-09-27,EP152026,43,2026-10-02 12:00:00,5 days 12:00:00,132,22.72,-168.26,998.7,43.4,150.95997376325647,150.95997376325647,99.36430010747084,51.02024457853172,91.7683265766276,0.0,0.0,0.0,0.0,0.0,0.0,0.0,0.0
2026-09-27,EP152026,43,2026-10-02 18:00:00,5 days 18:00:00,138,22.58,-168.74,996.8,49.8,56.407046551496734,212.4560799903919,125.14891285913508,129.35883283133893,208.30878000039115,0.0,0.0,0.0,0.0,0.0,0.0,0.0,0.0
2026-09-27,EP152026,43,2026-10-03 00:00:00,6 days 00:00:00,144,22.17,-169.43,999.9,37.7,60.84600969944138,215.5407476112669,170.743170298159,153.7387432557741,197.8797624273138,0.0,0.0,0.0,0.0,0.0,0.0,0.0,0.0
2026-09-27,EP152026,43,2026-10-03 06:00:00,6 days 06:00:00,150,21.91,-170.36,995.0,44.0,52.51960226943753,168.0077022095364,138.2533632913553,143.4285725096152,168.68246423452467,0.0,0.0,0.0,0.0,0.0,0.0,0.0,0.0
2026-09-27,EP152026,43,2026-10-03 12:00:00,6 days 12:00:00,156,21.61,-171.31,995.5,49.6,53.306263068466045,194.97301732815112,136.41678691257087,93.41721910855016,186.22266442406988,0.0,0.0,0.0,0.0,0.0,0.0,0.0,0.0
2026-09-27,EP152026,43,2026-10-03 18:00:00,6 days 18:00:00,162,21.33,-172.67,998.0,49.4,60.22145722321119,180.8863509443753,120.1275048495712,80.86380566261278,169.4884848084946,0.0,0.0,0.0,0.0,0.0,0.0,0.0,0.0
2026-09-27,EP152026,43,2026-10-04 00:00:00,7 days 00:00:00,168,21.35,-173.88,997.3,41.8,65.4096831453115,224.4938758518016,138.4722952413338,118.26573111345988,201.2998411671566,0.0,0.0,0.0,0.0,0.0,0.0,0.0,0.0
2026-09-27,EP152026,43,2026-10-04 06:00:00,7 days 06:00:00,174,21.45,-175.3,994.6,49.8,28.66720883486344,250.92922864228257,146.06262684296038,84.90653553066663,205.2124081551112,0.0,0.0,0.0,0.0,0.0,0.0,0.0,0.0
2026-09-27,EP152026,43,2026-10-04 12:00:00,7 days 12:00:00,180,21.88,-176.48,994.5,53.4,36.76482413898232,198.41202806215853,163.75062141269012,119.5423371250821,184.02897418554903,72.353570060628,56.10293502517104,37.52805622771008,57.63149701012071,0.0,0.0,0.0,0.0
2026-09-27,EP152026,43,2026-10-04 18:00:00,7 days 18:00:00,186,22.17,-177.84,991.1,51.9,76.84688270553079,240.1554221889437,156.005769424969,111.4198591451468,207.14146479505325,76.84688270553079,56.18787677945693,39.743649697285264,56.92475394844587,0.0,0.0,0.0,0.0
2026-09-27,EP152026,43,2026-10-05 00:00:00,8 days 00:00:00,192,22.65,-179.3,989.2,50.6,30.058267219847835,248.0026607993285,184.6967402159285,139.0792791630695,220.946039448198,123.81843907267772,95.68953764707952,67.04764126168408,95.75644713146602,0.0,0.0,0.0,0.0
2026-09-27,EP152026,43,2026-10-05 06:00:00,8 days 06:00:00,198,23.48,179.3,988.1,54.2,58.41685643358564,235.4932024970892,157.0852400844242,112.27940218562044,205.8211326722152,91.006899246535,66.44598439178839,43.58663801234769,68.56043750356213,0.0,0.0,0.0,0.0
2026-09-27,EP152026,43,2026-10-05 12:00:00,8 days 12:00:00,204,23.48,178.1,988.2,59.9,35.632939557984,237.82055588699103,150.1577367595081,133.8078276337948,233.7539338063071,118.14658435065286,89.92684588677372,64.5648327114534,97.15120715206976,0.0,0.0,0.0,0.0
2026-09-27,EP152026,43,2026-10-05 18:00:00,8 days 18:00:00,210,23.83,176.73,987.9,61.1,30.752476136752875,178.46782582609035,135.16888988607934,122.61377163216888,190.1526533117667,113.88969275163026,85.80333094646562,64.3789344249331,96.72005502721277,0.0,0.0,0.0,0.0
2026-09-27,EP152026,43,2026-10-06 00:00:00,9 days 00:00:00,216,24.01,175.31,980.7,67.6,44.346042779097615,170.53210906711786,96.02557673955071,114.98593811965752,186.2291077996856,96.64700477682754,75.32682597880637,57.44426515199461,83.75005901528647,44.346042779097615,18.299045554312656,14.51926642209449,22.74237506326573
2026-09-27,EP152026,43,2026-10-06 06:00:00,9 days 06:00:00,222,24.0,173.76,977.0,79.0,36.960271026763095,254.6693174149281,183.5710416653502,162.195321283679,245.43011253214823,130.0304477281976,98.32758868464344,74.30200495488695,111.2893605514904,36.960271026763095,25.06976041148196,20.651649301926923,27.52156074544589
2026-09-27,EP152026,43,2026-10-06 12:00:00,9 days 12:00:00,228,24.03,172.24,976.4,75.8,36.29523938745556,224.2684116643781,141.52371035895032,100.10064512667708,195.8565591538852,97.1375126797806,74.38732750363481,61.52830870011996,94.83846575621342,87.76721133766799,74.38732750363481,61.52830870011996,73.4436485733167
2026-09-27,EP152026,43,2026-10-06 18:00:00,9 days 18:00:00,234,24.11,170.54,960.2,97.6,10.819392709252613,202.2201046537348,173.503346350286,76.1764007637159,163.59281991559297,88.26229558342095,63.46543134345481,40.06522581205181,60.82825759023008,43.97013713381581,35.345925842074266,25.88342720658078,34.92394760968971
2026-09-27,EP152026,43,2026-10-07 00:00:00,10 days 00:00:00,240,24.27,169.13,958.3,97.7,26.923876197760656,171.85407703339706,111.88060766890251,94.99612643436188,166.24071245118267,97.05366678668987,65.52094621149871,49.73716819638096,86.91468546483692,59.84664107899099,48.18091564523005,35.433112186015606,50.71224857381942
2026-09-27,EP152026,43,2026-10-07 06:00:00,10 days 06:00:00,246,24.87,167.43,973.2,79.9,19.26085033297284,168.3736822265137,111.67212132792248,67.42782280106485,142.49723223132878,74.65031352191545,49.70661208070919,30.31700607229402,61.608793927073066,39.50187662211806,29.46657077616157,21.926488116648613,32.45762166856264
2026-09-27,EP152026,43,2026-10-07 12:00:00,10 days 12:00:00,252,25.11,165.83,974.5,79.2,29.750572105795804,147.82091503317787,136.58219188693067,111.49036657671572,130.2076976159678,88.10984345276455,73.5771908823245,56.47389734424014,68.86583538343548,43.7107142798218,35.54828096579434,28.514905118417644,35.156228272944944
2026-09-27,EP152026,43,2026-10-07 18:00:00,10 days 18:00:00,258,25.43,164.22,976.9,81.2,21.76591798070345,172.61189669661422,117.7241587982549,106.69345776066548,163.75303137733664,90.10112798729092,69.19320663038957,51.71799975875861,77.72103730639606,61.87527562090355,51.17025566938774,42.09367177842845,51.920246552145045
2026-09-27,EP152026,43,2026-10-08 00:00:00,11 days 00:00:00,264,25.51,162.22,971.5,85.9,19.61359066795402,124.91323684338316,105.9393941791288,102.9660220809444,151.98077881281696,72.74153829328056,65.71517350579926,60.14224085634851,67.29799301254423,40.67486804210159,33.676373501754234,28.22366588672083,35.01344702197657
2026-09-27,EP152026,43,2026-10-08 06:00:00,11 days 06:00:00,270,25.38,160.36,986.0,68.0,35.05113788706737,83.78615798827326,81.79268105019632,95.48730448213034,99.7317321073395,55.4474652364104,48.304142791276526,40.451995874356456,53.14115928890903,45.09610418621149,36.355925709361,29.663217783220983,36.877341696841626
2026-09-27,EP152026,43,2026-10-08 12:00:00,11 days 12:00:00,276,25.41,158.62,995.7,54.0,42.86183336590929,81.81291975547578,48.450566042602745,54.82327407381716,96.86496662306872,42.86183336590929,29.412917614318168,20.83188226407176,32.18902793215285,0.0,0.0,0.0,0.0
2026-09-27,EP152026,43,2026-10-08 18:00:00,11 days 18:00:00,282,25.36,156.64,992.8,55.6,17.09462046602617,146.13243538050924,78.54877207683968,99.83099884941664,170.81586247885676,89.80087274862936,69.32117879560255,47.38176783413101,74.43637585541035,0.0,0.0,0.0,0.0
2026-09-27,EP152026,43,2026-10-09 00:00:00,12 days 00:00:00,288,25.54,154.49,993.8,49.2,29.86845487529285,173.51536918705665,63.25091735023932,77.80096270504362,173.40440589516652,0.0,0.0,0.0,0.0,0.0,0.0,0.0,0.0
2026-09-27,EP152026,43,2026-10-09 06:00:00,12 days 06:00:00,294,26.07,152.69,996.5,50.3,29.453456773922625,175.24065303332264,112.80028804727684,57.69387095190476,164.7554086748743,87.65303256879307,59.4174374939102,31.86632192714842,61.14973440210295,0.0,0.0,0.0,0.0
2026-09-27,EP152026,43,2026-10-09 12:00:00,12 days 12:00:00,300,27.16,151.17,991.4,58.4,10.614022236495984,162.11310112160578,132.02957376426605,65.64640520527607,131.08863615520488,79.99523220558632,52.85304916938952,25.78352573790597,47.850602649214935,0.0,0.0,0.0,0.0
2026-09-27,EP152026,43,2026-10-09 18:00:00,12 days 18:00:00,306,28.44,150.27,989.6,56.5,42.87681742816362,157.13164022470932,117.82166856289732,57.79852581313361,105.62658794344452,59.29878360742792,52.97244725907037,29.036468577680797,37.48424208250332,0.0,0.0,0.0,0.0
2026-09-27,EP152026,43,2026-10-10 00:00:00,13 days 00:00:00,312,30.27,150.31,979.3,68.4,22.970780458653344,143.94787806588354,114.74523369371352,52.51500376117409,83.93601533427103,70.86383456059576,54.07381599532803,28.5569433044791,49.60421375082129,22.970780458653344,15.436493052565792,7.947852062070583,13.57443785100895
2026-09-27,EP152026,43,2026-10-10 06:00:00,13 days 06:00:00,318,32.35,151.03,985.4,51.8,28.237946594834117,144.8819348053899,174.72987468987822,120.89079011674336,64.87986103684983,83.21232140165353,97.874765982741,60.77736108165132,48.49195905877849,0.0,0.0,0.0,0.0
2026-09-27,EP152026,43,2026-10-10 12:00:00,13 days 12:00:00,324,34.5,153.23,994.4,48.6,63.848061267295634,142.42774126622908,140.0973827551693,112.67071576446642,92.26774710213658,0.0,0.0,0.0,0.0,0.0,0.0,0.0,0.0
2026-09-27,EP152026,43,2026-10-10 18:00:00,13 days 18:00:00,330,36.45,155.73,982.7,59.5,55.5261746613216,197.89595754440944,250.6820897699896,210.20287455485092,136.89476083056087,104.02996062712312,119.09248882243116,89.84807936773039,72.00406755923096,0.0,0.0,0.0,0.0
2026-09-27,EP152026,43,2026-10-11 00:00:00,14 days 00:00:00,336,38.34,160.12,991.8,46.7,35.00813337904282,218.868248083794,264.00666217384327,213.55048404355583,153.9660915756863,0.0,0.0,0.0,0.0,0.0,0.0,0.0,0.0
2026-09-27,EP152026,43,2026-10-11 06:00:00,14 days 06:00:00,342,39.45,165.14,991.5,49.2,83.38464158377428,139.9485061835201,212.19384736244572,166.23793381783878,75.19169240300572,0.0,0.0,0.0,0.0,0.0,0.0,0.0,0.0
2026-09-27,EP152026,43,2026-10-11 12:00:00,14 days 12:00:00,348,40.13,171.09,1000.3,37.1,50.38127811100223,20.74530783944128,87.73475412829131,34.55468073402515,0.0,0.0,0.0,0.0,0.0,0.0,0.0,0.0,0.0
2026-09-27,EP152026,43,2026-10-11 18:00:00,14 days 18:00:00,354,39.85,176.68,1002.6,30.9,85.81582343265455,0.0,0.0,0.0,0.0,0.0,0.0,0.0,0.0,0.0,0.0,0.0,0.0
2026-09-27,EP162026,43,2026-09-27 00:00:00,0 days 00:00:00,0,20.8,-123.6,975.0,76.0,28.0,167.0,167.0,148.0,185.0,93.0,74.0,74.0,93.0,65.0,46.0,37.0,56.0
2026-09-27,EP162026,43,2026-09-27 06:00:00,0 days 06:00:00,6,21.56,-123.32,991.6,60.7,42.0080401903467,134.26022092254564,103.97337815020796,98.0383334964497,130.27157642359998,55.29266767738432,45.90235416491655,35.40444290045956,52.88723987724333,0.0,0.0,0.0,0.0
2026-09-27,EP162026,43,2026-09-27 12:00:00,0 days 12:00:00,12,22.2,-123.44,1001.6,42.8,49.3215256370148,95.26520021746953,62.74315494014871,25.884820677520583,68.82477856735255,0.0,0.0,0.0,0.0,0.0,0.0,0.0,0.0
2026-09-27,EP162026,43,2026-09-27 18:00:00,0 days 18:00:00,18,22.44,-123.02,1001.2,34.5,86.00536825461313,86.00536825461313,33.71197729398375,21.39015091542933,17.37567289123774,0.0,0.0,0.0,0.0,0.0,0.0,0.0,0.0
2026-09-27,EP162026,43,2026-09-28 00:00:00,1 days 00:00:00,24,22.64,-122.98,1001.6,34.5,97.6919964045652,97.6919964045652,86.98878562874734,71.75650884500982,77.77560353825271,0.0,0.0,0.0,0.0,0.0,0.0,0.0,0.0
2026-09-27,EP162026,43,2026-09-28 06:00:00,1 days 06:00:00,30,22.81,-123.07,1001.6,29.7,65.04358981529307,0.0,0.0,0.0,0.0,0.0,0.0,0.0,0.0,0.0,0.0,0.0,0.0
2026-09-27,EP162026,43,2026-09-28 12:00:00,1 days 12:00:00,36,22.89,-122.8,1003.4,24.8,142.1149545156873,0.0,0.0,0.0,0.0,0.0,0.0,0.0,0.0,0.0,0.0,0.0,0.0
2026-09-27,EP162026,43,2026-09-28 18:00:00,1 days 18:00:00,42,22.37,-122.62,1002.8,26.2,84.51326438478682,0.0,0.0,0.0,0.0,0.0,0.0,0.0,0.0,0.0,0.0,0.0,0.0
2026-09-27,EP162026,43,2026-09-29 00:00:00,2 days 00:00:00,48,21.79,-122.7,1005.7,20.8,96.34846892937426,0.0,0.0,0.0,0.0,0.0,0.0,0.0,0.0,0.0,0.0,0.0,0.0
2026-09-27,EP162026,43,2026-09-29 06:00:00,2 days 06:00:00,54,21.18,-122.64,1006.4,23.3,136.1602763422166,0.0,0.0,0.0,0.0,0.0,0.0,0.0,0.0,0.0,0.0,0.0,0.0
2026-09-27,EP172026,43,2026-09-27 00:00:00,0 days 00:00:00,0,19.0,-112.9,946.0,111.0,28.0,259.0,185.0,167.0,185.0,111.0,111.0,93.0,93.0,65.0,65.0,46.0,56.0
2026-09-27,EP172026,43,2026-09-27 06:00:00,0 days 06:00:00,6,20.04,-113.33,950.4,116.6,23.92447524406276,149.41390907886807,175.80599488779308,115.3173701656376,75.78402779495514,75.85547157061842,76.06519267631734,50.54030320499919,56.62673644073891,55.87727257421676,49.68366659504699,37.11719030378441,44.62167500962062
2026-09-27,EP172026,43,2026-09-27 12:00:00,0 days 12:00:00,12,20.85,-113.77,953.7,109.8,19.41043422724167,179.37536019028687,216.7036738977559,157.17191612676731,124.30628244226612,95.09979072606892,102.66628269748033,78.47397709996827,70.94044986840868,59.38015863451594,56.949662381939376,41.89289387907437,47.41713094075386
2026-09-27,EP172026,43,2026-09-27 18:00:00,0 days 18:00:00,18,21.82,-113.98,945.5,115.3,16.528051533467217,165.72944037571304,185.6483351698579,174.97563829973237,166.2000239331281,114.17750817608632,125.97722619958014,103.84467527361,104.94343180498684,69.9646851373798,67.86059869093634,51.38621247995222,55.50563000064755
2026-09-27,EP172026,43,2026-09-28 00:00:00,1 days 00:00:00,24,22.47,-114.19,949.5,113.8,28.468159257608704,156.8571622287194,144.3117916973007,96.94871473521306,114.10859207148934,84.67060843565719,76.4706421149429,55.0933982238584,65.7312317569644,61.594877646479205,53.40528311884572,41.38915495357836,49.368024829442334
2026-09-27,EP172026,43,2026-09-28 06:00:00,1 days 06:00:00,30,23.29,-113.93,955.7,94.3,26.908608836058814,174.67981304452712,202.49821912709757,143.5274403252871,145.34835834206257,97.09067155200768,85.96229425790631,55.50644856559209,71.15847429900731,47.89335476331712,44.07907313470206,30.09968453008459,37.88496426906975
2026-09-27,EP172026,43,2026-09-28 12:00:00,1 days 12:00:00,36,23.98,-113.57,963.6,95.7,31.506133448648164,169.27207255065036,179.07791292076632,140.6775250140734,98.51772615402068,84.59395969950538,91.2412599437034,67.80665201537059,64.8364669158855,39.50476453074772,34.86623293619155,24.569837412561373,28.47243297272981
2026-09-27,EP172026,43,2026-09-28 18:00:00,1 days 18:00:00,42,24.74,-113.01,963.7,96.5,42.33661072688493,118.92685492705098,111.92697566350236,103.92803688770982,85.48968263518768,68.8224661889121,76.30924361518979,53.41696277847028,57.69135262622399,45.75503874066021,40.71539344636611,32.53455112558741,32.67144387358239
2026-09-27,EP172026,43,2026-09-29 00:00:00,2 days 00:00:00,48,25.4,-112.49,971.0,86.3,31.484363968310628,212.43295507365772,197.22837635062095,119.55521607525851,144.74803972471184,113.1164502888811,109.54833327538869,80.12066764824803,81.61079089109063,66.49668328295898,63.01561906259605,48.52649449346583,51.75407776941335
2026-09-27,EP172026,43,2026-09-29 06:00:00,2 days 06:00:00,54,26.08,-111.56,977.4,69.9,13.154389981687729,152.90714707198424,153.4357033194224,113.47305492515498,115.02772124682042,58.96211885425153,63.25912811930962,41.14472447230206,40.8560272139691,35.89849979878248,33.69673245319182,26.513385894370096,26.342556054285165
2026-09-27,EP172026,43,2026-09-29 12:00:00,2 days 12:00:00,60,27.21,-111.08,990.2,55.3,26.718228175263587,178.9741585436339,175.2215088028064,125.846058656381,143.2059083266929,74.17263518765792,76.39870992973263,48.09739060221112,51.90252201221257,0.0,0.0,0.0,0.0
2026-09-27,EP172026,43,2026-09-29 18:00:00,2 days 18:00:00,66,28.67,-110.28,987.0,36.4,13.18874373267596,81.30970366368568,95.93281991550124,9.787358882322025,33.5795212073608,0.0,0.0,0.0,0.0,0.0,0.0,0.0,0.0
2026-09-27,EP902026,43,2026-09-27 00:00:00,0 days 00:00:00,0,12.0,-98.6,1008.0,25.0,111.0,0.0,0.0,0.0,0.0,0.0,0.0,0.0,0.0,0.0,0.0,0.0,0.0
2026-09-27,EP902026,43,2026-09-27 06:00:00,0 days 06:00:00,6,11.98,-98.62,1005.4,33.2,110.17049250511909,0.0,0.0,0.0,0.0,0.0,0.0,0.0,0.0,0.0,0.0,0.0,0.0
2026-09-27,EP902026,43,2026-09-27 12:00:00,0 days 12:00:00,12,11.84,-99.0,1003.3,31.6,124.01435365422876,0.0,0.0,0.0,0.0,0.0,0.0,0.0,0.0,0.0,0.0,0.0,0.0
2026-09-27,EP902026,43,2026-09-27 18:00:00,0 days 18:00:00,18,12.0,-99.17,1005.0,36.0,63.34846323082231,63.34846323082231,34.36844416850289,3.739427840644908,37.38903464579632,0.0,0.0,0.0,0.0,0.0,0.0,0.0,0.0
2026-09-27,EP902026,43,2026-09-28 00:00:00,1 days 00:00:00,24,12.27,-99.54,1000.5,39.6,110.47629081971247,170.79139256648955,188.5972084126201,151.07512726963395,135.79642448117056,0.0,0.0,0.0,0.0,0.0,0.0,0.0,0.0
2026-09-27,EP902026,43,2026-09-28 06:00:00,1 days 06:00:00,30,12.77,-100.38,1002.9,43.9,72.96041178263435,246.86445555699453,212.1338149521707,173.02667707720295,210.31569158091375,0.0,0.0,0.0,0.0,0.0,0.0,0.0,0.0
2026-09-27,EP902026,43,2026-09-28 12:00:00,1 days 12:00:00,36,13.05,-100.9,996.4,48.0,61.26645234901994,150.22876338820527,171.04900786970603,125.62837381763208,119.8889280576275,0.0,0.0,0.0,0.0,0.0,0.0,0.0,0.0
2026-09-27,EP902026,43,2026-09-28 18:00:00,1 days 18:00:00,42,13.81,-102.2,996.9,48.6,67.90609848814863,235.7597572524785,237.5150478026985,169.01022157779144,191.43180556265892,0.0,0.0,0.0,0.0,0.0,0.0,0.0,0.0
2026-09-27,EP902026,43,2026-09-29 00:00:00,2 days 00:00:00,48,14.23,-103.46,999.1,49.4,51.15855524969963,285.8761829228015,230.650122272402,168.37886719614423,244.23550057980663,0.0,0.0,0.0,0.0,0.0,0.0,0.0,0.0
2026-09-27,EP902026,43,2026-09-29 06:00:00,2 days 06:00:00,54,14.32,-104.52,990.9,58.8,42.75820204707653,189.96439916091023,152.05319372593925,104.81027452582228,162.3861848953099,58.90778819025607,49.1364508880064,29.98442016889247,41.4986104007308,0.0,0.0,0.0,0.0
2026-09-27,EP902026,43,2026-09-29 12:00:00,2 days 12:00:00,60,15.07,-105.42,990.4,56.1,60.29347099675994,177.57991471877642,161.87685720263028,117.18839468194656,159.6801256301125,60.29347099675994,29.97756720700576,20.39493626501243,27.5381222395532,0.0,0.0,0.0,0.0
2026-09-27,EP902026,43,2026-09-29 18:00:00,2 days 18:00:00,66,15.71,-106.37,980.1,72.9,46.78806541865086,192.3293539883861,214.6027308854484,176.32021851573222,153.48752774404875,106.38883372756582,102.81553680536604,67.6027967096843,75.16250879336653,46.78806541865086,17.727077295084953,11.371946514339228,14.616064300334388
2026-09-27,EP902026,43,2026-09-30 00:00:00,3 days 00:00:00,72,15.99,-107.36,972.8,87.7,58.09681306260022,163.19999931907665,223.12519920047865,138.63838083650052,100.51340009728912,90.55382680691362,87.87989603062641,51.78497869652043,54.70557185187381,58.09681306260022,20.565259269773875,14.000419706806213,19.12252327922051
2026-09-27,EP902026,43,2026-09-30 06:00:00,3 days 06:00:00,78,17.0,-108.16,973.1,83.3,37.29830190237435,217.47559358532132,228.04581060327956,141.14196681975494,148.57279634566018,90.44404751341882,77.39706274338626,47.54634219663741,57.39219538893589,37.29830190237435,23.653705220216917,15.1364182007912,22.53199822851137
2026-09-27,EP902026,43,2026-09-30 12:00:00,3 days 12:00:00,84,17.65,-109.18,957.8,104.4,32.78636489640755,197.7633676338305,213.45884261344636,153.70690035359087,156.2122842137784,82.34668146658885,76.52826786216355,57.755796647282295,66.18760537440431,50.67087628609667,41.66667678849092,31.869073683731717,42.31351561971968
2026-09-27,EP902026,43,2026-09-30 18:00:00,3 days 18:00:00,90,18.02,-109.72,948.0,108.2,46.2957786429219,156.60521586545426,177.32602091219445,156.35290277268325,144.7976268765054,89.43619649676742,79.02162363582767,71.1660442674491,85.518258269316,53.77607166261912,43.30758963657503,35.722580709911185,46.55190551360505
2026-09-27,EP902026,43,2026-10-01 00:00:00,4 days 00:00:00,96,18.7,-110.07,940.0,129.8,30.942618404791265,217.21064573683455,263.8549862561467,258.7011074821641,236.14855122968928,136.58606357306084,138.71461326499673,139.276130959664,130.4594163008527,97.87134028873189,94.16875084181076,85.3738983574766,88.56204685172328
2026-09-27,EP902026,43,2026-10-01 06:00:00,4 days 06:00:00,102,18.81,-110.31,972.2,83.7,38.73842987738633,255.04124972706987,248.51143596672668,167.7416963373572,211.07242771804025,93.14518106122024,86.6740462668611,65.52416376075536,69.67936826966512,38.73842987738633,21.96093848693545,16.689183750793987,20.12089908222676
2026-09-27,EP902026,43,2026-10-01 12:00:00,4 days 12:00:00,108,19.04,-110.85,973.1,79.5,38.90365677328678,172.194310146826,184.8235378059372,179.42441905241634,148.4515834219038,73.12927023771235,77.78852805998032,72.19533287633064,69.00468861546597,58.59363908906696,54.76774045494421,46.53655610614258,50.05955590562718
2026-09-27,EP902026,43,2026-10-01 18:00:00,4 days 18:00:00,114,19.16,-110.78,965.5,84.8,42.38958450479956,167.94937736072353,197.07935714088745,165.75041888902075,155.4877431838505,74.47196122578134,77.59160093467173,64.18011201666455,66.92585256222782,52.279198271846326,47.13061300370026,39.574880283535705,42.134027274442815
2026-09-27,EP902026,43,2026-10-02 00:00:00,5 days 00:00:00,120,19.5,-111.1,979.1,71.5,49.33131154200844,227.71469095327225,266.76918594170434,199.60330447985223,198.025038960056,121.67242452364827,119.01499428113482,85.89521047070791,86.38043823883032,49.33131154200844,43.48048246864267,34.65805032197638,37.87854457904543
2026-09-27,EP902026,43,2026-10-02 06:00:00,5 days 06:00:00,126,20.12,-111.1,953.7,95.7,46.715465945071365,375.98604566757245,400.6560873892535,359.62380998752064,305.5284644772553,188.7162535916356,205.99189264749936,184.63176750687296,170.42266839981636,114.71574525434298,116.56853818317737,100.05881021214022,99.19103936161528
2026-09-27,EP902026,43,2026-10-02 12:00:00,5 days 12:00:00,132,20.13,-111.4,976.9,69.0,43.22482778704304,213.46978149563355,185.832565889523,150.13260390066898,187.19500649399905,94.63702011204006,81.32258133849399,62.7401819361946,80.87692563264301,43.22482778704304,24.72693255667677,20.147121591784924,24.761026209193467
2026-09-27,EP902026,43,2026-10-02 18:00:00,5 days 18:00:00,138,20.14,-111.45,977.5,71.2,52.34676938134966,226.23816083099567,220.91543149840896,178.05102038529665,209.2521792641887,119.44170676053815,105.09110173789936,78.8918089816288,99.44136989165412,52.34676938134966,33.80273421627329,24.890996434333573,31.295124145761893
2026-09-27,EP902026,43,2026-10-03 00:00:00,6 days 00:00:00,144,20.28,-111.79,978.6,63.8,51.44511770889381,138.92823237822526,173.7033976009731,163.77743049331977,126.09962050299936,76.84203654712039,85.2406616395286,76.87993168824623,69.36068871991773,0.0,0.0,0.0,0.0
2026-09-27,EP902026,43,2026-10-03 06:00:00,6 days 06:00:00,150,20.48,-112.01,983.3,61.0,54.72467215790971,178.5005519592305,194.6103777585427,155.9130178591414,153.0338508958041,96.79221730137476,85.27977814865181,66.3155530350798,76.60592421203563,0.0,0.0,0.0,0.0
2026-09-27,EP902026,43,2026-10-03 12:00:00,6 days 12:00:00,156,20.7,-112.09,989.4,48.7,58.26151012188476,135.5342115534164,128.2983538509839,119.4954514477079,127.18456985799484,0.0,0.0,0.0,0.0,0.0,0.0,0.0,0.0
2026-09-27,EP902026,43,2026-10-03 18:00:00,6 days 18:00:00,162,20.7,-112.57,994.7,54.0,72.32822183749434,236.3629606457937,231.98682046712923,169.8838117092629,208.8500252846345,76.63071799996884,63.75813161869602,49.81581107948468,63.72951992199189,0.0,0.0,0.0,0.0
2026-09-27,EP902026,43,2026-10-04 00:00:00,7 days 00:00:00,168,20.59,-112.95,987.9,48.4,75.81722141908955,238.1866385531372,205.98197709804197,203.78566044969116,213.5073053557537,0.0,0.0,0.0,0.0,0.0,0.0,0.0,0.0
2026-09-27,EP902026,43,2026-10-04 06:00:00,7 days 06:00:00,174,20.82,-112.81,988.4,48.0,68.55980799654006,161.5365658814737,200.98673756027225,173.26399931081835,150.36193063444762,0.0,0.0,0.0,0.0,0.0,0.0,0.0,0.0
2026-09-27,EP902026,43,2026-10-04 12:00:00,7 days 12:00:00,180,20.64,-113.26,992.4,46.5,86.87637849662909,232.8020983663857,256.59149209195374,208.28594474458137,198.24149725745372,0.0,0.0,0.0,0.0,0.0,0.0,0.0,0.0
2026-09-27,EP902026,43,2026-10-04 18:00:00,7 days 18:00:00,186,21.09,-113.81,998.4,37.7,69.34280020149563,187.8885713879565,151.53981944697858,122.25623635075218,160.88423877013108,0.0,0.0,0.0,0.0,0.0,0.0,0.0,0.0
2026-09-27,EP902026,43,2026-10-05 00:00:00,8 days 00:00:00,192,20.83,-114.69,998.9,37.2,61.84788698435407,61.84788698435407,20.06267533021262,8.527377632060311,19.518242586679367,0.0,0.0,0.0,0.0,0.0,0.0,0.0,0.0
2026-09-27,EP902026,43,2026-10-05 06:00:00,8 days 06:00:00,198,20.82,-115.31,999.2,35.4,56.134136898326176,56.134136898326176,3.552146537543125,3.1941541017969417,22.318980133782528,0.0,0.0,0.0,0.0,0.0,0.0,0.0,0.0
2026-09-27,EP902026,43,2026-10-05 12:00:00,8 days 12:00:00,204,20.83,-115.89,1000.2,37.2,69.61152087845083,69.61152087845083,44.48022729953469,22.447841819064028,50.63838761474082,0.0,0.0,0.0,0.0,0.0,0.0,0.0,0.0
2026-09-27,EP902026,43,2026-10-05 18:00:00,8 days 18:00:00,210,20.79,-116.76,997.1,34.2,114.1585230721285,114.1585230721285,0.0,0.0,0.0,0.0,0.0,0.0,0.0,0.0,0.0,0.0,0.0
2026-09-27,EP902026,43,2026-10-06 00:00:00,9 days 00:00:00,216,20.84,-117.65,1000.2,37.3,63.26714946582774,13.64909563899303,7.107942904642119,0.0,63.26714946582774,0.0,0.0,0.0,0.0,0.0,0.0,0.0,0.0
2026-09-27,EP902026,43,2026-10-06 06:00:00,9 days 06:00:00,222,20.72,-118.5,999.4,33.2,75.05533698941701,0.0,0.0,0.0,0.0,0.0,0.0,0.0,0.0,0.0,0.0,0.0,0.0
2026-09-27,EP902026,43,2026-10-06 12:00:00,9 days 12:00:00,228,20.84,-119.29,999.5,38.9,71.60779417278945,76.72575947777159,66.6284167434543,38.48172090093817,55.3832505958128,0.0,0.0,0.0,0.0,0.0,0.0,0.0,0.0
2026-09-27,EP902026,43,2026-10-06 18:00:00,9 days 18:00:00,234,21.07,-120.24,998.7,43.5,89.80749664511815,275.9879786198602,227.7434416352249,167.7254632300569,237.7120487346153,0.0,0.0,0.0,0.0,0.0,0.0,0.0,0.0
2026-09-27,EP902026,43,2026-10-07 00:00:00,10 days 00:00:00,240,21.14,-121.08,993.0,44.2,128.41060466630714,130.1154291142769,113.87648504968604,80.08032434097913,107.63932300133544,0.0,0.0,0.0,0.0,0.0,0.0,0.0,0.0
2026-09-27,EP902026,43,2026-10-07 06:00:00,10 days 06:00:00,246,21.07,-121.86,998.3,45.7,69.34354284710216,227.438713576105,197.64505569984195,165.5824316105408,204.01277975323816,0.0,0.0,0.0,0.0,0.0,0.0,0.0,0.0
2026-09-27,EP902026,43,2026-10-07 12:00:00,10 days 12:00:00,252,21.25,-122.88,997.9,43.2,64.42435991728338,131.95668885307478,96.7635742551111,57.29169687425566,103.94046554478837,0.0,0.0,0.0,0.0,0.0,0.0,0.0,0.0
2026-09-27,EP902026,43,2026-10-07 18:00:00,10 days 18:00:00,258,21.34,-123.72,998.0,42.9,100.54810169922956,105.53593305498816,62.04481575216136,46.42262018912157,82.11217160495545,0.0,0.0,0.0,0.0,0.0,0.0,0.0,0.0
2026-09-27,EP902026,43,2026-10-08 00:00:00,11 days 00:00:00,264,21.63,-124.75,1000.1,45.0,42.743249290235646,126.34576565713118,89.44004649724636,46.94364865529037,92.21641993666852,0.0,0.0,0.0,0.0,0.0,0.0,0.0,0.0
2026-09-27,EP902026,43,2026-10-08 06:00:00,11 days 06:00:00,270,21.69,-125.79,999.2,42.5,28.142495583418395,107.6094067475417,78.38780565048205,44.183254007188,92.9733564315029,0.0,0.0,0.0,0.0,0.0,0.0,0.0,0.0
2026-09-27,EP902026,43,2026-10-08 12:00:00,11 days 12:00:00,276,21.73,-126.82,998.8,41.0,65.99541240508944,96.36517903707956,75.00253557888183,39.590512780886215,82.9542896780024,0.0,0.0,0.0,0.0,0.0,0.0,0.0,0.0
2026-09-27,EP902026,43,2026-10-08 18:00:00,11 days 18:00:00,282,21.91,-127.65,999.1,42.7,62.57002795514719,230.90659257344623,187.971783486778,115.31428350094578,192.493885127866,0.0,0.0,0.0,0.0,0.0,0.0,0.0,0.0
2026-09-27,EP902026,43,2026-10-09 00:00:00,12 days 00:00:00,288,21.93,-128.29,998.1,44.3,96.62154228922884,180.21480037067187,153.11356923227993,107.59591891154776,157.98057912701597,0.0,0.0,0.0,0.0,0.0,0.0,0.0,0.0
2026-09-27,EP902026,43,2026-10-09 06:00:00,12 days 06:00:00,294,22.06,-128.53,1001.3,47.2,68.62446314366798,167.41443847966002,111.7280378426417,51.86093545111112,132.55308256571334,0.0,0.0,0.0,0.0,0.0,0.0,0.0,0.0
2026-09-27,EP902026,43,2026-10-09 12:00:00,12 days 12:00:00,300,22.24,-129.16,1001.4,33.3,26.21298123094857,0.0,0.0,0.0,0.0,0.0,0.0,0.0,0.0,0.0,0.0,0.0,0.0
2026-09-27,EP902026,43,2026-10-09 18:00:00,12 days 18:00:00,306,22.3,-129.92,1002.9,29.2,44.251477549453895,0.0,0.0,0.0,0.0,0.0,0.0,0.0,0.0,0.0,0.0,0.0,0.0
2026-09-27,EP902026,43,2026-10-10 00:00:00,13 days 00:00:00,312,22.3,-130.27,1002.1,28.9,103.99056825419392,0.0,0.0,0.0,0.0,0.0,0.0,0.0,0.0,0.0,0.0,0.0,0.0
2026-09-27,EP902026,43,2026-10-10 06:00:00,13 days 06:00:00,318,22.35,-130.58,1001.3,32.6,155.74139767608654,0.0,0.0,0.0,0.0,0.0,0.0,0.0,0.0,0.0,0.0,0.0,0.0
2026-09-27,EP902026,43,2026-10-10 12:00:00,13 days 12:00:00,324,22.3,-130.86,1003.3,33.3,122.69378601536374,0.0,0.0,0.0,0.0,0.0,0.0,0.0,0.0,0.0,0.0,0.0,0.0
2026-09-27,EP902026,43,2026-10-10 18:00:00,13 days 18:00:00,330,22.24,-131.37,1005.6,28.4,147.12052223149885,0.0,0.0,0.0,0.0,0.0,0.0,0.0,0.0,0.0,0.0,0.0,0.0
2026-09-27,EP902026,43,2026-10-11 00:00:00,14 days 00:00:00,336,21.94,-131.99,1007.2,24.1,119.7729172502543,0.0,0.0,0.0,0.0,0.0,0.0,0.0,0.0,0.0,0.0,0.0,0.0
2026-09-27,EP902026,43,2026-10-11 06:00:00,14 days 06:00:00,342,21.92,-132.92,1006.6,23.8,83.05697157834283,0.0,0.0,0.0,0.0,0.0,0.0,0.0,0.0,0.0,0.0,0.0,0.0
2026-09-27,EP902026,43,2026-10-11 12:00:00,14 days 12:00:00,348,21.81,-133.84,1008.2,22.6,89.14099425685032,0.0,0.0,0.0,0.0,0.0,0.0,0.0,0.0,0.0,0.0,0.0,0.0
2026-09-27,EP902026,43,2026-10-11 18:00:00,14 days 18:00:00,354,21.19,-134.29,1008.0,20.3,116.21472067760732,0.0,0.0,0.0,0.0,0.0,0.0,0.0,0.0,0.0,0.0,0.0,0.0
2026-09-27,EP902026,43,2026-10-12 00:00:00,15 days 00:00:00,360,21.19,-135.25,1006.5,19.7,88.17264322302046,0.0,0.0,0.0,0.0,0.0,0.0,0.0,0.0,0.0,0.0,0.0,0.0
2026-09-27,WP252026,43,2026-09-27 00:00:00,0 days 00:00:00,0,24.6,127.6,964.0,89.0,22.0,102.0,121.0,102.0,93.0,,,,,,,,
2026-09-27,WP252026,43,2026-09-27 06:00:00,0 days 06:00:00,6,25.35,128.21,953.5,94.3,39.977681899541935,136.9679858222072,160.29066403781906,146.54559847835043,80.16326997036066,87.8550169367615,99.7984615837573,79.47722953514506,63.23133643959585,55.26934568678283,57.22357231364434,44.57352568917476,42.82837639587604
2026-09-27,WP252026,43,2026-09-27 12:00:00,0 days 12:00:00,12,25.94,128.7,948.5,108.2,6.767242549475668,124.54335809385998,170.3441936920733,145.19490315979624,70.385139021138,68.2429516566088,91.59917680638593,75.44164655537759,48.9008616860757,52.614093960939385,52.939831768608656,46.61731803240559,40.751583661949326
2026-09-27,WP252026,43,2026-09-27 18:00:00,0 days 18:00:00,18,26.63,129.77,963.9,92.1,20.27389294699921,121.4586770267927,157.1651476965664,142.74947035837607,62.031702766308776,47.68344892101996,76.17331118788405,73.98501300165289,35.056955421636346,37.261401982785,42.83438691473536,38.65666256730822,29.72335404428513
2026-09-27,WP252026,43,2026-09-28 00:00:00,1 days 00:00:00,24,27.19,130.73,978.6,79.0,18.327949415089957,158.30204023844803,159.62868905096096,133.3021051299809,128.4529675594042,76.81294736867656,86.45813549611736,64.2493108619632,53.675614908997375,23.25085166006733,24.94070653330484,20.64427829897971,15.378612057421511
2026-09-27,WP252026,43,2026-09-28 06:00:00,1 days 06:00:00,30,27.95,131.56,982.9,65.4,70.67528218710692,125.43270645815778,153.7940649294091,117.99717416153304,79.21090755946067,72.11044413877606,86.41411427176277,64.22713704157314,48.08624377406028,19.50690769237133,70.67528218710692,17.238459492474586,14.009040004410132
2026-09-27,WP252026,43,2026-09-28 12:00:00,1 days 12:00:00,36,28.34,132.36,986.6,57.7,53.62842548234303,112.66648546626676,131.05640217397803,103.91834904542756,100.15885612123893,23.79502521406743,53.62842548234303,20.12639758268822,17.38644056579823,0.0,0.0,0.0,0.0
2026-09-27,WP252026,43,2026-09-28 18:00:00,1 days 18:00:00,42,29.05,133.46,991.7,55.4,25.97127372999529,185.40739581845207,199.11885958147047,144.3683158924536,136.29074597574953,55.8278478770175,55.07803357176739,38.05433121613862,36.4138199245994,0.0,0.0,0.0,0.0
2026-09-27,WP252026,43,2026-09-29 00:00:00,2 days 00:00:00,48,29.84,134.28,985.4,52.6,40.93832363434583,133.35024936098756,161.75169465203916,99.39869107162212,102.79497866451472,40.93832363434583,3.781040035567092,3.3424334838456664,4.94143664608273,0.0,0.0,0.0,0.0
2026-09-27,WP252026,43,2026-09-29 06:00:00,2 days 06:00:00,54,30.18,135.55,993.3,45.4,81.96279130412427,115.9804691971065,146.8936750303599,115.95962831652288,92.61791818757072,0.0,0.0,0.0,0.0,0.0,0.0,0.0,0.0
2026-09-27,WP252026,43,2026-09-29 12:00:00,2 days 12:00:00,60,30.82,137.19,995.6,43.1,65.45680460412657,143.01629564535182,163.77867428796753,130.389578225609,115.99306936400006,0.0,0.0,0.0,0.0,0.0,0.0,0.0,0.0
2026-09-27,WP252026,43,2026-09-29 18:00:00,2 days 18:00:00,66,31.48,138.68,1000.3,40.1,66.05177635885042,35.87688319911136,66.05177635885042,21.47197542248538,3.40251462287204,0.0,0.0,0.0,0.0,0.0,0.0,0.0,0.0
2026-09-27,WP252026,43,2026-09-30 00:00:00,3 days 00:00:00,72,32.42,140.14,996.9,42.1,169.35005091594826,28.15522392587593,169.35005091594826,31.344682820565403,9.7295270696544,0.0,0.0,0.0,0.0,0.0,0.0,0.0,0.0
2026-09-27,WP252026,43,2026-09-30 06:00:00,3 days 06:00:00,78,33.6,141.71,998.2,36.7,124.73691671986812,92.79921047428498,124.73691671986812,77.86153953063962,61.14133777811514,0.0,0.0,0.0,0.0,0.0,0.0,0.0,0.0
2026-09-27,WP252026,43,2026-09-30 12:00:00,3 days 12:00:00,84,33.99,143.22,991.7,45.1,111.44901927331564,82.19368700100557,119.87070625952184,65.5461081617453,43.3226316527704,0.0,0.0,0.0,0.0,0.0,0.0,0.0,0.0
2026-09-27,WP252026,43,2026-09-30 18:00:00,3 days 18:00:00,90,35.05,144.86,996.1,39.4,40.46780767638637,155.44170166643917,149.01755964184383,63.55955195419042,83.58710300781402,0.0,0.0,0.0,0.0,0.0,0.0,0.0,0.0
2026-09-27,WP252026,43,2026-10-01 00:00:00,4 days 00:00:00,96,35.98,146.52,996.2,38.2,86.82327479017385,34.65309614354547,86.82327479017385,4.116623358613708,6.13259813990652,0.0,0.0,0.0,0.0,0.0,0.0,0.0,0.0
2026-09-27,WP252026,43,2026-10-01 06:00:00,4 days 06:00:00,102,37.33,148.31,994.0,40.3,122.92718107594428,117.82372383084154,152.90758541653176,83.37291653142458,72.94209852735786,0.0,0.0,0.0,0.0,0.0,0.0,0.0,0.0
2026-09-27,WP252026,43,2026-10-01 12:00:00,4 days 12:00:00,108,38.78,151.1,989.2,36.2,125.87798827595763,327.0293649528717,386.7619727312515,301.68420711256704,272.6868394602609,0.0,0.0,0.0,0.0,0.0,0.0,0.0,0.0
2026-09-27,WP252026,43,2026-10-01 18:00:00,4 days 18:00:00,114,40.76,153.95,995.3,35.8,96.94929588063238,224.0993191427043,284.49938944468863,177.0865098232848,158.6125052620328,0.0,0.0,0.0,0.0,0.0,0.0,0.0,0.0
2026-09-27,WP252026,43,2026-10-02 00:00:00,5 days 00:00:00,120,42.64,157.34,992.5,41.3,82.13410185458429,86.93052155453643,163.92778522304206,80.24777109649017,33.69186646834902,0.0,0.0,0.0,0.0,0.0,0.0,0.0,0.0
2026-09-27,AL062026,44,2026-09-27 00:00:00,0 days 00:00:00,0,29.8,-43.9,1010.0,29.0,56.0,0.0,0.0,0.0,0.0,0.0,0.0,0.0,0.0,0.0,0.0,0.0,0.0
2026-09-27,EP152026,44,2026-09-27 00:00:00,0 days 00:00:00,0,16.7,-156.1,972.0,80.0,37.0,241.0,185.0,185.0,241.0,93.0,74.0,93.0,111.0,56.0,46.0,56.0,56.0
2026-09-27,EP152026,44,2026-09-27 06:00:00,0 days 06:00:00,6,16.48,-156.93,963.4,100.2,16.245554281703384,115.38691014542296,164.11690891237228,166.0556183229627,155.3097797492524,82.33397509951318,74.86226053289107,82.97182076372255,88.92538679882747,52.148285746755874,45.52839125240578,41.92945705792831,49.73831813079164
2026-09-27,EP152026,44,2026-09-27 12:00:00,0 days 12:00:00,12,16.23,-157.76,960.0,101.6,17.860514529321534,219.7605857547437,162.90383959323674,154.24717878074472,198.621481808064,106.75456855061115,73.2902557126109,64.55181132302641,96.12311835226616,59.6805353580185,45.23574662230959,34.19441277458209,52.10361854752554
2026-09-27,EP152026,44,2026-09-27 18:00:00,0 days 18:00:00,18,16.17,-158.5,956.4,108.3,9.905047185778775,191.5996484855778,178.26662264472492,140.23801966634673,184.60714124892604,106.21072275623249,83.95667644741637,72.83265982583816,98.37431937443782,52.933475015717946,40.86868254344243,32.77839070275266,47.62023868337224
2026-09-27,EP152026,44,2026-09-28 00:00:00,1 days 00:00:00,24,16.04,-159.47,949.4,112.2,22.81168384051847,205.13259263808632,156.8364990189113,130.69158374701055,181.7248463561799,101.75652640874372,78.55140817963547,67.20060699618539,91.80246478315416,60.18569342822816,46.57104237163249,36.18622236187279,51.38483497096671
2026-09-27,EP152026,44,2026-09-28 06:00:00,1 days 06:00:00,30,16.34,-160.7,947.8,113.7,12.034439402345017,160.0127603349474,127.74038861023034,103.2966698791336,160.50867860980387,95.28368642354307,71.67914348928406,62.31245504248466,84.52971275211029,53.60585250441059,42.15829548606723,35.07015178402601,46.33885302966459
2026-09-27,EP152026,44,2026-09-28 12:00:00,1 days 12:00:00,36,16.94,-161.61,942.8,120.6,0.0,182.19135348192657,158.96670433028856,131.53082773565347,161.67911176071436,93.29609335387622,76.79498305250223,62.56761448470989,79.80202443223071,56.709341501696144,46.00587348629912,37.96596764670105,48.95231998276114
2026-09-27,EP152026,44,2026-09-28 18:00:00,1 days 18:00:00,42,17.48,-162.42,947.3,114.4,9.506708864637751,191.7578804205756,156.4161815349829,117.39358597337036,175.76561002520071,96.1666489047136,74.49975849781679,55.53303756486197,82.99083316589486,55.52479730998433,42.020335180968885,29.995283611523227,45.886872472040864
2026-09-27,EP152026,44,2026-09-29 00:00:00,2 days 00:00:00,48,18.27,-163.16,953.1,103.1,24.533080119464465,205.7877343872433,168.44513371755934,78.24324925526284,141.38678067757257,87.75844027360884,65.48450383435943,39.59582861761335,72.39119022272578,50.41537712258653,38.87907505279178,26.082379112902725,40.11900190492515
2026-09-27,EP152026,44,2026-09-29 06:00:00,2 days 06:00:00,54,19.39,-163.31,965.3,96.9,19.245689671405803,204.14771776381903,175.8352945593993,102.9177936775978,142.7127105563291,80.73094844290871,75.7000986448621,47.08174732377352,63.14908813167584,46.77082151495094,39.27714406092666,27.89970850019189,36.35039644326102
2026-09-27,EP152026,44,2026-09-29 12:00:00,2 days 12:00:00,60,20.48,-163.5,973.9,76.4,33.133958000145775,195.37229515187445,167.6919335974241,113.40474551995142,150.91545651428515,112.06208783869856,101.12328744325532,61.14774392936384,88.56604842415653,39.83433878394998,33.24048045346108,20.365042981475,30.82272708591617
2026-09-27,EP152026,44,2026-09-29 18:00:00,2 days 18:00:00,66,21.55,-163.37,979.7,77.3,57.05029266737222,181.6330000664061,143.7112822559618,102.09747283423792,141.0529668035017,112.81558093281114,101.13556158980748,64.38026868949152,91.89662219339424,60.4367543145612,52.19258515983262,37.64001962837227,48.25398017726491
2026-09-27,EP152026,44,2026-09-30 00:00:00,3 days 00:00:00,72,22.26,-163.71,980.8,68.0,72.8194527573439,225.49206618183132,193.1633110509836,142.6483116677611,167.82485310259392,107.59805493078858,96.10568308516451,63.60325981853872,85.74037408413307,72.8194527573439,10.176848891050804,7.385023442514498,13.90064899673012
2026-09-27,EP152026,44,2026-09-30 06:00:00,3 days 06:00:00,78,22.78,-163.87,986.0,64.2,76.08706386885642,249.98974075293563,207.950145265476,180.64943450703916,247.136983237413,125.77943748415316,110.06922497578265,88.19459794873435,109.18873932532644,76.08706386885642,15.859519917644416,13.021866519949477,16.98273662252954
2026-09-27,EP152026,44,2026-09-30 12:00:00,3 days 12:00:00,84,22.58,-164.25,987.5,49.8,42.853588731867376,183.4491014142393,150.90617905789418,164.02886214389832,187.09827624708123,0.0,0.0,0.0,0.0,0.0,0.0,0.0,0.0
2026-09-27,EP152026,44,2026-09-30 18:00:00,3 days 18:00:00,90,22.45,-164.43,995.0,47.5,52.297266086310245,188.01740909556167,175.1737906079083,172.6708492948997,184.047792442246,0.0,0.0,0.0,0.0,0.0,0.0,0.0,0.0
2026-09-27,EP152026,44,2026-10-01 00:00:00,4 days 00:00:00,96,22.13,-164.77,996.9,46.0,58.04498514031644,229.6058820762932,179.68343265106597,177.47218154382995,223.35412509795708,0.0,0.0,0.0,0.0,0.0,0.0,0.0,0.0
2026-09-27,EP152026,44,2026-10-01 06:00:00,4 days 06:00:00,102,22.13,-165.09,993.4,49.2,83.23130318908521,129.8065013402143,88.77586859825995,111.5023885615079,140.36809795894789,0.0,0.0,0.0,0.0,0.0,0.0,0.0,0.0
2026-09-27,EP152026,44,2026-10-01 12:00:00,4 days 12:00:00,108,22.09,-165.55,991.3,56.4,70.22840952040633,217.30819892020645,169.84699708280232,152.33123586579654,220.7409617181356,112.86630873566992,101.0760778223664,79.8805574693389,100.3197242181759,0.0,0.0,0.0,0.0
2026-09-27,EP152026,44,2026-10-01 18:00:00,4 days 18:00:00,114,22.03,-165.99,986.6,56.5,80.67214160052072,178.98034339030383,126.76298976110238,117.80087648341996,197.2986413946615,80.67214160052072,32.39049600351225,24.14628133854348,36.26597358313317,0.0,0.0,0.0,0.0
2026-09-27,EP152026,44,2026-10-02 00:00:00,5 days 00:00:00,120,22.59,-166.72,985.8,56.1,43.39576120699202,183.21332995014347,151.44593770801546,119.20647918461933,174.99150317931003,52.9681193394147,37.51568467519187,26.375253349384572,37.65216989228816,0.0,0.0,0.0,0.0
2026-09-27,EP152026,44,2026-10-02 06:00:00,5 days 06:00:00,126,22.48,-167.26,996.7,49.8,47.563688928293615,212.99305499931813,135.4480165723602,139.72513967841505,222.1762024268327,0.0,0.0,0.0,0.0,0.0,0.0,0.0,0.0
2026-09-27,EP152026,44,2026-10-02 12:00:00,5 days 12:00:00,132,22.7,-167.93,991.2,51.5,86.59076192575037,271.34590131521713,171.21000356635886,106.07573034256497,234.5092829855239,86.59076192575037,35.957672624708295,22.372057335472945,41.21207049413445,0.0,0.0,0.0,0.0
2026-09-27,EP152026,44,2026-10-02 18:00:00,5 days 18:00:00,138,22.61,-168.57,987.4,58.7,42.93260392735256,196.9836087381952,130.0019696623184,100.3901832608883,189.2864699560141,96.68912945027438,71.12557182905431,45.85759468010255,81.0174043321118,0.0,0.0,0.0,0.0
2026-09-27,EP152026,44,2026-10-03 00:00:00,6 days 00:00:00,144,22.59,-169.48,979.4,69.0,32.464060873759394,188.55741890297392,142.80791336608428,119.86130148478448,173.94288149951578,85.46797705203815,60.22896203596281,44.19002463618799,67.86705712522061,32.464060873759394,6.966843392348773,4.189060402202614,10.767896398140625
2026-09-27,EP152026,44,2026-10-03 06:00:00,6 days 06:00:00,150,22.48,-170.87,979.5,68.0,39.08532290536112,211.75071506927483,141.446780083093,98.5093067539237,188.01837604093956,109.4152151329136,77.72180210583339,60.711288924407945,95.79748408285212,51.513532474210486,41.49713566281896,34.1136545993094,44.37595914658328
2026-09-27,EP152026,44,2026-10-03 12:00:00,6 days 12:00:00,156,22.35,-172.42,981.3,71.2,25.958686044997023,191.35576710651844,125.32936728115556,95.91161452517248,202.7822814675219,95.85536620136212,71.0733517459937,52.44941423788123,87.74451519431568,45.6531834791441,34.96286324189464,28.577774931057547,40.86069829760288
2026-09-27,EP152026,44,2026-10-03 18:00:00,6 days 18:00:00,162,22.09,-174.17,966.2,91.1,18.514441744581763,183.5406922091537,150.44238643785008,99.86111573386808,167.03921551695774,76.7576489601633,58.196473456807794,42.16479893271898,62.92404806188036,35.26266729173805,27.204758689538394,19.72193867603988,30.264199666683776
2026-09-27,EP152026,44,2026-10-04 00:00:00,7 days 00:00:00,168,22.34,-176.15,953.2,105.5,17.48611905457733,201.02308445832816,128.38208090912758,116.9494480809792,186.90675942460985,103.14476571339674,81.87957624636988,62.36836384795839,93.449566501802,61.46108797272086,49.50807268455304,35.68177937354318,51.21172331725688
2026-09-27,EP152026,44,2026-10-04 06:00:00,7 days 06:00:00,174,22.76,-177.74,948.5,109.5,29.80078944440584,214.92039798569584,161.33903222922615,162.96600985203938,247.17027143985428,124.2438264029262,89.18108802281445,87.96457513660579,125.13033635554604,65.86961437019995,53.57710590212119,42.993621741080105,60.19276740599943
2026-09-27,EP152026,44,2026-10-04 12:00:00,7 days 12:00:00,180,23.13,-179.56,948.1,112.4,17.56885909015878,264.54793008905915,182.4177516049631,181.3661713825813,258.5596986316698,143.2023642173491,123.255894275201,111.94260036045148,134.9955989141048,82.25199082839168,72.36279325827269,58.32581415813533,73.52801363727673
2026-09-27,EP152026,44,2026-10-04 18:00:00,7 days 18:00:00,186,23.73,178.87,962.5,101.2,34.28843812059661,256.5045538909559,185.07994031112,122.2018508095058,216.02884916911265,112.3795818619873,89.25418903386648,65.51915653710914,96.99198881821953,61.15035569466622,49.95119797774274,37.99548740830583,50.530259944894325
2026-09-27,EP152026,44,2026-10-05 00:00:00,8 days 00:00:00,192,24.34,177.25,963.5,96.6,23.461474451171966,259.83521076923586,172.08870647652503,146.07571678690888,277.8368612213758,147.31884922647322,100.34923829253516,82.71639058453596,133.12131662203527,79.68493001842873,65.76540309257499,50.05288978500417,71.47340995492655
2026-09-27,EP152026,44,2026-10-05 06:00:00,8 days 06:00:00,198,25.3,175.72,961.9,95.2,27.20070888923362,250.56331530214723,185.5082976046384,136.25592437317354,244.69630991774747,147.3849350488406,111.6390494743982,89.16491409221322,135.80058957748057,89.90967696757257,79.96167143754914,62.8383785732249,79.13565800428486
2026-09-27,EP152026,44,2026-10-05 12:00:00,8 days 12:00:00,204,25.78,174.64,966.7,90.8,27.582566305542425,241.07183452405087,204.17241247472776,147.044707156405,202.37921328971743,115.07226359387404,92.51684619550424,71.28833700563308,103.69871471684075,58.950371143501336,48.05495363125949,34.08977646510097,50.59508782712328
2026-09-27,EP152026,44,2026-10-05 18:00:00,8 days 18:00:00,210,26.35,173.39,965.6,89.9,19.91285572961911,211.82447127162163,222.4410365841333,165.41939955157773,162.27804523562628,123.50278993624228,113.3161079355774,84.74318610095781,95.5753021542389,59.60009099204687,56.6898733949898,43.99020542876752,49.215446378505845
2026-09-27,EP152026,44,2026-10-06 00:00:00,9 days 00:00:00,216,26.5,172.8,975.2,76.0,28.455556662471,231.91534802749777,191.55166488548525,172.80220747996975,224.9791498435616,102.1840333302579,79.4096146015903,73.04820941927557,88.23992045381354,62.10544102234289,50.0232924349353,41.03731209631808,52.02740787571632
2026-09-27,EP152026,44,2026-10-06 06:00:00,9 days 06:00:00,222,26.5,171.67,978.8,73.4,54.7408443731072,198.75778158378048,149.15295804081606,140.43592725214626,209.8848267957005,129.61746138282206,100.9497176048596,79.28203147477191,121.9720195944641,71.66996802692114,60.22550167827688,51.332966084635565,63.22676458188593
2026-09-27,EP152026,44,2026-10-06 12:00:00,9 days 12:00:00,228,25.95,170.93,972.0,82.9,28.930013895509543,175.21886855115008,133.37814919764514,126.6627721853372,193.1554651295528,85.17081507532544,64.22126360358743,44.4798771464948,75.00922254425564,30.43445204290822,20.555208891457426,17.758546872497362,25.583536306840813
2026-09-27,EP152026,44,2026-10-06 18:00:00,9 days 18:00:00,234,25.72,169.91,972.3,81.8,32.18881386459361,165.75250692428017,123.96866682917609,118.19599127050788,165.4925169753369,80.81157225852075,62.12476810890621,44.433450609188185,77.24637634357168,50.08341228614427,38.36397395253243,30.87130428756791,41.04421273960361
2026-09-27,EP152026,44,2026-10-07 00:00:00,10 days 00:00:00,240,25.42,168.43,970.7,79.4,19.301274034912904,198.01390237829509,144.41024454479023,100.74923678365832,183.6369679737977,84.54091592994278,53.22615026412823,37.55217769306456,71.91586902408028,35.91426432317226,24.590658310253325,17.929841892634343,30.10185613510953
2026-09-27,EP152026,44,2026-10-07 06:00:00,10 days 06:00:00,246,25.49,166.98,974.9,78.1,31.092361059351663,232.920590637205,163.01864473194854,93.5494001880348,184.7396922291793,111.10667055066784,67.42700579703468,50.39243354827139,94.04743063956724,51.78423452890421,38.16398592797911,28.742625551306155,44.51879713825568
2026-09-27,EP152026,44,2026-10-07 12:00:00,10 days 12:00:00,252,26.0,164.89,978.8,76.5,20.03307666227752,177.66610119643985,121.0431430084826,93.86583633200044,156.1646049035958,81.79256366488822,66.24199480680244,49.56113193085562,69.9428367618308,40.184568363827054,31.3448032214071,23.10056005249369,32.894709308477225
2026-09-27,EP152026,44,2026-10-07 18:00:00,10 days 18:00:00,258,26.63,162.98,977.9,72.0,31.734148977182485,174.8230923912488,154.09519303917477,127.90968453021924,146.2254171062159,82.01389293751708,72.9606860469139,53.15835316592347,65.25670757169428,31.734148977182485,24.230670966506292,17.299268321630734,23.65800878969821
2026-09-27,EP152026,44,2026-10-08 00:00:00,11 days 00:00:00,264,27.34,161.78,986.1,63.7,20.86467223122999,123.60207259810493,120.07861994351684,110.43813795194234,124.24016939820038,73.10211565505918,69.949728096532,45.51018067278012,58.03027224133216,0.0,0.0,0.0,0.0
2026-09-27,EP152026,44,2026-10-08 06:00:00,11 days 06:00:00,270,28.53,160.91,984.8,65.8,30.18156935458662,134.33756082802805,127.941674312355,109.6941511469993,128.70009310405715,82.74178619408089,74.31458862871536,49.34221549340861,63.03397769879273,30.18156935458662,10.484239940118554,5.6988066708468015,10.414911068318784
2026-09-27,EP152026,44,2026-10-08 12:00:00,11 days 12:00:00,276,29.51,160.17,986.0,65.8,18.90268952276721,137.48375300234687,131.36952177933748,97.6947600444588,118.9411010224018,76.60469223358706,69.11998425497237,48.87746208856677,59.32565964093216,30.4428486065106,26.03349305834285,20.10352861163488,25.38832543332043
2026-09-27,EP152026,44,2026-10-08 18:00:00,11 days 18:00:00,282,30.69,160.26,983.0,68.9,26.541243737608426,114.5386720228231,104.70580684277934,79.17915180100727,83.69700063020451,65.6379949154952,69.27770575775526,45.82338246431124,47.64703649030491,26.541243737608426,4.36898050199269,2.9005104210450003,3.741466872770623
2026-09-27,EP152026,44,2026-10-09 00:00:00,12 days 00:00:00,288,32.1,160.54,990.5,57.0,41.14342887830935,160.9197086013628,122.27845427310422,92.73537958988344,115.76549672912552,52.20383215202355,49.85328313348691,34.1528275088649,37.721335665233255,0.0,0.0,0.0,0.0
2026-09-27,EP152026,44,2026-10-09 06:00:00,12 days 06:00:00,294,33.2,161.6,994.0,52.6,53.87956831118903,138.27592474546697,157.0263160611403,91.88329591165946,93.58797984191048,20.089178656472452,53.87956831118903,17.093579598950683,9.421062079872486,0.0,0.0,0.0,0.0
2026-09-27,EP152026,44,2026-10-09 12:00:00,12 days 12:00:00,300,34.31,163.36,998.3,52.3,41.32903213089342,212.05644307202985,182.0996869268725,159.95668367849404,186.07715283804416,77.89157576047907,74.42096995290123,55.18155207789259,62.10634584139279,0.0,0.0,0.0,0.0
2026-09-27,EP152026,44,2026-10-09 18:00:00,12 days 18:00:00,306,35.2,164.69,994.0,52.5,91.41117272794918,137.63132762310534,152.6167186982184,112.5409697588293,99.97655167181938,16.4629887728442,91.41117272794918,15.663666384744715,8.920706307213578,0.0,0.0,0.0,0.0
2026-09-27,EP152026,44,2026-10-10 00:00:00,13 days 00:00:00,312,35.4,166.68,999.2,50.8,34.23589744286372,176.3807348365806,154.1860351436033,122.12899981190554,145.1220782675952,22.161610128860595,34.23589744286372,21.309813457906102,16.061826529414823,0.0,0.0,0.0,0.0
2026-09-27,EP152026,44,2026-10-10 06:00:00,13 days 06:00:00,318,35.46,168.23,999.0,46.4,77.43196280879869,220.34451190533983,226.32907691799997,173.39071743694635,187.550781965672,0.0,0.0,0.0,0.0,0.0,0.0,0.0,0.0
2026-09-27,EP152026,44,2026-10-10 12:00:00,13 days 12:00:00,324,35.51,169.67,1004.8,38.8,34.80838314347665,136.56665865060347,128.44862818314004,86.28899201530464,109.38318627348929,0.0,0.0,0.0,0.0,0.0,0.0,0.0,0.0
2026-09-27,EP152026,44,2026-10-10 18:00:00,13 days 18:00:00,330,35.19,170.62,1005.6,37.1,134.59735731021266,134.59735731021266,39.21742441305384,25.295149925190252,35.59491930435041,0.0,0.0,0.0,0.0,0.0,0.0,0.0,0.0
2026-09-27,EP152026,44,2026-10-11 00:00:00,14 days 00:00:00,336,35.52,171.76,1002.0,36.5,125.11514630334608,153.75953972038147,104.59300078588647,70.73649081319482,129.22819184048086,0.0,0.0,0.0,0.0,0.0,0.0,0.0,0.0
2026-09-27,EP152026,44,2026-10-11 06:00:00,14 days 06:00:00,342,35.09,172.88,1002.9,34.5,70.8729420972457,141.00141733835125,129.02926997156635,96.58495918719136,124.27699885288848,0.0,0.0,0.0,0.0,0.0,0.0,0.0,0.0
2026-09-27,EP152026,44,2026-10-11 12:00:00,14 days 12:00:00,348,35.49,175.25,998.7,36.3,73.27189892237186,276.70508423952106,265.8859110178298,219.93245047075996,243.69967049026064,0.0,0.0,0.0,0.0,0.0,0.0,0.0,0.0
2026-09-27,EP152026,44,2026-10-11 18:00:00,14 days 18:00:00,354,34.92,178.95,1004.4,30.2,79.49774914432635,0.0,0.0,0.0,0.0,0.0,0.0,0.0,0.0,0.0,0.0,0.0,0.0
2026-09-27,EP162026,44,2026-09-27 00:00:00,0 days 00:00:00,0,20.8,-123.6,975.0,76.0,28.0,167.0,167.0,148.0,185.0,93.0,74.0,74.0,93.0,65.0,46.0,37.0,56.0
2026-09-27,EP162026,44,2026-09-27 06:00:00,0 days 06:00:00,6,21.8,-123.34,990.3,65.7,23.250199612998102,157.92724901902716,135.7906086089135,121.68848683221157,148.06557287083547,70.85659457733055,57.712696543860034,44.46683441846415,61.94451555500896,23.250199612998102,9.957649870389703,6.389167230363992,11.406396438709496
2026-09-27,EP162026,44,2026-09-27 12:00:00,0 days 12:00:00,12,22.25,-123.19,995.8,47.8,36.64415676805829,304.54465177508627,240.42022224286103,200.1801354869781,262.63707431360274,0.0,0.0,0.0,0.0,0.0,0.0,0.0,0.0
2026-09-27,EP162026,44,2026-09-27 18:00:00,0 days 18:00:00,18,22.92,-123.12,997.3,48.3,38.1614817670455,167.70870469641585,109.33640420581912,67.89063394338933,140.01033157600648,0.0,0.0,0.0,0.0,0.0,0.0,0.0,0.0
2026-09-27,EP162026,44,2026-09-28 00:00:00,1 days 00:00:00,24,22.94,-122.85,1000.4,38.6,115.67180074103102,115.67180074103102,53.01274623107318,28.921489818406695,37.788252917808336,0.0,0.0,0.0,0.0,0.0,0.0,0.0,0.0
2026-09-27,EP162026,44,2026-09-28 06:00:00,1 days 06:00:00,30,22.81,-122.78,1001.9,32.2,75.23168192168423,0.0,0.0,0.0,0.0,0.0,0.0,0.0,0.0,0.0,0.0,0.0,0.0
2026-09-27,EP162026,44,2026-09-28 12:00:00,1 days 12:00:00,36,22.74,-122.32,1001.3,28.0,62.50744010388775,0.0,0.0,0.0,0.0,0.0,0.0,0.0,0.0,0.0,0.0,0.0,0.0
2026-09-27,EP162026,44,2026-09-28 18:00:00,1 days 18:00:00,42,22.33,-122.12,1006.9,21.9,71.53926426919392,0.0,0.0,0.0,0.0,0.0,0.0,0.0,0.0,0.0,0.0,0.0,0.0
2026-09-27,EP162026,44,2026-09-29 00:00:00,2 days 00:00:00,48,21.84,-121.86,1005.8,25.2,87.83237177359035,0.0,0.0,0.0,0.0,0.0,0.0,0.0,0.0,0.0,0.0,0.0,0.0
2026-09-27,EP162026,44,2026-09-29 06:00:00,2 days 06:00:00,54,20.53,-121.63,1006.5,25.9,94.97585000790411,0.0,0.0,0.0,0.0,0.0,0.0,0.0,0.0,0.0,0.0,0.0,0.0
2026-09-27,EP172026,44,2026-09-27 00:00:00,0 days 00:00:00,0,19.0,-112.9,946.0,111.0,28.0,259.0,185.0,167.0,185.0,111.0,111.0,93.0,93.0,65.0,65.0,46.0,56.0
2026-09-27,EP172026,44,2026-09-27 06:00:00,0 days 06:00:00,6,19.76,-113.34,934.6,130.4,8.37258734308859,157.76702930677666,204.32207656999023,132.093954251533,109.85298737628224,86.94030549519417,86.0354193634118,64.77234408238047,67.36995774879287,66.07959922785214,58.980122469579015,44.78625283171446,53.30956940457881
2026-09-27,EP172026,44,2026-09-27 12:00:00,0 days 12:00:00,12,20.58,-113.81,950.0,115.6,18.157910114994056,129.71726316376274,152.7347145440634,109.95365531290476,90.24217113839454,67.35742250526093,65.58527794435179,50.85836697146473,61.65713835643682,57.49332836555839,49.165585283172575,38.032348139235125,48.075988026013945
2026-09-27,EP172026,44,2026-09-27 18:00:00,0 days 18:00:00,18,21.42,-114.0,939.0,123.3,50.40848712855895,142.34965024131486,221.40601956278363,143.5472883613944,60.4900340055582,70.93375850055946,84.32723080657199,67.09683589400103,48.97113525058615,58.50586150205788,56.09380324848362,41.36955227326186,45.75820967224208
2026-09-27,EP172026,44,2026-09-28 00:00:00,1 days 00:00:00,24,22.19,-114.19,945.9,111.0,26.900339758886403,174.20445623438104,189.890130089693,135.06358882703236,159.1393522125745,105.75277395808364,104.22113941697148,71.43110442000196,87.47724594706207,65.12984161956273,57.50268490824288,44.29808744019755,53.373696473477565
2026-09-27,EP172026,44,2026-09-28 06:00:00,1 days 06:00:00,30,23.58,-113.97,952.3,103.5,22.55268126130541,135.45986480486405,166.91070947465184,118.44938403198734,99.96818114501409,87.88159773455385,101.20289505368886,78.54194220755143,66.91601960618453,50.31499067032766,50.97889736037647,40.65726855091984,41.37727202434215
2026-09-27,EP172026,44,2026-09-28 12:00:00,1 days 12:00:00,36,24.37,-113.74,943.4,115.7,21.562201273474493,192.9460188781249,174.57764393350075,124.02324950493627,109.17905859345804,88.7385525590517,96.70231219568008,65.72955298201029,63.93179013099457,56.026816005620574,51.02094007707377,39.26274322228753,45.186266493434985
2026-09-27,EP172026,44,2026-09-28 18:00:00,1 days 18:00:00,42,25.4,-113.35,959.3,96.8,32.610267587078255,138.78166407293037,143.52765875204034,119.90295189001966,102.8698431779688,84.46626521837351,88.02510660127717,74.56404710136229,73.28293646183391,60.58357954838479,59.75155288633388,50.17173269636396,49.55902070770554
2026-09-27,EP172026,44,2026-09-29 00:00:00,2 days 00:00:00,48,26.07,-113.0,967.6,91.3,33.82831404747776,98.2379355478052,108.68367128852503,80.96688195985183,52.31714804361303,59.35263188194549,57.03015390789256,40.516999478956365,41.40077524335939,37.07374111792896,33.143296994755275,23.733892840640777,27.6259464480776
2026-09-27,EP172026,44,2026-09-29 06:00:00,2 days 06:00:00,54,27.12,-112.29,986.3,51.3,3.2231844574373767,150.92814436728253,194.3246589635768,147.52547726213396,103.11799453464432,52.14502040658473,59.17978475911882,35.86784327338576,34.033219501017776,0.0,0.0,0.0,0.0
2026-09-27,EP172026,44,2026-09-29 12:00:00,2 days 12:00:00,60,28.5,-111.42,988.7,49.6,45.480911788025146,80.55444350228808,101.82492832133148,33.15021884610401,36.962856746699714,0.0,0.0,0.0,0.0,0.0,0.0,0.0,0.0
2026-09-27,EP902026,44,2026-09-27 00:00:00,0 days 00:00:00,0,12.0,-98.6,1008.0,25.0,111.0,0.0,0.0,0.0,0.0,0.0,0.0,0.0,0.0,0.0,0.0,0.0,0.0
2026-09-27,EP902026,44,2026-09-27 06:00:00,0 days 06:00:00,6,11.89,-98.42,1005.0,25.5,72.32472098302617,0.0,0.0,0.0,0.0,0.0,0.0,0.0,0.0,0.0,0.0,0.0,0.0
2026-09-27,EP902026,44,2026-09-27 12:00:00,0 days 12:00:00,12,11.94,-98.66,1005.7,29.9,85.37542245761139,0.0,0.0,0.0,0.0,0.0,0.0,0.0,0.0,0.0,0.0,0.0,0.0
2026-09-27,EP902026,44,2026-09-27 18:00:00,0 days 18:00:00,18,12.16,-98.85,1003.1,36.4,89.76777019951626,91.83237161528515,71.54006107388052,65.84283146211149,70.73804228018574,0.0,0.0,0.0,0.0,0.0,0.0,0.0,0.0
2026-09-27,EP902026,44,2026-09-28 00:00:00,1 days 00:00:00,24,12.11,-99.33,1000.8,44.5,68.17338164624142,299.05688543724983,262.6194651220816,206.0188401035568,253.3387136368784,0.0,0.0,0.0,0.0,0.0,0.0,0.0,0.0
2026-09-27,EP902026,44,2026-09-28 06:00:00,1 days 06:00:00,30,12.68,-99.98,998.2,49.2,126.31105310677788,237.39699204683143,204.3006833362472,145.04816865055648,188.86670646167067,0.0,0.0,0.0,0.0,0.0,0.0,0.0,0.0
2026-09-27,EP902026,44,2026-09-28 12:00:00,1 days 12:00:00,36,13.0,-100.9,995.9,53.1,80.8214290783639,218.5150549714008,191.6941797548316,146.2377362639396,176.37355086307025,80.8214290783639,62.58928467617568,51.3445934611953,57.02625430761543,0.0,0.0,0.0,0.0
2026-09-27,EP902026,44,2026-09-28 18:00:00,1 days 18:00:00,42,13.39,-101.96,995.2,50.4,85.29724125404763,233.53473086693216,205.13203351782707,136.2840524384806,193.6480816128244,85.29724125404763,5.568452387170186,3.0340799201890607,4.154945447645284,0.0,0.0,0.0,0.0
2026-09-27,EP902026,44,2026-09-29 00:00:00,2 days 00:00:00,48,13.79,-102.89,992.0,57.6,37.87494810786441,202.5959660582284,199.0444856377753,159.06050436734284,176.0670010127071,109.67588445369918,101.19571565680032,72.70936258324303,81.90745128458951,0.0,0.0,0.0,0.0
2026-09-27,EP902026,44,2026-09-29 06:00:00,2 days 06:00:00,54,14.36,-103.77,995.3,57.7,56.80074981150105,184.4676937690841,144.63933049055612,100.45941688608497,146.09389025940305,87.17812319635976,69.42263305323524,50.72604604461152,65.63321661628115,0.0,0.0,0.0,0.0
2026-09-27,EP902026,44,2026-09-29 12:00:00,2 days 12:00:00,60,15.05,-104.54,981.9,65.7,50.19042991948199,204.28372580708543,190.42159163909943,128.1110391544804,163.7373385616028,95.87359976223354,79.21814490856738,47.39992514471342,60.70737172146176,50.19042991948199,5.0612993315567625,0.1647843665217747,3.733772975776637
2026-09-27,EP902026,44,2026-09-29 18:00:00,2 days 18:00:00,66,15.88,-105.97,981.2,74.9,17.36514231150649,198.4766301108244,199.92142805916035,165.9257231307478,170.0755250436914,102.0867963805756,100.1055451285566,70.36928564507895,80.23617383475911,38.44578742633794,32.114093797224776,23.10147414876673,27.999069818248778
2026-09-27,EP902026,44,2026-09-30 00:00:00,3 days 00:00:00,72,16.42,-106.83,971.5,89.7,15.169356100298629,221.3283536638819,207.5147754781485,74.9393827712997,146.44915552373817,87.53020862187014,61.32123627618978,23.18661823670442,54.76863822555555,39.17702419745898,27.702156618928427,15.689731374900203,28.24357712109731
2026-09-27,EP902026,44,2026-09-30 06:00:00,3 days 06:00:00,78,17.08,-107.81,974.9,81.5,49.53422304402738,133.75434214017264,126.21394027956612,98.32398233667928,106.97234129130707,52.18397062986947,44.63432494836462,34.54672275180566,43.52200360787423,49.53422304402738,8.51916482003188,5.644576147712048,9.574689334545145
2026-09-27,EP902026,44,2026-09-30 12:00:00,3 days 12:00:00,84,17.56,-109.02,966.6,94.4,39.18575971340459,125.15962362427332,150.84664517525107,146.59190318853427,110.51990861795878,67.87711694588836,68.97404278787185,58.33525133049435,56.76676236366235,39.18575971340459,32.77898141749412,24.81924280100691,29.436684062380813
2026-09-27,EP902026,44,2026-09-30 18:00:00,3 days 18:00:00,90,18.14,-109.5,967.7,85.3,42.48959174541662,136.9162451495152,183.2918876474524,169.01957391376015,138.32843607020095,62.79543681040142,69.81919652711689,56.14928442663704,52.72890678981854,42.48959174541662,38.23997455769279,28.410450345266952,36.42365043358635
2026-09-27,EP902026,44,2026-10-01 00:00:00,4 days 00:00:00,96,18.55,-110.18,981.1,72.5,24.63222382217573,156.26365689687435,210.3098989645012,191.55242589185596,153.77137049359243,90.7524007216,88.09582358695744,71.63245608676897,75.78744265357116,37.10599408292374,33.3587096394794,25.657585188036848,30.32421237214485
2026-09-27,EP902026,44,2026-10-01 06:00:00,4 days 06:00:00,102,18.89,-110.52,981.0,72.3,36.20489017121353,151.9410959313351,130.12588661151057,100.93437218231126,111.2302414724196,62.51338777065088,59.924424046985735,38.57383686433516,45.57463691455044,36.20489017121353,25.688657709554107,17.23477511114187,22.028011119276822
2026-09-27,EP902026,44,2026-10-01 12:00:00,4 days 12:00:00,108,18.95,-110.73,975.2,71.4,24.721408451260952,90.78415826919723,140.10298260401498,121.09480819714776,73.07805192269346,45.2037266493734,51.05636807011862,38.68807378960754,37.904153065002426,24.721408451260952,16.072247143892195,12.116804095782626,14.43983106318845
2026-09-27,EP902026,44,2026-10-01 18:00:00,4 days 18:00:00,114,19.02,-110.77,973.7,74.9,20.237317110458605,135.30461507653467,139.88183417197,160.0319163225389,140.7707327431665,54.05861851574582,60.26533579570798,51.99276328027935,52.61459195960299,35.11427342057033,31.713190959439345,25.797265833440164,27.74150187456233
2026-09-27,EP902026,44,2026-10-02 00:00:00,5 days 00:00:00,120,18.99,-110.76,977.6,70.8,34.65033178229943,104.09434875240017,154.09285250305172,153.73343907625238,81.89106163856539,57.57111538255003,76.865530558433,65.6735390237527,49.75635325276702,48.609488969570606,48.29125153868844,41.4093331634856,38.758530181772
2026-09-27,EP902026,44,2026-10-02 06:00:00,5 days 06:00:00,126,18.84,-110.7,985.4,64.3,35.44792873607011,145.28472290530772,179.98771430150936,208.7427329667553,159.81443183540176,112.8386059320815,114.24575120690054,100.62906945629636,94.1904910664246,35.44792873607011,0.0,0.0,0.0
2026-09-27,EP902026,44,2026-10-02 12:00:00,5 days 12:00:00,132,18.85,-110.72,983.5,59.4,31.961352182064346,117.28726015490344,169.56463695448687,160.98387861244592,117.8722136767292,79.93427270983878,84.59705318103765,69.11720741604418,69.83036210079152,0.0,0.0,0.0,0.0
2026-09-27,EP902026,44,2026-10-02 18:00:00,5 days 18:00:00,138,18.74,-110.76,987.6,55.0,46.8808135043073,84.76493496767944,141.46073320132564,129.0716961097669,85.62841693211203,57.93274298416043,61.65352498628749,47.671271772550085,44.59619437544393,0.0,0.0,0.0,0.0
2026-09-27,EP902026,44,2026-10-03 00:00:00,6 days 00:00:00,144,18.8,-110.51,991.0,46.6,59.36604758033767,117.8418527967746,141.19068546706967,119.2982353514996,98.31655717700464,0.0,0.0,0.0,0.0,0.0,0.0,0.0,0.0
2026-09-27,EP902026,44,2026-10-03 06:00:00,6 days 06:00:00,150,19.06,-110.53,993.4,52.2,84.37648382185989,94.67916928712694,118.25474356381336,89.4387063445804,80.07821898906924,9.11296723514601,84.37648382185989,5.321483300491277,4.5877090256077535,0.0,0.0,0.0,0.0
2026-09-27,EP902026,44,2026-10-03 12:00:00,6 days 12:00:00,156,19.19,-110.3,990.5,58.1,35.69266862392769,97.09830367261938,103.8124403888413,98.51048854473468,99.69687370867884,74.17624611248505,66.89106754136336,52.59279064869733,62.2767153430562,0.0,0.0,0.0,0.0
2026-09-27,EP902026,44,2026-10-03 18:00:00,6 days 18:00:00,162,19.36,-110.22,996.6,46.9,51.85425134850922,95.8782604459043,120.8132857962222,67.89765346024494,55.37631452419247,0.0,0.0,0.0,0.0,0.0,0.0,0.0,0.0
2026-09-27,EP902026,44,2026-10-04 00:00:00,7 days 00:00:00,168,19.9,-110.12,991.3,51.4,47.26883324609905,126.5752265549974,128.51525738958713,64.59658836418643,64.87948005205212,47.26883324609905,17.730416547300486,1.1121376056457697,5.150717399252931,0.0,0.0,0.0,0.0
2026-09-27,EP902026,44,2026-10-04 06:00:00,7 days 06:00:00,174,20.45,-110.21,987.9,54.8,45.36211792908534,173.65511045715627,144.58568300980767,82.33140022868331,123.05644208138466,45.36211792908534,31.13284237644797,13.695985782841454,25.008057285514155,0.0,0.0,0.0,0.0
2026-09-27,EP902026,44,2026-10-04 12:00:00,7 days 12:00:00,180,20.61,-110.12,987.3,68.5,44.03744070660742,164.0111985290639,137.3427253400454,99.01081057060736,122.17218550407084,83.40175596127035,69.62378394601542,41.62538238329781,61.37671419374328,44.03744070660742,21.722082246066076,14.126247054534687,18.03334607654096
2026-09-27,EP902026,44,2026-10-04 18:00:00,7 days 18:00:00,186,21.12,-110.55,981.2,65.7,22.40299853680636,177.04148592637745,149.1844051601236,76.39360871723221,114.61676104600944,80.22607521645013,63.51095950830837,33.615550920859285,60.32246105547578,31.671726643188716,23.50552924724593,15.258890774463763,22.600728374813453
2026-09-27,EP902026,44,2026-10-05 00:00:00,8 days 00:00:00,192,21.7,-110.86,979.8,69.8,16.814140415887465,164.76502414094432,159.2770239180075,110.7599816552243,140.2095440815527,94.22275429042172,83.71403230344768,55.18759454944981,69.97078609619366,42.66947388995269,35.898662218329825,26.46879770432228,33.28884046146332
2026-09-27,EP902026,44,2026-10-05 06:00:00,8 days 06:00:00,198,21.89,-111.53,972.2,79.7,29.926806089592983,164.6884814616779,133.294519874113,104.59965300959423,121.19689678050425,97.01476842314628,77.88721657655714,51.26253096202356,78.16359046813398,47.51107061027756,37.44779446688608,25.95722241302643,37.74411064200771
2026-09-27,EP902026,44,2026-10-05 12:00:00,8 days 12:00:00,204,22.26,-112.23,969.6,84.2,24.55478378867345,195.51253755300544,131.34189270648352,99.86765615862883,160.76532294009527,93.02006705721752,73.4416409186963,48.843198171995056,78.65349535511743,51.36245342985387,40.55371538151833,29.720029448651665,43.09428759085658
2026-09-27,EP902026,44,2026-10-05 18:00:00,8 days 18:00:00,210,22.61,-113.02,967.4,77.8,28.78644874528852,197.78536374755527,120.16059999439896,112.2758282605164,200.46796397434625,86.29970373008291,56.93057027818002,42.59394322920775,74.07591715559718,53.04567786397894,41.62751181422848,31.968958765734957,44.72289965930139
2026-09-27,EP902026,44,2026-10-06 00:00:00,9 days 00:00:00,216,22.83,-113.31,979.2,72.3,47.41071805182134,199.1759600475015,118.68774178565246,114.9611942238514,195.20432560990747,107.67477179333946,85.20706937261275,65.5022209656991,100.16831511816672,77.76501145318393,63.76435223981829,49.74132500511526,65.9348317485159
2026-09-27,EP902026,44,2026-10-06 06:00:00,9 days 06:00:00,222,23.3,-114.23,977.4,70.1,48.94097920293507,135.53174288730912,106.88183861785288,85.11970362478556,116.18022533123468,60.15473087192464,50.03206781145522,32.648757165581685,42.84242225145947,48.94097920293507,26.659411113007327,20.963033553828808,27.549104807414725
2026-09-27,EP902026,44,2026-10-06 12:00:00,9 days 12:00:00,228,23.7,-115.01,976.4,71.1,43.23647002498648,167.8047000125233,91.74042817181748,118.33252551761164,184.71153243740687,81.73114456807612,59.30873694842617,57.33684870219563,85.28314238213933,60.0746318744293,50.00787634744228,40.57298707426958,52.83603771481287
2026-09-27,EP902026,44,2026-10-06 18:00:00,9 days 18:00:00,234,23.94,-115.78,981.9,59.2,40.62616655972548,175.585494073086,145.07083038080054,150.1656924008267,186.05017081389508,92.6797681004998,71.05819701504714,55.91222882427792,79.92025610248115,0.0,0.0,0.0,0.0
2026-09-27,EP902026,44,2026-10-07 00:00:00,10 days 00:00:00,240,24.08,-116.43,979.2,63.3,54.26390574100956,186.5638513309911,116.87155155639267,110.7037042358323,163.12188833710078,94.40333832066136,72.3199755110631,44.71707694589971,83.25641619717709,0.0,0.0,0.0,0.0
2026-09-27,EP902026,44,2026-10-07 06:00:00,10 days 06:00:00,246,24.09,-117.07,977.9,67.5,41.50287487822582,218.71361843969424,167.6892943340339,139.27372754593614,213.0787743461878,114.79142934505062,84.73384779616734,62.34518753177375,99.24723294190834,41.50287487822582,16.124237583620587,12.838969813967786,22.339821666514474
2026-09-27,EP902026,44,2026-10-07 12:00:00,10 days 12:00:00,252,24.12,-117.67,986.2,59.6,62.30351698943759,244.20720136350096,174.60157297376645,167.47130780541315,246.8501738412307,104.65563494633336,83.22885662694088,61.29462766308348,90.8193715008008,0.0,0.0,0.0,0.0
2026-09-27,EP902026,44,2026-10-07 18:00:00,10 days 18:00:00,258,24.35,-118.18,989.2,58.1,66.2711617388727,177.28696415037703,99.33828447312322,72.4760680094298,163.20394885809014,66.2711617388727,22.2536718011369,11.088710285989476,19.664487066648704,0.0,0.0,0.0,0.0
2026-09-27,EP902026,44,2026-10-08 00:00:00,11 days 00:00:00,264,24.44,-118.8,993.1,49.6,72.04789891022449,211.1511266206118,154.29772390226975,122.14066961572664,186.0562558818886,0.0,0.0,0.0,0.0,0.0,0.0,0.0,0.0
2026-09-27,EP902026,44,2026-10-08 06:00:00,11 days 06:00:00,270,24.57,-118.93,996.2,47.2,46.82673288268434,148.5025397230649,112.1532903172859,84.0488761539745,134.810991223144,0.0,0.0,0.0,0.0,0.0,0.0,0.0,0.0
2026-09-27,EP902026,44,2026-10-08 12:00:00,11 days 12:00:00,276,24.8,-119.18,995.9,48.4,63.86163701400165,190.39364482364545,158.1953980620383,124.1463855562488,169.7063431852439,0.0,0.0,0.0,0.0,0.0,0.0,0.0,0.0
2026-09-27,EP902026,44,2026-10-08 18:00:00,11 days 18:00:00,282,25.12,-119.34,998.8,41.8,79.83143127369271,96.79936830570772,78.14252764157982,36.59499617603166,67.42553855980248,0.0,0.0,0.0,0.0,0.0,0.0,0.0,0.0
2026-09-27,EP902026,44,2026-10-09 00:00:00,12 days 00:00:00,288,25.21,-119.71,1000.9,39.5,65.1914953013959,65.1914953013959,34.68468287305381,28.01128913170816,35.8535899543125,0.0,0.0,0.0,0.0,0.0,0.0,0.0,0.0
2026-09-27,EP902026,44,2026-10-09 06:00:00,12 days 06:00:00,294,25.47,-119.51,1003.0,36.7,34.00690490523826,34.00690490523826,14.531643441494204,0.0,3.669358487500122,0.0,0.0,0.0,0.0,0.0,0.0,0.0,0.0
2026-09-27,EP902026,44,2026-10-09 12:00:00,12 days 12:00:00,300,25.61,-119.85,1005.1,29.0,93.56522784947374,0.0,0.0,0.0,0.0,0.0,0.0,0.0,0.0,0.0,0.0,0.0,0.0
2026-09-27,EP902026,44,2026-10-09 18:00:00,12 days 18:00:00,306,25.81,-119.88,1004.1,33.3,117.1637090441303,0.0,0.0,0.0,0.0,0.0,0.0,0.0,0.0,0.0,0.0,0.0,0.0
2026-09-27,EP902026,44,2026-10-10 00:00:00,13 days 00:00:00,312,25.97,-120.12,1005.5,25.9,90.94185608123249,0.0,0.0,0.0,0.0,0.0,0.0,0.0,0.0,0.0,0.0,0.0,0.0
2026-09-27,EP902026,44,2026-10-10 06:00:00,13 days 06:00:00,318,26.25,-120.18,1007.9,21.4,72.79115541547617,0.0,0.0,0.0,0.0,0.0,0.0,0.0,0.0,0.0,0.0,0.0,0.0
2026-09-27,EP902026,44,2026-10-10 12:00:00,13 days 12:00:00,324,26.54,-120.43,1006.8,18.5,92.02287395428608,0.0,0.0,0.0,0.0,0.0,0.0,0.0,0.0,0.0,0.0,0.0,0.0
2026-09-27,EP902026,44,2026-10-10 18:00:00,13 days 18:00:00,330,26.47,-120.69,1008.0,15.7,97.76432618029708,0.0,0.0,0.0,0.0,0.0,0.0,0.0,0.0,0.0,0.0,0.0,0.0
2026-09-27,EP902026,44,2026-10-11 00:00:00,14 days 00:00:00,336,26.73,-121.48,1008.0,21.8,84.61924229950176,0.0,0.0,0.0,0.0,0.0,0.0,0.0,0.0,0.0,0.0,0.0,0.0
2026-09-27,WP252026,44,2026-09-27 00:00:00,0 days 00:00:00,0,24.6,127.6,964.0,89.0,22.0,102.0,121.0,102.0,93.0,,,,,,,,
2026-09-27,WP252026,44,2026-09-27 06:00:00,0 days 06:00:00,6,25.32,128.28,941.5,109.1,3.546042922982405,122.34423944737418,167.1502964980636,118.673899175595,71.76681663956856,65.879772401297,80.31774130575948,56.04298186482055,38.67563440105391,44.762254837893,45.50201561281523,37.26102518018193,35.7291917683322
2026-09-27,WP252026,44,2026-09-27 12:00:00,0 days 12:00:00,12,25.91,129.09,942.3,108.7,15.757530302538104,117.5512483142683,148.67323599396354,133.11058519855945,107.85626419645322,60.38879837033769,79.42935203267311,67.99994642056856,46.324562839721445,39.82635523241943,44.70714059379997,39.642292641966826,34.577384631809736
2026-09-27,WP252026,44,2026-09-27 18:00:00,0 days 18:00:00,18,26.67,129.94,959.9,91.2,16.80049054408846,160.003290623863,187.84054443287096,127.51740358343524,100.67268812007568,94.30990170994482,107.43996818649794,74.41722141111131,62.31620768498033,52.96304014674479,53.23893901438532,43.87784563649439,39.580945230902216
2026-09-27,WP252026,44,2026-09-28 00:00:00,1 days 00:00:00,24,27.11,130.89,965.3,84.3,22.002516248868176,136.69289890160212,168.8469457476658,137.69718585986195,87.42730715691562,66.35427622388659,87.99958740370539,67.47295325025345,42.6572703956258,37.52751426692237,39.51414138937309,32.497704432095645,27.994082646277175
2026-09-27,WP252026,44,2026-09-28 06:00:00,1 days 06:00:00,30,27.82,131.87,972.9,79.0,36.1641289461877,115.18791084708936,172.03374465853267,124.8625598089493,61.47062292945702,69.87825584750681,93.0044373290366,69.58196816051714,46.37821188689122,35.9909554312726,37.96112984535648,31.199312480754088,26.77636667560728
2026-09-27,WP252026,44,2026-09-28 12:00:00,1 days 12:00:00,36,28.01,132.86,980.2,76.5,30.06177341287193,97.36436031444607,159.3446976415172,120.2813203794314,56.79716580472762,68.20209670689974,80.96552307698681,58.68679032634225,41.74192304275572,31.913537987759607,32.955465222769945,27.706167501701216,23.372987464544305
2026-09-27,WP252026,44,2026-09-28 18:00:00,1 days 18:00:00,42,28.73,133.79,988.2,58.8,59.19918256036283,113.10584973402857,135.60852586416158,106.92931497992498,80.44903830517055,49.588530181086846,59.19918256036283,30.486686529966068,26.70869326641976,0.0,0.0,0.0,0.0
2026-09-27,WP252026,44,2026-09-29 00:00:00,2 days 00:00:00,48,29.39,134.98,989.0,55.7,32.55006149787403,151.85075483880175,185.9289933003641,156.4254757504084,125.1854085745884,103.20708018408614,101.74583705634998,77.95527550243806,75.12037506960257,0.0,0.0,0.0,0.0
2026-09-27,WP252026,44,2026-09-29 06:00:00,2 days 06:00:00,54,30.01,136.26,989.1,50.5,57.418050882105305,193.778749667742,240.7720106895734,179.9717673374183,152.38169038793916,24.905367490482465,57.418050882105305,24.236408486517178,11.433195942666975,0.0,0.0,0.0,0.0
2026-09-27,WP252026,44,2026-09-29 12:00:00,2 days 12:00:00,60,30.48,137.56,994.2,44.2,36.59691250300966,165.01641120222212,202.73180053342455,128.69475617299258,111.58858615531972,0.0,0.0,0.0,0.0,0.0,0.0,0.0,0.0
2026-09-27,WP252026,44,2026-09-29 18:00:00,2 days 18:00:00,66,31.05,138.85,994.4,49.2,38.393593799952896,142.21382596052268,152.09569976029502,73.7198798756487,98.16192657224168,0.0,0.0,0.0,0.0,0.0,0.0,0.0,0.0
2026-09-27,WP252026,44,2026-09-30 00:00:00,3 days 00:00:00,72,31.57,140.44,997.4,47.4,45.32991821543983,191.791624579286,219.1143089026203,169.25432122442513,145.53052904790894,0.0,0.0,0.0,0.0,0.0,0.0,0.0,0.0
2026-09-27,WP252026,44,2026-09-30 06:00:00,3 days 06:00:00,78,32.13,142.1,992.6,45.5,131.20423355153747,92.57725067558756,131.20423355153747,59.87052768006088,35.80729438039817,0.0,0.0,0.0,0.0,0.0,0.0,0.0,0.0
2026-09-27,WP252026,44,2026-09-30 12:00:00,3 days 12:00:00,84,32.73,143.53,998.2,36.8,79.70260685268158,93.82174883784478,83.88887103940965,76.9258026847649,78.01841691275217,0.0,0.0,0.0,0.0,0.0,0.0,0.0,0.0
2026-09-27,WP252026,44,2026-09-30 18:00:00,3 days 18:00:00,90,33.37,144.49,998.8,39.4,82.09585367480695,198.7947710334116,206.9143840349346,125.19059626272303,120.93595977006316,0.0,0.0,0.0,0.0,0.0,0.0,0.0,0.0
2026-09-27,WP252026,44,2026-10-01 00:00:00,4 days 00:00:00,96,34.38,145.69,997.8,36.8,133.0807919668124,49.23421899830702,133.0807919668124,16.876982985057403,19.16832177463532,0.0,0.0,0.0,0.0,0.0,0.0,0.0,0.0
2026-09-27,WP252026,44,2026-10-01 06:00:00,4 days 06:00:00,102,35.64,146.97,998.6,38.1,91.89696095090692,167.9112558273581,158.19512669434636,85.63874063477823,104.35031909682816,0.0,0.0,0.0,0.0,0.0,0.0,0.0,0.0
2026-09-27,WP252026,44,2026-10-01 12:00:00,4 days 12:00:00,108,36.85,148.68,999.7,33.6,106.68339650223122,0.0,0.0,0.0,0.0,0.0,0.0,0.0,0.0,0.0,0.0,0.0,0.0
2026-09-27,WP252026,44,2026-10-01 18:00:00,4 days 18:00:00,114,38.83,152.25,996.6,31.4,86.73986175536012,0.0,0.0,0.0,0.0,0.0,0.0,0.0,0.0,0.0,0.0,0.0,0.0
2026-09-27,WP252026,44,2026-10-02 00:00:00,5 days 00:00:00,120,41.49,157.76,995.8,43.2,82.36847314599953,104.17611793676508,137.81253710869913,70.98683442252278,22.63893082863825,0.0,0.0,0.0,0.0,0.0,0.0,0.0,0.0
2026-09-27,WP252026,44,2026-10-02 06:00:00,5 days 06:00:00,126,43.61,162.73,995.9,38.2,120.1181163568508,286.34420186614614,355.7211893714584,237.1250022954705,174.61032412885504,0.0,0.0,0.0,0.0,0.0,0.0,0.0,0.0
2026-09-27,AL062026,45,2026-09-27 00:00:00,0 days 00:00:00,0,29.8,-43.9,1010.0,29.0,56.0,0.0,0.0,0.0,0.0,0.0,0.0,0.0,0.0,0.0,0.0,0.0,0.0
2026-09-27,AL062026,45,2026-09-27 06:00:00,0 days 06:00:00,6,29.57,-44.01,1010.1,29.0,53.62549527765406,0.0,0.0,0.0,0.0,0.0,0.0,0.0,0.0,0.0,0.0,0.0,0.0
2026-09-27,AL062026,45,2026-09-27 12:00:00,0 days 12:00:00,12,29.43,-44.2,1008.1,24.8,126.1167771559717,0.0,0.0,0.0,0.0,0.0,0.0,0.0,0.0,0.0,0.0,0.0,0.0
2026-09-27,AL062026,45,2026-09-27 18:00:00,0 days 18:00:00,18,28.85,-44.06,1008.9,26.4,81.80624624351623,0.0,0.0,0.0,0.0,0.0,0.0,0.0,0.0,0.0,0.0,0.0,0.0
2026-09-27,AL062026,45,2026-09-28 00:00:00,1 days 00:00:00,24,28.68,-43.72,1011.9,26.6,89.64923506165096,0.0,0.0,0.0,0.0,0.0,0.0,0.0,0.0,0.0,0.0,0.0,0.0
2026-09-27,AL062026,45,2026-09-28 06:00:00,1 days 06:00:00,30,28.34,-43.9,1010.6,34.5,95.92582578291344,0.0,95.92582578291344,0.0,0.0,0.0,0.0,0.0,0.0,0.0,0.0,0.0,0.0
2026-09-27,AL062026,45,2026-09-28 12:00:00,1 days 12:00:00,36,27.79,-44.32,1010.9,26.4,73.5093271857738,0.0,0.0,0.0,0.0,0.0,0.0,0.0,0.0,0.0,0.0,0.0,0.0
2026-09-27,EP152026,45,2026-09-27 00:00:00,0 days 00:00:00,0,16.7,-156.1,972.0,80.0,37.0,241.0,185.0,185.0,241.0,93.0,74.0,93.0,111.0,56.0,46.0,56.0,56.0
2026-09-27,EP152026,45,2026-09-27 06:00:00,0 days 06:00:00,6,16.22,-156.78,970.7,89.4,28.90264572203949,187.4337775571116,160.37729143451423,137.2717038389971,187.28867487331732,109.28769818422984,82.70263201398814,69.85325073934072,104.10411930222286,61.10762490105895,49.31211528685313,41.49631475610583,53.531338916278926
2026-09-27,EP152026,45,2026-09-27 12:00:00,0 days 12:00:00,12,16.27,-157.51,969.5,87.0,33.260014204152874,178.87255305240043,140.7642251457921,153.67654750834808,211.584861817126,92.47513920539316,72.92712653676858,74.70210966344197,97.444853771721,61.88988511993541,50.95545418759212,44.3480011091221,56.67712556523753
2026-09-27,EP152026,45,2026-09-27 18:00:00,0 days 18:00:00,18,16.12,-158.56,960.9,101.3,26.37765428593212,223.71975347972733,159.06449449807025,126.20738569215357,211.2013135675743,116.58042381417911,84.23820269882148,68.09532773791369,108.52705983212596,67.61836635708386,52.341212755598455,38.14911292970774,58.85022900620193
2026-09-27,EP152026,45,2026-09-28 00:00:00,1 days 00:00:00,24,16.11,-159.61,964.6,98.7,38.70195717879706,243.57929815931,242.97878547126123,139.94431955440058,163.736843262305,92.30794875712483,81.74124545196341,66.48750318242811,76.75885398232552,46.85385530083455,38.18809554353855,33.67195565899853,42.73102959873509
2026-09-27,EP152026,45,2026-09-28 06:00:00,1 days 06:00:00,30,16.3,-160.75,941.0,113.5,29.336036261265093,227.07056928691577,185.61517666687632,147.36781669494485,193.8988104582561,123.56253115690618,98.10025910288816,90.10255074852284,112.7034295836699,66.9282389021007,54.84821760339614,44.79602755609392,61.05000134905373
2026-09-27,EP152026,45,2026-09-28 12:00:00,1 days 12:00:00,36,16.94,-161.7,940.1,122.6,18.481263836371944,176.80857836083703,165.61151480125633,131.715218602399,166.0392122904523,114.07660369999248,89.08262940424054,83.85042887125819,108.50727879984996,62.09482956294673,49.988189188901366,41.92277012793102,54.497660622951415
2026-09-27,EP152026,45,2026-09-28 18:00:00,1 days 18:00:00,42,17.53,-162.4,938.2,118.2,12.995564843052126,179.88559264508478,175.25274049461336,107.14587937934374,132.3479190812308,106.04098939196962,94.12946375890492,66.70610404598702,88.98088648385163,58.81928832546201,49.992186464242295,34.77210482734258,47.929559597099455
2026-09-27,EP152026,45,2026-09-29 00:00:00,2 days 00:00:00,48,18.56,-162.92,951.3,112.0,21.25598797286173,203.97421512404563,176.34346822907776,88.2518537684631,150.25499222629864,108.51182206162808,79.47202691034843,48.27813174303592,83.33196819260243,56.467436075597305,44.12492156663983,30.61180945258263,44.65149091261627
2026-09-27,EP152026,45,2026-09-29 06:00:00,2 days 06:00:00,54,19.64,-163.44,962.1,88.1,23.462798211064296,265.12030739707734,196.56193520642955,98.46002245692534,205.1265938509096,126.62704893513865,104.44907794586196,67.8040294075563,99.7962103487232,66.98183108057265,59.62404448561267,42.22272131390969,55.62307393546598
2026-09-27,EP152026,45,2026-09-29 12:00:00,2 days 12:00:00,60,20.76,-164.02,971.9,82.1,25.52227710898805,196.76661890730875,211.63961393730585,147.15069055676895,133.13491430732654,96.10709952370324,102.6083750543936,79.65232459553403,77.16574694698346,55.92063331490951,53.2252054525344,43.80332337051283,48.57314912332822
2026-09-27,EP152026,45,2026-09-29 18:00:00,2 days 18:00:00,66,21.25,-164.29,978.3,79.6,52.67216412387586,172.96124564341432,121.23721692807814,119.66200353372636,186.7851853218677,92.10259956924148,71.63039813802439,51.84145435966995,86.09705630157976,61.80856924419229,50.48747830165263,39.75108403491991,50.09676594407369
2026-09-27,EP152026,45,2026-09-30 00:00:00,3 days 00:00:00,72,21.86,-164.37,978.3,70.1,24.27701509243786,237.05541357599236,191.04546515866213,156.14524127648593,211.7986706938628,123.69675507893857,103.005642123633,87.96206938842859,112.562247339093,68.2786463330514,61.391951568563854,51.67510582903272,57.911744747482594
2026-09-27,EP152026,45,2026-09-30 06:00:00,3 days 06:00:00,78,22.14,-164.55,981.7,72.0,29.897873300461853,235.07986583052408,175.4391423581296,142.89599743791564,231.9822397510224,116.41420391558506,94.24836038142168,75.92530504561842,105.68762084344289,77.63404797394787,68.08490172685595,56.69769504267072,65.34482767301125
2026-09-27,EP152026,45,2026-09-30 12:00:00,3 days 12:00:00,84,22.12,-164.7,981.6,68.9,49.52823736205686,166.72668374382732,148.35427416980423,127.39698347736812,162.437416374754,94.22103106036944,86.02037629672297,68.69590625906193,83.0496741716533,49.52823736205686,20.147215728902022,16.12833595025628,20.57687372914198
2026-09-27,EP152026,45,2026-09-30 18:00:00,3 days 18:00:00,90,22.31,-165.0,988.4,56.1,0.0,204.66002308429051,156.90688580230054,167.769631614857,211.2321116476179,117.3868680050345,108.77131508913628,96.49314246098392,107.18131015073762,0.0,0.0,0.0,0.0
2026-09-27,EP152026,45,2026-10-01 00:00:00,4 days 00:00:00,96,22.09,-165.34,990.8,52.8,36.96454425021301,205.0404687312924,93.6285430359537,138.01755070058172,231.74656526380383,73.19550818322973,56.06080104438298,52.73642902426423,76.91697780526755,0.0,0.0,0.0,0.0
2026-09-27,EP152026,45,2026-10-01 06:00:00,4 days 06:00:00,102,22.03,-165.84,990.8,51.3,98.96003140607132,234.6309462349204,120.4124071960844,85.17175670707209,208.197737986586,98.96003140607132,37.00542549958029,24.331784571239297,45.37969411618027,0.0,0.0,0.0,0.0
2026-09-27,EP152026,45,2026-10-01 12:00:00,4 days 12:00:00,108,22.2,-166.67,997.6,42.9,61.80720263488924,166.45281595894176,96.0324414755796,54.788698885947966,150.664960538933,0.0,0.0,0.0,0.0,0.0,0.0,0.0,0.0
2026-09-27,EP152026,45,2026-10-01 18:00:00,4 days 18:00:00,114,22.07,-167.34,998.3,48.6,28.061012589952465,146.25998175746707,82.28794050611012,102.13096455509674,146.59185118181537,0.0,0.0,0.0,0.0,0.0,0.0,0.0,0.0
2026-09-27,EP152026,45,2026-10-02 00:00:00,5 days 00:00:00,120,22.28,-168.26,989.4,54.9,67.18443293719186,197.11924772393849,100.7495084260278,79.68892822333412,178.23000930500606,67.18443293719186,6.449891586519813,1.7451109825470397,19.769883974536064,0.0,0.0,0.0,0.0
2026-09-27,EP152026,45,2026-10-02 06:00:00,5 days 06:00:00,126,22.4,-169.19,991.4,50.3,52.47436329864968,254.81324951935204,155.50925923734218,137.7935958041111,229.88025746378847,76.71317233509265,63.94855985014856,51.28682203750638,64.90283932141327,0.0,0.0,0.0,0.0
2026-09-27,EP152026,45,2026-10-02 12:00:00,5 days 12:00:00,132,22.36,-170.14,986.3,57.0,48.4835102336201,225.0185768976433,166.59545977724713,148.2939426225637,197.046165254291,94.9832146143488,82.66534298492245,64.84799162832337,76.17528318001669,0.0,0.0,0.0,0.0
2026-09-27,EP152026,45,2026-10-02 18:00:00,5 days 18:00:00,138,22.92,-171.0,953.7,107.2,3.666868663472542,247.7433774585152,205.3100661363933,185.1447862702371,247.15932900226107,115.86457839525792,90.5719985363121,83.00024611086337,103.70641531846375,72.52724765252515,64.27756375539411,53.554877614441466,64.27617532330714
2026-09-27,EP152026,45,2026-10-03 00:00:00,6 days 00:00:00,144,23.06,-172.48,986.5,63.1,67.32231158705409,238.9643205536481,149.6926495248148,100.20842485001371,200.7463636292693,67.32231158705409,33.46173057071848,21.996688454761923,39.96886106968503,0.0,0.0,0.0,0.0
2026-09-27,EP152026,45,2026-10-03 06:00:00,6 days 06:00:00,150,22.94,-173.86,987.0,63.2,45.25070305893664,224.2808291762064,137.41881665507992,122.53856759565728,219.38278740018197,92.99601757330284,67.64580352792619,47.33962884383401,76.90132396591184,0.0,0.0,0.0,0.0
2026-09-27,EP152026,45,2026-10-03 12:00:00,6 days 12:00:00,156,22.88,-175.98,990.9,55.8,51.46562501818581,269.0592386953795,147.13126729725457,128.90040799326547,265.4888633653771,100.56710836296736,67.73486500113853,46.6564117155987,80.06287870977533,0.0,0.0,0.0,0.0
2026-09-27,EP152026,45,2026-10-03 18:00:00,6 days 18:00:00,162,23.17,-177.75,985.8,64.2,22.72969011319037,240.63021966676288,153.63511150004297,110.62410704543004,231.1229240854575,101.8142232802902,64.74199132062995,36.55724355785608,85.34797908329551,38.747960302459546,26.08110210389356,18.07508965030772,31.226854646063728
2026-09-27,EP152026,45,2026-10-04 00:00:00,7 days 00:00:00,168,23.92,-179.39,981.2,68.4,24.604919211252565,298.32209282416875,142.22629411486594,116.7907486756834,257.5437406287104,136.0883994192428,102.76994410217928,78.32102026819878,122.16580563065344,87.30446239268133,75.72974974784408,57.223480247995305,72.70753707629943
2026-09-27,EP152026,45,2026-10-04 06:00:00,7 days 06:00:00,174,24.94,178.83,979.1,70.8,32.91598193679164,262.10544099885635,146.76615785634402,103.68705660208192,240.95997243113115,124.72198804068388,97.93860803697068,69.78301269948358,102.72988775531984,52.55533627354031,45.63679379088227,34.283091958897614,43.430338351622765
2026-09-27,EP152026,45,2026-10-04 12:00:00,7 days 12:00:00,180,25.82,177.12,973.7,88.5,23.176554143921585,259.9943183516948,195.14516762941665,148.14131025116936,201.509886495408,118.59893345778524,107.8716715483445,87.12052924279628,101.00861988608224,76.89371490705415,69.37311467890822,54.38247077612477,63.81100431541589
2026-09-27,EP152026,45,2026-10-04 18:00:00,7 days 18:00:00,186,26.61,175.67,959.2,94.6,15.31639405128465,247.7193769651539,194.0385392105892,145.13131169377908,226.1389318430865,122.42301995082693,102.82365754098366,70.0577590966973,101.54655168352342,65.312471117522,54.85649181883893,38.5723387988452,53.11218052179338
2026-09-27,EP152026,45,2026-10-05 00:00:00,8 days 00:00:00,192,27.61,174.55,970.8,84.9,23.738053311884624,260.38929327511283,213.3274613760344,172.7140923606244,232.3713441096713,138.783417155787,134.28482282296974,107.1442687929792,127.34162580201895,97.9065463166466,90.122385058146,69.85922866726611,84.76811647193745
2026-09-27,EP152026,45,2026-10-05 06:00:00,8 days 06:00:00,198,28.25,173.85,973.6,76.1,31.60157249812659,250.3703273933433,197.4671020146708,174.34620155347912,229.96789692180735,125.95720368272714,108.09568684258966,89.9330264086511,114.73823270595086,93.75550811075604,81.17849499440149,65.48135323902883,81.02979641592657
2026-09-27,EP152026,45,2026-10-05 12:00:00,8 days 12:00:00,204,28.76,173.47,974.4,75.0,35.08850372367162,260.5164896347923,225.5136866183077,157.9148216075341,186.79624530943957,136.33540709688026,111.757842845208,77.48067617129607,111.23630964046389,56.68754569439584,48.07838085296417,34.65419215341026,45.67191078970667
2026-09-27,EP152026,45,2026-10-05 18:00:00,8 days 18:00:00,210,29.01,172.99,972.7,69.3,45.82350159987757,281.5439549093122,270.74920199411,215.2171653490439,242.4393604341152,128.23519935495463,120.28108624705118,88.94207949365239,102.04393187252693,49.13873863035868,45.20375517757769,38.01362593821953,40.87653969984834
2026-09-27,EP152026,45,2026-10-06 00:00:00,9 days 00:00:00,216,29.3,172.53,974.6,73.4,30.8030308653226,225.39566773561532,201.93231385431372,158.03725476055126,218.63393298536064,150.1900067470949,116.87019156020756,95.36333321247162,124.50212210928557,79.8184950095382,70.02107091422141,54.61465970853601,70.11867678784478
2026-09-27,EP152026,45,2026-10-06 06:00:00,9 days 06:00:00,222,29.45,171.79,978.6,74.2,46.12387808140818,242.8293872384898,189.88085255451884,152.06444833685467,233.1961451410681,140.6548740128079,107.564690702391,71.62007871712905,107.27104546534096,46.12387808140818,17.26632435150107,11.129763813343452,21.20609920944738
2026-09-27,EP152026,45,2026-10-06 12:00:00,9 days 12:00:00,228,29.29,170.97,987.9,57.3,21.24092838774976,187.4477055695367,156.1654895001391,164.63364570774374,223.2313588055801,108.9834816085233,80.77567178320626,59.35346070595131,92.7680518740628,0.0,0.0,0.0,0.0
2026-09-27,EP152026,45,2026-10-06 18:00:00,9 days 18:00:00,234,29.13,169.68,991.8,50.0,70.93111060234233,210.7042859431677,134.7325995487997,62.02224787692739,175.2161819684905,0.0,0.0,0.0,0.0,0.0,0.0,0.0,0.0
2026-09-27,EP152026,45,2026-10-07 00:00:00,10 days 00:00:00,240,28.9,167.8,998.2,46.1,34.79923734367493,224.77616114397375,133.9636635550391,97.64456129117134,208.4968070840845,0.0,0.0,0.0,0.0,0.0,0.0,0.0,0.0
2026-09-27,EP152026,45,2026-10-07 06:00:00,10 days 06:00:00,246,29.59,165.75,999.6,36.4,79.92516481813698,144.26915917750887,131.13719610536964,103.63879339368282,120.86665531380596,0.0,0.0,0.0,0.0,0.0,0.0,0.0,0.0
2026-09-27,EP152026,45,2026-10-07 12:00:00,10 days 12:00:00,252,30.61,163.31,1005.0,33.0,102.11626554681754,0.0,0.0,0.0,0.0,0.0,0.0,0.0,0.0,0.0,0.0,0.0,0.0
2026-09-27,EP152026,45,2026-10-07 18:00:00,10 days 18:00:00,258,32.43,161.9,1003.8,36.6,38.66932500193134,49.13489254052702,45.19350651829126,7.80237933362455,24.04018651272387,0.0,0.0,0.0,0.0,0.0,0.0,0.0,0.0
2026-09-27,EP152026,45,2026-10-08 00:00:00,11 days 00:00:00,264,34.94,160.88,1006.4,28.9,52.698918377324674,0.0,0.0,0.0,0.0,0.0,0.0,0.0,0.0,0.0,0.0,0.0,0.0
2026-09-27,EP152026,45,2026-10-08 06:00:00,11 days 06:00:00,270,37.38,161.55,1006.0,32.5,97.12143138787155,0.0,0.0,0.0,0.0,0.0,0.0,0.0,0.0,0.0,0.0,0.0,0.0
2026-09-27,EP162026,45,2026-09-27 00:00:00,0 days 00:00:00,0,20.8,-123.6,975.0,76.0,28.0,167.0,167.0,148.0,185.0,93.0,74.0,74.0,93.0,65.0,46.0,37.0,56.0
2026-09-27,EP162026,45,2026-09-27 06:00:00,0 days 06:00:00,6,21.61,-123.39,989.3,66.1,17.33028399018815,153.3277565418639,136.5267127680845,112.36020149278647,142.9836376121948,80.4981633367729,67.60320769650434,48.1753908892606,68.1024489129777,17.33028399018815,7.518358000664165,3.946012139311449,8.081064656386147
2026-09-27,EP162026,45,2026-09-27 12:00:00,0 days 12:00:00,12,21.97,-123.32,997.2,45.8,33.777879754726754,187.5462661805033,168.69293583938423,114.85056951564108,137.5538338930824,0.0,0.0,0.0,0.0,0.0,0.0,0.0,0.0
2026-09-27,EP162026,45,2026-09-27 18:00:00,0 days 18:00:00,18,22.41,-123.11,999.4,45.0,58.96287192954155,119.58179112631969,110.78392805318694,93.38772574116216,107.15569363442076,0.0,0.0,0.0,0.0,0.0,0.0,0.0,0.0
2026-09-27,EP162026,45,2026-09-28 00:00:00,1 days 00:00:00,24,22.63,-123.25,1000.3,38.3,87.3074714251652,87.3074714251652,36.20851230613662,27.577958322353325,43.94069430345751,0.0,0.0,0.0,0.0,0.0,0.0,0.0,0.0
2026-09-27,EP162026,45,2026-09-28 06:00:00,1 days 06:00:00,30,23.03,-123.26,1003.2,30.7,60.626408348359554,0.0,0.0,0.0,0.0,0.0,0.0,0.0,0.0,0.0,0.0,0.0,0.0
2026-09-27,EP162026,45,2026-09-28 12:00:00,1 days 12:00:00,36,22.91,-123.3,1003.0,29.8,56.835494414665824,0.0,0.0,0.0,0.0,0.0,0.0,0.0,0.0,0.0,0.0,0.0,0.0
2026-09-27,EP162026,45,2026-09-28 18:00:00,1 days 18:00:00,42,22.45,-123.12,1005.9,25.2,65.97393612283298,0.0,0.0,0.0,0.0,0.0,0.0,0.0,0.0,0.0,0.0,0.0,0.0
2026-09-27,EP162026,45,2026-09-29 00:00:00,2 days 00:00:00,48,22.28,-123.26,1004.4,23.3,136.26190138797188,0.0,0.0,0.0,0.0,0.0,0.0,0.0,0.0,0.0,0.0,0.0,0.0
2026-09-27,EP162026,45,2026-09-29 06:00:00,2 days 06:00:00,54,21.34,-123.68,1006.0,26.4,145.62058578166346,0.0,0.0,0.0,0.0,0.0,0.0,0.0,0.0,0.0,0.0,0.0,0.0
2026-09-27,EP162026,45,2026-09-29 12:00:00,2 days 12:00:00,60,20.78,-124.08,1006.1,19.1,105.31410704608926,0.0,0.0,0.0,0.0,0.0,0.0,0.0,0.0,0.0,0.0,0.0,0.0
2026-09-27,EP162026,45,2026-09-29 18:00:00,2 days 18:00:00,66,20.37,-124.24,1007.3,22.0,83.01201001503748,0.0,0.0,0.0,0.0,0.0,0.0,0.0,0.0,0.0,0.0,0.0,0.0
2026-09-27,EP162026,45,2026-09-30 00:00:00,3 days 00:00:00,72,20.05,-124.41,1005.2,18.7,119.54844726509744,0.0,0.0,0.0,0.0,0.0,0.0,0.0,0.0,0.0,0.0,0.0,0.0
2026-09-27,EP162026,45,2026-09-30 06:00:00,3 days 06:00:00,78,19.45,-125.63,1006.3,21.0,66.32198962522118,0.0,0.0,0.0,0.0,0.0,0.0,0.0,0.0,0.0,0.0,0.0,0.0
2026-09-27,EP172026,45,2026-09-27 00:00:00,0 days 00:00:00,0,19.0,-112.9,946.0,111.0,28.0,259.0,185.0,167.0,185.0,111.0,111.0,93.0,93.0,65.0,65.0,46.0,56.0
2026-09-27,EP172026,45,2026-09-27 06:00:00,0 days 06:00:00,6,19.92,-113.35,939.1,122.2,6.134401805858429,192.14109566098108,235.8889673157801,163.9528553796539,147.85025295974748,100.23861649310209,91.95856842771312,66.5250422166615,76.76657140590967,60.97278090534823,54.57730319530738,40.22621161476528,49.11676281391192
2026-09-27,EP172026,45,2026-09-27 12:00:00,0 days 12:00:00,12,20.73,-113.62,943.1,117.1,24.43877000590826,192.3721124154212,219.03029829319863,165.09390232802153,160.9253533243195,119.72140271392,119.09040816112662,88.48946293775901,100.41187168054644,67.22240047663502,60.90963837131677,47.04073980783094,55.82934848721586
2026-09-27,EP172026,45,2026-09-27 18:00:00,0 days 18:00:00,18,21.47,-113.9,951.0,105.5,20.08415217780395,169.68156955089538,218.34450771649213,173.17706931588123,162.26041494607676,121.0880390216197,111.63664454478588,89.61028075222342,106.39481214250236,62.93444340103046,54.58674602574726,42.00034191301716,52.875844536490575
2026-09-27,EP172026,45,2026-09-28 00:00:00,1 days 00:00:00,24,22.46,-114.22,947.4,113.8,29.958028174970764,154.63861022437868,203.7027585180572,126.90961422819964,93.17338380134788,97.42493334833672,108.76848662302882,84.19120079973209,75.10900115956474,63.801869850045705,59.96287531194639,47.88137398231584,51.88792438501741
2026-09-27,EP172026,45,2026-09-28 06:00:00,1 days 06:00:00,30,23.43,-113.86,948.6,109.8,36.00401785288359,175.05851361455967,194.8609483787643,141.89439212768127,106.61253336660688,97.6356354593294,108.32134775077564,76.7016419080216,72.71945441445706,61.68463605714081,57.368812699281776,44.65719102516251,46.80750705527357
2026-09-27,EP172026,45,2026-09-28 12:00:00,1 days 12:00:00,36,24.48,-113.48,944.8,109.2,16.229657360080978,175.30701511807524,208.19404214333133,179.37498318028975,177.38610818598295,115.8732999999154,119.17347519124736,97.35313107914078,97.86082314136382,58.44990094827514,56.834139565262575,45.66220154571832,50.64534714360576
2026-09-27,EP172026,45,2026-09-28 18:00:00,1 days 18:00:00,42,25.01,-112.96,957.2,96.3,49.51884127119813,159.96104749080212,157.85017835024576,132.15571644617398,96.1289062572294,97.59517197646475,108.91375079893652,75.93214841483672,77.23129281479103,65.55997862398243,63.61929693792955,48.79682282378249,52.66993485813583
2026-09-27,EP172026,45,2026-09-29 00:00:00,2 days 00:00:00,48,25.7,-112.04,972.5,81.0,36.063720168691006,152.10365890943527,152.2854278942027,140.96683401932378,89.72282730520334,73.56358841222927,95.46822834040586,80.48828995629998,55.71502465627466,35.15408210433856,38.10182250796697,32.30861660925238,28.01602045049895
2026-09-27,EP172026,45,2026-09-29 06:00:00,2 days 06:00:00,54,26.5,-111.22,984.3,65.5,14.295700463345383,174.7877634462327,206.17317737802452,179.24864072361595,148.489606900431,99.54787960817224,112.38067228185425,86.70596142535032,76.16831195850477,10.41772773614916,14.295700463345383,10.015401679114944,9.460084544831908
2026-09-27,EP172026,45,2026-09-29 12:00:00,2 days 12:00:00,60,27.44,-110.56,983.8,54.6,29.236366727155712,134.57475927128445,144.1345244910575,97.07627519199448,92.55487403320038,36.14103070753535,28.639172491759147,15.69546102179543,24.50655900917107,0.0,0.0,0.0,0.0
2026-09-27,EP172026,45,2026-09-29 18:00:00,2 days 18:00:00,66,29.22,-109.33,996.6,39.7,59.153929741253336,45.45821140554915,59.153929741253336,9.339830208431792,7.949404466323799,0.0,0.0,0.0,0.0,0.0,0.0,0.0,0.0
2026-09-27,EP902026,45,2026-09-27 00:00:00,0 days 00:00:00,0,12.0,-98.6,1008.0,25.0,111.0,0.0,0.0,0.0,0.0,0.0,0.0,0.0,0.0,0.0,0.0,0.0,0.0
2026-09-27,EP902026,45,2026-09-27 06:00:00,0 days 06:00:00,6,11.83,-98.55,1004.9,32.0,129.46906794679148,0.0,0.0,0.0,0.0,0.0,0.0,0.0,0.0,0.0,0.0,0.0,0.0
2026-09-27,EP902026,45,2026-09-27 12:00:00,0 days 12:00:00,12,11.93,-98.79,1004.3,26.5,174.42875500065912,0.0,0.0,0.0,0.0,0.0,0.0,0.0,0.0,0.0,0.0,0.0,0.0
2026-09-27,EP902026,45,2026-09-27 18:00:00,0 days 18:00:00,18,12.08,-99.01,1002.6,33.7,95.37864824085386,0.0,0.0,0.0,0.0,0.0,0.0,0.0,0.0,0.0,0.0,0.0,0.0
2026-09-27,EP902026,45,2026-09-28 00:00:00,1 days 00:00:00,24,12.23,-99.43,1002.0,32.9,121.46145093972532,0.0,0.0,0.0,0.0,0.0,0.0,0.0,0.0,0.0,0.0,0.0,0.0
2026-09-27,EP902026,45,2026-09-28 06:00:00,1 days 06:00:00,30,12.6,-100.12,1001.7,37.2,92.72485607798124,92.72485607798124,37.72585043696294,7.504223752168286,14.790171855482775,0.0,0.0,0.0,0.0,0.0,0.0,0.0,0.0
2026-09-27,EP902026,45,2026-09-28 12:00:00,1 days 12:00:00,36,12.82,-100.87,1001.3,41.2,95.56182653407568,101.5000709871842,89.29347888093353,60.109063048291766,83.58638341029177,0.0,0.0,0.0,0.0,0.0,0.0,0.0,0.0
2026-09-27,EP902026,45,2026-09-28 18:00:00,1 days 18:00:00,42,13.16,-102.06,1001.4,40.9,111.8683640264849,143.61932231520302,125.82522236706473,92.21616682583492,123.60598106981936,0.0,0.0,0.0,0.0,0.0,0.0,0.0,0.0
2026-09-27,EP902026,45,2026-09-29 00:00:00,2 days 00:00:00,48,14.02,-102.99,997.0,43.5,124.32588942243996,273.7291969664523,264.5214688650744,203.40116879810645,233.3137034382529,0.0,0.0,0.0,0.0,0.0,0.0,0.0,0.0
2026-09-27,EP902026,45,2026-09-29 06:00:00,2 days 06:00:00,54,14.97,-104.12,994.5,47.4,130.92128657256367,207.96169758952385,199.32848815965437,130.8943290779249,158.52524216905783,0.0,0.0,0.0,0.0,0.0,0.0,0.0,0.0
2026-09-27,EP902026,45,2026-09-29 12:00:00,2 days 12:00:00,60,15.31,-104.9,991.7,53.2,62.41286082672069,190.93120857428096,175.9496241235573,111.54723626948604,150.58583047783986,62.41286082672069,20.23952776802953,8.671555535056278,12.178187165743836,0.0,0.0,0.0,0.0
2026-09-27,EP902026,45,2026-09-29 18:00:00,2 days 18:00:00,66,15.6,-105.73,993.7,53.4,85.0796422039724,145.21346614338134,129.92902024583404,59.5052629632792,100.92735208999149,85.0796422039724,9.669646308080514,3.181496022101011,4.906695009095448,0.0,0.0,0.0,0.0
2026-09-27,EP902026,45,2026-09-30 00:00:00,3 days 00:00:00,72,16.51,-106.43,990.4,60.2,44.31519241428077,225.4545216927122,217.144929665782,149.77035916150112,200.993331904202,125.00067088410653,108.94286585127249,67.74561713033302,89.9543112164256,0.0,0.0,0.0,0.0
2026-09-27,EP902026,45,2026-09-30 06:00:00,3 days 06:00:00,78,16.87,-107.0,984.0,65.6,40.03977193708711,122.84459224479842,163.84521733160983,127.4981643820248,96.04131939581076,61.35033295042053,59.72357735020693,42.38289579274181,49.26591163117272,40.03977193708711,11.362607205262847,7.738794242752493,11.206433152293156
2026-09-27,EP902026,45,2026-09-30 12:00:00,3 days 12:00:00,84,17.28,-107.51,969.8,87.8,24.287125496996484,183.9282948323828,155.11775534241374,102.66292123192216,115.47104241099322,82.79065738013495,70.05255164939382,40.92111457933502,65.19189889131619,51.03765770354336,40.09964769406965,30.085738972752715,39.71426920337922
2026-09-27,EP902026,45,2026-09-30 18:00:00,3 days 18:00:00,90,18.04,-108.12,968.6,88.0,50.74430140785829,183.45478069244325,141.68661096573726,122.78220904787678,124.81125091612512,75.54681786623233,71.27644754000943,49.06005856083837,58.875125089842456,53.36064766687576,46.3043851616392,35.05612322826089,41.995048062786566
2026-09-27,EP902026,45,2026-10-01 00:00:00,4 days 00:00:00,96,18.23,-108.4,962.5,95.2,6.180889556375284,191.82620792037036,255.69973409756767,212.74581219288348,153.9234304259233,95.89454108184091,98.5455743080621,80.98503968981876,78.50827651720255,61.743404798644704,55.01640861903766,44.796915830495344,50.328096272768704
2026-09-27,EP902026,45,2026-10-01 06:00:00,4 days 06:00:00,102,18.61,-108.84,965.7,90.7,47.208010396478734,162.834082934766,174.50237371322072,164.61554231411588,154.20166014603066,86.5984991051744,81.57118557166741,72.83030465504204,80.043894504567,61.180495098373214,53.73255869865309,43.9823726429304,52.323122912172025
2026-09-27,EP902026,45,2026-10-01 12:00:00,4 days 12:00:00,108,18.73,-109.46,972.9,81.9,43.70135838454032,157.19828042469845,203.4730088805836,192.33982922249768,154.89112220797875,97.54005584009668,102.97409431384553,96.02681001629216,85.40731345830451,71.00055572707645,66.00436861494885,56.11931728630194,59.88117378255557
2026-09-27,EP902026,45,2026-10-01 18:00:00,4 days 18:00:00,114,19.19,-109.62,963.3,98.5,0.0,272.7617532825618,287.2835584083216,268.0609823096861,230.5107997222981,135.43576229137807,149.133722077073,132.6980919240916,116.9152107271508,76.41768128783133,73.30721324709498,61.14688445294763,65.153582939133
2026-09-27,EP902026,45,2026-10-02 00:00:00,5 days 00:00:00,120,19.26,-110.16,971.1,74.9,29.27655824313255,152.11144673995815,171.68797755267667,140.64604620585243,133.4766248685151,62.87646953364662,65.69615349824267,51.29296048323292,50.2332524273604,34.04512861816713,30.16816805724457,24.37071516033247,28.090868488848265
2026-09-27,EP902026,45,2026-10-02 06:00:00,5 days 06:00:00,126,19.63,-110.36,976.0,71.2,48.21464864947615,150.08796928038032,164.54996371344055,145.26382222562825,133.59627985214925,87.36941759236504,87.22954650679239,72.94446322322142,77.58060231905472,48.21464864947615,42.783090875166494,37.47885595111738,38.63200976868117
2026-09-27,EP902026,45,2026-10-02 12:00:00,5 days 12:00:00,132,19.68,-110.63,982.9,63.7,44.03473099168229,133.55776458856525,170.1739247656867,148.54571110052945,127.3059212503885,80.19301593784434,74.46070540788489,61.38545284032038,62.157842461912864,0.0,0.0,0.0,0.0
2026-09-27,EP902026,45,2026-10-02 18:00:00,5 days 18:00:00,138,20.21,-110.77,966.7,82.9,48.44972578916186,256.6252361761888,270.26042105710894,277.4630045132428,219.5980494982596,151.60478456403547,163.9174651276384,159.9732289423333,147.7416839355174,109.04586728694971,110.06268212547124,94.70707294105594,96.4524578069854
2026-09-27,EP902026,45,2026-10-03 00:00:00,6 days 00:00:00,144,20.61,-111.55,987.0,58.2,70.6907796894564,168.8197608876169,136.93110959093258,59.56801477261038,126.70359796823205,70.6907796894564,13.047430551694973,5.554593149243228,11.85736133120946,0.0,0.0,0.0,0.0
2026-09-27,EP902026,45,2026-10-03 06:00:00,6 days 06:00:00,150,20.45,-112.1,995.9,48.7,66.09005568037495,226.1604949397792,204.41336334091503,168.16421019045038,196.21007487810465,0.0,0.0,0.0,0.0,0.0,0.0,0.0,0.0
2026-09-27,EP902026,45,2026-10-03 12:00:00,6 days 12:00:00,156,20.27,-112.43,994.1,53.4,45.90121257774056,136.07882423838345,155.21633691551546,124.00679424236068,118.09359739219808,13.48326715155854,45.90121257774056,10.608735919921394,8.466030030243946,0.0,0.0,0.0,0.0
2026-09-27,EP902026,45,2026-10-03 18:00:00,6 days 18:00:00,162,20.52,-112.85,990.0,58.1,67.60598834046777,134.82394024668065,130.7822009710817,83.98742340040735,111.63735436143634,67.60598834046777,27.19409287082567,14.453703157378529,21.204812091877105,0.0,0.0,0.0,0.0
2026-09-27,EP902026,45,2026-10-04 00:00:00,7 days 00:00:00,168,20.63,-113.29,994.3,49.1,37.22506583846143,117.43896859833512,118.20231485867544,77.79082750609336,97.3100994735687,0.0,0.0,0.0,0.0,0.0,0.0,0.0,0.0
2026-09-27,EP902026,45,2026-10-04 06:00:00,7 days 06:00:00,174,20.54,-113.95,991.5,50.7,36.57262849980671,108.38081576532072,90.5506969195921,77.00754607033991,98.09535139886655,36.57262849980671,7.298561386504254,7.858069236258078,8.205576891999087,0.0,0.0,0.0,0.0
2026-09-27,EP902026,45,2026-10-04 12:00:00,7 days 12:00:00,180,20.47,-114.61,989.4,47.7,77.95024576575267,137.961293326302,113.6386511480162,90.91925842407592,118.58369435456252,0.0,0.0,0.0,0.0,0.0,0.0,0.0,0.0
2026-09-27,EP902026,45,2026-10-04 18:00:00,7 days 18:00:00,186,20.58,-115.39,992.1,56.6,53.809275409461904,175.687722511951,156.574228848213,108.49273952741518,148.67829598112934,53.809275409461904,10.599705036359996,3.473969591325586,8.864139223220553,0.0,0.0,0.0,0.0
2026-09-27,EP902026,45,2026-10-05 00:00:00,8 days 00:00:00,192,20.54,-116.61,991.8,54.6,23.24234321471338,164.03135715607692,117.05727471432834,78.92758339867453,143.11411191115496,52.04618780252202,39.8628349437862,23.346614404508824,39.80898541916324,0.0,0.0,0.0,0.0
2026-09-27,EP902026,45,2026-10-05 06:00:00,8 days 06:00:00,198,20.5,-117.73,989.7,58.7,49.33772259249962,207.31747978023375,148.55672608299625,89.38869944921719,187.0795482117016,49.33772259249962,28.397375968820448,12.562077070481116,32.68098644071133,0.0,0.0,0.0,0.0
2026-09-27,EP902026,45,2026-10-05 12:00:00,8 days 12:00:00,204,20.44,-118.88,999.3,50.0,63.18915856765025,233.5081552004825,166.15404579518895,139.37149820518175,218.14944137199063,63.18915856765025,9.040917028921696,5.589790941094957,15.87277664117741,0.0,0.0,0.0,0.0
2026-09-27,EP902026,45,2026-10-05 18:00:00,8 days 18:00:00,210,20.33,-119.83,988.8,54.7,39.16233685358742,196.753660947974,141.11178630552297,101.58690601382229,177.95722350799923,45.9858236970763,30.42819539358826,13.291607840409077,30.11863933833036,0.0,0.0,0.0,0.0
2026-09-27,EP902026,45,2026-10-06 00:00:00,9 days 00:00:00,216,20.07,-120.99,987.6,63.7,69.72868651484036,200.06383422070985,157.77648180317487,110.74875213478909,187.6764127013249,69.72868651484036,35.91627065447417,21.6856353821348,39.28972400327788,0.0,0.0,0.0,0.0
2026-09-27,EP902026,45,2026-10-06 06:00:00,9 days 06:00:00,222,20.0,-121.91,984.4,67.9,31.466909002572976,173.17542558893865,138.95729686691277,125.78711786749231,170.4269735830503,85.33733256431742,69.51412023378299,48.88375687385425,71.64861984554591,31.466909002572976,13.89014233440355,10.32151232897514,17.525317848348145
2026-09-27,EP902026,45,2026-10-06 12:00:00,9 days 12:00:00,228,19.89,-122.63,987.8,52.9,54.15288809650687,93.99183692180702,79.87270533190531,83.55435514953376,108.16287308121684,54.15288809650687,20.389288504625085,11.893584465930694,17.241878205341806,0.0,0.0,0.0,0.0
2026-09-27,EP902026,45,2026-10-06 18:00:00,9 days 18:00:00,234,19.75,-123.15,987.7,57.7,42.86802438479416,131.3626493956976,98.69938060272598,87.80095164970146,133.45974347666902,45.839870296040615,29.692377515908035,22.84346036674429,41.01197566761238,0.0,0.0,0.0,0.0
2026-09-27,EP902026,45,2026-10-07 00:00:00,10 days 00:00:00,240,19.97,-123.9,994.7,49.1,35.21192499330121,129.53157323446842,87.3689906406685,72.70341550671935,132.444053370419,0.0,0.0,0.0,0.0,0.0,0.0,0.0,0.0
2026-09-27,EP902026,45,2026-10-07 06:00:00,10 days 06:00:00,246,20.16,-124.13,996.5,46.5,54.25019188692252,129.3258461698568,116.05728175018368,93.49195254932177,106.02902648921273,0.0,0.0,0.0,0.0,0.0,0.0,0.0,0.0
2026-09-27,EP902026,45,2026-10-07 12:00:00,10 days 12:00:00,252,20.52,-124.68,986.8,62.0,27.25903915450135,157.46878272229333,146.75113049889433,104.5493141777588,137.86677398445954,56.323532949684136,48.33910076745906,31.844727679239213,43.36731092658056,0.0,0.0,0.0,0.0
2026-09-27,EP902026,45,2026-10-07 18:00:00,10 days 18:00:00,258,21.01,-125.21,987.7,63.1,34.85742910778299,147.76795575155847,133.59273769613355,91.22047245466092,120.89965483861852,71.49441061772632,59.47073397821805,33.63417601405399,54.521977922457154,0.0,0.0,0.0,0.0
2026-09-27,EP902026,45,2026-10-08 00:00:00,11 days 00:00:00,264,21.41,-125.5,995.9,49.4,36.32360821672694,171.2525565490899,126.21638102311918,77.15636218309005,143.85630872496074,0.0,0.0,0.0,0.0,0.0,0.0,0.0,0.0
2026-09-27,EP902026,45,2026-10-08 06:00:00,11 days 06:00:00,270,22.46,-125.82,991.2,62.3,26.045836524397146,155.7211992207616,127.95705379267872,59.77527182276779,114.19950114342572,56.88150644483707,40.36541163210947,15.351250490907752,36.08355520702804,0.0,0.0,0.0,0.0
2026-09-27,EP902026,45,2026-10-08 12:00:00,11 days 12:00:00,276,23.32,-126.68,991.0,58.0,16.30682779429174,156.75398455859985,122.22371142336466,105.54075787522846,152.17331910496264,92.72915290864591,73.41227102850681,49.63522105433839,72.49124311520816,0.0,0.0,0.0,0.0
2026-09-27,EP902026,45,2026-10-08 18:00:00,11 days 18:00:00,282,23.8,-127.38,998.1,48.8,33.63461003083196,174.12264027789996,145.5117533911869,99.3272832310832,147.45773160451154,0.0,0.0,0.0,0.0,0.0,0.0,0.0,0.0
2026-09-27,EP902026,45,2026-10-09 00:00:00,12 days 00:00:00,288,24.71,-128.02,1001.0,41.9,29.275765976799544,122.8401829254566,84.48245103664811,56.424965574263695,94.44211782786246,0.0,0.0,0.0,0.0,0.0,0.0,0.0,0.0
2026-09-27,EP902026,45,2026-10-09 06:00:00,12 days 06:00:00,294,25.72,-128.31,1000.2,43.7,55.3071700260475,178.6879033666706,131.10325212161342,91.70813170837764,148.64483134815288,0.0,0.0,0.0,0.0,0.0,0.0,0.0,0.0
2026-09-27,EP902026,45,2026-10-09 12:00:00,12 days 12:00:00,300,26.58,-129.1,1002.8,33.4,59.218804380846336,0.0,0.0,0.0,0.0,0.0,0.0,0.0,0.0,0.0,0.0,0.0,0.0
2026-09-27,EP902026,45,2026-10-09 18:00:00,12 days 18:00:00,306,27.28,-129.72,1005.1,31.8,40.45589735226092,0.0,0.0,0.0,0.0,0.0,0.0,0.0,0.0,0.0,0.0,0.0,0.0
2026-09-27,EP902026,45,2026-10-10 00:00:00,13 days 00:00:00,312,27.99,-130.29,1002.4,30.1,86.23082127994942,0.0,0.0,0.0,0.0,0.0,0.0,0.0,0.0,0.0,0.0,0.0,0.0
2026-09-27,EP902026,45,2026-10-10 06:00:00,13 days 06:00:00,318,28.5,-131.35,1006.1,26.9,92.49592120321086,0.0,0.0,0.0,0.0,0.0,0.0,0.0,0.0,0.0,0.0,0.0,0.0
2026-09-27,EP902026,45,2026-10-10 12:00:00,13 days 12:00:00,324,28.54,-131.78,1006.9,23.0,119.4806108810864,0.0,0.0,0.0,0.0,0.0,0.0,0.0,0.0,0.0,0.0,0.0,0.0
2026-09-27,EP902026,45,2026-10-10 18:00:00,13 days 18:00:00,330,28.84,-132.23,1008.3,24.8,122.8141108489665,0.0,0.0,0.0,0.0,0.0,0.0,0.0,0.0,0.0,0.0,0.0,0.0
2026-09-27,EP902026,45,2026-10-11 00:00:00,14 days 00:00:00,336,29.2,-132.58,1007.8,18.4,90.23800380764736,0.0,0.0,0.0,0.0,0.0,0.0,0.0,0.0,0.0,0.0,0.0,0.0
2026-09-27,EP902026,45,2026-10-11 06:00:00,14 days 06:00:00,342,29.33,-133.2,1011.8,20.4,127.2904181834052,0.0,0.0,0.0,0.0,0.0,0.0,0.0,0.0,0.0,0.0,0.0,0.0
2026-09-27,EP902026,45,2026-10-11 12:00:00,14 days 12:00:00,348,29.45,-133.87,1005.6,21.8,60.953414571247365,0.0,0.0,0.0,0.0,0.0,0.0,0.0,0.0,0.0,0.0,0.0,0.0
2026-09-27,WP252026,45,2026-09-27 00:00:00,0 days 00:00:00,0,24.6,127.6,964.0,89.0,22.0,102.0,121.0,102.0,93.0,,,,,,,,
2026-09-27,WP252026,45,2026-09-27 06:00:00,0 days 06:00:00,6,25.43,128.27,948.4,103.0,5.556303616922317,149.24390063801707,161.93405517118856,99.44421766634984,85.06869167737806,90.21871780699487,90.30709906213754,66.51840356058618,67.70810222404731,43.8428629350845,41.12728582446772,32.65857632570264,34.36285330045466
2026-09-27,WP252026,45,2026-09-27 12:00:00,0 days 12:00:00,12,25.8,129.13,955.9,95.1,28.380692196356136,93.93292892744398,148.83959739872046,114.60400555430915,51.5096344835857,44.439672750343306,69.70267048632235,53.50905077791224,27.25735247448876,29.376845767336363,30.883034893918364,26.994155363809256,22.572820517449067
2026-09-27,WP252026,45,2026-09-27 18:00:00,0 days 18:00:00,18,26.56,130.03,957.0,106.0,31.60524908025184,164.70258776743185,204.4871528500812,159.88313817875496,110.75848515942177,96.27583325058548,113.10505971200496,90.609276577356,70.86432070699652,63.53534662055961,65.5509342966692,58.83350887289885,50.16146499266097
2026-09-27,WP252026,45,2026-09-28 00:00:00,1 days 00:00:00,24,27.0,130.87,960.1,88.1,34.332427342705614,68.26458639185529,143.44368205493652,130.56852022554858,30.530618591309548,48.779667260657845,77.77632020193403,67.24549077834979,30.530618591309548,36.270944542176494,42.586340452008415,39.30176288785805,29.42448276169324
2026-09-27,WP252026,45,2026-09-28 06:00:00,1 days 06:00:00,30,27.64,131.96,976.2,75.8,21.602879555293185,140.23368481781068,165.0269396501257,145.42680766452025,109.93915065442904,64.29444490126654,82.58121818827598,68.01106787762251,49.21840093219734,30.91238237947242,36.845279976147765,32.45502285618973,24.06603191233089
2026-09-27,WP252026,45,2026-09-28 12:00:00,1 days 12:00:00,36,28.24,132.44,988.4,53.4,30.492265981372576,154.76720329283552,168.68377681344532,130.80056079154437,132.1944639133315,29.233154439934044,33.30555628860814,20.99991958718252,18.02925835976059,0.0,0.0,0.0,0.0
2026-09-27,WP252026,45,2026-09-28 18:00:00,1 days 18:00:00,42,28.89,133.3,994.9,44.3,52.31845911315847,132.49690496545563,135.10209425976845,98.9812042617474,104.9942422332885,0.0,0.0,0.0,0.0,0.0,0.0,0.0,0.0
2026-09-27,WP252026,45,2026-09-29 00:00:00,2 days 00:00:00,48,29.71,134.24,992.4,50.6,23.851739680205565,154.9727777037366,156.1974433818242,101.92521974410334,107.27527877025445,23.851739680205565,2.4074682802666194,4.829365691572299,0.0,0.0,0.0,0.0,0.0
2026-09-27,WP252026,45,2026-09-29 06:00:00,2 days 06:00:00,54,30.32,135.38,997.7,40.8,96.94402788909235,79.66734520424339,96.94402788909235,32.95502317389317,36.46550902034132,0.0,0.0,0.0,0.0,0.0,0.0,0.0,0.0
2026-09-27,WP252026,45,2026-09-29 12:00:00,2 days 12:00:00,60,31.03,137.43,997.0,40.1,83.60350894477534,72.70364190713325,100.31627649771714,66.38179367594188,57.67254781261536,0.0,0.0,0.0,0.0,0.0,0.0,0.0,0.0
2026-09-27,WP252026,45,2026-09-29 18:00:00,2 days 18:00:00,66,31.83,139.14,995.6,35.2,76.74305849479435,207.56751528779387,259.6881805794151,168.4374955678686,144.79122202329836,0.0,0.0,0.0,0.0,0.0,0.0,0.0,0.0
2026-09-27,WP252026,45,2026-09-30 00:00:00,3 days 00:00:00,72,32.84,141.44,998.9,44.2,83.28727728706657,217.00042599705228,242.93591181660005,166.80259991745203,156.3356522835059,0.0,0.0,0.0,0.0,0.0,0.0,0.0,0.0
2026-09-27,WP252026,45,2026-09-30 06:00:00,3 days 06:00:00,78,33.67,143.75,990.1,45.6,114.67637222425908,167.62200311064964,224.99480306550456,175.0887503070328,147.37711611320606,0.0,0.0,0.0,0.0,0.0,0.0,0.0,0.0
2026-09-27,WP252026,45,2026-09-30 12:00:00,3 days 12:00:00,84,34.19,145.32,993.9,39.7,104.04455235427976,116.88387892904191,161.1328554045829,114.87812195137708,100.01144659179285,0.0,0.0,0.0,0.0,0.0,0.0,0.0,0.0
2026-09-27,WP252026,45,2026-09-30 18:00:00,3 days 18:00:00,90,34.88,146.45,996.0,45.2,34.162037759690975,274.391316498004,287.4684519402272,220.04257735068316,233.96338861066036,0.0,0.0,0.0,0.0,0.0,0.0,0.0,0.0
2026-09-27,WP252026,45,2026-10-01 00:00:00,4 days 00:00:00,96,35.58,148.7,998.4,39.8,52.75129583488191,106.40094627606918,125.5403575028876,70.53812264537387,85.08978264675652,0.0,0.0,0.0,0.0,0.0,0.0,0.0,0.0
2026-09-27,WP252026,45,2026-10-01 06:00:00,4 days 06:00:00,102,36.3,150.18,996.0,36.9,132.28088447191243,10.996603429734831,132.28088447191243,13.446827922810094,0.0,0.0,0.0,0.0,0.0,0.0,0.0,0.0,0.0
2026-09-27,WP252026,45,2026-10-01 12:00:00,4 days 12:00:00,108,37.13,152.26,991.7,30.9,54.275581033420565,0.0,0.0,0.0,0.0,0.0,0.0,0.0,0.0,0.0,0.0,0.0,0.0
2026-09-27,WP252026,45,2026-10-01 18:00:00,4 days 18:00:00,114,38.42,154.96,993.6,38.7,162.4585590791844,61.69648035965071,162.4585590791844,54.77925125399298,34.11752943167858,0.0,0.0,0.0,0.0,0.0,0.0,0.0,0.0
2026-09-27,WP252026,45,2026-10-02 00:00:00,5 days 00:00:00,120,40.11,158.36,997.6,34.2,92.82264123917966,195.82155060973776,250.93295423639364,185.67267013870597,170.29227502806646,0.0,0.0,0.0,0.0,0.0,0.0,0.0,0.0
2026-09-27,WP252026,45,2026-10-02 06:00:00,5 days 06:00:00,126,42.86,163.29,999.8,30.0,191.2705259633941,0.0,0.0,0.0,0.0,0.0,0.0,0.0,0.0,0.0,0.0,0.0,0.0
2026-09-27,WP252026,45,2026-10-02 12:00:00,5 days 12:00:00,132,42.76,167.13,994.4,35.4,99.49549589888,51.61526122147697,104.59109285763014,60.58978676889885,42.511735091939926,0.0,0.0,0.0,0.0,0.0,0.0,0.0,0.0
2026-09-27,AL062026,46,2026-09-27 00:00:00,0 days 00:00:00,0,29.8,-43.9,1010.0,29.0,56.0,0.0,0.0,0.0,0.0,0.0,0.0,0.0,0.0,0.0,0.0,0.0,0.0
2026-09-27,EP152026,46,2026-09-27 00:00:00,0 days 00:00:00,0,16.7,-156.1,972.0,80.0,37.0,241.0,185.0,185.0,241.0,93.0,74.0,93.0,111.0,56.0,46.0,56.0,56.0
2026-09-27,EP152026,46,2026-09-27 06:00:00,0 days 06:00:00,6,16.47,-156.89,964.0,96.2,24.39175408174151,189.65306755335317,171.03857391582096,162.43413470110863,204.59073828731923,116.13927712104852,90.49174958535878,94.73417510995888,119.54949290790456,64.7226511792403,53.5066873259666,48.12990209732925,60.86821335369905
2026-09-27,EP152026,46,2026-09-27 12:00:00,0 days 12:00:00,12,16.46,-157.79,956.8,101.0,12.81628108652459,130.16086912746593,129.37359304735895,122.35830920538676,143.80412608507984,92.49998306353704,87.08451025597114,74.19486123328306,83.10530828770098,46.74018127684754,39.05821423892162,32.89604830490656,43.756384662749454
2026-09-27,EP152026,46,2026-09-27 18:00:00,0 days 18:00:00,18,16.14,-158.89,951.6,107.1,15.58794439233484,182.64382926998528,143.93067254918648,116.95602486782698,178.30742939679266,90.139225739812,67.04786157320224,59.86262896121229,89.52504218042172,62.83840037133403,49.77733565081354,38.94644225014843,55.57515607723151
2026-09-27,EP152026,46,2026-09-28 00:00:00,1 days 00:00:00,24,16.04,-159.75,950.6,111.6,22.39192519601511,179.50236553480255,146.00136515544,140.75654232094962,149.9256248631163,70.98107693193847,66.4912757099805,65.10048518232541,69.98361087751661,51.31592506534734,41.82851011409636,37.084293694692434,46.25622387585483
2026-09-27,EP152026,46,2026-09-28 06:00:00,1 days 06:00:00,30,16.25,-160.89,946.9,114.8,22.23249327752717,187.6772370934872,128.83849692359274,111.759529567756,195.07630514295371,101.56940420377408,69.68694345650388,62.012853042820936,97.46153148299548,58.1212720028829,42.98742017973201,35.9126163761141,52.91622253082414
2026-09-27,EP152026,46,2026-09-28 12:00:00,1 days 12:00:00,36,16.79,-161.94,938.8,123.8,28.899707251829167,183.0388245046065,161.89260095992597,115.56427819343644,154.99605087679595,88.39762057370459,70.546240138854,57.96422207395932,80.79167905962743,53.98039053813058,44.60660098336349,36.92941819719007,48.18141999762105
2026-09-27,EP152026,46,2026-09-28 18:00:00,1 days 18:00:00,42,17.01,-162.43,941.9,120.2,18.09765404229149,204.7999226308148,175.48409024920284,152.98339232911326,177.06581489321206,99.36768926191507,81.90945209823107,74.40690562403887,95.39458651666668,55.44967039460936,43.290971633844975,35.14654686138435,51.23638218964592
2026-09-27,EP152026,46,2026-09-29 00:00:00,2 days 00:00:00,48,18.02,-163.38,959.0,98.1,43.87946506380632,203.07661774343683,162.31705320920275,113.80930376157826,155.53256925422767,115.30672174055138,81.90210579117596,48.90926133622993,83.70433051360433,51.944705916886974,42.95234834310351,25.72453432193391,42.98114498750076
2026-09-27,EP152026,46,2026-09-29 06:00:00,2 days 06:00:00,54,19.18,-163.9,951.4,107.8,16.533194531396518,194.90519212565584,167.9299484477903,109.02376691316984,143.3295405222297,102.13728769295987,81.44594564993653,54.09445193255642,82.72521590692574,51.79384852693012,41.46509304221061,29.583438346714296,42.838553258998814
2026-09-27,EP152026,46,2026-09-29 12:00:00,2 days 12:00:00,60,20.07,-164.04,968.2,90.0,46.11257964641206,188.1327364965391,171.1592522474441,123.17300485321024,147.6815780503805,104.75195119382346,86.38246618180276,61.95000978732212,83.2752283976539,46.11257964641206,33.60686680860471,20.264604995040308,33.51195417214207
2026-09-27,EP152026,46,2026-09-29 18:00:00,2 days 18:00:00,66,20.85,-164.14,968.2,88.5,30.19183272785432,173.399114905307,138.58792335537373,118.40961143500353,152.31179712679454,107.49201176822316,86.4562476473086,57.183831175630246,89.04160016141168,59.951486884289295,51.04930731242416,36.1617734500347,49.49835208698596
2026-09-27,EP152026,46,2026-09-30 00:00:00,3 days 00:00:00,72,21.58,-164.03,981.6,68.9,28.279591531258557,161.10932101613173,137.35240983544278,144.10953573524566,160.85172450664183,91.35946384792813,86.06117694099545,64.44949823242743,78.83319594053096,28.279591531258557,20.212409937629797,16.07289706725623,20.00743013546648
2026-09-27,EP152026,46,2026-09-30 06:00:00,3 days 06:00:00,78,22.15,-163.9,983.4,68.5,23.89997177570592,233.7759676134032,200.26265652224265,174.41133124610064,207.62020420004345,114.8185281745068,100.38339189989632,74.60248710805718,89.57762845779502,25.989906636472284,21.930430168467467,15.963883875071232,21.642799314943773
2026-09-27,EP152026,46,2026-09-30 12:00:00,3 days 12:00:00,84,22.47,-164.02,987.5,67.2,56.29301900563512,213.26077767953456,194.0496944615369,216.57081626934485,223.243808818688,106.97885810556454,99.2046860019506,88.08905635754157,98.19734928548976,56.29301900563512,19.7688263382734,14.645728659302865,17.01427478204904
2026-09-27,EP152026,46,2026-09-30 18:00:00,3 days 18:00:00,90,22.7,-164.27,989.1,54.2,44.97881571085385,215.1611916236497,171.75611506562475,146.7346111143808,213.46461471708997,70.00069165872924,47.47117797729529,39.27722544868228,64.66083512231793,0.0,0.0,0.0,0.0
2026-09-27,EP152026,46,2026-10-01 00:00:00,4 days 00:00:00,96,22.65,-164.96,988.3,48.1,68.16275522149871,187.52333011137003,141.89490788579042,147.14731081276108,194.45632963841945,0.0,0.0,0.0,0.0,0.0,0.0,0.0,0.0
2026-09-27,EP152026,46,2026-10-01 06:00:00,4 days 06:00:00,102,22.5,-165.35,991.6,51.6,111.58418846088524,244.1557534565773,175.7318076652093,156.17166231291662,241.69645186335455,111.58418846088524,33.80682189197523,29.725151112967687,37.98977901428858,0.0,0.0,0.0,0.0
2026-09-27,EP152026,46,2026-10-01 12:00:00,4 days 12:00:00,108,22.66,-166.19,994.6,46.2,60.03915645763229,209.40181806852027,134.02360354086255,116.23603493296562,187.3549779954489,0.0,0.0,0.0,0.0,0.0,0.0,0.0,0.0
2026-09-27,EP152026,46,2026-10-01 18:00:00,4 days 18:00:00,114,22.62,-166.46,995.1,45.1,79.63624365836098,197.09210060074156,150.679449477614,143.08896205383465,187.3479712155663,0.0,0.0,0.0,0.0,0.0,0.0,0.0,0.0
2026-09-27,EP152026,46,2026-10-02 00:00:00,5 days 00:00:00,120,23.01,-167.1,991.2,53.2,77.79222653438592,250.91057730225657,192.49040349222375,142.62085703284538,205.2997342035378,77.79222653438592,6.594648289155657,0.0,5.331581741955915,0.0,0.0,0.0,0.0
2026-09-27,EP152026,46,2026-10-02 06:00:00,5 days 06:00:00,126,23.24,-167.63,990.4,54.0,51.40011568457627,282.825467917235,170.69666299123134,111.95504716859922,238.94803949371783,51.69634326946971,29.98825677220577,14.263754399024338,41.84950656776663,0.0,0.0,0.0,0.0
2026-09-27,EP152026,46,2026-10-02 12:00:00,5 days 12:00:00,132,23.33,-168.09,987.6,57.2,47.20441950609396,176.07651031862446,136.39597287894966,128.66302183349595,169.99560589239707,69.1630109256053,53.82550632820388,42.71168424207896,59.49849686357747,0.0,0.0,0.0,0.0
2026-09-27,EP152026,46,2026-10-02 18:00:00,5 days 18:00:00,138,23.18,-168.27,983.6,58.6,47.88372697880751,196.96728630495457,146.0129961798542,144.5420364706917,189.1079908472324,77.31999947467364,63.915490879188624,45.924276661915,65.46131298959517,0.0,0.0,0.0,0.0
2026-09-27,EP152026,46,2026-10-03 00:00:00,6 days 00:00:00,144,22.87,-168.91,984.2,64.9,36.478853905884776,156.0122770033905,148.4890730774135,131.70398495461797,170.44779928474344,80.69148287557758,64.8658186258733,50.1299986424699,73.47378415523309,36.478853905884776,17.06397800735818,13.536385831104573,18.16624623905739
2026-09-27,EP152026,46,2026-10-03 06:00:00,6 days 06:00:00,150,22.68,-169.56,983.5,64.0,36.64906719140821,163.9070216965574,128.06120932791214,120.79094015667184,180.3928235018556,93.0038484263942,76.64837584821403,56.8801749734601,76.21664870288227,36.64906719140821,8.599021839706538,8.075739036248144,12.179504729442732
2026-09-27,EP152026,46,2026-10-03 12:00:00,6 days 12:00:00,156,22.49,-170.66,976.9,72.4,26.224405640433,166.1398316939964,126.46862706697664,120.1151081268671,173.0784224206473,72.90687321942988,55.27088328727536,37.43387463171463,62.49112668005271,26.224405640433,17.726306939740052,11.95914092876692,20.98980399521752
2026-09-27,EP152026,46,2026-10-03 18:00:00,6 days 18:00:00,162,22.14,-172.01,973.8,79.8,27.443413254851123,232.89412825853083,161.6827289344278,112.0243997223929,201.81200550099425,113.00896604484684,75.50374759061674,50.96723582958271,92.67543567721748,52.55849183675457,40.261793720705896,30.868484482188396,42.811805453848365
2026-09-27,EP152026,46,2026-10-04 00:00:00,7 days 00:00:00,168,21.83,-173.54,962.5,91.1,31.02869344989192,273.7797842626625,183.6320913633276,149.23311760396635,259.1356385333307,122.5926531178424,89.205410454759,68.2739718156209,107.31088545423212,62.19418248166605,49.17587257322389,35.137061279064355,52.013828631918585
2026-09-27,EP152026,46,2026-10-04 06:00:00,7 days 06:00:00,174,21.98,-175.14,944.1,113.3,12.296722649608824,230.9610497705717,178.15785182355546,159.82171701471748,234.7645941740793,117.44593201508336,91.4679616634117,81.6613060245569,107.87962060624062,62.01354232990991,51.09642672691339,40.498091818065376,54.72993402499401
2026-09-27,EP152026,46,2026-10-04 12:00:00,7 days 12:00:00,180,22.51,-176.86,951.6,109.4,23.351000577372787,212.75806721390296,170.02169281789668,124.99393244090668,187.64509182071703,117.99469223563902,84.86009862862386,62.67651180713565,100.80693137922108,62.67050087733431,49.91970467094599,37.33278525644751,51.97989668763515
2026-09-27,EP152026,46,2026-10-04 18:00:00,7 days 18:00:00,186,22.88,-178.53,949.3,106.6,26.605834600417893,305.4821915231928,241.06120255317887,187.4770829299873,278.7197301848764,162.28519681289663,132.1211265201182,97.11325253616428,142.98397615498948,81.61185097919247,68.35740519617605,51.37335451410331,68.93016161646574
2026-09-27,EP152026,46,2026-10-05 00:00:00,8 days 00:00:00,192,23.24,-179.94,952.2,104.8,21.05561945413721,265.3858698283337,234.0896210656603,138.45257456637654,234.4309640123257,141.37983596103146,113.32194947429537,79.5041794505519,118.6653391043282,82.15910250657038,69.11398996619172,50.30104928037328,69.91159065328219
2026-09-27,EP152026,46,2026-10-05 06:00:00,8 days 06:00:00,198,23.99,178.21,957.1,96.2,13.055166128062725,227.1995468275337,183.58699068026,168.47548864680982,258.55127329289667,126.44954883563912,108.29088501167166,95.30059736468036,122.86668957324048,75.26870968469001,67.91331258033699,55.39648392467984,66.79863623438888
2026-09-27,EP152026,46,2026-10-05 12:00:00,8 days 12:00:00,204,24.46,176.83,965.0,91.6,28.43696860993744,269.150441815988,172.41820959803445,126.2335875488763,244.91676767649528,129.8861481538419,92.52776970200809,58.89239347939447,105.78617554108924,58.48067440986021,46.048191264279225,35.005138312694335,50.901249675850416
2026-09-27,EP152026,46,2026-10-05 18:00:00,8 days 18:00:00,210,25.03,175.26,969.1,87.1,9.783974734239816,186.32764161193543,185.14896968044428,146.68981076901775,154.49973299793186,94.2304745645256,95.55130462524848,73.25248132225785,82.3722421491054,53.49869557859148,46.3590860552861,37.92051072001847,44.58848388208792
2026-09-27,EP152026,46,2026-10-06 00:00:00,9 days 00:00:00,216,25.13,173.8,963.4,87.6,23.54924472273353,227.2867012673386,151.60423670779664,118.97082168648394,242.61310752235212,110.73362581387153,83.43677741437301,54.83585106604332,94.66842074727626,53.03835775031834,40.91367987076289,29.570872626711363,43.95150661938784
2026-09-27,EP152026,46,2026-10-06 06:00:00,9 days 06:00:00,222,25.25,172.04,964.7,95.1,22.991006345049627,269.04168241182174,204.72911568960888,154.1726936303677,238.32932228106492,129.1739912422706,91.54327673755552,69.48939417404569,112.34464825124093,60.07324421161924,45.655921846396495,33.51130336731353,51.107500372339885
2026-09-27,EP152026,46,2026-10-06 12:00:00,9 days 12:00:00,228,25.18,170.22,962.7,93.8,26.325938405319988,232.59026299212803,177.2748164448351,116.437002899807,225.74748901652424,113.63402069016183,79.51146390972173,58.7226919826484,93.67381106261335,57.82022297721622,45.46965018248659,33.20121689140433,48.52505162764072
2026-09-27,EP152026,46,2026-10-06 18:00:00,9 days 18:00:00,234,25.58,168.17,968.7,90.2,24.53184819332941,218.02053450550773,161.97130416802543,99.97400594443285,177.77800584517215,104.81249878143808,67.68210303652228,39.814237559383685,80.397850580686,41.56356537262258,29.683686492913324,20.03987216843048,33.05572384861931
2026-09-27,EP152026,46,2026-10-07 00:00:00,10 days 00:00:00,240,26.09,165.7,967.0,91.3,34.34822138295685,211.66645001913952,185.71009408518336,106.93845574596256,168.4934910603862,96.62772961672016,87.72234525489392,58.17482070957288,75.30028835287487,53.38644540864102,48.42364489459737,33.04245854149598,42.64260337036143
2026-09-27,EP152026,46,2026-10-07 06:00:00,10 days 06:00:00,246,26.59,163.69,969.0,82.9,26.07561130178592,212.9304387659217,146.8476155538662,75.17530308477131,171.16760199024657,101.70806745377,74.44077294759131,44.51123862768486,84.5763169429885,46.71074894415781,34.89504523408354,26.045779481042626,37.77309248964004
2026-09-27,EP152026,46,2026-10-07 12:00:00,10 days 12:00:00,252,27.69,161.26,962.2,90.3,26.75477728130921,201.8093173307034,162.40810763343018,104.80734040141355,146.8698379222331,101.85993963296944,80.62170186109427,55.53511038944489,81.26469168041866,63.037124424520826,54.14092946473262,39.90897465789529,52.97600953535073
2026-09-27,EP152026,46,2026-10-07 18:00:00,10 days 18:00:00,258,29.36,160.02,963.3,89.0,16.88149219397725,218.51859967267157,192.8323443954992,140.60630643323714,157.41596573460578,125.67620063754498,124.66152084598244,96.03824797951752,95.4490089179879,78.51022486545315,80.59460553544545,60.93337840877622,63.119169754672924
2026-09-27,EP152026,46,2026-10-08 00:00:00,11 days 00:00:00,264,31.56,159.27,977.9,75.9,21.26773708543699,256.0410032425007,192.1785944451555,156.8163017216897,180.5538353666734,110.18265068878216,119.64951025043833,94.73018478992005,91.1133575759564,104.8203381985355,106.97033904792656,86.31878042090919,86.62090318850998
2026-09-27,EP152026,46,2026-10-08 06:00:00,11 days 06:00:00,270,34.9,160.18,980.0,56.1,33.63848783021171,252.9540805026591,280.9928312289936,231.6283091779033,209.12371716640368,175.72604149816192,177.50970913461828,137.12549522771457,133.92402357688349,0.0,0.0,0.0,0.0
2026-09-27,EP152026,46,2026-10-08 12:00:00,11 days 12:00:00,276,38.2,162.86,991.3,50.8,99.57358932301472,148.4183469249187,261.84141540898264,186.02780103681403,86.38645256180939,49.48851864237193,99.57358932301472,58.50207585669084,27.48612227093571,0.0,0.0,0.0,0.0
2026-09-27,EP162026,46,2026-09-27 00:00:00,0 days 00:00:00,0,20.8,-123.6,975.0,76.0,28.0,167.0,167.0,148.0,185.0,93.0,74.0,74.0,93.0,65.0,46.0,37.0,56.0
2026-09-27,EP162026,46,2026-09-27 06:00:00,0 days 06:00:00,6,21.7,-123.63,988.5,65.6,20.65139813454552,193.82886031960672,144.5872793645583,130.4054539487521,188.39367756859275,80.95453854624571,60.955562709433,42.25166811346341,65.24084997446289,2.440602767105259,2.2687069361182526,0.9091304272498096,20.65139813454552
2026-09-27,EP162026,46,2026-09-27 12:00:00,0 days 12:00:00,12,21.85,-123.37,993.8,54.1,71.75320136017936,283.22148268348394,244.01958271447597,165.91212772195016,217.9793926672814,71.75320136017936,5.589270959502245,1.2823419312294542,6.603171100050065,0.0,0.0,0.0,0.0
2026-09-27,EP162026,46,2026-09-27 18:00:00,0 days 18:00:00,18,22.39,-123.24,996.1,47.6,65.93547536007885,130.5036210478871,115.67362854174206,75.83116686475731,113.73019485354294,0.0,0.0,0.0,0.0,0.0,0.0,0.0,0.0
2026-09-27,EP162026,46,2026-09-28 00:00:00,1 days 00:00:00,24,22.54,-123.08,999.7,35.0,79.49335363741235,79.49335363741235,40.88856456789843,32.92070658370571,39.86962161037118,0.0,0.0,0.0,0.0,0.0,0.0,0.0,0.0
2026-09-27,EP162026,46,2026-09-28 06:00:00,1 days 06:00:00,30,22.92,-122.99,1000.1,32.7,156.94626813928167,0.0,0.0,0.0,0.0,0.0,0.0,0.0,0.0,0.0,0.0,0.0,0.0
2026-09-27,EP162026,46,2026-09-28 12:00:00,1 days 12:00:00,36,22.86,-122.84,1002.3,31.3,91.48235917955918,0.0,0.0,0.0,0.0,0.0,0.0,0.0,0.0,0.0,0.0,0.0,0.0
2026-09-27,EP162026,46,2026-09-28 18:00:00,1 days 18:00:00,42,21.99,-122.41,1006.7,25.2,76.69114362023791,0.0,0.0,0.0,0.0,0.0,0.0,0.0,0.0,0.0,0.0,0.0,0.0
2026-09-27,EP162026,46,2026-09-29 00:00:00,2 days 00:00:00,48,21.53,-122.42,1003.6,22.0,128.44313430185304,0.0,0.0,0.0,0.0,0.0,0.0,0.0,0.0,0.0,0.0,0.0,0.0
2026-09-27,EP162026,46,2026-09-29 06:00:00,2 days 06:00:00,54,20.68,-122.23,1006.4,26.0,101.8430910743216,0.0,0.0,0.0,0.0,0.0,0.0,0.0,0.0,0.0,0.0,0.0,0.0
2026-09-27,EP162026,46,2026-09-29 12:00:00,2 days 12:00:00,60,19.79,-121.85,1006.7,20.2,72.3703927100917,0.0,0.0,0.0,0.0,0.0,0.0,0.0,0.0,0.0,0.0,0.0,0.0
2026-09-27,EP162026,46,2026-09-29 18:00:00,2 days 18:00:00,66,19.04,-121.54,1006.3,21.1,124.12961003821162,0.0,0.0,0.0,0.0,0.0,0.0,0.0,0.0,0.0,0.0,0.0,0.0
2026-09-27,EP162026,46,2026-09-30 00:00:00,3 days 00:00:00,72,18.45,-121.75,1004.5,17.8,116.5182190644689,0.0,0.0,0.0,0.0,0.0,0.0,0.0,0.0,0.0,0.0,0.0,0.0
2026-09-27,EP172026,46,2026-09-27 00:00:00,0 days 00:00:00,0,19.0,-112.9,946.0,111.0,28.0,259.0,185.0,167.0,185.0,111.0,111.0,93.0,93.0,65.0,65.0,46.0,56.0
2026-09-27,EP172026,46,2026-09-27 06:00:00,0 days 06:00:00,6,19.82,-113.39,942.5,126.4,29.04600600269944,142.7351902913198,166.81834196223932,113.81528386241663,112.75860832418742,81.46435483059005,76.7320486755842,64.05942750903148,62.358917490871775,62.48638754453836,56.64892038868101,43.53189072122653,49.90177378714732
2026-09-27,EP172026,46,2026-09-27 12:00:00,0 days 12:00:00,12,20.52,-113.84,928.1,139.8,25.12692834648385,114.40354981605536,139.74327194799844,119.2068601609826,118.19576790289308,78.3883651831502,75.99193721218171,69.3669927132446,74.51359412772786,60.199839610108825,54.31869540321941,43.80396060843998,52.613061651590215
2026-09-27,EP172026,46,2026-09-27 18:00:00,0 days 18:00:00,18,21.56,-114.06,955.7,104.7,33.39299928517984,185.5507022714101,179.85379991320178,142.9241447171595,161.9652787258231,101.8998616946055,87.6518381793667,63.0821396665395,79.15339823055007,57.16753949721681,48.32525893779951,35.100542730803795,44.15048835223319
2026-09-27,EP172026,46,2026-09-28 00:00:00,1 days 00:00:00,24,22.43,-114.16,950.3,119.1,18.32569930837094,161.80332743595798,193.84263306148875,134.8097984485917,100.594410118978,84.7825466608175,87.50629404671947,67.70624262354107,62.03733942024191,64.4521256459854,62.20106565031294,46.77064393049522,50.06800390181505
2026-09-27,EP172026,46,2026-09-28 06:00:00,1 days 06:00:00,30,23.45,-114.46,948.8,107.0,29.4098196027926,165.75311224276925,159.46382500191575,113.79684313138873,141.14599146413843,94.14026361199072,95.91864384943835,67.48676852236957,78.0728050484797,63.72787557058617,57.36613726051102,44.76767847479512,53.11517398591739
2026-09-27,EP172026,46,2026-09-28 12:00:00,1 days 12:00:00,36,24.47,-114.21,962.2,97.3,29.69353398425193,171.2435382521668,170.11828107429443,130.39987590042762,113.85755848109132,94.9998862149717,101.555312194292,73.07266644379787,69.97939708899685,62.095394009761776,60.28890702443513,50.41369363176744,50.37057684126288
2026-09-27,EP172026,46,2026-09-28 18:00:00,1 days 18:00:00,42,25.38,-113.56,964.4,85.8,44.95857512820997,208.5485417475236,194.83401396794017,140.18247844214355,139.29411151505695,104.92398829518218,113.26167413174018,87.76325709685949,83.30205204019768,54.84525673994453,55.00607993952576,45.7657487787196,43.33454188089366
2026-09-27,EP172026,46,2026-09-29 00:00:00,2 days 00:00:00,48,26.18,-112.84,966.2,87.4,41.098819811420526,169.67383184456563,135.72031876244031,131.86370582667087,125.1567159203672,74.29038151283913,92.42655196488404,80.54419684384933,66.37597597804869,61.506691571762815,64.75583837337166,53.02642216753573,48.44840036715863
2026-09-27,EP172026,46,2026-09-29 06:00:00,2 days 06:00:00,54,27.43,-112.44,985.5,53.3,7.821203790243448,185.0406589499615,182.53762933607527,132.9174795016183,133.67838811790637,55.62653109275075,53.16971576989887,33.584056269493544,38.539560367611145,0.0,0.0,0.0,0.0
2026-09-27,EP172026,46,2026-09-29 12:00:00,2 days 12:00:00,60,28.66,-111.3,989.9,49.6,50.76499812565092,220.1387001099461,209.84884198613707,117.4550085780192,170.10575718015485,0.0,0.0,0.0,0.0,0.0,0.0,0.0,0.0
2026-09-27,EP172026,46,2026-09-29 18:00:00,2 days 18:00:00,66,31.04,-109.43,998.0,29.4,52.90412505028981,0.0,0.0,0.0,0.0,0.0,0.0,0.0,0.0,0.0,0.0,0.0,0.0
2026-09-27,EP902026,46,2026-09-27 00:00:00,0 days 00:00:00,0,12.0,-98.6,1008.0,25.0,111.0,0.0,0.0,0.0,0.0,0.0,0.0,0.0,0.0,0.0,0.0,0.0,0.0
2026-09-27,EP902026,46,2026-09-27 06:00:00,0 days 06:00:00,6,12.0,-98.32,1004.1,30.6,196.07542959677212,0.0,0.0,0.0,0.0,0.0,0.0,0.0,0.0,0.0,0.0,0.0,0.0
2026-09-27,EP902026,46,2026-09-27 12:00:00,0 days 12:00:00,12,12.04,-98.59,1002.9,35.2,66.37736514391868,66.37736514391868,31.354160909946767,15.993195398109847,34.09777822569219,0.0,0.0,0.0,0.0,0.0,0.0,0.0,0.0
2026-09-27,EP902026,46,2026-09-27 18:00:00,0 days 18:00:00,18,12.42,-99.08,1003.8,36.7,149.48661428209545,149.48661428209545,1.474887666952844,0.0,0.0,0.0,0.0,0.0,0.0,0.0,0.0,0.0,0.0
2026-09-27,EP902026,46,2026-09-28 00:00:00,1 days 00:00:00,24,12.72,-99.54,1002.4,37.8,86.42528806760635,132.3777213181578,142.37080304307312,100.6913004640075,114.52474591164288,0.0,0.0,0.0,0.0,0.0,0.0,0.0,0.0
2026-09-27,EP902026,46,2026-09-28 06:00:00,1 days 06:00:00,30,12.76,-100.29,1001.0,41.8,82.19985051923722,170.00750636191628,171.18858777575164,108.08930750175166,139.86376374104884,0.0,0.0,0.0,0.0,0.0,0.0,0.0,0.0
2026-09-27,EP902026,46,2026-09-28 12:00:00,1 days 12:00:00,36,13.42,-100.74,999.4,48.1,84.27382768327698,229.2001335212908,196.87814207180784,163.42609449649535,190.470986000857,0.0,0.0,0.0,0.0,0.0,0.0,0.0,0.0
2026-09-27,EP902026,46,2026-09-28 18:00:00,1 days 18:00:00,42,13.28,-101.93,1003.5,41.2,87.9343883217712,293.1960747615338,259.9964567795546,254.55441005067144,281.5899579171301,0.0,0.0,0.0,0.0,0.0,0.0,0.0,0.0
2026-09-27,EP902026,46,2026-09-29 00:00:00,2 days 00:00:00,48,13.84,-103.13,994.2,51.8,44.26513864453812,191.5200853948929,160.95732494731493,114.4301819385298,166.34841250858594,64.44648754978732,55.266560594032725,32.517537277808,44.948949102808,0.0,0.0,0.0,0.0
2026-09-27,EP902026,46,2026-09-29 06:00:00,2 days 06:00:00,54,14.43,-104.12,994.2,52.0,83.76673913767843,152.2041381427113,141.75425087412026,116.83505842904812,127.92002406333874,83.76673913767843,0.0,0.0,0.0,0.0,0.0,0.0,0.0
2026-09-27,EP902026,46,2026-09-29 12:00:00,2 days 12:00:00,60,14.95,-105.32,986.3,61.6,38.85581756682187,155.1608674054267,156.6200841257155,102.42388153196076,124.30962656245038,52.40418442863907,43.82656885892784,26.37142985464954,31.80751337276227,0.0,0.0,0.0,0.0
2026-09-27,EP902026,46,2026-09-29 18:00:00,2 days 18:00:00,66,15.59,-106.35,989.0,55.5,69.90379005217761,208.2432723635224,174.6616339854624,150.1254506302152,163.3711259769362,101.6147865439537,89.55878013716313,66.34891427045955,80.16515881514007,0.0,0.0,0.0,0.0
2026-09-27,EP902026,46,2026-09-30 00:00:00,3 days 00:00:00,72,16.17,-107.19,982.6,62.0,52.2798293143118,170.50748943823004,206.18645045130123,157.16752104933727,140.88356410141972,107.57394119019092,97.88951870409323,67.79805983451338,81.42406470948134,0.0,0.0,0.0,0.0
2026-09-27,EP902026,46,2026-09-30 06:00:00,3 days 06:00:00,78,16.94,-107.77,987.1,64.3,39.87381777396288,236.18421517728825,246.5331905677574,191.31383037826708,202.2199258952719,149.7262681328342,131.40441900104275,93.42719128871836,117.0446710125239,39.87381777396288,9.72096746463382,6.864053404640576,9.881138091679514
2026-09-27,EP902026,46,2026-09-30 12:00:00,3 days 12:00:00,84,17.48,-108.26,981.8,66.9,68.20086243441921,158.2609093083165,172.22328200665402,106.3050208300258,115.489520130335,68.20086243441921,68.20086243441921,24.46771372368568,22.266656287972125,0.5394613669297748,68.20086243441921,0.0,0.0
2026-09-27,EP902026,46,2026-09-30 18:00:00,3 days 18:00:00,90,18.32,-108.86,985.3,61.3,53.940929722548695,177.63604562536077,172.78417159406914,123.12346281326734,137.66271029961007,86.86101678478167,72.6859958525759,51.15372845762687,67.86664693536565,0.0,0.0,0.0,0.0
2026-09-27,EP902026,46,2026-10-01 00:00:00,4 days 00:00:00,96,18.41,-109.14,986.4,58.6,53.34942436124632,199.87140179853597,196.9730746659125,102.39326810922933,145.4956800992681,57.5462447004069,45.4022676262438,18.727553808098364,33.454473614157095,0.0,0.0,0.0,0.0
2026-09-27,EP902026,46,2026-10-01 06:00:00,4 days 06:00:00,102,18.62,-109.5,990.2,52.8,82.12445410041946,160.86509952734815,148.0233547993812,105.72626301500432,123.392944388435,82.12445410041946,15.891508843957578,11.730074244107469,12.499012122597648,0.0,0.0,0.0,0.0
2026-09-27,EP902026,46,2026-10-01 12:00:00,4 days 12:00:00,108,18.47,-109.49,990.6,52.9,65.93986050386468,157.27122920430568,135.55166704329844,98.60698422219292,129.43247152040405,65.93986050386468,11.406856370528988,6.637940639952922,10.729861004704816,0.0,0.0,0.0,0.0
2026-09-27,EP902026,46,2026-10-01 18:00:00,4 days 18:00:00,114,18.54,-109.69,992.4,43.5,81.63753927486732,155.94219969304143,181.3264633004416,176.2895129340153,143.99150618083388,0.0,0.0,0.0,0.0,0.0,0.0,0.0,0.0
2026-09-27,EP902026,46,2026-10-02 00:00:00,5 days 00:00:00,120,18.86,-109.62,993.4,47.2,103.34126315820936,231.32303109921708,240.8281766646926,160.70048057999122,174.10952858740646,0.0,0.0,0.0,0.0,0.0,0.0,0.0,0.0
2026-09-27,EP902026,46,2026-10-02 06:00:00,5 days 06:00:00,126,18.64,-109.73,995.9,45.1,66.60779419848558,186.6734622055072,191.007935222144,182.8165545963788,185.30076445083623,0.0,0.0,0.0,0.0,0.0,0.0,0.0,0.0
2026-09-27,EP902026,46,2026-10-02 12:00:00,5 days 12:00:00,132,18.84,-109.68,991.0,48.5,67.53563917284531,157.82140918979516,158.96422822857232,119.7795043467725,126.08690860068144,0.0,0.0,0.0,0.0,0.0,0.0,0.0,0.0
2026-09-27,EP902026,46,2026-10-02 18:00:00,5 days 18:00:00,138,19.06,-109.76,992.1,47.0,83.40760864506139,147.3265305056979,154.20636025077815,121.57717245368625,96.50320981996,0.0,0.0,0.0,0.0,0.0,0.0,0.0,0.0
2026-09-27,EP902026,46,2026-10-03 00:00:00,6 days 00:00:00,144,18.98,-109.63,993.0,46.2,55.39338445719254,139.67413547787322,158.79399144483602,135.633845165975,119.25538358023704,0.0,0.0,0.0,0.0,0.0,0.0,0.0,0.0
2026-09-27,EP902026,46,2026-10-03 06:00:00,6 days 06:00:00,150,19.0,-109.6,996.7,48.0,53.047132405302136,171.92589046964804,177.43848229591458,150.7367846346242,147.7332615761297,0.0,0.0,0.0,0.0,0.0,0.0,0.0,0.0
2026-09-27,EP902026,46,2026-10-03 12:00:00,6 days 12:00:00,156,19.03,-109.61,992.2,53.1,62.00713959643076,127.95441086960103,116.58630992458274,83.56564691629414,90.952151118682,62.00713959643076,15.698261593169612,8.224071351957793,12.071392922218816,0.0,0.0,0.0,0.0
2026-09-27,EP902026,46,2026-10-03 18:00:00,6 days 18:00:00,162,18.98,-109.64,989.5,57.3,41.935244995274616,140.3164709284926,151.07205033683317,107.57337042367556,125.17717068872072,41.935244995274616,21.74531697675849,17.380209362648028,20.322657388157275,0.0,0.0,0.0,0.0
2026-09-27,EP902026,46,2026-10-04 00:00:00,7 days 00:00:00,168,18.77,-109.42,987.1,54.4,80.46100772177832,108.19421778833264,122.113865954368,90.14793895339984,102.60374654494564,37.86276663934873,80.46100772177832,28.20208311161252,28.802967466607896,0.0,0.0,0.0,0.0
2026-09-27,EP902026,46,2026-10-04 06:00:00,7 days 06:00:00,174,18.76,-109.17,990.3,56.0,35.97653645631372,112.15915328226568,107.76976426900166,108.1017769962189,100.82112573928806,37.83982200699238,43.04534923367021,34.022517680967994,31.1619162288807,0.0,0.0,0.0,0.0
2026-09-27,EP902026,46,2026-10-04 12:00:00,7 days 12:00:00,180,18.84,-109.13,990.3,52.4,51.84954610619482,143.0802493855366,145.51744928162736,128.43453947462507,138.0933094391516,51.84954610619482,21.21709484206369,15.881975078039948,19.613213345678872,0.0,0.0,0.0,0.0
2026-09-27,EP902026,46,2026-10-04 18:00:00,7 days 18:00:00,186,19.19,-109.01,994.1,45.1,113.7401342925162,152.67160416600143,173.8646567226753,135.14402954128872,121.4904818421009,0.0,0.0,0.0,0.0,0.0,0.0,0.0,0.0
2026-09-27,EP902026,46,2026-10-05 00:00:00,8 days 00:00:00,192,19.39,-109.23,995.4,50.2,59.57902656386875,182.393843404775,160.96738834436644,93.5437548537066,126.52374194024418,59.57902656386875,15.7951716772763,1.001203918879297,5.084242341462236,0.0,0.0,0.0,0.0
2026-09-27,EP902026,46,2026-10-05 06:00:00,8 days 06:00:00,198,19.63,-109.78,995.3,47.4,58.16020847928758,152.31191848768543,138.65307591893173,112.61701046619956,127.77066385099378,0.0,0.0,0.0,0.0,0.0,0.0,0.0,0.0
2026-09-27,EP902026,46,2026-10-05 12:00:00,8 days 12:00:00,204,19.65,-109.98,985.5,65.2,58.14778552781422,101.29544790694489,114.20769522132662,95.9837632612437,97.07292688171722,58.14778552781422,50.68353160315873,31.49348008863803,41.41917744820254,58.14778552781422,3.9333090367625454,1.49674499849972,4.670008257086112
2026-09-27,EP902026,46,2026-10-05 18:00:00,8 days 18:00:00,210,19.81,-110.52,982.2,70.6,40.814673276654496,114.91283572211816,113.86327381620907,84.98289149748271,88.53174725309134,47.54038219079278,44.784593727299495,28.467606129141565,39.82272650631992,40.814673276654496,23.29179101110777,16.788157612203165,22.482628849552
2026-09-27,EP902026,46,2026-10-06 00:00:00,9 days 00:00:00,216,19.88,-111.18,982.2,65.1,26.40583354077782,160.69261393305712,140.91023627625842,99.29189132179772,139.21331190592906,67.88630833884912,41.24851086090965,29.04120336871537,48.19901737566899,26.40583354077782,8.120900941093248,2.844049217226528,9.963439526956233
2026-09-27,EP902026,46,2026-10-06 06:00:00,9 days 06:00:00,222,19.92,-112.07,983.6,60.9,45.44347887340268,195.24447481915104,157.99502943763832,107.58395962369082,169.96584792034764,55.297560867008826,37.98986386422817,22.265917951678546,36.22856473987503,0.0,0.0,0.0,0.0
2026-09-27,EP902026,46,2026-10-06 12:00:00,9 days 12:00:00,228,20.04,-112.65,984.9,57.3,47.19401706802278,193.9426587160696,139.71661249114038,125.4496219608668,166.5263575511501,91.76062009200666,71.58629812164136,52.30007335439072,80.66558940182117,0.0,0.0,0.0,0.0
2026-09-27,EP902026,46,2026-10-06 18:00:00,9 days 18:00:00,234,19.61,-113.32,980.1,75.2,52.12370254064597,256.41435840399146,260.4361891240624,232.48913739216695,233.61827606701,127.88858379716658,131.42258888986095,124.40479819558529,122.43802958128686,52.12370254064597,37.77519834298519,36.540283262879385,37.14413296271364
2026-09-27,EP902026,46,2026-10-07 00:00:00,10 days 00:00:00,240,20.15,-113.63,992.6,55.8,50.26280248917794,176.38300813183423,135.65457034098245,92.13238936347987,143.10575434657494,50.26280248917794,31.29762949879529,16.402196467668986,25.629195353218847,0.0,0.0,0.0,0.0
2026-09-27,EP902026,46,2026-10-07 06:00:00,10 days 06:00:00,246,20.57,-114.26,988.6,53.1,103.00785508224116,144.02917306617337,134.45309677871626,93.93538107192322,99.21419249128672,103.00785508224116,5.543152935802494,1.409189943681063,4.701569966459989,0.0,0.0,0.0,0.0
2026-09-27,EP902026,46,2026-10-07 12:00:00,10 days 12:00:00,252,20.88,-114.79,978.2,69.1,53.59009059211494,215.8539144225702,212.4460224892516,209.40478517029143,196.27105503979263,116.48331858978337,128.4018159453817,116.57693749579664,112.30262341969284,76.67205136541435,73.0061387153005,63.7847116704759,66.81543196893236
2026-09-27,EP902026,46,2026-10-07 18:00:00,10 days 18:00:00,258,21.41,-115.45,993.2,49.5,65.82654929161022,184.83484300949965,163.48844532486368,119.07956150204993,157.64936920085972,0.0,0.0,0.0,0.0,0.0,0.0,0.0,0.0
2026-09-27,EP902026,46,2026-10-08 00:00:00,11 days 00:00:00,264,21.67,-115.96,995.5,51.1,53.86769748188357,192.88616487437423,132.86145967134067,96.2503948141954,173.23283626269836,53.86769748188357,16.399663090434483,10.573243996402988,21.84491190142776,0.0,0.0,0.0,0.0
2026-09-27,EP902026,46,2026-10-08 06:00:00,11 days 06:00:00,270,22.03,-116.85,992.3,50.5,55.2308370114874,208.14322169926996,141.8093384628316,110.35453975923,171.81193980567366,55.2308370114874,19.765875099244724,8.613096720253814,18.970544992211018,0.0,0.0,0.0,0.0
2026-09-27,EP902026,46,2026-10-08 12:00:00,11 days 12:00:00,276,22.27,-117.48,994.8,42.8,76.7931884494891,281.50767212024255,192.8508179714897,138.79577939475996,217.1137024251892,0.0,0.0,0.0,0.0,0.0,0.0,0.0,0.0
2026-09-27,EP902026,46,2026-10-08 18:00:00,11 days 18:00:00,282,22.44,-118.5,991.1,49.0,103.20316801230776,244.19184712953376,163.82167103566553,125.54227242763086,204.6153081097141,0.0,0.0,0.0,0.0,0.0,0.0,0.0,0.0
2026-09-27,EP902026,46,2026-10-09 00:00:00,12 days 00:00:00,288,22.57,-119.69,994.0,49.5,54.02941659170698,195.68305240524455,145.85510297419304,139.90617470197483,190.8165815177888,0.0,0.0,0.0,0.0,0.0,0.0,0.0,0.0
2026-09-27,EP902026,46,2026-10-09 06:00:00,12 days 06:00:00,294,22.25,-120.53,995.2,44.5,73.63277694643256,179.1617830759776,177.51959568360326,161.22899764525732,183.44809541577425,0.0,0.0,0.0,0.0,0.0,0.0,0.0,0.0
2026-09-27,EP902026,46,2026-10-09 12:00:00,12 days 12:00:00,300,22.2,-121.35,991.7,47.1,81.9509867317131,138.96044346610887,134.60460352554338,119.87899969829976,136.35506531320266,0.0,0.0,0.0,0.0,0.0,0.0,0.0,0.0
2026-09-27,EP902026,46,2026-10-09 18:00:00,12 days 18:00:00,306,22.23,-122.11,996.4,42.4,95.31978431420951,178.22676721942935,161.94614241530394,134.3247585053507,175.6450202711601,0.0,0.0,0.0,0.0,0.0,0.0,0.0,0.0
2026-09-27,EP902026,46,2026-10-10 00:00:00,13 days 00:00:00,312,22.22,-123.3,1004.1,36.4,60.60844750216293,210.4088624076512,167.15984920660324,116.85375293592324,164.70723460562613,0.0,0.0,0.0,0.0,0.0,0.0,0.0,0.0
2026-09-27,EP902026,46,2026-10-10 06:00:00,13 days 06:00:00,318,22.1,-124.18,999.2,35.0,116.0436321399232,116.0436321399232,7.523167713483463,2.910744063068023,23.518396662626287,0.0,0.0,0.0,0.0,0.0,0.0,0.0,0.0
2026-09-27,EP902026,46,2026-10-10 12:00:00,13 days 12:00:00,324,22.13,-125.28,1002.2,31.7,73.76168014184279,0.0,0.0,0.0,0.0,0.0,0.0,0.0,0.0,0.0,0.0,0.0,0.0
2026-09-27,EP902026,46,2026-10-10 18:00:00,13 days 18:00:00,330,22.13,-126.22,1001.8,33.1,78.53385918705646,0.0,0.0,0.0,0.0,0.0,0.0,0.0,0.0,0.0,0.0,0.0,0.0
2026-09-27,EP902026,46,2026-10-11 00:00:00,14 days 00:00:00,336,22.13,-127.55,1007.2,31.5,72.38197871230187,0.0,0.0,0.0,0.0,0.0,0.0,0.0,0.0,0.0,0.0,0.0,0.0
2026-09-27,EP902026,46,2026-10-11 06:00:00,14 days 06:00:00,342,22.05,-128.72,1004.5,30.6,46.71260191652671,0.0,0.0,0.0,0.0,0.0,0.0,0.0,0.0,0.0,0.0,0.0,0.0
2026-09-27,EP902026,46,2026-10-11 12:00:00,14 days 12:00:00,348,22.18,-129.91,1003.9,31.6,90.08421222522156,0.0,0.0,0.0,0.0,0.0,0.0,0.0,0.0,0.0,0.0,0.0,0.0
2026-09-27,EP902026,46,2026-10-11 18:00:00,14 days 18:00:00,354,22.17,-131.29,1005.2,29.0,123.47349637823808,0.0,0.0,0.0,0.0,0.0,0.0,0.0,0.0,0.0,0.0,0.0,0.0
2026-09-27,EP902026,46,2026-10-12 00:00:00,15 days 00:00:00,360,22.2,-132.49,1004.3,31.3,94.3082404363522,0.0,0.0,0.0,0.0,0.0,0.0,0.0,0.0,0.0,0.0,0.0,0.0
2026-09-27,WP252026,46,2026-09-27 00:00:00,0 days 00:00:00,0,24.6,127.6,964.0,89.0,22.0,102.0,121.0,102.0,93.0,,,,,,,,
2026-09-27,WP252026,46,2026-09-27 06:00:00,0 days 06:00:00,6,25.27,128.28,937.2,114.2,14.897816556435618,160.2022177479327,203.19964343037623,153.26525549377584,111.85256907056208,101.81550971790324,111.49801250834535,93.98060554154264,74.10299082655212,45.8274114069168,48.72774770732333,41.37120316592686,39.51528015812644
2026-09-27,WP252026,46,2026-09-27 12:00:00,0 days 12:00:00,12,25.73,128.95,952.5,109.4,27.770352793805028,86.82047444810249,111.7645149688788,104.7105260557378,81.58939922496194,58.742449658575765,78.55611708581526,63.02598051011488,41.69307087820371,48.86400629454247,49.76003545947916,44.52475036884991,39.55682588439056
2026-09-27,WP252026,46,2026-09-27 18:00:00,0 days 18:00:00,18,26.27,129.91,952.6,102.0,31.888284745809187,147.06900113744837,189.96143289153972,149.04203329258155,122.39260475677212,96.52591122135776,121.29404198674558,92.82663409706686,70.81579747475132,54.37661117142397,60.05527685937267,50.68375449110192,43.341985177742686
2026-09-27,WP252026,46,2026-09-28 00:00:00,1 days 00:00:00,24,26.74,130.65,959.4,95.5,0.0,145.85884838342645,176.1446456006811,133.40050229762346,92.78424876846655,80.50431975942274,98.71124283238125,77.1631677982881,53.99671566449183,61.94192492156651,63.00337274020899,53.985991808834,46.858650454156304
2026-09-27,WP252026,46,2026-09-28 06:00:00,1 days 06:00:00,30,27.18,131.78,974.3,71.7,29.01833678148555,155.0704366889749,170.38862915699383,153.08504312432052,103.95201090471348,63.546512579213086,78.85094435540358,62.36233676522953,45.03242205229083,22.09244046240537,29.01833678148555,19.35628776211281,16.77674367061924
2026-09-27,WP252026,46,2026-09-28 12:00:00,1 days 12:00:00,36,27.6,132.44,986.3,64.9,54.58055698694898,131.88193140188037,191.1633044875798,149.0810679194792,92.57735544602178,81.0766885304115,97.50546079509944,71.28261904615988,53.67648782192328,30.996883582777173,54.58055698694898,27.22271610490617,24.04366993204752
2026-09-27,WP252026,46,2026-09-28 18:00:00,1 days 18:00:00,42,28.11,133.33,989.1,54.5,48.18754977957819,226.13788684722795,224.13739731888484,155.40212022158948,165.19636319581662,55.58237355340863,54.86718229847895,36.16390852995359,37.12260502600377,0.0,0.0,0.0,0.0
2026-09-27,WP252026,46,2026-09-29 00:00:00,2 days 00:00:00,48,28.41,134.29,985.3,59.8,48.69193895101751,124.86173994309335,169.6147792156182,110.852781956181,90.841200682552,67.44726426663709,69.45190390879701,38.27964646743347,43.64560980955426,0.0,0.0,0.0,0.0
2026-09-27,WP252026,46,2026-09-29 06:00:00,2 days 06:00:00,54,29.0,135.19,993.0,51.5,72.69479081681638,158.09128010721665,163.42785545160172,99.73867087575242,114.78586435434396,15.375027826645631,72.69479081681638,8.298645759574791,9.603729657887154,0.0,0.0,0.0,0.0
2026-09-27,WP252026,46,2026-09-29 12:00:00,2 days 12:00:00,60,29.33,136.16,995.8,41.3,10.814097494341528,143.7722178464873,163.12263834411658,138.3507581403506,124.20304331222286,0.0,0.0,0.0,0.0,0.0,0.0,0.0,0.0
2026-09-27,WP252026,46,2026-09-29 18:00:00,2 days 18:00:00,66,29.9,137.34,997.4,44.5,56.10581221960382,161.3863392099879,201.9197314426829,155.56469217820245,118.53880105870836,0.0,0.0,0.0,0.0,0.0,0.0,0.0,0.0
2026-09-27,WP252026,46,2026-09-30 00:00:00,3 days 00:00:00,72,30.53,138.69,996.5,41.8,103.21586727764694,132.08704831868766,164.0618295726771,113.4032431797487,95.7610576279204,0.0,0.0,0.0,0.0,0.0,0.0,0.0,0.0
2026-09-27,WP252026,46,2026-09-30 06:00:00,3 days 06:00:00,78,31.58,139.43,996.0,37.7,134.25175402638013,46.61842285623553,134.25175402638013,50.59621109114502,19.786616414764158,0.0,0.0,0.0,0.0,0.0,0.0,0.0,0.0
2026-09-27,WP252026,46,2026-09-30 12:00:00,3 days 12:00:00,84,32.19,140.09,996.7,36.8,94.88714088568416,113.52794684362482,131.4424121136227,91.80431237466098,82.23483465644172,0.0,0.0,0.0,0.0,0.0,0.0,0.0,0.0
2026-09-27,WP252026,46,2026-09-30 18:00:00,3 days 18:00:00,90,32.69,140.81,1000.0,29.7,80.54046824120155,0.0,0.0,0.0,0.0,0.0,0.0,0.0,0.0,0.0,0.0,0.0,0.0
2026-09-27,WP252026,46,2026-10-01 00:00:00,4 days 00:00:00,96,33.79,141.93,999.3,32.5,82.66839786702025,0.0,0.0,0.0,0.0,0.0,0.0,0.0,0.0,0.0,0.0,0.0,0.0
2026-09-27,WP252026,46,2026-10-01 06:00:00,4 days 06:00:00,102,34.17,142.86,1002.2,31.1,132.24836011715286,0.0,0.0,0.0,0.0,0.0,0.0,0.0,0.0,0.0,0.0,0.0,0.0
2026-09-27,WP252026,46,2026-10-01 12:00:00,4 days 12:00:00,108,35.16,144.85,999.5,25.7,165.38268693376108,0.0,0.0,0.0,0.0,0.0,0.0,0.0,0.0,0.0,0.0,0.0,0.0
2026-09-27,WP252026,46,2026-10-01 18:00:00,4 days 18:00:00,114,37.51,147.88,999.1,20.8,52.83386945494395,0.0,0.0,0.0,0.0,0.0,0.0,0.0,0.0,0.0,0.0,0.0,0.0
2026-09-27,WP252026,46,2026-10-02 00:00:00,5 days 00:00:00,120,37.92,152.67,1005.4,26.2,97.54674041365102,0.0,0.0,0.0,0.0,0.0,0.0,0.0,0.0,0.0,0.0,0.0,0.0
2026-09-27,AL062026,47,2026-09-27 00:00:00,0 days 00:00:00,0,29.8,-43.9,1010.0,29.0,56.0,0.0,0.0,0.0,0.0,0.0,0.0,0.0,0.0,0.0,0.0,0.0,0.0
2026-09-27,AL062026,47,2026-09-27 06:00:00,0 days 06:00:00,6,29.68,-44.06,1009.5,26.8,49.7956149228725,0.0,0.0,0.0,0.0,0.0,0.0,0.0,0.0,0.0,0.0,0.0,0.0
2026-09-27,EP152026,47,2026-09-27 00:00:00,0 days 00:00:00,0,16.7,-156.1,972.0,80.0,37.0,241.0,185.0,185.0,241.0,93.0,74.0,93.0,111.0,56.0,46.0,56.0,56.0
2026-09-27,EP152026,47,2026-09-27 06:00:00,0 days 06:00:00,6,16.41,-156.71,971.0,91.0,25.075919397030383,148.35935523972182,143.85170564637644,139.57537821719478,165.75163578265386,85.4794501124981,65.130992538173,76.9935161393419,91.83561924057564,55.57922700699768,48.22653265100497,46.51689137578377,53.78403391263491
2026-09-27,EP152026,47,2026-09-27 12:00:00,0 days 12:00:00,12,16.32,-157.62,959.1,106.0,24.76639429993554,187.7814345262891,166.3886031121001,151.52201072372736,186.81050877067264,91.10349045044995,71.0391241697705,65.14142000756794,88.82399319572073,57.01344442459026,44.00553646842707,36.10922597532704,50.29060145398762
2026-09-27,EP152026,47,2026-09-27 18:00:00,0 days 18:00:00,18,16.15,-158.37,957.1,105.9,20.82788844104705,163.41915720657417,115.39862062622262,115.02866713970796,168.01012088548828,85.7807037426513,70.59583367405295,64.61621851414316,87.11299752046352,53.752267712872886,41.35039225323485,33.6866863918554,46.70786689447516
2026-09-27,EP152026,47,2026-09-28 00:00:00,1 days 00:00:00,24,16.12,-159.48,950.7,115.8,18.81152003137117,207.63813499627213,127.41037889996278,129.43611107288507,198.9500758748054,117.54348540543288,97.12910872156864,78.36855352184739,106.8895372203151,69.55655030590674,56.008026921933606,41.283928807968095,58.52096113415382
2026-09-27,EP152026,47,2026-09-28 06:00:00,1 days 06:00:00,30,16.45,-160.72,938.6,126.9,29.28979964015921,170.90100943005342,182.0305347548404,147.33271415756394,161.74382879460808,105.65394322627417,83.46754305697367,81.33449238103351,103.74501521363042,53.3413417865513,39.90199955404155,34.06101841114458,48.56031561027504
2026-09-27,EP152026,47,2026-09-28 12:00:00,1 days 12:00:00,36,17.02,-161.6,934.3,131.2,16.838756664826192,178.4586684911566,176.4729993713193,129.84406023858688,138.79207934919322,100.9022167501876,91.75083067009182,80.21170145721509,89.02413865124167,54.464099970537006,44.78907649547615,35.390981639405275,47.308827111791615
2026-09-27,EP152026,47,2026-09-28 18:00:00,1 days 18:00:00,42,17.74,-162.04,940.8,115.3,36.027848377457545,182.3578935774315,184.26258439747065,164.23359004765592,157.76250580164734,117.74232096962228,113.040374033061,94.7724454914147,104.31670725332935,62.95884178708479,56.43874637829221,46.834389127785904,52.74875294330116
2026-09-27,EP152026,47,2026-09-29 00:00:00,2 days 00:00:00,48,18.58,-162.69,954.1,109.9,26.45321235345838,257.9453168841943,234.03281953271335,142.7624084080504,204.0545025753524,142.40154745979325,117.53438756979376,81.6224219236891,121.4991038412066,78.7814149526387,65.03744028878731,49.0346398680129,66.58917591240578
2026-09-27,EP152026,47,2026-09-29 06:00:00,2 days 06:00:00,54,19.77,-163.02,960.5,97.8,27.53623934317181,203.2447290376637,185.1036027610151,136.57679458652538,155.44367899533268,98.1592264373225,91.61631133234916,70.2359549505062,88.05686292233645,60.92034627346635,51.76208007035613,39.991625566901945,49.97686550994274
2026-09-27,EP152026,47,2026-09-29 12:00:00,2 days 12:00:00,60,20.65,-163.16,973.3,82.8,37.877048348802646,186.9271555552441,170.07832543678023,148.34195074981835,179.3025036551644,96.03273076734696,85.87654390993157,68.26161281090322,87.979596748223,54.41117664522869,48.40546546948292,37.43895805328634,46.68061812127121
2026-09-27,EP152026,47,2026-09-29 18:00:00,2 days 18:00:00,66,21.16,-163.43,987.6,66.0,41.93254981115831,199.0271759869566,144.23631847537283,121.62775368312144,152.83640768621274,92.63483904216643,74.2828446591166,51.47819815051868,75.547206840316,41.93254981115831,12.341770778950728,7.5877087542241,14.106884729116649
2026-09-27,EP152026,47,2026-09-30 00:00:00,3 days 00:00:00,72,21.59,-163.6,988.6,60.4,60.57916121861263,219.52223078239516,172.768311186976,153.79158702332188,227.2375418567817,126.71783092247142,98.49305291077462,76.83846463221244,112.24316575155444,0.0,0.0,0.0,0.0
2026-09-27,EP152026,47,2026-09-30 06:00:00,3 days 06:00:00,78,21.76,-163.73,991.4,56.1,39.9313677460404,209.3705650033569,171.00567667026544,129.0894768154141,181.558784896584,88.66728226815098,78.06436779797122,60.87668876572519,73.21158351322599,0.0,0.0,0.0,0.0
2026-09-27,EP152026,47,2026-09-30 12:00:00,3 days 12:00:00,84,21.98,-163.88,990.7,55.6,33.48739279627499,191.36052851177053,96.42017022711096,159.63533426228668,230.7957415131524,78.53416762983451,55.84823204817003,62.263685508316456,93.16106073097626,0.0,0.0,0.0,0.0
2026-09-27,EP152026,47,2026-09-30 18:00:00,3 days 18:00:00,90,22.06,-163.88,992.6,54.8,26.60855048224977,246.9833302155886,196.9486923659938,202.3124246578191,259.4891901566787,115.73998359000392,98.35588643128553,85.87251251118865,106.2683822954134,0.0,0.0,0.0,0.0
2026-09-27,EP152026,47,2026-10-01 00:00:00,4 days 00:00:00,96,21.89,-164.54,984.6,63.3,55.55508443802172,180.72120394767688,166.8735856402878,170.2437770474291,199.81379895673732,105.68131084330246,99.62918068511216,92.54115421674982,94.54281254046258,0.0,0.0,0.0,0.0
2026-09-27,EP152026,47,2026-10-01 06:00:00,4 days 06:00:00,102,21.8,-165.34,983.9,56.1,92.3938635055488,155.59350468497055,92.12963013149216,125.06819684988862,181.6384643740193,92.3938635055488,63.52128900251208,46.005880921027966,64.5461138397677,0.0,0.0,0.0,0.0
2026-09-27,EP152026,47,2026-10-01 12:00:00,4 days 12:00:00,108,21.52,-165.87,981.0,66.5,49.83313375754739,234.04969858053244,150.5732373064251,166.78784398289474,250.5090047419115,127.2254151159041,98.43367207045291,80.14649488835845,115.43848825628294,49.83313375754739,17.591456186006916,14.210302420886045,22.287737202553565
2026-09-27,EP152026,47,2026-10-01 18:00:00,4 days 18:00:00,114,21.85,-166.16,989.5,52.7,90.23926696351526,250.0691849020945,183.1478248898194,202.18113470794464,239.53359441739377,95.88766438207968,83.03104724166491,76.15610519141117,92.13448963807365,0.0,0.0,0.0,0.0
2026-09-27,EP152026,47,2026-10-02 00:00:00,5 days 00:00:00,120,21.93,-166.7,989.7,51.0,104.27829391698288,246.46304274422212,155.18331456836236,133.93996857419685,236.105121265632,104.27829391698288,52.27158584261927,37.379586765818445,65.24074010851629,0.0,0.0,0.0,0.0
2026-09-27,EP152026,47,2026-10-02 06:00:00,5 days 06:00:00,126,22.27,-167.15,985.2,53.3,57.63630146242395,186.85545359950868,123.57838686161855,101.20372550674004,149.63607095625966,57.63630146242395,26.939857390207923,19.243214014555843,21.815904343366665,0.0,0.0,0.0,0.0
2026-09-27,EP152026,47,2026-10-02 12:00:00,5 days 12:00:00,132,22.35,-167.58,988.4,55.3,37.613376304117935,177.56892791563578,92.55709558616826,99.41831724516103,162.75133760170064,80.54456002157303,60.45281804368295,48.79290860285936,68.36236010768849,0.0,0.0,0.0,0.0
2026-09-27,EP152026,47,2026-10-02 18:00:00,5 days 18:00:00,138,22.41,-167.92,987.6,58.8,43.16578116885182,173.2244208255266,168.22811297717203,156.9867140487449,174.94432847820485,105.68714594987568,92.31661643096066,74.87995017735528,95.55919531218964,0.0,0.0,0.0,0.0
2026-09-27,EP152026,47,2026-10-03 00:00:00,6 days 00:00:00,144,22.48,-168.51,982.5,63.0,43.83550597395754,190.24264379772612,149.1004340583362,100.9706799525806,178.218324773032,92.61843929983104,64.27981648768622,40.68579701177893,70.55896905201047,0.0,0.0,0.0,0.0
2026-09-27,EP152026,47,2026-10-03 06:00:00,6 days 06:00:00,150,22.49,-169.31,984.6,62.5,37.81332941821437,229.2753740118652,135.32694781668388,99.6591787774615,216.885086759872,93.15251108907589,63.90687239879669,41.216224883866175,77.00364893266122,0.0,0.0,0.0,0.0
2026-09-27,EP152026,47,2026-10-03 12:00:00,6 days 12:00:00,156,22.22,-170.71,978.2,70.9,19.193921358836057,200.54535717949832,105.66280207920188,103.6740588422904,215.22319292260957,97.9935407248301,67.95870501146533,57.29721965063799,93.7390484323793,61.66204420463858,52.21758213181017,43.44884926184713,54.84065570658275
2026-09-27,EP152026,47,2026-10-03 18:00:00,6 days 18:00:00,162,22.36,-171.82,966.6,86.8,20.869255553407594,247.61402463085196,150.56337939844795,115.1120534151828,230.6780108240102,91.91997095682729,62.76851629440597,43.20055028578891,85.04102167372835,57.7758662139701,45.50766473682471,36.31726335433023,50.24571156203034
2026-09-27,EP152026,47,2026-10-04 00:00:00,7 days 00:00:00,168,22.65,-173.67,960.1,103.2,41.63189967301057,235.750761184536,154.0443247413884,154.72384104993472,230.836857703879,125.28492632153832,102.63604801681976,88.91763784059833,115.56661766554856,77.56094180136259,69.17765113841563,56.65269800729235,67.93889487074154
2026-09-27,EP152026,47,2026-10-04 06:00:00,7 days 06:00:00,174,23.1,-175.56,966.2,93.7,34.22206161797147,182.8811169533149,140.74608288339246,128.68401661770247,177.69350005005873,93.91949781297106,84.1628678703682,76.09008728375255,92.44465718619225,63.23160619312604,57.04103578696669,45.36989860708616,53.93332505682013
2026-09-27,EP152026,47,2026-10-04 12:00:00,7 days 12:00:00,180,23.55,-177.4,955.4,99.3,30.418098931144293,292.72928865614745,158.8923953517164,138.52293351575815,283.42832316666926,142.6288169202614,105.40082650483366,86.28669653277764,134.57689917608184,86.30862345259499,73.67253280565622,57.76173796040704,78.21438047235813
2026-09-27,EP152026,47,2026-10-04 18:00:00,7 days 18:00:00,186,24.24,-179.62,961.6,98.9,27.498002131444665,243.97763100421776,152.63837173517015,163.6398094366539,236.18150809586243,115.37029687725396,100.53794639222698,92.27286858836608,106.7723357498156,73.69640669197426,69.71296243592002,57.27824182400849,65.56764732662815
2026-09-27,EP152026,47,2026-10-05 00:00:00,8 days 00:00:00,192,25.0,178.16,963.6,92.1,25.07909289902525,222.5498442530781,131.4434366092927,126.92827389240298,232.75819927211504,133.51599360454384,110.89619961331556,86.53315836293508,117.97168939715615,89.735668360434,82.63180927242664,60.26398859476541,74.39055197494206
2026-09-27,EP152026,47,2026-10-05 06:00:00,8 days 06:00:00,198,25.87,176.21,963.2,96.3,33.73241867153122,266.285850269145,217.08154561440296,171.80378400774225,226.0229232732665,127.62180228051506,112.21716121500292,84.54119911487615,108.5166622532804,75.96682395630592,68.11750614056518,53.81218268765347,63.97345260851006
2026-09-27,EP152026,47,2026-10-05 12:00:00,8 days 12:00:00,204,26.67,174.83,969.5,83.6,48.74539001990872,258.06092654437447,190.81378809051927,149.88487514770262,244.19890560145237,147.61966844749765,115.81973628866275,87.3582581932641,128.74798010951403,72.45339204707477,62.07437628794109,44.64348780131161,60.2231462260631
2026-09-27,EP152026,47,2026-10-05 18:00:00,8 days 18:00:00,210,27.69,173.27,966.4,89.8,34.70385396700785,269.4187951218686,213.86393254811904,184.24537389367876,211.9840610631747,131.90211335080662,119.07801864636536,91.55016674228308,110.23251012549925,72.79377701127228,69.7185666215692,53.564290333440326,59.3795757079903
2026-09-27,EP152026,47,2026-10-06 00:00:00,9 days 00:00:00,216,28.59,171.7,974.7,75.0,43.09353471944996,246.79839944286869,174.57964752647968,131.95900582181002,221.3975521073953,131.12546654639846,94.14831349181532,66.46539745880636,105.57229287760674,78.38725304293393,67.88054356151997,49.35739020059418,64.47837279286068
2026-09-27,EP152026,47,2026-10-06 06:00:00,9 days 06:00:00,222,29.37,170.68,980.0,67.4,40.11092632157579,194.7458096996197,187.308776134772,156.76690790640123,176.41414601057204,104.42656670580028,94.91127859417044,72.42836011511486,81.95508660779069,40.11092632157579,20.884269313423403,14.386368588739655,19.832260025977348
2026-09-27,EP152026,47,2026-10-06 12:00:00,9 days 12:00:00,228,30.14,169.3,978.0,72.8,33.36180658753687,188.1219402241233,136.6089431515898,120.44807761929624,188.70048098372405,100.72820370965913,83.26225528868976,61.54729951815617,87.79835492416233,56.99344720300103,47.68256507386121,36.061525367853335,47.156674339944686
2026-09-27,EP152026,47,2026-10-06 18:00:00,9 days 18:00:00,234,30.75,167.9,982.1,68.8,34.29071677518385,220.77052712544443,173.3061755208654,147.81201812115347,218.03730801962104,121.3852355431656,95.52360451045992,59.07246007568387,90.94238030864216,34.29071677518385,19.01880425988877,10.808942880250164,19.105811876488872
2026-09-27,EP152026,47,2026-10-07 00:00:00,10 days 00:00:00,240,31.76,166.39,993.6,56.8,43.3508663987837,244.9464667758936,177.59458397318866,127.87178816872796,213.0726139419509,152.18242308713806,125.65332927898226,87.63680005610591,117.80023491215144,0.0,0.0,0.0,0.0
2026-09-27,EP152026,47,2026-10-07 06:00:00,10 days 06:00:00,246,33.1,165.06,988.5,61.2,42.23632559006776,212.3571096912244,151.1988876503185,94.90589006548196,178.49170179281828,91.2982312505478,72.47764175304417,43.75898581255734,63.5510537136455,0.0,0.0,0.0,0.0
2026-09-27,EP152026,47,2026-10-07 12:00:00,10 days 12:00:00,252,34.47,164.06,988.6,59.7,44.62992397847667,191.47674014368408,187.31197203039625,163.16509579755046,175.7650864201221,127.61415155015118,112.74445984867972,81.13042871229513,98.81752618330546,0.0,0.0,0.0,0.0
2026-09-27,EP152026,47,2026-10-07 18:00:00,10 days 18:00:00,258,36.49,163.81,994.1,50.3,37.73868506481024,194.59825922144563,192.79660101541103,147.33462704126345,121.85219840694246,80.37719383323697,83.04383582207325,59.38044497298673,54.41790841880887,0.0,0.0,0.0,0.0
2026-09-27,EP152026,47,2026-10-08 00:00:00,11 days 00:00:00,264,38.66,163.89,996.0,53.0,31.21326862621401,166.55287804493264,182.5393212881292,118.816621214726,98.39653909029204,75.64469613019256,82.33148545906073,56.1232887152955,48.198073287988045,0.0,0.0,0.0,0.0
2026-09-27,EP152026,47,2026-10-08 06:00:00,11 days 06:00:00,270,40.89,165.39,993.2,46.4,31.901726924522308,221.22261760764889,241.5446720573343,149.53162634490866,118.23939262589676,0.0,0.0,0.0,0.0,0.0,0.0,0.0,0.0
2026-09-27,EP152026,47,2026-10-08 12:00:00,11 days 12:00:00,276,43.0,167.87,991.7,39.7,79.65770738717144,297.3585954111607,382.3337479111335,271.6393561635531,186.65552478873337,0.0,0.0,0.0,0.0,0.0,0.0,0.0,0.0
2026-09-27,EP152026,47,2026-10-08 18:00:00,11 days 18:00:00,282,45.36,170.64,989.5,34.3,83.56107370739811,169.37942136647428,284.43174494148167,219.13037742994192,127.71097669879124,0.0,0.0,0.0,0.0,0.0,0.0,0.0,0.0
2026-09-27,EP162026,47,2026-09-27 00:00:00,0 days 00:00:00,0,20.8,-123.6,975.0,76.0,28.0,167.0,167.0,148.0,185.0,93.0,74.0,74.0,93.0,65.0,46.0,37.0,56.0
2026-09-27,EP162026,47,2026-09-27 06:00:00,0 days 06:00:00,6,21.59,-123.55,986.7,65.5,27.41719067037684,149.9885899407891,117.4053706441191,115.77585465177252,130.466155917984,58.11740047184867,52.7954163067061,35.91835494159204,51.371159446283855,1.2428241566649945,0.0281081163950034,0.0,27.41719067037684
2026-09-27,EP162026,47,2026-09-27 12:00:00,0 days 12:00:00,12,22.36,-123.24,996.7,47.9,71.70463552186902,151.28164346003905,108.05839467243824,82.6037302828463,125.51775172937778,0.0,0.0,0.0,0.0,0.0,0.0,0.0,0.0
2026-09-27,EP162026,47,2026-09-27 18:00:00,0 days 18:00:00,18,22.31,-123.42,999.5,38.1,93.92227463170188,93.92227463170188,48.72736968776066,36.90614008470769,34.168485950815125,0.0,0.0,0.0,0.0,0.0,0.0,0.0,0.0
2026-09-27,EP162026,47,2026-09-28 00:00:00,1 days 00:00:00,24,22.53,-123.24,1003.6,33.0,45.48640919194582,0.0,0.0,0.0,0.0,0.0,0.0,0.0,0.0,0.0,0.0,0.0,0.0
2026-09-27,EP162026,47,2026-09-28 06:00:00,1 days 06:00:00,30,22.76,-122.95,1003.4,27.5,112.11066256261611,0.0,0.0,0.0,0.0,0.0,0.0,0.0,0.0,0.0,0.0,0.0,0.0
2026-09-27,EP162026,47,2026-09-28 12:00:00,1 days 12:00:00,36,22.79,-122.74,1003.0,23.2,73.91030563024958,0.0,0.0,0.0,0.0,0.0,0.0,0.0,0.0,0.0,0.0,0.0,0.0
2026-09-27,EP162026,47,2026-09-28 18:00:00,1 days 18:00:00,42,22.22,-122.53,1005.4,22.5,118.86461698643166,0.0,0.0,0.0,0.0,0.0,0.0,0.0,0.0,0.0,0.0,0.0,0.0
2026-09-27,EP162026,47,2026-09-29 00:00:00,2 days 00:00:00,48,21.59,-122.41,1005.5,22.1,98.98008754966344,0.0,0.0,0.0,0.0,0.0,0.0,0.0,0.0,0.0,0.0,0.0,0.0
2026-09-27,EP162026,47,2026-09-29 06:00:00,2 days 06:00:00,54,20.8,-122.42,1007.4,23.0,58.80164816433226,0.0,0.0,0.0,0.0,0.0,0.0,0.0,0.0,0.0,0.0,0.0,0.0
2026-09-27,EP162026,47,2026-09-29 12:00:00,2 days 12:00:00,60,20.35,-122.48,1008.4,18.1,83.08756420863463,0.0,0.0,0.0,0.0,0.0,0.0,0.0,0.0,0.0,0.0,0.0,0.0
2026-09-27,EP162026,47,2026-09-29 18:00:00,2 days 18:00:00,66,19.46,-122.56,1009.4,15.1,51.175733935518736,0.0,0.0,0.0,0.0,0.0,0.0,0.0,0.0,0.0,0.0,0.0,0.0
2026-09-27,EP172026,47,2026-09-27 00:00:00,0 days 00:00:00,0,19.0,-112.9,946.0,111.0,28.0,259.0,185.0,167.0,185.0,111.0,111.0,93.0,93.0,65.0,65.0,46.0,56.0
2026-09-27,EP172026,47,2026-09-27 06:00:00,0 days 06:00:00,6,19.82,-113.42,931.9,130.8,23.154263631862392,156.2774182019802,188.6328587250544,131.95755868762348,118.5718882413918,95.69667979353812,94.97526168452164,75.83448201502145,77.2049619632545,80.60444607598902,72.82381030266026,58.151535735126544,64.78222244302296
2026-09-27,EP172026,47,2026-09-27 12:00:00,0 days 12:00:00,12,20.87,-113.75,947.0,117.4,23.63104875325504,191.00259526606948,191.4406816777229,115.41414359299009,144.0601506845192,92.78999255434051,90.14667024841752,59.46889204764197,70.25309194145981,65.81128367716244,57.17502918746101,41.23376696341958,50.76101806421062
2026-09-27,EP172026,47,2026-09-27 18:00:00,0 days 18:00:00,18,21.97,-114.07,947.4,109.4,19.97519242911177,183.7390434361457,175.21144828904485,95.05250807900948,146.0857826802705,79.72121552924115,72.87204177344617,46.41251257112827,56.95076706359444,44.59417829041685,39.24867952683469,27.801513881957412,34.04113234556862
2026-09-27,EP172026,47,2026-09-28 00:00:00,1 days 00:00:00,24,23.03,-114.09,940.1,120.2,13.365698978580404,200.1424995585297,206.49604031203037,155.37859265444,154.53334412753995,131.25394319239086,127.96883551882438,93.75843469245604,109.65325022239158,71.68161002312968,63.90897429089739,49.68436474390149,58.910837587603055
2026-09-27,EP172026,47,2026-09-28 06:00:00,1 days 06:00:00,30,24.02,-113.8,949.5,108.2,15.033880200261429,202.1323007133612,229.64159453005163,167.03462148728204,141.31285485312014,95.68935106154632,103.89616412834349,76.36028539144027,72.41612081667381,56.65288335188266,52.86857002802029,41.815850954169726,44.96267966842477
2026-09-27,EP172026,47,2026-09-28 12:00:00,1 days 12:00:00,36,24.75,-113.38,941.0,121.2,32.13114511359413,193.765358545912,228.49237238402384,144.06527943581614,106.28086683795344,88.07076604757731,108.55092807780149,82.51627109316996,63.25897990856765,60.59185582523333,59.469137693921766,48.82694884173884,47.22987296585961
2026-09-27,EP172026,47,2026-09-28 18:00:00,1 days 18:00:00,42,25.85,-112.61,952.5,102.5,0.0,134.58547417952198,186.4588514889116,147.2482558947978,120.51382731202892,86.28306268234297,104.38263214341129,84.99304653480274,67.53447848716168,55.5671107373716,56.58676688466857,48.1301083233109,43.93983127277461
2026-09-27,EP172026,47,2026-09-29 00:00:00,2 days 00:00:00,48,26.8,-111.94,979.9,74.5,44.45248822465775,69.9820659062438,130.95381357898998,87.17909116496091,38.58844151275439,43.09461812942099,79.65655347674765,67.95013936500041,38.58844151275439,41.72413212868064,46.29202375621684,43.75067907072525,38.58844151275439
2026-09-27,EP172026,47,2026-09-29 06:00:00,2 days 06:00:00,54,27.88,-110.96,983.4,65.8,47.4417796233827,163.4327065937241,197.2187782890836,134.27369831995355,79.73522005602625,61.75816923931031,78.17848801432069,58.269425817108,46.3081681825886,47.4417796233827,0.0,0.0,0.0
2026-09-27,EP172026,47,2026-09-29 12:00:00,2 days 12:00:00,60,30.18,-110.17,996.7,36.8,110.0786010091114,0.0,110.0786010091114,4.315803580134739,0.0,0.0,0.0,0.0,0.0,0.0,0.0,0.0,0.0
2026-09-27,EP902026,47,2026-09-27 00:00:00,0 days 00:00:00,0,12.0,-98.6,1008.0,25.0,111.0,0.0,0.0,0.0,0.0,0.0,0.0,0.0,0.0,0.0,0.0,0.0,0.0
2026-09-27,EP902026,47,2026-09-27 06:00:00,0 days 06:00:00,6,11.88,-98.42,1007.2,30.4,70.13572853751967,0.0,0.0,0.0,0.0,0.0,0.0,0.0,0.0,0.0,0.0,0.0,0.0
2026-09-27,EP902026,47,2026-09-27 12:00:00,0 days 12:00:00,12,12.06,-98.65,1004.9,31.8,143.82608309471948,0.0,0.0,0.0,0.0,0.0,0.0,0.0,0.0,0.0,0.0,0.0,0.0
2026-09-27,EP902026,47,2026-09-27 18:00:00,0 days 18:00:00,18,12.41,-99.17,1002.9,35.8,143.75583168059745,143.75583168059745,0.0,0.0,0.0,0.0,0.0,0.0,0.0,0.0,0.0,0.0,0.0
2026-09-27,EP902026,47,2026-09-28 00:00:00,1 days 00:00:00,24,12.37,-99.65,1002.5,34.2,109.7327287933771,109.7327287933771,16.505298147695562,6.819382867970703,11.931290190937794,0.0,0.0,0.0,0.0,0.0,0.0,0.0,0.0
2026-09-27,EP902026,47,2026-09-28 06:00:00,1 days 06:00:00,30,12.69,-100.47,1001.5,34.5,98.14716591447952,98.34028303853664,87.19864415807002,54.44567686060092,66.88206926270342,0.0,0.0,0.0,0.0,0.0,0.0,0.0,0.0
2026-09-27,EP902026,47,2026-09-28 12:00:00,1 days 12:00:00,36,13.08,-101.06,998.7,41.0,120.67926727216604,259.9703813902811,263.57558886966683,203.06696171964177,208.74303636318325,0.0,0.0,0.0,0.0,0.0,0.0,0.0,0.0
2026-09-27,EP902026,47,2026-09-28 18:00:00,1 days 18:00:00,42,13.89,-102.56,1002.4,40.0,91.3333613300304,311.420010910461,280.2444154891957,214.17490816900892,269.42939100661505,0.0,0.0,0.0,0.0,0.0,0.0,0.0,0.0
2026-09-27,EP902026,47,2026-09-29 00:00:00,2 days 00:00:00,48,14.16,-103.62,1000.7,39.9,117.5049552985729,117.5049552985729,111.29741739229212,90.08121110997186,90.55254326159108,0.0,0.0,0.0,0.0,0.0,0.0,0.0,0.0
2026-09-27,EP902026,47,2026-09-29 06:00:00,2 days 06:00:00,54,14.88,-104.69,998.5,42.4,149.8642139915015,178.4086003561873,172.76539613946034,119.82225885059611,143.3662396342114,0.0,0.0,0.0,0.0,0.0,0.0,0.0,0.0
2026-09-27,EP902026,47,2026-09-29 12:00:00,2 days 12:00:00,60,15.2,-105.61,996.1,51.0,61.390960594742495,185.1720969476831,182.0813244383992,107.44133376742823,145.2774895407493,61.390960594742495,25.076774503712397,12.202885151801553,15.240596313859092,0.0,0.0,0.0,0.0
2026-09-27,EP902026,47,2026-09-29 18:00:00,2 days 18:00:00,66,15.95,-106.36,990.9,57.2,89.77184358920093,219.5121525601193,182.987856757337,138.15966179344517,186.8900713643078,89.77184358920093,65.60462682057403,47.14949175795229,59.09790219085573,0.0,0.0,0.0,0.0
2026-09-27,EP902026,47,2026-09-30 00:00:00,3 days 00:00:00,72,16.65,-106.73,988.3,64.6,71.88478240441273,161.11563433496485,179.61151308803994,97.22258877282988,109.17617020248343,71.88478240441273,61.23759339133801,35.178098210412664,40.91941725426079,71.88478240441273,0.3358781431175213,0.0,0.0
2026-09-27,EP902026,47,2026-09-30 06:00:00,3 days 06:00:00,78,17.38,-107.64,979.1,76.3,42.02795200269711,152.97926967154004,177.7344729281079,128.2054038499298,109.61026366852056,67.34676337811487,66.8955715533358,44.33744611459271,48.28928487360203,42.02795200269711,19.921124167316187,14.103959191127196,17.932671377727775
2026-09-27,EP902026,47,2026-09-30 12:00:00,3 days 12:00:00,84,17.99,-108.13,978.4,73.7,36.81655228211832,149.4856662263469,180.72107069313145,130.08414965201018,130.9896327943925,76.03999466515381,68.35090802711397,43.15352479043497,50.96098337707508,36.81655228211832,23.04906647211732,16.560274773483002,21.090040802971657
2026-09-27,EP902026,47,2026-09-30 18:00:00,3 days 18:00:00,90,18.37,-108.67,975.4,79.8,33.259853493145776,142.03515517436733,187.49712991196336,126.27257814153523,105.63703118312344,60.95884569041603,61.06361311104239,40.21064215795332,43.41664725185778,36.959454251942496,32.05817915595633,24.21701160165213,29.059223751578635
2026-09-27,EP902026,47,2026-10-01 00:00:00,4 days 00:00:00,96,18.72,-109.23,974.9,86.5,28.042317887638557,218.36829315017368,208.7627152042351,160.00047131988083,171.55312807123892,100.61728196866883,94.14889280633,67.83959171584652,90.6675122231464,59.49083651717581,49.393428093311016,38.91697303855994,48.1358282913974
2026-09-27,EP902026,47,2026-10-01 06:00:00,4 days 06:00:00,102,18.78,-109.31,976.7,77.5,30.24893999111356,149.5773240580994,150.42589358317264,105.0466993616582,102.70669728332813,54.9529526764193,51.0144100131142,34.62905932911683,43.03806050242517,37.86335748048754,32.10364705813387,24.30215358676173,29.49864869643374
2026-09-27,EP902026,47,2026-10-01 12:00:00,4 days 12:00:00,108,18.81,-109.36,977.9,74.8,37.67114622734715,158.39201620417288,204.90419010840031,155.62845178419423,119.54273409313336,77.10339632582215,83.15118784750749,58.89145961530865,56.43639053867048,39.46777369035099,35.71632191864614,28.44498426921608,30.2071262220355
2026-09-27,EP902026,47,2026-10-01 18:00:00,4 days 18:00:00,114,18.99,-109.27,981.2,68.1,37.391251848102456,147.58804586759788,156.2857647372657,208.9934374735976,139.81427904755753,59.18766322513011,90.918510080097,98.0151070402834,61.28260791470814,53.0073400789567,60.60705335009527,56.40851769037516,48.216893397859394
2026-09-27,EP902026,47,2026-10-02 00:00:00,5 days 00:00:00,120,19.21,-109.37,976.7,69.4,35.57902455278842,184.9862968412848,194.81167603353535,180.76744421252067,166.882533748141,74.10167010562151,88.02524323775246,76.45919619158218,69.56898453405051,62.66746064963328,64.17008640772286,56.39397606353181,53.06821094114119
2026-09-27,EP902026,47,2026-10-02 06:00:00,5 days 06:00:00,126,19.62,-109.17,983.1,67.9,23.79681886222297,193.37518302269555,201.45403379353627,157.4573804476084,160.23890229663107,93.15582529360633,99.31062841385184,81.41932898351655,76.1575099280408,37.382949129985946,39.55317846845835,33.633048550693495,30.881753680411016
2026-09-27,EP902026,47,2026-10-02 12:00:00,5 days 12:00:00,132,19.87,-109.23,979.6,66.7,40.8388220697077,188.18898209232336,206.47075134974875,145.89562361393473,132.76566045369964,89.70519289973618,87.30106157911405,53.10505570016403,62.96570692290106,40.8388220697077,16.72885735997471,10.092786581475709,12.319541158376012
2026-09-27,EP902026,47,2026-10-02 18:00:00,5 days 18:00:00,138,20.19,-109.34,976.7,70.9,32.834586727044496,168.97547109464267,209.7746204774046,144.42239254772835,126.08292921185377,96.11205320509748,101.6081451436537,67.4160558500198,71.61259634253156,52.28755347680181,47.88834784354839,36.445198009370046,40.258666855726005
2026-09-27,EP902026,47,2026-10-03 00:00:00,6 days 00:00:00,144,20.35,-109.51,982.8,59.0,68.7567741042786,189.8379689067508,178.7407362697129,151.3901394181218,159.88525019422707,102.11889529549067,95.43736100733835,67.5338092049846,76.2375399814974,0.0,0.0,0.0,0.0
2026-09-27,EP902026,47,2026-10-03 06:00:00,6 days 06:00:00,150,20.68,-109.75,983.2,62.6,60.855069650132464,173.76785800342623,173.79342548852583,137.0170409570528,133.2036303723071,92.91553237428889,87.586474770309,66.63915018297666,69.885550648336,0.0,0.0,0.0,0.0
2026-09-27,EP902026,47,2026-10-03 12:00:00,6 days 12:00:00,156,20.94,-109.9,977.2,63.0,28.629616134012835,190.92965763720295,168.96106433485144,106.6838926616278,137.6977928457203,84.99757604914714,66.40849576831567,35.88188842282129,54.997460176341136,0.0,0.0,0.0,0.0
2026-09-27,EP902026,47,2026-10-03 18:00:00,6 days 18:00:00,162,21.22,-110.31,979.7,66.7,40.39375780721289,225.00144074510723,150.86653874980755,123.07698986086224,192.69397695026169,101.14831896985169,82.41026572816169,59.55392213581005,86.30957843001201,40.39375780721289,24.883663280837464,18.59315700905209,26.9466386135028
2026-09-27,EP902026,47,2026-10-04 00:00:00,7 days 00:00:00,168,21.58,-110.67,968.1,81.4,38.39982382397157,219.5158082190897,207.40019300757524,160.307014862254,175.81209470881993,87.04816635462544,81.42130055707969,65.51593081653927,65.66282257751655,38.39982382397157,25.958338495406508,18.179265945446108,24.396082064068267
2026-09-27,EP902026,47,2026-10-04 06:00:00,7 days 06:00:00,174,21.8,-111.45,963.6,86.7,9.522370149087408,192.72770597727225,184.19889897842057,152.87413374450767,163.50091521884897,102.8217277940345,89.8901505573563,68.91953501513926,81.97381263347806,50.01120051981278,39.56385730986876,29.753754411725705,41.16414651080241
2026-09-27,EP902026,47,2026-10-04 12:00:00,7 days 12:00:00,180,21.77,-112.08,963.5,88.4,32.03290248235959,176.06473717550966,149.36925801308394,145.137909974257,171.73177508438403,90.0097650912387,76.55195019587813,64.903233659249,87.69194629514936,50.76142618245882,40.67679839358021,33.57090475275757,43.64070866711714
2026-09-27,EP902026,47,2026-10-04 18:00:00,7 days 18:00:00,186,22.03,-112.89,964.5,87.4,28.51327144382101,185.75147477011691,183.5756575751118,169.3720583531482,168.83408323023662,92.96812806602227,84.38888581648888,64.82836072092014,80.88199833782758,53.58484933566069,42.56162478865485,33.37252778255971,46.05150650148914
2026-09-27,EP902026,47,2026-10-05 00:00:00,8 days 00:00:00,192,22.56,-113.86,968.7,84.4,24.6230968112594,181.27641726608837,175.48401244187704,152.72535307755254,169.85558112161272,85.07446361466242,74.58454106678761,69.74784538894704,84.44512147947773,65.23343671980021,56.257279367296405,44.89066669291847,54.57024008027517
2026-09-27,EP902026,47,2026-10-05 06:00:00,8 days 06:00:00,198,22.73,-114.6,976.8,78.4,25.7056924711402,194.5516062782067,176.63898534863756,141.57775652057023,163.78530838658344,105.22835923128844,78.8665882931038,59.21566686227655,88.23005867526979,51.08027694048374,38.48626562439529,29.395438150351907,43.76096599819471
2026-09-27,EP902026,47,2026-10-05 12:00:00,8 days 12:00:00,204,22.84,-115.59,970.1,82.9,40.35034902156362,211.22150537170376,164.5135396937689,117.55544423135564,180.1832518176992,91.0347466474536,73.49899718794919,50.72524017479253,73.97085412691729,49.7582801636359,39.69098057972227,29.662771036048213,39.7927905781476
2026-09-27,EP902026,47,2026-10-05 18:00:00,8 days 18:00:00,210,22.9,-116.46,970.3,81.9,29.685105017446176,203.279403090461,157.22004634232826,132.67643648477383,191.52834486126287,92.59678623331884,75.5817421772063,58.133763513250095,79.79724362790121,45.96468323613608,36.5096242057111,29.54442154880817,38.733345200941
2026-09-27,EP902026,47,2026-10-06 00:00:00,9 days 00:00:00,216,22.85,-117.51,982.5,70.5,54.768256393411626,177.71151502747503,134.92363325717966,116.2931535824464,181.183836311792,82.88046628925753,68.89917323944059,44.5770208289276,70.94057904337126,54.768256393411626,26.7700367770147,19.327049228888143,28.562250982210195
2026-09-27,EP902026,47,2026-10-06 06:00:00,9 days 06:00:00,222,22.76,-118.51,979.2,74.0,50.46004055228377,167.84201984017568,106.06241783701348,92.52535694098516,181.46991616437504,74.32512758788641,53.09007147596216,34.877045994115136,64.26559934649563,50.46004055228377,25.47280073342677,20.74521371983343,30.20012091089891
2026-09-27,EP902026,47,2026-10-06 12:00:00,9 days 12:00:00,228,22.67,-119.49,986.1,61.1,35.702576121465256,206.4569412599416,144.67527568738888,115.30278429633618,206.5908922157996,110.2430783503468,83.40656746427979,62.28593405920687,101.07342047590735,0.0,0.0,0.0,0.0
2026-09-27,EP902026,47,2026-10-06 18:00:00,9 days 18:00:00,234,22.72,-120.71,990.1,58.3,42.53885058449913,240.6994223081645,179.99154767494488,110.52458775171009,202.32025179011688,59.52869914332099,44.17046412707875,23.00215288616732,41.12498317522008,0.0,0.0,0.0,0.0
2026-09-27,EP902026,47,2026-10-07 00:00:00,10 days 00:00:00,240,22.64,-121.85,993.3,51.6,79.5050944416493,136.47184906068568,88.9722589632454,64.89770882887342,112.22589450831757,79.5050944416493,5.948222963214064,2.2930595815537043,7.989259753206029,0.0,0.0,0.0,0.0
2026-09-27,EP902026,47,2026-10-07 06:00:00,10 days 06:00:00,246,22.69,-122.81,998.2,48.1,50.96074697191312,189.49956009164103,116.24747655570438,100.87767033625582,166.3328645474409,0.0,0.0,0.0,0.0,0.0,0.0,0.0,0.0
2026-09-27,EP902026,47,2026-10-07 12:00:00,10 days 12:00:00,252,23.17,-123.94,998.3,43.6,56.73867393334784,165.61126511272366,150.63912467477644,95.13728383766016,141.44787072006665,0.0,0.0,0.0,0.0,0.0,0.0,0.0,0.0
2026-09-27,EP902026,47,2026-10-07 18:00:00,10 days 18:00:00,258,23.4,-124.55,1003.5,37.4,65.32304712621344,142.9747442586426,96.96350135987296,71.39440481007307,126.93590625050412,0.0,0.0,0.0,0.0,0.0,0.0,0.0,0.0
2026-09-27,EP902026,47,2026-10-08 00:00:00,11 days 00:00:00,264,24.15,-125.68,999.1,41.9,66.7993205127433,171.96417714933952,131.65112505046605,88.11017831822745,151.57271026755495,0.0,0.0,0.0,0.0,0.0,0.0,0.0,0.0
2026-09-27,EP902026,47,2026-10-08 06:00:00,11 days 06:00:00,270,24.59,-126.88,1001.2,40.9,63.59090804851178,145.09903494619613,115.14174504296888,92.5941681815407,135.40276808485993,0.0,0.0,0.0,0.0,0.0,0.0,0.0,0.0
2026-09-27,EP902026,47,2026-10-08 12:00:00,11 days 12:00:00,276,25.21,-127.92,1002.0,35.0,41.07932819925925,58.92279999290232,38.25307086367405,12.560483564514186,55.09038571717976,0.0,0.0,0.0,0.0,0.0,0.0,0.0,0.0
2026-09-27,EP902026,47,2026-10-08 18:00:00,11 days 18:00:00,282,25.78,-128.84,1002.4,32.8,109.80279295535183,0.0,0.0,0.0,0.0,0.0,0.0,0.0,0.0,0.0,0.0,0.0,0.0
2026-09-27,EP902026,47,2026-10-09 00:00:00,12 days 00:00:00,288,26.75,-129.77,1002.8,36.2,84.20888608402485,84.20888608402485,13.820670188476887,0.0,20.170567733996563,0.0,0.0,0.0,0.0,0.0,0.0,0.0,0.0
2026-09-27,EP902026,47,2026-10-09 06:00:00,12 days 06:00:00,294,27.33,-130.72,1004.9,33.6,76.17166069815119,0.0,0.0,0.0,0.0,0.0,0.0,0.0,0.0,0.0,0.0,0.0,0.0
2026-09-27,EP902026,47,2026-10-09 12:00:00,12 days 12:00:00,300,27.72,-131.62,1008.1,26.2,91.14722381058054,0.0,0.0,0.0,0.0,0.0,0.0,0.0,0.0,0.0,0.0,0.0,0.0
2026-09-27,EP902026,47,2026-10-09 18:00:00,12 days 18:00:00,306,28.01,-132.44,1009.0,21.4,92.51255348269385,0.0,0.0,0.0,0.0,0.0,0.0,0.0,0.0,0.0,0.0,0.0,0.0
2026-09-27,EP902026,47,2026-10-10 00:00:00,13 days 00:00:00,312,28.55,-133.17,1009.2,18.6,115.23227660455818,0.0,0.0,0.0,0.0,0.0,0.0,0.0,0.0,0.0,0.0,0.0,0.0
2026-09-27,EP902026,47,2026-10-10 06:00:00,13 days 06:00:00,318,28.44,-133.86,1009.7,17.0,71.61626195092686,0.0,0.0,0.0,0.0,0.0,0.0,0.0,0.0,0.0,0.0,0.0,0.0
2026-09-27,EP902026,47,2026-10-10 12:00:00,13 days 12:00:00,324,28.33,-135.58,1008.2,20.4,93.2858476731458,0.0,0.0,0.0,0.0,0.0,0.0,0.0,0.0,0.0,0.0,0.0,0.0
2026-09-27,EP902026,47,2026-10-10 18:00:00,13 days 18:00:00,330,28.72,-134.36,1009.7,20.2,90.4589036682226,0.0,0.0,0.0,0.0,0.0,0.0,0.0,0.0,0.0,0.0,0.0,0.0
2026-09-27,WP252026,47,2026-09-27 00:00:00,0 days 00:00:00,0,24.6,127.6,964.0,89.0,22.0,102.0,121.0,102.0,93.0,,,,,,,,
2026-09-27,WP252026,47,2026-09-27 06:00:00,0 days 06:00:00,6,25.42,128.22,935.5,122.0,2.7950248530990685,124.8500196653332,171.556473667118,127.20258686720136,87.76484643613855,109.95797008971115,113.2434212521872,88.14568135705595,83.3596655684218,56.88306440677523,58.57555833344901,48.03964597516148,47.72631567815375
2026-09-27,WP252026,47,2026-09-27 12:00:00,0 days 12:00:00,12,25.85,128.98,940.8,109.7,19.719856328526177,144.37792110648004,176.45751151759026,147.59768125581726,126.09717308215156,61.38627451006485,84.94325201955459,73.45338699816399,49.00527704828804,41.130804303433166,45.57303613746035,39.27602002316759,36.16568507699168
2026-09-27,WP252026,47,2026-09-27 18:00:00,0 days 18:00:00,18,26.24,129.72,964.3,89.4,24.80933472961947,163.6821008092891,167.30320224441436,161.87106500453453,151.42409648978736,86.69869148316941,103.64817717990525,94.29512512575576,75.88354042478878,61.70609745263942,65.53164515562503,56.560571494167846,51.04854397515736
2026-09-27,WP252026,47,2026-09-28 00:00:00,1 days 00:00:00,24,26.49,130.68,954.3,99.4,38.43717248505308,142.57631429359787,153.72298206139263,144.4141757240586,90.80924464647624,84.15785472528803,106.29746554995116,94.74917238309408,68.46511782657007,50.988642489262446,57.06452049572409,49.60098432418254,43.73424272945015
2026-09-27,WP252026,47,2026-09-28 06:00:00,1 days 06:00:00,30,26.97,131.09,978.7,69.3,23.3048742833862,121.76630843041312,192.12984709308512,162.10362160578006,108.15321408806268,65.79207701555879,82.63666328659201,68.51232118254484,48.90225634685157,38.5615340431832,41.17173032588562,35.18102742782139,30.56289449528822
2026-09-27,WP252026,47,2026-09-28 12:00:00,1 days 12:00:00,36,27.5,132.23,990.9,56.4,37.31149641201432,147.32178021847338,147.56078310139677,118.38796882547632,118.92084715929604,47.85485773709564,48.10617961867532,33.76417052076846,32.48790509664363,0.0,0.0,0.0,0.0
2026-09-27,WP252026,47,2026-09-28 18:00:00,1 days 18:00:00,42,28.28,132.8,992.3,46.3,59.01361340085617,162.78273543254886,168.10223584245227,127.19739683434216,129.12509033955314,0.0,0.0,0.0,0.0,0.0,0.0,0.0,0.0
2026-09-27,WP252026,47,2026-09-29 00:00:00,2 days 00:00:00,48,28.39,133.43,996.4,47.9,26.744051462667333,119.49308140885108,146.1951693729233,121.91643780543622,102.44698440308989,0.0,0.0,0.0,0.0,0.0,0.0,0.0,0.0
2026-09-27,WP252026,47,2026-09-29 06:00:00,2 days 06:00:00,54,28.77,134.24,995.5,45.7,39.13506960005308,164.66378063047642,196.2910426762753,157.5240518573266,139.45910818522816,0.0,0.0,0.0,0.0,0.0,0.0,0.0,0.0
2026-09-27,WP252026,47,2026-09-29 12:00:00,2 days 12:00:00,60,29.04,135.02,989.1,48.5,54.36430518041726,169.47076337646763,245.3495130346488,214.89623147737103,161.82080307377908,0.0,0.0,0.0,0.0,0.0,0.0,0.0,0.0
2026-09-27,WP252026,47,2026-09-29 18:00:00,2 days 18:00:00,66,29.44,136.01,987.8,46.6,57.45614084163709,152.17942633100904,172.2915624644973,124.54073259440936,119.53004103470872,0.0,0.0,0.0,0.0,0.0,0.0,0.0,0.0
2026-09-27,WP252026,47,2026-09-30 00:00:00,3 days 00:00:00,72,29.68,137.07,995.4,34.6,44.42805607361527,56.270042622405256,80.62276403419034,69.56070580395803,45.84930595361796,0.0,0.0,0.0,0.0,0.0,0.0,0.0,0.0
2026-09-27,WP252026,47,2026-09-30 06:00:00,3 days 06:00:00,78,30.57,137.36,997.4,34.8,85.11624321473604,70.04621948082924,85.11624321473604,60.25503793961717,55.85156536227066,0.0,0.0,0.0,0.0,0.0,0.0,0.0,0.0
2026-09-27,WP252026,47,2026-09-30 12:00:00,3 days 12:00:00,84,31.12,137.97,999.1,30.4,67.2244664115024,0.0,0.0,0.0,0.0,0.0,0.0,0.0,0.0,0.0,0.0,0.0,0.0
2026-09-27,WP252026,47,2026-09-30 18:00:00,3 days 18:00:00,90,31.81,138.43,996.5,29.3,88.63454933651792,0.0,0.0,0.0,0.0,0.0,0.0,0.0,0.0,0.0,0.0,0.0,0.0
2026-09-27,WP252026,47,2026-10-01 00:00:00,4 days 00:00:00,96,32.63,139.25,998.6,35.4,94.25943464167584,35.19890869295028,94.25943464167584,16.819210859781425,23.097916039645508,0.0,0.0,0.0,0.0,0.0,0.0,0.0,0.0
2026-09-27,WP252026,47,2026-10-01 06:00:00,4 days 06:00:00,102,34.57,141.14,992.4,34.5,86.57713429138312,0.0,86.57713429138312,2.723059811018743,0.0,0.0,0.0,0.0,0.0,0.0,0.0,0.0,0.0
2026-09-27,WP252026,47,2026-10-01 12:00:00,4 days 12:00:00,108,36.06,144.29,1000.5,36.3,119.39400164092103,25.037841131051096,119.39400164092103,12.325589587912075,0.0,0.0,0.0,0.0,0.0,0.0,0.0,0.0,0.0
2026-09-27,WP252026,47,2026-10-01 18:00:00,4 days 18:00:00,114,37.57,147.05,996.3,36.7,115.04001631155757,0.0,115.04001631155757,0.0,0.0,0.0,0.0,0.0,0.0,0.0,0.0,0.0,0.0
2026-09-27,AL062026,48,2026-09-27 00:00:00,0 days 00:00:00,0,29.8,-43.9,1010.0,29.0,56.0,0.0,0.0,0.0,0.0,0.0,0.0,0.0,0.0,0.0,0.0,0.0,0.0
2026-09-27,EP152026,48,2026-09-27 00:00:00,0 days 00:00:00,0,16.7,-156.1,972.0,80.0,37.0,241.0,185.0,185.0,241.0,93.0,74.0,93.0,111.0,56.0,46.0,56.0,56.0
2026-09-27,EP152026,48,2026-09-27 06:00:00,0 days 06:00:00,6,16.47,-156.86,968.9,86.0,35.461585238452045,170.63304544228504,152.597746415953,133.06293241026256,183.58256579482145,97.40504200555084,72.02501869693518,68.27689281903191,92.78824909685493,54.7189508181888,43.95471840917489,38.99970716828213,49.58800800568247
2026-09-27,EP152026,48,2026-09-27 12:00:00,0 days 12:00:00,12,16.16,-157.79,964.3,96.5,26.159520893191115,201.46881532752707,192.083049312487,179.04260893076955,207.44494025192216,112.35256086002607,89.86066458385636,86.80767951863646,115.9338479555251,56.711383794213816,44.70631240488683,39.17973389640113,51.24416150681742
2026-09-27,EP152026,48,2026-09-27 18:00:00,0 days 18:00:00,18,16.02,-158.75,962.3,99.9,21.10506796228624,182.6914769436508,127.08413425683644,91.48358497292148,209.2255049132022,118.28854027598624,82.65966090732437,73.61960609762241,112.13050811216704,48.01472827920245,37.93569050448073,29.62655147012136,42.74290736302021
2026-09-27,EP152026,48,2026-09-28 00:00:00,1 days 00:00:00,24,16.42,-159.58,952.9,105.4,28.19755574923161,159.50175098917737,137.2110649955451,118.8116524647438,161.3992621237819,102.3032683134772,76.89409641079706,64.15963920789406,93.27598755688436,58.45643253939879,45.4315207212739,34.13463245750283,50.62880509327513
2026-09-27,EP152026,48,2026-09-28 06:00:00,1 days 06:00:00,30,16.55,-160.71,944.8,120.1,10.989796885232217,166.30095288545957,167.46263423523777,142.61536550573615,174.7330122542992,124.42525820136844,108.3099257388258,99.5361700609078,119.71293492331078,69.40823625769625,58.76289742600096,49.47232995696489,62.76480770650049
2026-09-27,EP152026,48,2026-09-28 12:00:00,1 days 12:00:00,36,17.21,-161.55,951.7,116.8,24.91352643549069,188.8533372601993,189.0267683710028,130.8987560896765,172.03273140656017,119.2620909032156,86.03529926302772,65.83254508541049,100.41049942192376,56.74561409507289,43.21580953518787,33.4847510703444,49.01800815221375
2026-09-27,EP152026,48,2026-09-28 18:00:00,1 days 18:00:00,42,17.92,-162.46,944.0,117.8,0.0,224.9828178911701,218.4953961601616,149.26910441335176,178.3105076855542,115.35759918702612,108.65740027342846,85.3586384332219,93.76791920389384,59.5168451115466,53.00738236439868,40.4351697740323,49.93328265109489
2026-09-27,EP152026,48,2026-09-29 00:00:00,2 days 00:00:00,48,18.82,-162.88,953.6,113.7,19.662735548865378,201.7321847947694,188.8089799674485,118.86969562063024,148.808209013509,105.68370039188606,91.58146027845017,62.23694152893648,86.60997977929198,59.64103271527654,51.29889002980302,37.95081245357648,49.2858215218721
2026-09-27,EP152026,48,2026-09-29 06:00:00,2 days 06:00:00,54,19.83,-163.43,961.5,99.0,35.86719814022775,237.6223504478604,197.06653445162624,134.3647073682127,178.76105205259023,93.24722905187625,79.88262031596217,54.96045189380892,78.00794342506961,47.17803841154243,40.16831929176415,29.36483056838228,37.90288321409274
2026-09-27,EP152026,48,2026-09-29 12:00:00,2 days 12:00:00,60,20.94,-163.54,975.2,79.9,23.602345258443503,174.45222349538244,163.16969618936992,147.3547154424905,161.90283961172054,97.35171445091078,85.25872165784199,69.39347618121695,89.97955668951238,40.01511355028077,33.8313049217295,24.597073870408963,35.2741027447243
2026-09-27,EP152026,48,2026-09-29 18:00:00,2 days 18:00:00,66,21.79,-164.12,992.7,64.5,72.06609601132595,207.87233190183724,136.43551991739423,139.3136986569789,180.8564839439732,122.80407256119634,99.70820815695242,73.68847946596725,101.91697993025218,0.2049857527376701,0.0,0.0,72.06609601132595
2026-09-27,EP152026,48,2026-09-30 00:00:00,3 days 00:00:00,72,22.62,-164.46,992.2,54.7,42.29546269700079,339.14793072103106,224.8054782896852,166.33273638867024,318.8077677630619,150.48431627276668,111.46163688572534,73.8756950110825,118.31803939369269,0.0,0.0,0.0,0.0
2026-09-27,EP152026,48,2026-09-30 06:00:00,3 days 06:00:00,78,22.85,-164.97,991.1,51.7,76.61764534447924,259.76391902501507,192.6493366184432,159.91056759211972,238.60084534669735,97.4496526558202,77.66096547658859,63.346300724940406,88.252391407321,0.0,0.0,0.0,0.0
2026-09-27,EP152026,48,2026-09-30 12:00:00,3 days 12:00:00,84,22.48,-166.0,987.9,57.3,31.26845510917453,208.8273543351808,143.53063473783394,152.07569789339098,218.99391935949697,96.043097408921,78.94675419490059,73.0425456726856,93.23087339748407,0.0,0.0,0.0,0.0
2026-09-27,EP152026,48,2026-09-30 18:00:00,3 days 18:00:00,90,21.86,-166.54,992.0,52.2,82.34712547050836,150.85729736735175,80.75375618849006,89.7036201743758,165.7498616688938,82.34712547050836,28.946126338891872,19.55094104642285,32.18834307553972,0.0,0.0,0.0,0.0
2026-09-27,EP152026,48,2026-10-01 00:00:00,4 days 00:00:00,96,21.4,-167.08,993.6,48.5,48.78138310399113,155.4114664821255,97.45838119955803,93.07874685106856,165.81569135558908,0.0,0.0,0.0,0.0,0.0,0.0,0.0,0.0
2026-09-27,EP152026,48,2026-10-01 06:00:00,4 days 06:00:00,102,20.74,-167.91,999.9,44.7,136.11632053690755,136.11632053690755,63.330171393223054,52.99405830675664,98.11963869181,0.0,0.0,0.0,0.0,0.0,0.0,0.0,0.0
2026-09-27,EP152026,48,2026-10-01 12:00:00,4 days 12:00:00,108,20.72,-168.7,995.8,49.3,60.93755237117672,151.93827099286597,84.22670732345992,50.03916024061413,132.34668122835086,0.0,0.0,0.0,0.0,0.0,0.0,0.0,0.0
2026-09-27,EP152026,48,2026-10-01 18:00:00,4 days 18:00:00,114,20.33,-168.98,998.4,46.2,76.21057279935263,200.06744318811,136.38578196294316,95.88780934132724,178.61769191732344,0.0,0.0,0.0,0.0,0.0,0.0,0.0,0.0
2026-09-27,EP152026,48,2026-10-02 00:00:00,5 days 00:00:00,120,20.43,-169.25,997.8,42.5,93.74806814399994,101.1310079582347,48.59931434511884,51.47238931751781,100.62889852432568,0.0,0.0,0.0,0.0,0.0,0.0,0.0,0.0
2026-09-27,EP152026,48,2026-10-02 06:00:00,5 days 06:00:00,126,20.45,-169.58,999.2,46.6,60.841107561401074,124.47978585607822,55.55980137999316,71.88490473556843,128.8487027982315,0.0,0.0,0.0,0.0,0.0,0.0,0.0,0.0
2026-09-27,EP152026,48,2026-10-02 12:00:00,5 days 12:00:00,132,20.32,-169.57,991.2,46.7,41.112582198433785,125.89066220987804,95.00741072261503,97.1056708702033,117.60521345374096,0.0,0.0,0.0,0.0,0.0,0.0,0.0,0.0
2026-09-27,EP152026,48,2026-10-02 18:00:00,5 days 18:00:00,138,20.74,-169.7,988.2,48.9,53.72621592614698,240.18490395540957,167.78180207195413,143.05921073019397,232.24219905815005,0.0,0.0,0.0,0.0,0.0,0.0,0.0,0.0
2026-09-27,EP152026,48,2026-10-03 00:00:00,6 days 00:00:00,144,20.78,-170.18,993.7,51.7,42.12437695397723,177.87310571743927,125.5494730061721,99.17556091930628,156.30473916934022,42.12437695397723,23.15592272005925,14.107354432198663,29.388631973349028,0.0,0.0,0.0,0.0
2026-09-27,EP152026,48,2026-10-03 06:00:00,6 days 06:00:00,150,20.9,-170.65,988.8,55.9,41.95259884189105,175.58509749306756,131.18111418552468,146.09311164639587,174.08494041238944,78.19039434860936,65.15393984599297,59.20590489440449,73.16615716086497,0.0,0.0,0.0,0.0
2026-09-27,EP152026,48,2026-10-03 12:00:00,6 days 12:00:00,156,20.63,-171.7,986.1,63.1,28.19502650440477,133.66119924894198,119.36397906348093,119.61229089725524,145.77374682377354,85.60041180498706,70.53765676317713,56.84447553907928,74.70201170559642,0.0,0.0,0.0,0.0
2026-09-27,EP152026,48,2026-10-03 18:00:00,6 days 18:00:00,162,20.64,-172.64,978.5,68.1,25.204691731742518,207.66414034407532,136.37659929269105,119.78357274973224,209.6399246038127,112.25108203887248,85.10070640567756,66.44048761857312,101.7088018932236,38.6603792051742,30.31454905351802,23.400910523001585,33.7686466107873
2026-09-27,EP152026,48,2026-10-04 00:00:00,7 days 00:00:00,168,20.69,-173.99,990.2,52.6,24.241062540396957,126.42018213146989,73.8626964492604,73.92474020311852,137.24357405616004,24.241062540396957,9.612313146991095,12.429278095453329,18.585203779375604,0.0,0.0,0.0,0.0
2026-09-27,EP152026,48,2026-10-04 06:00:00,7 days 06:00:00,174,21.21,-175.15,987.3,62.5,30.189035597161663,190.0319059261932,110.66181356381249,80.53377506643199,158.3046536402341,77.9061869727273,55.49147807468711,33.086439324276334,58.959938391718936,0.0,0.0,0.0,0.0
2026-09-27,EP152026,48,2026-10-04 12:00:00,7 days 12:00:00,180,21.48,-176.73,989.1,58.4,26.392386707351942,181.27999513313685,105.980100726994,102.01653697021312,161.96595675494996,83.92194961320439,67.65306461554894,46.022923991140594,69.40164633709361,0.0,0.0,0.0,0.0
2026-09-27,EP152026,48,2026-10-04 18:00:00,7 days 18:00:00,186,22.27,-178.33,988.0,57.9,14.948676316806209,216.48564552879225,122.30129369785766,105.67851325553424,229.2612843121234,107.80301443776858,79.86421596776674,55.498333824590745,98.01775364169802,0.0,0.0,0.0,0.0
2026-09-27,EP152026,48,2026-10-05 00:00:00,8 days 00:00:00,192,22.8,-179.79,987.1,59.7,26.32044039110932,234.23041086395693,127.5837107517818,86.02498998064038,197.4822545465528,89.72068743754403,58.22160443766297,35.295821164205975,68.09584035753761,0.0,0.0,0.0,0.0
2026-09-27,EP152026,48,2026-10-05 06:00:00,8 days 06:00:00,198,23.37,178.64,976.7,78.8,23.80882595829313,191.6201578709345,117.06150658121064,70.29312804465167,171.09788543349347,84.53731978405284,64.94697113359639,37.09679995688091,69.58308311538322,44.53567860319298,35.220178861163866,24.58015431018086,35.35304212990263
2026-09-27,EP152026,48,2026-10-05 12:00:00,8 days 12:00:00,204,23.35,177.07,964.6,92.1,25.07622647223469,221.40845501772367,148.022405388802,138.48180565094816,243.0539970539681,102.3041979120502,76.75988405109558,59.0010835759322,98.53288135282052,63.973558142939495,50.435902081389344,38.35285236550786,55.44610262934976
2026-09-27,EP152026,48,2026-10-05 18:00:00,8 days 18:00:00,210,23.19,175.63,976.7,75.9,27.667710524745104,213.1657576192598,145.95429532811556,122.26667189851564,230.69535059744655,106.49194389937236,66.01280367497466,50.71508991130304,101.09428435019096,53.60314669415773,41.16941880694338,30.252417274321708,47.74724668707103
2026-09-27,EP152026,48,2026-10-06 00:00:00,9 days 00:00:00,216,23.17,173.94,970.3,76.8,28.98987253809581,187.35706072922363,107.49049707968388,63.98471143803002,170.00304160350464,72.95496959359724,53.736947620716165,33.093200596921065,62.700671031725165,30.13062842103062,22.6036588367072,17.201449659789386,26.020674038304925
2026-09-27,EP152026,48,2026-10-06 06:00:00,9 days 06:00:00,222,23.3,172.27,967.9,83.3,17.44212467149903,175.12590488459614,99.92498905619996,80.11362107851988,195.13833483311032,91.25913196383158,62.99278340405996,51.18207458410642,85.28923296463834,66.4005199343904,57.50220187379741,43.80558067099301,57.09515639047849
2026-09-27,EP152026,48,2026-10-06 12:00:00,9 days 12:00:00,228,23.68,170.28,961.4,94.6,6.403795550669685,171.6802266316223,160.78316883612547,105.12093583834196,139.1173473352569,78.30991532329648,66.58009285819497,43.74016038259677,63.42101598754368,51.29766022355136,41.65694056905113,30.25218308809092,40.52840942319602
2026-09-27,EP152026,48,2026-10-06 18:00:00,9 days 18:00:00,234,24.52,168.27,975.1,72.6,1.7797921627670874,211.4188665326866,133.29084372611155,76.44950627803635,141.5933604273954,92.25454696669448,72.06958216213403,42.60018015714548,67.16271625037895,48.374924231899485,35.425752958503985,24.97949575709312,35.52689903678765
2026-09-27,EP152026,48,2026-10-07 00:00:00,10 days 00:00:00,240,25.28,166.07,971.7,74.8,11.0717492387231,140.98839850691826,102.29260703761096,98.34767214985264,125.94062814593404,74.81897878321831,71.87506856199678,52.633808254319874,61.13747097194087,40.85487732891994,36.36748557078266,26.479365490370604,33.13087026035655
2026-09-27,EP152026,48,2026-10-07 06:00:00,10 days 06:00:00,246,26.21,164.17,973.9,88.1,11.643123445749268,157.04674976744172,183.74794530892336,139.47405481812132,109.61356265761329,93.4566806479437,91.21136958573538,66.92374013254178,72.26526526110223,42.70754949557201,41.25602310193864,29.316259901729996,34.858507746518626
2026-09-27,EP152026,48,2026-10-07 12:00:00,10 days 12:00:00,252,27.26,162.5,969.1,85.2,16.739764478045068,127.56859316593804,143.7166782772373,101.5046001447413,95.61014800689082,79.27697657741686,77.21168865490185,55.44119507240971,64.46943653347765,35.92615277604146,33.31241560352425,22.739287525729875,30.543419940156983
2026-09-27,EP152026,48,2026-10-07 18:00:00,10 days 18:00:00,258,28.16,161.83,970.8,86.3,10.488272870903526,127.60107157574647,138.07294438748562,115.54241221821896,112.54302188819445,78.74894984580529,79.17753961181887,56.79605209079576,65.26574625691339,59.65471329161063,53.530444652797584,41.953302106236194,49.35807205472218
2026-09-27,EP152026,48,2026-10-08 00:00:00,11 days 00:00:00,264,29.31,161.6,975.2,85.8,18.459855823325483,131.87814616400493,196.40081329582657,153.81235178000327,117.39850445692625,81.1793243493176,90.7751762377446,70.66700544300815,64.47847174536575,47.8273115716175,48.14396520286088,40.34887182402257,41.51227424239343
2026-09-27,EP152026,48,2026-10-08 06:00:00,11 days 06:00:00,270,30.04,161.96,983.6,72.7,38.7803471004396,149.2822625872065,130.05357039155112,140.35813289607077,148.2352858714902,74.42099621936184,82.22446525902431,77.27669181762035,69.60428997440843,74.42099621936184,78.05437561944336,63.87944299134645,63.27447604113489
2026-09-27,EP152026,48,2026-10-08 12:00:00,11 days 12:00:00,276,30.37,162.42,985.1,67.7,55.34729477158879,160.2777472322471,154.4877424022477,168.2237938971234,151.50190904975784,80.697505678563,86.22138126774416,75.34011873497508,71.41893762577047,38.36708194275502,55.34729477158879,35.556413879317205,33.07154099657666
2026-09-27,EP152026,48,2026-10-08 18:00:00,11 days 18:00:00,282,30.75,163.32,985.2,68.0,22.99608933748801,96.35586123492602,98.82405405308675,114.2852016058901,113.07232502172512,48.99055218048237,58.01817192169377,60.37532196292536,55.30345119852426,43.19064063018637,43.61172013527694,39.370360977249234,36.99234587870522
2026-09-27,EP152026,48,2026-10-09 00:00:00,12 days 00:00:00,288,30.17,164.54,982.4,67.4,13.00081080869236,92.811707576102,131.3372542091808,169.90209543665642,117.68884801113042,41.375752507687885,62.17738107778881,63.23775761329716,41.21782905001589,10.29227595049698,16.479457678280824,16.256202665400462,10.845400080509735
2026-09-27,EP152026,48,2026-10-09 06:00:00,12 days 06:00:00,294,29.83,165.6,978.4,68.8,24.72788511238596,118.46577154790212,144.2307640368072,159.26858370170916,136.02785561259128,55.98520752405097,74.59666324317273,69.72040911550124,50.40653415768854,31.81363916808409,35.56877807942732,32.68916231245652,28.008047835261497
2026-09-27,EP152026,48,2026-10-09 12:00:00,12 days 12:00:00,300,29.59,166.57,982.3,68.8,51.79303503932685,109.24299176000002,145.1969721350028,174.05517626224133,133.71059532191984,77.49049465690857,84.2996630425503,75.73713952188112,70.1341921915076,10.839282234988078,12.762524303496606,51.79303503932685,11.415557663533962
2026-09-27,EP152026,48,2026-10-09 18:00:00,12 days 18:00:00,306,29.27,167.38,992.9,57.0,48.37666717874261,102.1553376895477,104.21858603669968,179.19323268191582,123.00211996841428,84.64327927152351,93.48515393191452,86.13631949395437,78.52264384767086,0.0,0.0,0.0,0.0
2026-09-27,EP152026,48,2026-10-10 00:00:00,13 days 00:00:00,312,29.05,168.05,987.9,58.8,46.31176313869031,91.33012210863842,82.81793549752672,99.29875452277372,99.3698009292316,59.09834080769241,59.99920441569304,51.74314273559719,52.60491284822581,0.0,0.0,0.0,0.0
2026-09-27,EP152026,48,2026-10-10 06:00:00,13 days 06:00:00,318,28.81,168.73,984.7,74.4,24.694154400654867,118.65489694458468,102.46260182516912,104.73362682067112,109.90392924498693,33.02909457181314,33.06527710501565,25.76157999527878,20.244468702344133,18.19797738140197,24.694154400654867,19.400491946906143,14.196620807922717
2026-09-27,EP152026,48,2026-10-10 12:00:00,13 days 12:00:00,324,28.95,170.15,987.4,61.8,24.461290268111043,81.70785275218077,103.82150704530068,103.69803438324016,82.80353369342629,17.406497872885666,25.70270968650584,24.487530697573675,9.789305471007538,0.0,0.0,0.0,0.0
2026-09-27,EP152026,48,2026-10-10 18:00:00,13 days 18:00:00,330,28.93,171.09,989.5,50.7,33.175659315620806,66.91386825791278,98.1810161741828,80.14376324281682,66.67861733550797,14.420857175827969,33.175659315620806,12.759127169755176,9.446646995971044,0.0,0.0,0.0,0.0
2026-09-27,EP152026,48,2026-10-11 00:00:00,14 days 00:00:00,336,28.96,172.36,991.3,48.0,28.694304410080846,120.75295047705464,136.7348824328966,118.25627190718764,109.57089585328806,0.0,0.0,0.0,0.0,0.0,0.0,0.0,0.0
2026-09-27,EP152026,48,2026-10-11 06:00:00,14 days 06:00:00,342,28.91,173.63,992.8,45.2,42.45904683123229,105.48656687929127,119.97207857404064,109.45688252059226,95.19617940218608,0.0,0.0,0.0,0.0,0.0,0.0,0.0,0.0
2026-09-27,EP152026,48,2026-10-11 12:00:00,14 days 12:00:00,348,28.39,174.76,998.6,39.2,47.10212854768968,90.4270654383086,99.68383785707466,91.22307337757054,89.6587684152075,0.0,0.0,0.0,0.0,0.0,0.0,0.0,0.0
2026-09-27,EP152026,48,2026-10-11 18:00:00,14 days 18:00:00,354,28.24,176.14,1000.1,35.2,85.53076736764372,1.3234591836105525,85.53076736764372,12.799464208963236,13.234095676670298,0.0,0.0,0.0,0.0,0.0,0.0,0.0,0.0
2026-09-27,EP152026,48,2026-10-12 00:00:00,15 days 00:00:00,360,28.02,176.5,1000.4,32.4,93.88971685638352,0.0,0.0,0.0,0.0,0.0,0.0,0.0,0.0,0.0,0.0,0.0,0.0
2026-09-27,EP162026,48,2026-09-27 00:00:00,0 days 00:00:00,0,20.8,-123.6,975.0,76.0,28.0,167.0,167.0,148.0,185.0,93.0,74.0,74.0,93.0,65.0,46.0,37.0,56.0
2026-09-27,EP162026,48,2026-09-27 06:00:00,0 days 06:00:00,6,21.38,-123.5,990.2,64.2,50.60152470512546,141.71543273603868,163.38181141247605,144.82115115772086,136.82236759255318,71.7516415097228,67.3690617832671,47.995257891547496,65.38924261455297,2.423600183288717,50.60152470512546,1.704605273067464,2.7938134321640096
2026-09-27,EP162026,48,2026-09-27 12:00:00,0 days 12:00:00,12,22.08,-123.32,998.6,45.2,50.66473791957157,147.68214152567373,127.87373097848874,87.74290569317725,113.80234600914596,0.0,0.0,0.0,0.0,0.0,0.0,0.0,0.0
2026-09-27,EP162026,48,2026-09-27 18:00:00,0 days 18:00:00,18,22.34,-123.18,999.2,36.7,66.82405343079986,69.96076482284522,60.71811080326872,61.39831603261463,51.12366957492715,0.0,0.0,0.0,0.0,0.0,0.0,0.0,0.0
2026-09-27,EP162026,48,2026-09-28 00:00:00,1 days 00:00:00,24,22.46,-123.13,1002.2,31.0,91.42171165893292,0.0,0.0,0.0,0.0,0.0,0.0,0.0,0.0,0.0,0.0,0.0,0.0
2026-09-27,EP162026,48,2026-09-28 06:00:00,1 days 06:00:00,30,22.53,-122.83,1003.4,27.6,109.75141570225104,0.0,0.0,0.0,0.0,0.0,0.0,0.0,0.0,0.0,0.0,0.0,0.0
2026-09-27,EP162026,48,2026-09-28 12:00:00,1 days 12:00:00,36,22.54,-122.66,1005.0,25.0,92.81736060533036,0.0,0.0,0.0,0.0,0.0,0.0,0.0,0.0,0.0,0.0,0.0,0.0
2026-09-27,EP162026,48,2026-09-28 18:00:00,1 days 18:00:00,42,22.22,-122.4,1006.3,23.5,103.77506109560818,0.0,0.0,0.0,0.0,0.0,0.0,0.0,0.0,0.0,0.0,0.0,0.0
2026-09-27,EP162026,48,2026-09-29 00:00:00,2 days 00:00:00,48,21.36,-122.57,1006.2,19.6,128.62675762985756,0.0,0.0,0.0,0.0,0.0,0.0,0.0,0.0,0.0,0.0,0.0,0.0
2026-09-27,EP162026,48,2026-09-29 06:00:00,2 days 06:00:00,54,20.7,-122.53,1006.6,20.1,108.17290763469197,0.0,0.0,0.0,0.0,0.0,0.0,0.0,0.0,0.0,0.0,0.0,0.0
2026-09-27,EP172026,48,2026-09-27 00:00:00,0 days 00:00:00,0,19.0,-112.9,946.0,111.0,28.0,259.0,185.0,167.0,185.0,111.0,111.0,93.0,93.0,65.0,65.0,46.0,56.0
2026-09-27,EP172026,48,2026-09-27 06:00:00,0 days 06:00:00,6,19.79,-113.47,936.1,127.5,12.201689356164708,224.01047891619143,254.71850810690196,179.17402914854392,146.90546352002184,106.44135931335768,105.3477510974335,82.89790773770028,79.38870260685462,74.02318615921376,69.46729193468605,52.85640387027229,59.11027443329976
2026-09-27,EP172026,48,2026-09-27 12:00:00,0 days 12:00:00,12,20.69,-113.88,929.3,132.0,18.86824951949353,191.9505138750818,226.53016163955635,173.0539570290158,159.61599982031618,111.42195713018418,113.94064602459945,88.12092026080978,92.51992747424424,62.03620483048195,57.40310766373577,46.62880878041277,52.515552484495885
2026-09-27,EP172026,48,2026-09-27 18:00:00,0 days 18:00:00,18,21.65,-114.13,939.5,121.7,17.882665648911882,182.98061698646416,173.6024512348165,85.73285665895298,120.64175921102652,98.59822039256528,95.01329112223095,62.727041251501646,73.88290615944618,63.138058912543045,58.071592412479504,43.53443073166415,50.54151205280084
2026-09-27,EP172026,48,2026-09-28 00:00:00,1 days 00:00:00,24,22.7,-114.2,937.5,124.2,13.891662109361228,160.0909193962117,200.0149139772285,134.4938549204849,118.12220978101654,95.38304810870376,95.3237016810026,68.41649944718206,73.58523894790412,64.90945807419435,58.80387772363288,44.65170108461786,52.47996997172545
2026-09-27,EP172026,48,2026-09-28 06:00:00,1 days 06:00:00,30,23.57,-113.97,952.9,103.0,26.484516335800595,185.39031768754035,186.8680469380629,128.39813083266847,140.27466995960427,106.1985246110698,90.70141620712168,54.53688385735629,77.57976755623852,59.93541246725411,52.41996310244574,34.94070351652184,45.8472246168486
2026-09-27,EP172026,48,2026-09-28 12:00:00,1 days 12:00:00,36,24.41,-113.65,955.1,106.3,22.72443196416657,151.17899009984117,186.074925523167,133.98181592617416,108.11446977779391,80.71750920853103,92.08649880935648,68.7979026067951,55.98986083521238,53.12187030177505,53.273688039231565,42.436410900458256,40.98752998759826
2026-09-27,EP172026,48,2026-09-28 18:00:00,1 days 18:00:00,42,25.29,-113.22,952.3,105.1,32.46311108544302,163.17317918596814,187.57701630766928,149.13620068178625,111.10078473386932,83.03315577588774,103.83981148962516,85.26265687400337,69.11941554329212,59.236227436494175,61.75693369034696,51.76663106365783,48.25713396016704
2026-09-27,EP172026,48,2026-09-29 00:00:00,2 days 00:00:00,48,26.22,-112.21,963.6,92.6,21.73870508044716,89.5065336595316,134.7315460319369,102.30453813782457,48.11245826036659,71.22924975738181,72.5470663759707,49.189665828525264,39.16493436430362,36.45781668657318,35.986109723167864,24.379940667895703,26.160491764703785
2026-09-27,EP172026,48,2026-09-29 06:00:00,2 days 06:00:00,54,27.04,-111.38,972.1,78.2,2.881097866905037,179.7066660322199,197.01164696753028,138.13240287163325,136.77788533430362,98.18944949040711,110.47842799133208,71.9805180539463,69.9125435077379,20.84788098740757,19.541994001342644,14.741790829625309,13.619095533638532
2026-09-27,EP172026,48,2026-09-29 12:00:00,2 days 12:00:00,60,28.22,-109.88,989.3,50.3,54.85560285748301,99.21391419809844,73.65376138044894,26.764389484079373,29.954024975729222,3.5975329149140123,54.85560285748301,0.0,0.0,0.0,0.0,0.0,0.0
2026-09-27,EP902026,48,2026-09-27 00:00:00,0 days 00:00:00,0,12.0,-98.6,1008.0,25.0,111.0,0.0,0.0,0.0,0.0,0.0,0.0,0.0,0.0,0.0,0.0,0.0,0.0
2026-09-27,EP902026,48,2026-09-27 06:00:00,0 days 06:00:00,6,12.08,-98.64,1004.8,30.1,140.8947622685189,0.0,0.0,0.0,0.0,0.0,0.0,0.0,0.0,0.0,0.0,0.0,0.0
2026-09-27,EP902026,48,2026-09-27 12:00:00,0 days 12:00:00,12,12.06,-98.87,1003.2,33.9,56.52982385339134,0.0,0.0,0.0,0.0,0.0,0.0,0.0,0.0,0.0,0.0,0.0,0.0
2026-09-27,EP902026,48,2026-09-27 18:00:00,0 days 18:00:00,18,12.38,-99.33,1004.3,35.5,114.747734820698,114.747734820698,25.368975486013916,10.165297586118031,30.362434993077912,0.0,0.0,0.0,0.0,0.0,0.0,0.0,0.0
2026-09-27,EP902026,48,2026-09-28 00:00:00,1 days 00:00:00,24,12.13,-99.98,1002.3,36.0,120.73944289342052,120.73944289342052,96.60992606625813,69.76103891892203,78.23662069621612,0.0,0.0,0.0,0.0,0.0,0.0,0.0,0.0
2026-09-27,EP902026,48,2026-09-28 06:00:00,1 days 06:00:00,30,12.54,-100.23,1001.3,36.7,102.96785999155873,174.2717386809136,174.6796486724952,163.92613081333002,149.74782235161,0.0,0.0,0.0,0.0,0.0,0.0,0.0,0.0
2026-09-27,EP902026,48,2026-09-28 12:00:00,1 days 12:00:00,36,13.32,-101.03,1001.3,46.8,97.58476479979495,309.3084930368035,304.6973656202262,231.40636655317883,254.8350886406924,0.0,0.0,0.0,0.0,0.0,0.0,0.0,0.0
2026-09-27,EP902026,48,2026-09-28 18:00:00,1 days 18:00:00,42,14.12,-102.31,1000.3,40.5,97.69312436542576,367.7600653381728,349.0706977783693,282.4137120843102,320.07753960220543,0.0,0.0,0.0,0.0,0.0,0.0,0.0,0.0
2026-09-27,EP902026,48,2026-09-29 00:00:00,2 days 00:00:00,48,14.07,-103.83,1000.5,48.7,96.96887659298292,257.8584564047544,211.1637164271112,150.20388701014335,189.4818818532455,0.0,0.0,0.0,0.0,0.0,0.0,0.0,0.0
2026-09-27,EP902026,48,2026-09-29 06:00:00,2 days 06:00:00,54,14.85,-104.68,993.8,51.5,137.4079406143092,366.8432564042613,334.30418237850483,264.3810199633624,314.04935351797155,137.4079406143092,9.10458073237144,5.187154000833987,9.98165601828479,0.0,0.0,0.0,0.0
2026-09-27,EP902026,48,2026-09-29 12:00:00,2 days 12:00:00,60,15.22,-105.74,993.3,57.1,66.55559216804772,189.2083259988871,163.43240352205825,82.38901151895922,135.5712381962638,66.55559216804772,40.30060067017428,20.56009231183267,32.0053556715168,0.0,0.0,0.0,0.0
2026-09-27,EP902026,48,2026-09-29 18:00:00,2 days 18:00:00,66,15.64,-107.07,991.3,60.0,59.47472406055581,251.2549220558047,215.6208150293982,175.18469549944956,232.2636548497585,59.47472406055581,41.01565091395085,29.840955623991743,35.45413970677112,0.0,0.0,0.0,0.0
2026-09-27,EP902026,48,2026-09-30 00:00:00,3 days 00:00:00,72,16.14,-107.93,986.1,65.8,43.7822340087142,296.5480150704841,256.02702554776545,235.14434388501135,277.91370578520025,152.76843201364736,132.988800499913,99.74680566932332,130.6627124973513,43.7822340087142,5.2285189207937695,0.851375475181563,7.241168314747223
2026-09-27,EP902026,48,2026-09-30 06:00:00,3 days 06:00:00,78,16.86,-108.96,979.1,73.5,36.957607596887534,181.29257637096595,179.15792920240355,110.90817418096724,121.86872397199286,83.30142308422116,74.04665059654045,48.52735011003815,62.02869307173887,36.957607596887534,18.57631486118233,13.318841392069109,17.721818735346307
2026-09-27,EP902026,48,2026-09-30 12:00:00,3 days 12:00:00,84,17.42,-109.32,975.9,78.7,41.605087455081005,172.64666937823037,228.6602713407981,178.84203192325086,134.62459470981125,87.08176201555341,80.57013059114772,58.94305702993884,62.19450409882885,41.605087455081005,33.46031144489891,25.9827504385776,31.73201450127447
2026-09-27,EP902026,48,2026-09-30 18:00:00,3 days 18:00:00,90,17.86,-109.58,977.2,75.9,30.67797113671954,233.62261704308256,234.5989005003658,183.57749492934252,182.061635634032,123.68293739335358,113.50733687063102,83.82255368956261,104.9860029871206,66.86437221682522,59.61174982391218,47.87541659723953,55.95698544645025
2026-09-27,EP902026,48,2026-10-01 00:00:00,4 days 00:00:00,96,18.36,-109.77,975.6,81.9,38.74716561327686,131.3679524694199,187.25874593543847,122.26039256155148,85.41956116226557,64.73642420824206,65.80431429401116,40.64185507092514,44.26442450967141,42.00568961569321,37.67388894119424,27.58069511192704,30.807622781469718
2026-09-27,EP902026,48,2026-10-01 06:00:00,4 days 06:00:00,102,18.46,-110.21,972.3,79.8,25.638060183477528,147.273389068143,141.27622934105403,121.9121424129372,135.80956426923754,68.07671179610573,67.3530814449131,53.22030432497809,54.93153483553923,42.67960431116724,37.18616628811952,30.273503927368065,34.10207595741184
2026-09-27,EP902026,48,2026-10-01 12:00:00,4 days 12:00:00,108,18.5,-110.65,970.4,82.6,22.39030228146919,109.30674287062736,155.58880142876347,169.1305533764819,98.88827563120924,71.86372627358836,75.90616947560792,58.7183605154462,59.40717564022079,26.577967272541727,21.77549869343676,19.12021931798712,21.859326058236977
2026-09-27,EP902026,48,2026-10-01 18:00:00,4 days 18:00:00,114,18.51,-110.61,982.4,69.4,33.468682437833195,165.21627852305392,200.6675412648256,159.7913181433687,153.9933690000471,101.66091510757542,98.63089063898587,69.46121660221615,76.55821468229624,33.468682437833195,8.600737607762767,5.943258366769896,6.450834895669004
2026-09-27,EP902026,48,2026-10-02 00:00:00,5 days 00:00:00,120,18.66,-110.69,985.0,62.2,48.91199685810886,122.90673665056758,170.31419792192474,148.13892766387715,100.16782962604177,78.35209132680336,87.76100816626274,69.37883497650667,60.19834937134782,0.0,0.0,0.0,0.0
2026-09-27,EP902026,48,2026-10-02 06:00:00,5 days 06:00:00,126,18.97,-110.73,984.6,58.7,65.77718271881638,147.9813122177233,150.5189187404168,125.36062359366323,128.51339030787648,65.77718271881638,35.38785056349934,25.13119124782294,31.162940818981752,0.0,0.0,0.0,0.0
2026-09-27,EP902026,48,2026-10-02 12:00:00,5 days 12:00:00,132,18.88,-110.67,991.4,48.5,53.968601398229225,100.1346980499144,136.0472694181272,120.76732563752547,95.24908240628818,0.0,0.0,0.0,0.0,0.0,0.0,0.0,0.0
2026-09-27,EP902026,48,2026-10-02 18:00:00,5 days 18:00:00,138,18.88,-110.27,991.4,51.7,63.95243158699891,103.04845355993912,132.0365640117301,116.61533786320076,98.02443640240338,63.95243158699891,18.222228661201136,12.135934025483229,13.72718326298942,0.0,0.0,0.0,0.0
2026-09-27,EP902026,48,2026-10-03 00:00:00,6 days 00:00:00,144,19.04,-109.91,993.3,44.9,41.49529668137292,130.35051400539692,142.85423886360817,111.95914699692308,115.55124455182722,0.0,0.0,0.0,0.0,0.0,0.0,0.0,0.0
2026-09-27,EP902026,48,2026-10-03 06:00:00,6 days 06:00:00,150,19.04,-109.79,990.9,58.4,78.19152478038666,144.51584926727696,179.2243089883226,128.19746598268588,119.29234484670056,78.19152478038666,70.70246079156962,45.5918125397204,51.261449497359365,0.0,0.0,0.0,0.0
2026-09-27,EP902026,48,2026-10-03 12:00:00,6 days 12:00:00,156,18.84,-109.55,979.3,67.3,39.71285797717313,156.55745861590833,191.120238058219,161.21470587653607,132.30025446821577,78.83233924721874,82.63174879421072,65.86369401072503,61.68596481638425,39.71285797717313,26.410602101942995,22.270990809740365,21.530551905720007
2026-09-27,EP902026,48,2026-10-03 18:00:00,6 days 18:00:00,162,18.77,-109.4,976.4,74.4,34.1159880912336,153.25428820593777,194.50119380879,153.67329974178512,138.02777525767243,62.41372692878511,65.64406492278059,55.81562344684366,54.577846842735646,34.1159880912336,26.735556014223413,21.860046243658253,22.17918539370373
2026-09-27,EP902026,48,2026-10-04 00:00:00,7 days 00:00:00,168,19.08,-109.05,985.1,67.8,45.19067431862354,113.90377724537078,155.48869119424646,146.6234946718304,99.10265223547958,72.92012057418053,89.73982635965956,72.87226368395304,59.366420362808434,39.51232356967692,45.19067431862354,35.07242412447145,31.809226377479277
2026-09-27,EP902026,48,2026-10-04 06:00:00,7 days 06:00:00,174,19.23,-108.75,979.8,68.7,10.312033846077917,184.8254465891116,210.5276770116089,162.941183756144,153.45058657518112,105.61003926267202,112.00524782538696,90.49690427405994,80.59295226637951,51.234601010454654,51.60093174735228,42.69496532527149,40.60489014091099
2026-09-27,EP902026,48,2026-10-04 12:00:00,7 days 12:00:00,180,19.72,-108.77,978.4,66.6,43.64672180836571,218.74238811091016,251.18042834441695,151.7184003848816,145.6908127672396,101.78386288505712,95.02639418520069,61.397217015851645,62.85085941761351,43.64672180836571,24.967778760632605,17.23049224124607,19.77811683811608
2026-09-27,EP902026,48,2026-10-04 18:00:00,7 days 18:00:00,186,20.07,-109.07,979.9,66.2,43.12406319495338,238.84097420247704,199.3491303245636,147.63612853013055,182.1753160176015,93.91639714918644,77.257937422711,46.16623016329147,64.52433741659493,43.12406319495338,4.799272338039288,0.0,4.540022508074185
2026-09-27,EP902026,48,2026-10-05 00:00:00,8 days 00:00:00,192,20.51,-109.28,977.7,67.8,21.736138314190843,205.99814378272848,223.49843067805844,166.48396555595534,178.66647687636976,109.13389648038222,100.5336875723209,70.4546378414778,81.80157809439733,39.94237284056658,34.23747423527453,25.99166268513753,32.4165641729539
2026-09-27,EP902026,48,2026-10-05 06:00:00,8 days 06:00:00,198,20.84,-109.84,981.1,66.9,27.1697843103384,236.4937391857748,213.8863477521154,162.95954818404243,202.89119565275175,118.35380824874392,104.60265945524634,75.60704313044039,100.14415972116603,58.09103732314543,49.38108420717754,40.160703755864574,48.131083124153065
2026-09-27,EP902026,48,2026-10-05 12:00:00,8 days 12:00:00,204,21.28,-109.96,973.3,77.7,32.36572146005918,220.55839274132435,189.54598811300497,128.37265684450966,163.2281926622378,86.04932714637732,74.90753442213305,50.1035584413618,72.70008392143612,58.47018332824497,49.24454898107657,37.61122056837079,46.9145004092135
2026-09-27,EP902026,48,2026-10-05 18:00:00,8 days 18:00:00,210,21.9,-110.43,980.4,67.1,53.70847565823905,177.01387267417533,175.15010029511984,114.92771648494158,130.88845628595726,88.7149402728856,73.16919381118959,41.42273325365313,63.26160209416898,53.70847565823905,16.362899260404387,8.760040863302708,16.684065231045746
2026-09-27,EP902026,48,2026-10-06 00:00:00,9 days 00:00:00,216,22.67,-110.42,970.2,76.7,35.263784784003946,203.38634532392228,187.53738281749503,143.13873321411205,164.55547623346257,95.35833632092246,90.49041002626102,58.77544876878875,76.2927127094535,50.24543006683357,42.73338506201419,30.45754010845633,38.48302009211121
2026-09-27,EP902026,48,2026-10-06 06:00:00,9 days 06:00:00,222,23.44,-110.58,965.8,79.0,14.697382244769967,192.1460628352845,189.87171737716267,121.2072029219134,132.25805794874483,101.7990562735068,96.96409154698333,68.66776443574156,82.49846947130862,48.14816134102068,39.92303622858847,32.57897787361297,39.04661435689656
2026-09-27,EP902026,48,2026-10-06 12:00:00,9 days 12:00:00,228,24.23,-110.53,976.7,67.7,24.064781287307117,236.07948789761824,225.3494657770151,172.45416260333587,214.9122606781364,96.38684515308717,85.72595384104346,62.60170629648411,80.3279416234073,32.243372045867346,27.114929502659265,17.344476891401975,24.50672734707196
2026-09-27,EP902026,48,2026-10-06 18:00:00,9 days 18:00:00,234,24.98,-110.31,985.3,65.3,49.90013585536349,218.81533672975556,155.57104717358126,136.3758868239774,178.29204634406182,102.41665638168686,90.28620376033118,67.21904295435593,79.83456569437735,49.90013585536349,0.3411327331033003,0.0,0.0124176732350511
2026-09-27,EP902026,48,2026-10-07 00:00:00,10 days 00:00:00,240,25.95,-110.06,979.7,55.5,35.01736603902932,226.07942679108783,222.46336535370372,191.0711491363181,227.73809875331423,127.44354809116808,130.26656593236132,92.92820354469288,103.58550231979008,0.0,0.0,0.0,0.0
2026-09-27,EP902026,48,2026-10-07 06:00:00,10 days 06:00:00,246,27.08,-109.59,992.4,50.4,63.17853525509558,230.74000028086232,188.06869922130372,148.45093654538204,175.29136447182114,63.17853525509558,0.0,0.0,0.0,0.0,0.0,0.0,0.0
2026-09-27,EP902026,48,2026-10-07 12:00:00,10 days 12:00:00,252,28.34,-109.3,1003.4,25.2,92.65066272681472,0.0,0.0,0.0,0.0,0.0,0.0,0.0,0.0,0.0,0.0,0.0,0.0
2026-09-27,WP252026,48,2026-09-27 00:00:00,0 days 00:00:00,0,24.6,127.6,964.0,89.0,22.0,102.0,121.0,102.0,93.0,,,,,,,,
2026-09-27,WP252026,48,2026-09-27 06:00:00,0 days 06:00:00,6,25.46,128.11,943.4,105.5,4.135745983375074,173.58759173086844,202.57983424628856,162.9847524148082,145.57045613519114,105.37012978502742,109.44202298887944,86.38362382009882,79.53815171591793,47.39735930565829,49.20191150281147,40.57986508155642,39.214221822379216
2026-09-27,WP252026,48,2026-09-27 12:00:00,0 days 12:00:00,12,25.9,128.65,952.4,103.6,14.608408066813965,144.65393512986236,224.4091634171796,163.4279709096783,138.83614051800075,63.16799326835054,78.24131406614953,60.75012469401546,41.06671942582798,28.037475515945,30.80814131080108,29.124345888601173,24.15093032485676
2026-09-27,WP252026,48,2026-09-27 18:00:00,0 days 18:00:00,18,26.49,129.64,957.6,98.1,20.67379443721238,168.25632143276027,216.02680915331248,157.7774736248244,104.46732030232208,86.90700259784037,104.51378060025804,82.18411627942126,62.06196631861837,51.48574079921067,52.575072995079545,44.01209788110521,40.11611727688721
2026-09-27,WP252026,48,2026-09-28 00:00:00,1 days 00:00:00,24,26.7,130.58,957.4,97.5,20.30781295502524,147.5706361849782,150.0745790622958,138.6515064983288,121.14533324270218,79.24263111518621,100.1933749066732,84.92031388329313,62.29079570177839,58.058326521098245,62.64347403804472,54.86307683797803,46.47804340989546
2026-09-27,WP252026,48,2026-09-28 06:00:00,1 days 06:00:00,30,27.5,131.52,966.5,95.3,23.804632274816413,144.60184588822997,168.60871541461347,134.6270603649573,83.45100716757042,61.4225712303396,85.69778269583003,63.081805693908336,36.88710145095229,44.696588745268855,50.128801500508416,42.12251931008586,34.80851697808703
2026-09-27,WP252026,48,2026-09-28 12:00:00,1 days 12:00:00,36,27.46,132.63,971.1,87.7,20.308989177610272,105.84300585765855,178.18647758057978,124.15243845330248,83.86944561700761,59.82882090251815,74.83013123195485,64.06699644941807,41.83744808788112,23.54565225639192,29.211894209074217,26.684185394886384,20.030349128096816
2026-09-27,WP252026,48,2026-09-28 18:00:00,1 days 18:00:00,42,27.7,133.4,986.4,58.9,41.61496215076524,152.94436261266208,175.41544927843466,128.71949822541552,143.09697490064462,66.24466939876271,63.48032473825952,42.316370450123365,46.51423996016881,0.0,0.0,0.0,0.0
2026-09-27,WP252026,48,2026-09-29 00:00:00,2 days 00:00:00,48,28.17,134.13,987.4,55.6,48.13323587703077,105.17796276410094,104.70439948541552,89.97819941601188,77.63678119792638,31.602704095817487,48.13323587703077,27.093816161664478,21.257156362623174,0.0,0.0,0.0,0.0
2026-09-27,WP252026,48,2026-09-29 06:00:00,2 days 06:00:00,54,28.5,134.79,995.9,41.8,38.50012928685922,171.1554318377394,178.94257598513008,158.03423664266012,153.21603247539426,0.0,0.0,0.0,0.0,0.0,0.0,0.0,0.0
2026-09-27,WP252026,48,2026-09-29 12:00:00,2 days 12:00:00,60,28.75,135.63,997.1,40.0,126.25985912775364,18.65878784864205,126.25985912775364,9.601431407500918,9.59840664858894,0.0,0.0,0.0,0.0,0.0,0.0,0.0,0.0
2026-09-27,WP252026,48,2026-09-29 18:00:00,2 days 18:00:00,66,29.19,136.51,996.1,35.9,71.80642644430361,10.699845513854918,71.80642644430361,0.0,0.0,0.0,0.0,0.0,0.0,0.0,0.0,0.0,0.0
2026-09-27,WP252026,48,2026-09-30 00:00:00,3 days 00:00:00,72,29.57,137.08,997.6,34.9,43.17427329154245,62.90183970724142,64.8180440852899,49.69768121698599,41.91260275732135,0.0,0.0,0.0,0.0,0.0,0.0,0.0,0.0
2026-09-27,WP252026,48,2026-09-30 06:00:00,3 days 06:00:00,78,30.02,137.35,999.0,29.9,78.28318507736294,0.0,0.0,0.0,0.0,0.0,0.0,0.0,0.0,0.0,0.0,0.0,0.0
2026-09-27,WP252026,48,2026-09-30 12:00:00,3 days 12:00:00,84,30.42,137.87,1000.0,26.5,117.84248634212987,0.0,0.0,0.0,0.0,0.0,0.0,0.0,0.0,0.0,0.0,0.0,0.0
2026-09-27,WP252026,48,2026-09-30 18:00:00,3 days 18:00:00,90,30.97,138.55,1003.2,29.2,44.13215837718532,0.0,0.0,0.0,0.0,0.0,0.0,0.0,0.0,0.0,0.0,0.0,0.0
2026-09-27,WP252026,48,2026-10-01 00:00:00,4 days 00:00:00,96,31.98,139.16,1000.2,21.5,20.103562749048532,0.0,0.0,0.0,0.0,0.0,0.0,0.0,0.0,0.0,0.0,0.0,0.0
2026-09-27,AL062026,49,2026-09-27 00:00:00,0 days 00:00:00,0,29.8,-43.9,1010.0,29.0,56.0,0.0,0.0,0.0,0.0,0.0,0.0,0.0,0.0,0.0,0.0,0.0,0.0
2026-09-27,AL062026,49,2026-09-27 06:00:00,0 days 06:00:00,6,29.62,-44.05,1008.1,29.1,59.11070811974176,0.0,0.0,0.0,0.0,0.0,0.0,0.0,0.0,0.0,0.0,0.0,0.0
2026-09-27,AL062026,49,2026-09-27 12:00:00,0 days 12:00:00,12,29.44,-43.68,1013.2,32.5,161.04714109607784,0.0,0.0,0.0,0.0,0.0,0.0,0.0,0.0,0.0,0.0,0.0,0.0
2026-09-27,AL062026,49,2026-09-27 18:00:00,0 days 18:00:00,18,29.03,-43.85,1011.5,25.3,101.87628942042488,0.0,0.0,0.0,0.0,0.0,0.0,0.0,0.0,0.0,0.0,0.0,0.0
2026-09-27,AL062026,49,2026-09-28 00:00:00,1 days 00:00:00,24,28.18,-43.72,1010.7,27.3,59.82436103551141,0.0,0.0,0.0,0.0,0.0,0.0,0.0,0.0,0.0,0.0,0.0,0.0
2026-09-27,AL062026,49,2026-09-28 06:00:00,1 days 06:00:00,30,28.07,-43.87,1010.7,26.1,99.99098437019,0.0,0.0,0.0,0.0,0.0,0.0,0.0,0.0,0.0,0.0,0.0,0.0
2026-09-27,AL062026,49,2026-09-28 12:00:00,1 days 12:00:00,36,27.47,-44.13,1011.6,24.2,106.11829825559836,0.0,0.0,0.0,0.0,0.0,0.0,0.0,0.0,0.0,0.0,0.0,0.0
2026-09-27,EP152026,49,2026-09-27 00:00:00,0 days 00:00:00,0,16.7,-156.1,972.0,80.0,37.0,241.0,185.0,185.0,241.0,93.0,74.0,93.0,111.0,56.0,46.0,56.0,56.0
2026-09-27,EP152026,49,2026-09-27 06:00:00,0 days 06:00:00,6,16.51,-156.8,969.4,88.1,36.63283765475282,118.1462138234432,114.11821361712728,114.9600003491539,137.82031381162926,80.76090805128689,61.98158038061456,62.60335852219408,84.34483799121469,58.25466220490361,48.58475787065997,43.92046021276428,52.16441251730289
2026-09-27,EP152026,49,2026-09-27 12:00:00,0 days 12:00:00,12,16.14,-157.66,964.7,93.3,31.5434326748982,202.43859942323047,148.95196374946067,153.18788533534757,210.25119775652752,108.75916714528756,86.12269541729532,74.75059305179133,102.1545914399274,59.78318069697505,47.05995573994156,40.616890764986245,51.489421002612005
2026-09-27,EP152026,49,2026-09-27 18:00:00,0 days 18:00:00,18,15.79,-158.45,970.6,96.6,22.558521993077385,137.395754022026,130.25616236576138,110.8278396004478,133.55071847215976,70.98607511726489,56.23750822223248,49.96523722995052,69.0012961784872,54.30813998283185,42.32556165747587,33.277521207071004,46.90316233931518
2026-09-27,EP152026,49,2026-09-28 00:00:00,1 days 00:00:00,24,15.69,-159.29,956.0,102.3,22.80765402291356,163.54891312602112,97.85501946599592,104.58809020939944,185.4553925034932,85.8333128034571,53.039894698106,49.70994122428313,81.42638351750176,48.33164064865237,34.026264971362416,28.153623574483937,41.45995501115753
2026-09-27,EP152026,49,2026-09-28 06:00:00,1 days 06:00:00,30,16.26,-160.35,943.1,122.2,29.137379531508486,197.7538285734481,176.51296125051158,162.87371745493147,160.7341081462364,103.0050254490052,82.46828471290792,71.57570091614616,93.05720383618608,53.19083418841183,40.47824206310179,33.4192602276471,47.119925388062256
2026-09-27,EP152026,49,2026-09-28 12:00:00,1 days 12:00:00,36,16.59,-161.43,952.4,109.2,13.723782332164108,193.3252970834889,182.11749696254884,117.67443303941651,166.62937016644833,100.93760825809684,74.37555899409476,55.5910966832256,85.10097437075684,49.01479229770524,37.506315810897554,26.75857100400547,41.95923355892191
2026-09-27,EP152026,49,2026-09-28 18:00:00,1 days 18:00:00,42,17.54,-162.21,942.0,117.4,0.0,173.22495120794437,179.00931041610755,126.3871484344822,143.31857576386088,103.42649703253744,87.87382598654892,70.44111420302221,87.82303999319504,55.207438030350446,45.80666072618111,34.26805542852354,46.22491269128861
2026-09-27,EP152026,49,2026-09-29 00:00:00,2 days 00:00:00,48,18.29,-162.92,955.5,105.5,14.12685031722268,188.2879294010794,165.93563485656574,111.66888350009566,154.76887377727692,103.81769627977036,92.23150802629344,72.05763268836421,90.8452587660258,60.29836755897182,52.20295674649422,40.23113097846247,48.2921917409391
2026-09-27,EP152026,49,2026-09-29 06:00:00,2 days 06:00:00,54,18.92,-163.38,966.3,93.2,21.96075538374633,187.6428607472249,163.76566841525386,124.5462120228658,171.31176098054434,99.8269253833578,83.99106506673053,60.49863609053783,89.68372748738489,58.49058257334229,48.7561937540141,38.00966665570648,50.01491095619625
2026-09-27,EP152026,49,2026-09-29 12:00:00,2 days 12:00:00,60,20.23,-163.54,982.8,79.5,43.66135540305194,190.1613323205404,141.47464499790993,91.01628096187356,141.74147358221512,95.18068236592302,93.57992669543188,69.53818714672653,88.40082221179577,66.9212950011681,59.35265866535617,48.718377910177,57.267671366633984
2026-09-27,EP152026,49,2026-09-29 18:00:00,2 days 18:00:00,66,21.02,-163.28,981.9,68.8,17.215425958072572,203.27197835682705,159.09414391312535,127.3532055099192,161.77008621982662,99.55987765071524,98.92430994037814,74.67879608908198,91.30294401646314,60.907234818392936,53.629264869144,42.94554736199338,51.02676308267584
2026-09-27,EP152026,49,2026-09-30 00:00:00,3 days 00:00:00,72,21.68,-163.09,990.5,59.9,16.850744015724388,224.06981290982063,179.85248886780315,148.8955441264987,217.3666358966368,105.92615997258685,88.02717615756347,63.65518726764665,85.00626933834562,0.0,0.0,0.0,0.0
2026-09-27,EP152026,49,2026-09-30 06:00:00,3 days 06:00:00,78,22.25,-163.06,987.8,53.6,40.50971478187539,192.10735122250688,151.2803310970664,130.04909435357325,165.08255148671498,91.28817405498702,79.84553273154705,72.7522798928893,84.05821657910242,0.0,0.0,0.0,0.0
2026-09-27,EP152026,49,2026-09-30 12:00:00,3 days 12:00:00,84,22.39,-162.91,997.8,54.7,49.22654375903711,364.5694350423538,224.7957469628437,188.07015939320465,329.6254322745787,108.58445359272828,83.92433471766341,72.74269583348237,103.16127291309604,0.0,0.0,0.0,0.0
2026-09-27,EP152026,49,2026-09-30 18:00:00,3 days 18:00:00,90,22.38,-162.78,994.1,51.7,38.90044529487756,269.7590416443616,192.6109491464433,148.6201611687992,243.0392053793348,82.02249967703725,67.96381546046081,59.19219999065631,72.25376036219657,0.0,0.0,0.0,0.0
2026-09-27,EP152026,49,2026-10-01 00:00:00,4 days 00:00:00,96,22.55,-162.8,996.8,51.1,64.69227967314833,272.0241226239212,231.12972498228928,173.77054772501577,232.32242925487617,64.69227967314833,15.118124457389175,10.31467644554908,19.257131206494748,0.0,0.0,0.0,0.0
2026-09-27,EP152026,49,2026-10-01 06:00:00,4 days 06:00:00,102,22.48,-163.16,995.6,37.2,107.59337788660456,173.9153496346405,134.2753580459187,137.10336404059137,170.25978380852212,0.0,0.0,0.0,0.0,0.0,0.0,0.0,0.0
2026-09-27,EP152026,49,2026-10-01 12:00:00,4 days 12:00:00,108,22.46,-163.6,996.0,47.1,117.0306475880582,117.0306475880582,83.23694965687325,54.74892936738473,87.70260677633766,0.0,0.0,0.0,0.0,0.0,0.0,0.0,0.0
2026-09-27,EP152026,49,2026-10-01 18:00:00,4 days 18:00:00,114,22.63,-163.87,996.1,40.7,100.57546767833446,235.0775354989601,190.8213927999259,149.35734775233914,203.6904295070235,0.0,0.0,0.0,0.0,0.0,0.0,0.0,0.0
2026-09-27,EP152026,49,2026-10-02 00:00:00,5 days 00:00:00,120,23.03,-164.42,996.9,37.3,75.92434332647551,257.6113471485161,186.2355225894549,139.9709192258112,218.5493459681188,0.0,0.0,0.0,0.0,0.0,0.0,0.0,0.0
2026-09-27,EP152026,49,2026-10-02 06:00:00,5 days 06:00:00,126,23.18,-165.02,997.6,37.6,77.23929526448987,134.19781575128494,78.8897579928861,50.89109199910794,107.57791911333544,0.0,0.0,0.0,0.0,0.0,0.0,0.0,0.0
2026-09-27,EP152026,49,2026-10-02 12:00:00,5 days 12:00:00,132,23.35,-165.55,997.4,42.9,78.43566586525077,133.03513665200217,95.32616702305492,71.9758856800255,119.11446884847264,0.0,0.0,0.0,0.0,0.0,0.0,0.0,0.0
2026-09-27,EP152026,49,2026-10-02 18:00:00,5 days 18:00:00,138,23.32,-166.36,989.8,52.1,30.97523990193812,147.58401978837432,87.73539661348184,98.79901882701172,173.55911541461722,69.08066476980792,51.140662155750746,43.629088499484745,63.91439851081023,0.0,0.0,0.0,0.0
2026-09-27,EP152026,49,2026-10-03 00:00:00,6 days 00:00:00,144,23.19,-167.53,980.3,62.8,27.255765839449808,139.9659919831277,97.14229647227349,104.43962992469947,147.13850992183066,61.4465464021207,47.95311164193099,44.62125973775517,58.69015942168348,0.0,0.0,0.0,0.0
2026-09-27,EP152026,49,2026-10-03 06:00:00,6 days 06:00:00,150,22.82,-169.09,976.2,78.0,31.129271969824813,178.8775659086574,86.12761497968194,112.54032784957346,190.7107278158412,93.62356055415307,70.74084635252382,62.07558640904574,93.94870158704416,57.41764321049597,49.78173077612525,39.4476638753477,49.64796394820914
2026-09-27,EP152026,49,2026-10-03 12:00:00,6 days 12:00:00,156,22.55,-170.58,968.5,91.7,22.732026227309344,194.1923143886711,121.05186042042337,114.2217433021772,194.6054459283185,103.1238745493751,68.93095793166201,52.226733272427694,92.72737786529149,56.08286790161907,42.78224586859841,33.34968058684518,46.57691381808125
2026-09-27,EP152026,49,2026-10-03 18:00:00,6 days 18:00:00,162,22.59,-172.13,964.9,90.3,14.182405066660351,214.33700209308472,106.6335583250812,110.23449050173232,221.519995852784,102.17273985171217,69.56054042244152,53.93796864810231,90.24403106739912,54.06570025540684,43.40522729196891,33.09084595017134,46.66242297886002
2026-09-27,EP152026,49,2026-10-04 00:00:00,7 days 00:00:00,168,23.1,-173.92,963.6,95.9,35.81269480213645,217.0471428500014,148.6928969108829,93.453966560622,181.2544225758387,105.74177310241784,77.17680500809419,55.02875717253235,87.4626355402269,73.20130029234679,62.44243075399604,44.43808821503925,60.1347980985676
2026-09-27,EP152026,49,2026-10-04 06:00:00,7 days 06:00:00,174,24.0,-175.47,964.9,90.0,26.47692457898141,242.35528390171848,169.97684142939104,144.14378401719313,227.9380556275003,110.3063480478594,94.85538826756265,82.289978810553,100.01802929724398,81.8868886191741,77.34440570830449,60.8508254270601,69.43261653883528
2026-09-27,EP152026,49,2026-10-04 12:00:00,7 days 12:00:00,180,24.64,-177.44,966.1,92.3,29.098393133954986,241.62293620176052,127.57055268376374,110.93159694712188,238.4899904190017,120.26142593302164,88.52419283675904,67.15516133109273,108.02843011249234,74.17598402290974,63.74888473198968,45.98115932365778,61.9879226095668
2026-09-27,EP152026,49,2026-10-04 18:00:00,7 days 18:00:00,186,25.16,-179.09,964.5,87.1,32.150363659512834,199.59359939771397,168.7803318263147,126.66805949764952,186.60113662420983,98.632500159669,81.39319552584672,58.97652434834558,81.16336692418204,46.66199640220319,39.94951398954822,27.398250617054742,39.04573191426476
2026-09-27,EP152026,49,2026-10-05 00:00:00,8 days 00:00:00,192,26.27,179.88,963.0,94.8,28.00715630758244,272.9493790806935,232.1444789010329,138.5425451101334,224.840197251296,143.3960990053272,123.13292132867366,89.5667625353906,121.07094774618356,77.75680153005366,67.41093998511121,47.90655434429101,64.52714990627572
2026-09-27,EP152026,49,2026-10-05 06:00:00,8 days 06:00:00,198,26.74,178.8,970.9,87.2,34.30820552330968,269.9130731548644,187.18407833613588,125.46660279206382,218.58265230204205,150.41792937467466,122.39621251702748,96.27418215451456,132.703901318333,92.71577349113748,79.67803709267199,59.45097628920668,80.56546960368479
2026-09-27,EP152026,49,2026-10-05 12:00:00,8 days 12:00:00,204,27.2,178.04,964.9,84.7,26.34313459370468,203.8624457890193,170.3240366420378,137.33895611636947,196.1422099661245,104.17750487544971,83.98960686313133,60.108572284077866,91.79800423339404,50.31402649812376,39.86592736050119,30.342826730355306,43.23132699533102
2026-09-27,EP152026,49,2026-10-05 18:00:00,8 days 18:00:00,210,27.18,177.83,968.9,79.3,37.716904623061154,238.2133191401201,183.2838250270146,134.9538979215924,210.7558787128629,121.30661784741793,97.23247008658922,72.28691137055833,108.8129282177655,71.67233770704921,62.05053315342376,47.044958594222805,60.19770400783273
2026-09-27,EP152026,49,2026-10-06 00:00:00,9 days 00:00:00,216,27.12,177.34,970.2,73.1,25.03054154384324,201.29452468553632,171.3749756191297,158.59024699316814,229.8319500499415,86.2862864853621,81.33662007482724,77.34342987032619,87.07240862315794,69.16643654485583,63.87106749827503,56.44908521839466,61.90662772849211
2026-09-27,EP152026,49,2026-10-06 06:00:00,9 days 06:00:00,222,26.57,177.33,974.3,72.6,47.02041543936816,167.2731806115724,148.12824803547144,166.08848254500867,201.2505355521291,91.62661898151254,92.55774685034054,85.50414103772323,86.6268679761826,38.536196031261454,47.02041543936816,37.57486819455137,36.525649344949485
2026-09-27,EP152026,49,2026-10-06 12:00:00,9 days 12:00:00,228,25.7,176.49,974.8,74.2,43.16187529903798,161.0946148771505,133.49836637689043,154.64538639802927,188.68011570640684,73.73877351202744,71.09706105126195,67.48570018745238,72.66222795462264,51.05087605443704,46.08616094724462,41.24510179028167,44.36378848619188
2026-09-27,EP152026,49,2026-10-06 18:00:00,9 days 18:00:00,234,24.77,175.18,990.0,60.7,39.40931953000046,241.0674245365568,164.21673241154505,141.03546788480088,246.30208866129263,125.05172712199794,96.21346655114284,73.05638692530786,110.52987147031122,0.0,0.0,0.0,0.0
2026-09-27,EP152026,49,2026-10-07 00:00:00,10 days 00:00:00,240,24.44,173.22,992.0,57.1,27.816448665682877,250.36090043033755,146.26285830564285,118.0744156002676,242.6598834944565,93.020701090735,66.42365019718835,42.86345681114691,75.25032462083689,0.0,0.0,0.0,0.0
2026-09-27,EP152026,49,2026-10-07 06:00:00,10 days 06:00:00,246,23.69,170.66,994.0,49.8,62.126545914405824,202.86557491505664,129.27159128318567,97.96976020443708,179.35108372522154,0.0,0.0,0.0,0.0,0.0,0.0,0.0,0.0
2026-09-27,EP152026,49,2026-10-07 12:00:00,10 days 12:00:00,252,23.23,167.82,990.0,48.9,36.61468713235496,283.87591786651365,169.0754183576342,98.9422661319993,237.1655214727748,0.0,0.0,0.0,0.0,0.0,0.0,0.0,0.0
2026-09-27,EP152026,49,2026-10-07 18:00:00,10 days 18:00:00,258,22.99,165.37,992.6,50.8,72.08498975486768,196.08101727570744,132.959378657198,83.21024330065393,178.77676616273732,72.08498975486768,21.92023037255532,14.121832529593757,23.803658298663883,0.0,0.0,0.0,0.0
2026-09-27,EP152026,49,2026-10-08 00:00:00,11 days 00:00:00,264,22.91,162.85,990.8,55.2,12.332209525579458,156.37882907208126,98.13050610003462,69.5148912738286,145.56025627243147,72.25988811506127,46.283518814772506,28.51996802738275,58.41825936610073,0.0,0.0,0.0,0.0
2026-09-27,EP152026,49,2026-10-08 06:00:00,11 days 06:00:00,270,23.13,160.06,988.6,57.2,38.60842521711092,165.6854982204732,116.73750993282307,76.12585125974861,149.3930793347145,79.20698560961091,60.94797303397483,44.27753499066258,63.36511838052131,0.0,0.0,0.0,0.0
2026-09-27,EP152026,49,2026-10-08 12:00:00,11 days 12:00:00,276,24.03,157.64,996.1,47.2,46.9320777211468,177.73108434082678,106.77634955876997,50.47774064949528,131.07590744963113,0.0,0.0,0.0,0.0,0.0,0.0,0.0,0.0
2026-09-27,EP152026,49,2026-10-08 18:00:00,11 days 18:00:00,282,25.3,154.97,992.8,54.8,25.905186323176167,138.70569766870267,92.00484796315232,71.89466959895617,108.10051666125764,76.67533499691353,66.56619850952666,45.039671009516496,59.55971783552332,0.0,0.0,0.0,0.0
2026-09-27,EP152026,49,2026-10-09 00:00:00,12 days 00:00:00,288,27.29,152.36,983.8,63.8,14.4607447496551,146.4252984379091,107.36996220256256,77.43307938430745,118.0511446556203,56.46471963869601,43.62138003504035,29.829576977770337,36.35118946970373,0.0,0.0,0.0,0.0
2026-09-27,EP152026,49,2026-10-09 06:00:00,12 days 06:00:00,294,30.09,150.15,997.1,51.9,1.6106225549064987,205.94519411389072,150.91270450440507,78.962257303066,130.01769924508642,75.83095390870042,62.935445884820055,34.655470327926224,48.1497414394052,0.0,0.0,0.0,0.0
2026-09-27,EP152026,49,2026-10-09 12:00:00,12 days 12:00:00,300,33.42,148.36,992.3,49.1,48.44230285754398,123.64449233531022,109.01619020451965,45.36351916597448,59.97411081177982,0.0,0.0,0.0,0.0,0.0,0.0,0.0,0.0
2026-09-27,EP152026,49,2026-10-09 18:00:00,12 days 18:00:00,306,36.66,147.86,996.4,42.7,60.04485267334681,125.2987012622323,136.93620636892203,60.52802700454525,56.60026050286322,0.0,0.0,0.0,0.0,0.0,0.0,0.0,0.0
2026-09-27,EP152026,49,2026-10-10 00:00:00,13 days 00:00:00,312,39.5,148.78,997.9,37.3,110.93051196688528,14.39589138410771,110.93051196688528,0.0,0.0,0.0,0.0,0.0,0.0,0.0,0.0,0.0,0.0
2026-09-27,EP152026,49,2026-10-10 06:00:00,13 days 06:00:00,318,42.11,152.11,998.9,36.8,142.9730116148546,38.022305916089536,142.9730116148546,47.35256648194095,0.0,0.0,0.0,0.0,0.0,0.0,0.0,0.0,0.0
2026-09-27,EP162026,49,2026-09-27 00:00:00,0 days 00:00:00,0,20.8,-123.6,975.0,76.0,28.0,167.0,167.0,148.0,185.0,93.0,74.0,74.0,93.0,65.0,46.0,37.0,56.0
2026-09-27,EP162026,49,2026-09-27 06:00:00,0 days 06:00:00,6,21.67,-123.54,994.4,63.6,19.662025086872063,172.76847199458473,126.96670133208704,109.72238091888516,160.67200736748316,95.67529021020788,79.65541519809216,60.56454256470957,86.79006869691398,0.0,0.0,0.0,0.0
2026-09-27,EP162026,49,2026-09-27 12:00:00,0 days 12:00:00,12,22.17,-123.41,993.5,52.7,26.608380154933,192.4461093390437,125.29213138507112,110.94244851000826,171.81415730995013,59.92551685083208,46.72972146857933,35.3922172537217,44.57673463832646,0.0,0.0,0.0,0.0
2026-09-27,EP162026,49,2026-09-27 18:00:00,0 days 18:00:00,18,22.71,-123.34,1002.2,40.3,25.48246228542464,127.51280772980051,91.04463649709857,65.24590729426669,100.18186324136644,0.0,0.0,0.0,0.0,0.0,0.0,0.0,0.0
2026-09-27,EP162026,49,2026-09-28 00:00:00,1 days 00:00:00,24,22.89,-123.23,1001.8,35.6,56.17017147064961,68.08930557158621,54.4387278615811,38.39638345930298,46.94703319630165,0.0,0.0,0.0,0.0,0.0,0.0,0.0,0.0
2026-09-27,EP162026,49,2026-09-28 06:00:00,1 days 06:00:00,30,23.04,-123.31,1002.8,33.5,75.693504274551,0.0,0.0,0.0,0.0,0.0,0.0,0.0,0.0,0.0,0.0,0.0,0.0
2026-09-27,EP162026,49,2026-09-28 12:00:00,1 days 12:00:00,36,23.05,-122.8,1003.1,32.9,73.72156205523356,0.0,0.0,0.0,0.0,0.0,0.0,0.0,0.0,0.0,0.0,0.0,0.0
2026-09-27,EP162026,49,2026-09-28 18:00:00,1 days 18:00:00,42,22.38,-123.01,1003.4,25.2,73.89818078767604,0.0,0.0,0.0,0.0,0.0,0.0,0.0,0.0,0.0,0.0,0.0,0.0
2026-09-27,EP162026,49,2026-09-29 00:00:00,2 days 00:00:00,48,21.82,-123.1,1005.9,23.3,105.90865043517285,0.0,0.0,0.0,0.0,0.0,0.0,0.0,0.0,0.0,0.0,0.0,0.0
2026-09-27,EP162026,49,2026-09-29 06:00:00,2 days 06:00:00,54,21.2,-123.26,1006.2,23.5,89.83951308636641,0.0,0.0,0.0,0.0,0.0,0.0,0.0,0.0,0.0,0.0,0.0,0.0
2026-09-27,EP162026,49,2026-09-29 12:00:00,2 days 12:00:00,60,20.64,-123.44,1007.7,20.1,94.46346643432382,0.0,0.0,0.0,0.0,0.0,0.0,0.0,0.0,0.0,0.0,0.0,0.0
2026-09-27,EP162026,49,2026-09-29 18:00:00,2 days 18:00:00,66,20.19,-123.4,1006.1,19.4,98.84937019400184,0.0,0.0,0.0,0.0,0.0,0.0,0.0,0.0,0.0,0.0,0.0,0.0
2026-09-27,EP162026,49,2026-09-30 00:00:00,3 days 00:00:00,72,19.6,-124.0,1006.8,16.8,53.28473998115558,0.0,0.0,0.0,0.0,0.0,0.0,0.0,0.0,0.0,0.0,0.0,0.0
2026-09-27,EP162026,49,2026-09-30 06:00:00,3 days 06:00:00,78,18.24,-125.42,1008.0,19.2,111.32032675362214,0.0,0.0,0.0,0.0,0.0,0.0,0.0,0.0,0.0,0.0,0.0,0.0
2026-09-27,EP172026,49,2026-09-27 00:00:00,0 days 00:00:00,0,19.0,-112.9,946.0,111.0,28.0,259.0,185.0,167.0,185.0,111.0,111.0,93.0,93.0,65.0,65.0,46.0,56.0
2026-09-27,EP172026,49,2026-09-27 06:00:00,0 days 06:00:00,6,19.96,-113.41,949.5,111.6,31.958832878362045,165.6675722490445,162.06946701989727,120.31117708659713,107.61835330385566,93.22021040261096,85.76645076709156,61.63085265242216,76.16034799085537,76.06564166605312,67.86219479645388,52.563153643888654,62.97154387578394
2026-09-27,EP172026,49,2026-09-27 12:00:00,0 days 12:00:00,12,20.72,-113.72,949.6,110.0,22.90620673339052,196.75930790631023,177.5645595856275,146.00770555584438,128.52861201833656,96.6439155047575,105.77912650337566,77.8697453091147,83.90310019049076,70.03773993804185,63.331865912773225,50.926694057242,57.66066754757162
2026-09-27,EP172026,49,2026-09-27 18:00:00,0 days 18:00:00,18,21.75,-113.9,956.1,111.0,15.101252864964929,177.93568266051838,177.18612267812162,134.1081915815765,106.1906486709015,69.32710643149214,77.27317731922065,49.53112268780841,51.44155906609083,40.44766907811903,35.26336120827349,25.52465779868976,31.491085522310065
2026-09-27,EP172026,49,2026-09-28 00:00:00,1 days 00:00:00,24,22.78,-113.75,953.0,111.7,16.141855180566584,118.59356742438392,143.83109262755409,140.07604265767338,91.14198243902652,90.662140778527,103.28543849060014,77.10150593308606,78.70482840768844,65.69544325560518,62.49493103324809,51.8651904022565,54.55851985067774
2026-09-27,EP172026,49,2026-09-28 06:00:00,1 days 06:00:00,30,23.42,-113.59,952.7,106.7,36.72007080192052,146.35464814912714,198.69647510928056,144.95877227310993,104.19673427039147,79.37844994146494,91.63557079378865,72.99007978593059,60.3858706917469,49.06804309074061,46.21720060062334,36.17366728462862,39.56439898563723
2026-09-27,EP172026,49,2026-09-28 12:00:00,1 days 12:00:00,36,24.14,-113.27,959.1,101.3,32.9330450557008,161.7631400430006,172.58723307049388,132.90137997705045,100.47055506023366,71.43773058850468,81.50353966656324,71.24577800102924,62.78244784279933,49.16299427851462,47.06726947781041,39.85408761785704,41.73586016142671
2026-09-27,EP172026,49,2026-09-28 18:00:00,1 days 18:00:00,42,24.81,-112.34,958.8,99.2,29.57642375707332,176.2984687985258,182.45779753411225,138.33786369767608,145.27838751329529,99.71725281236763,102.89499227565372,75.04188107019772,78.90550667512412,60.85309397785464,59.443378082972,45.45685709336804,49.153014043874926
2026-09-27,EP172026,49,2026-09-29 00:00:00,2 days 00:00:00,48,25.68,-111.55,972.1,82.0,15.704821871883546,127.46071604101763,140.58958162111327,67.24644170983204,57.441075674299285,51.75191733352485,55.58028898688296,40.17023117253115,40.062535178316494,30.630593095762254,27.691059383147085,21.496283807239102,21.46386340283892
2026-09-27,EP172026,49,2026-09-29 06:00:00,2 days 06:00:00,54,26.37,-111.24,987.6,58.6,36.35477135270061,155.27077143106328,130.24190340324907,92.5816827247574,103.09180906263552,65.5191240915242,60.24031998800614,49.36246785642794,48.21159460587758,0.0,0.0,0.0,0.0
2026-09-27,EP172026,49,2026-09-29 12:00:00,2 days 12:00:00,60,27.64,-110.52,996.2,38.7,77.50305918772472,53.93030706391832,77.50305918772472,27.336603641005503,18.31522257665813,0.0,0.0,0.0,0.0,0.0,0.0,0.0,0.0
2026-09-27,EP902026,49,2026-09-27 00:00:00,0 days 00:00:00,0,12.0,-98.6,1008.0,25.0,111.0,0.0,0.0,0.0,0.0,0.0,0.0,0.0,0.0,0.0,0.0,0.0,0.0
2026-09-27,EP902026,49,2026-09-27 06:00:00,0 days 06:00:00,6,11.87,-98.35,1005.8,30.7,103.9477367298109,0.0,0.0,0.0,0.0,0.0,0.0,0.0,0.0,0.0,0.0,0.0,0.0
2026-09-27,EP902026,49,2026-09-27 12:00:00,0 days 12:00:00,12,12.18,-98.82,1002.1,35.3,109.7325896778328,109.7325896778328,4.71436864120264,8.443426651277903,4.869896499269842,0.0,0.0,0.0,0.0,0.0,0.0,0.0,0.0
2026-09-27,EP902026,49,2026-09-27 18:00:00,0 days 18:00:00,18,12.47,-99.24,1002.5,39.4,92.76989296563588,134.66575231563053,133.2918639714476,100.61702484689415,107.64270192820555,0.0,0.0,0.0,0.0,0.0,0.0,0.0,0.0
2026-09-27,EP902026,49,2026-09-28 00:00:00,1 days 00:00:00,24,12.57,-99.58,1000.6,42.7,77.8094693659707,174.13754595096214,188.58387968200717,135.11217062842576,134.1975977886898,0.0,0.0,0.0,0.0,0.0,0.0,0.0,0.0
2026-09-27,EP902026,49,2026-09-28 06:00:00,1 days 06:00:00,30,12.91,-100.34,1001.6,42.2,123.76603572340905,304.4170128023475,281.0996411067498,232.6970315641447,247.9993835930062,0.0,0.0,0.0,0.0,0.0,0.0,0.0,0.0
2026-09-27,EP902026,49,2026-09-28 12:00:00,1 days 12:00:00,36,13.41,-101.53,993.8,54.0,59.58435250488378,207.7329552654027,195.0933283806436,134.95708955872874,170.24144578765822,59.58435250488378,38.32585014276907,24.33176072018439,30.764278217734187,0.0,0.0,0.0,0.0
2026-09-27,EP902026,49,2026-09-28 18:00:00,1 days 18:00:00,42,13.73,-102.86,996.3,64.1,34.60595500549484,161.2713955503404,159.4947683888331,139.53966826481746,166.72317358690427,72.74891583302836,59.88456074886908,48.65388995602912,59.25824938953333,34.60595500549484,0.0,0.0,0.2752256650579889
2026-09-27,EP902026,49,2026-09-29 00:00:00,2 days 00:00:00,48,14.2,-103.83,992.9,62.8,85.36408332687407,237.8669553829753,203.36215756008343,124.66820043792896,213.12485688930263,106.7005050309015,84.14781483613163,54.94435098384609,84.01364454012491,0.0,0.0,0.0,0.0
2026-09-27,EP902026,49,2026-09-29 06:00:00,2 days 06:00:00,54,14.92,-105.01,987.5,62.3,41.5469250990442,175.7244998456087,165.9137453803068,126.2003709370581,145.02164214477023,95.71458811870436,80.52137458967985,58.97888054665778,75.2034218140688,0.0,0.0,0.0,0.0
2026-09-27,EP902026,49,2026-09-29 12:00:00,2 days 12:00:00,60,15.48,-106.13,987.1,67.7,16.984245444945916,161.39482053495527,132.19764165135575,92.49178000845204,123.59007371704882,73.55764364755896,69.05041366226423,45.1579401222812,55.58436477491988,37.4342907610004,31.09628541939562,24.81578796946153,30.71443045389092
2026-09-27,EP902026,49,2026-09-29 18:00:00,2 days 18:00:00,66,16.32,-106.78,977.3,82.7,31.98898126660217,191.08842712309072,212.54237242605973,128.47985340491587,132.3015555464379,96.36192135706747,83.90841385809972,50.18820892716232,60.79039937429856,31.98898126660217,22.880426990335742,14.540161796108013,19.42668056025223
2026-09-27,EP902026,49,2026-09-30 00:00:00,3 days 00:00:00,72,17.01,-107.47,976.4,81.4,24.960640928656662,178.656539426592,225.90870141527867,149.81876893718672,125.57546838416889,98.00671897959964,87.72499389306839,50.90198999929771,67.81380037295469,44.56236438684309,35.034300835939334,25.14834672907147,32.31439121973726
2026-09-27,EP902026,49,2026-09-30 06:00:00,3 days 06:00:00,78,17.8,-108.25,976.3,79.9,41.457712700866,116.47374662215064,158.72734663083273,112.72063291694664,65.4147286448688,47.35185190963489,53.24932440644854,34.826552282194406,27.98004567130652,41.457712700866,18.3793673234978,13.302798829636924,16.875059282496323
2026-09-27,EP902026,49,2026-09-30 12:00:00,3 days 12:00:00,84,18.41,-108.8,972.9,86.8,34.597698777053175,102.12149963404218,148.8940670822924,144.48048833435496,98.115207039308,51.896051745536816,57.37743955746987,44.31130987233456,39.82575315396611,34.99864969564235,31.692235923315643,25.940930363450565,27.041185859252597
2026-09-27,EP902026,49,2026-09-30 18:00:00,3 days 18:00:00,90,18.92,-109.2,967.4,91.9,24.03372254900933,145.28504456943642,168.5144640724851,138.9221095713832,114.0815631724411,70.99163950591588,71.22410476732392,51.4003616395123,56.22140190828659,40.544791873432,35.64251328120379,26.54749974319632,31.35300519649054
2026-09-27,EP902026,49,2026-10-01 00:00:00,4 days 00:00:00,96,19.39,-109.47,970.3,87.5,32.45441700609767,134.92658445089089,172.87491159740995,122.12733077621232,81.38876762202455,64.79742176397448,68.10625129908385,41.21606759930167,44.0384587223915,37.48187900528356,32.228657796853135,22.921513558544884,29.615876512949026
2026-09-27,EP902026,49,2026-10-01 06:00:00,4 days 06:00:00,102,19.62,-109.7,965.6,88.4,15.090999490262146,154.95663654683074,148.36291564070154,111.53794290133008,117.49082324961348,88.90765774438674,75.62485986344993,55.71302822887022,71.36047495086848,41.02730292812429,34.00823064219086,25.20941283250912,30.820911806727764
2026-09-27,EP902026,49,2026-10-01 12:00:00,4 days 12:00:00,108,19.87,-109.9,963.6,87.3,39.82569743839496,122.08047192657143,164.02552917185824,178.09298573050643,114.23707088078572,74.12869119199362,71.48339026292298,63.16944501860738,61.773501462781695,46.4090909680423,42.092070911935394,34.083938099902014,39.13984150538708
2026-09-27,EP902026,49,2026-10-01 18:00:00,4 days 18:00:00,114,19.99,-110.31,970.6,79.5,44.31217117437251,108.06380194327647,139.79924281133236,127.41465535524476,102.4036021081164,56.11020515167975,63.86712241693318,53.64388697459832,49.24599558688383,44.31217117437251,31.93277419533738,27.341957267479277,30.83812313585913
2026-09-27,EP902026,49,2026-10-02 00:00:00,5 days 00:00:00,120,20.21,-110.22,976.3,77.2,26.800557509255057,95.23495625028856,136.91955830961842,170.7922241217965,125.06225544392986,60.74633143086045,83.96493442147964,86.02381329678599,64.03860391051687,54.6906431286451,53.35688680813246,47.52246669209596,46.006253984578976
2026-09-27,EP902026,49,2026-10-02 06:00:00,5 days 06:00:00,126,20.47,-110.35,980.3,63.7,38.078545454129625,145.79251717238748,162.00598854057102,142.10214005636408,119.8185742759113,86.48107936900504,85.11258124633187,67.54136391336594,71.38484837250925,0.0,0.0,0.0,0.0
2026-09-27,EP902026,49,2026-10-02 12:00:00,5 days 12:00:00,132,20.57,-110.69,973.6,75.3,28.11335740304905,188.59702706875652,129.95259210581784,103.35151840701512,134.93381447349765,71.12491631887949,60.75516384304768,45.97540597643316,64.16914445963647,64.40734029044864,55.21581307532112,45.89830105914841,53.43663772253723
2026-09-27,EP902026,49,2026-10-02 18:00:00,5 days 18:00:00,138,20.5,-110.96,967.8,88.8,23.194762496063284,184.5364277275452,168.58730007733865,119.44706784992478,142.6724848348161,70.95489634540867,63.75331185420645,46.85983968306535,59.05869352564581,46.953608531526136,39.9580776590578,32.182407515900245,38.971758211233904
2026-09-27,EP902026,49,2026-10-03 00:00:00,6 days 00:00:00,144,20.6,-111.29,954.5,99.3,20.68623298296746,183.77253159138496,178.43133808948045,178.83594905385814,169.33478257664967,94.26608148293904,86.85433635229312,77.86859378628895,88.47851305506674,63.4185093705944,52.74035063524117,43.11884530425935,53.37061842891789
2026-09-27,EP902026,49,2026-10-03 06:00:00,6 days 06:00:00,150,20.6,-111.74,969.5,84.1,24.74070060218357,151.88153613594756,194.2445730960718,166.08365647781295,134.36297266479698,82.98881739217472,79.29229110562372,67.10469902789187,72.58319692206953,47.003721785511495,39.075778267420354,36.83615227303462,38.813348789066325
2026-09-27,EP902026,49,2026-10-03 12:00:00,6 days 12:00:00,156,20.62,-111.85,966.7,85.4,27.40424406380316,137.68426246563786,133.41134309254312,138.97189854977182,116.89420201124904,65.4764874403021,65.680952733612,53.62426391269844,64.11152693626991,44.776668294677165,38.0857608938411,31.962695162423245,38.1275384822884
2026-09-27,EP902026,49,2026-10-03 18:00:00,6 days 18:00:00,162,20.66,-112.32,968.2,87.6,46.672267424790334,178.99727435754775,125.85192531474442,120.60315596099808,176.6995589082283,97.34378853987864,82.17028847431055,76.0281543420945,93.71601297504763,50.62052277003856,41.68172881057781,38.3329242777251,44.04894047006438
2026-09-27,EP902026,49,2026-10-04 00:00:00,7 days 00:00:00,168,20.57,-112.69,968.1,82.8,32.36031352078943,174.54711811398454,156.5624357889558,142.8753897783657,173.3945793080407,82.36203654080242,72.04755879730575,62.2084130076289,71.09390960337441,42.771894340672205,37.3738669659118,31.46460653061035,38.324147902166814
2026-09-27,EP902026,49,2026-10-04 06:00:00,7 days 06:00:00,174,20.42,-113.24,972.3,77.5,41.21925158819097,151.90042715775397,168.5225718495588,169.15654837196143,154.1426564236599,74.98222451313998,70.39916537164395,67.0018988421813,73.56672175000048,56.24752868407419,48.19881921967192,40.97066187531315,49.71082219780476
2026-09-27,EP902026,49,2026-10-04 12:00:00,7 days 12:00:00,180,20.45,-113.6,984.3,65.0,66.29146490487749,146.5955783373345,104.50171683244892,126.28014905151622,150.544535830694,82.95261392740309,73.36437854360292,59.868120121040405,78.57501850428511,66.29146490487749,25.023663841170546,20.52026487405436,25.26961518013653
2026-09-27,EP902026,49,2026-10-04 18:00:00,7 days 18:00:00,186,20.61,-114.06,984.2,64.1,39.766776465151,114.83248413828824,97.59796117726104,151.0295341078987,145.2898519599449,70.3572015415389,72.52194621909777,68.20271033006253,70.63637593157063,39.766776465151,32.439732017672895,26.23317079277504,29.51041164539057
2026-09-27,EP902026,49,2026-10-05 00:00:00,8 days 00:00:00,192,20.71,-114.67,983.1,70.8,38.09085064388085,161.1306141598966,139.31967511697502,132.57734465212184,122.32199171310322,56.09571044353352,43.09553628970652,42.78069360271484,51.9231807533249,38.09085064388085,17.104218306820176,8.939477684440828,16.929480329153968
2026-09-27,EP902026,49,2026-10-05 06:00:00,8 days 06:00:00,198,20.8,-115.29,987.6,66.5,41.77682174875046,151.1834189228528,133.897761383565,127.09441331452976,152.69102479901292,88.39113666054345,75.31453571925877,61.81806479603321,82.77951842989835,41.77682174875046,27.521089763706964,23.689926788704398,30.02014732469701
2026-09-27,EP902026,49,2026-10-05 12:00:00,8 days 12:00:00,204,20.59,-115.93,989.9,67.2,43.695639338169286,124.01866451567868,112.7578900065598,116.7450984233974,113.60783149645826,79.87758419419367,74.63439719012118,71.64780109944715,75.94002755838935,43.695639338169286,36.875548089116464,34.28640618614508,38.41364807877133
2026-09-27,EP902026,49,2026-10-05 18:00:00,8 days 18:00:00,210,20.49,-116.51,974.8,82.1,46.30825143130099,144.74309142842287,116.5536997130066,109.5437757820155,134.9304929347606,78.92625702771207,61.33570449187895,46.35418485481138,71.04214010333371,46.30825143130099,32.87614494009399,26.587320309675192,36.15235813902584
2026-09-27,EP902026,49,2026-10-06 00:00:00,9 days 00:00:00,216,20.38,-117.21,980.4,72.5,38.71257189307671,137.08477746839952,141.84581861131392,109.06407356800084,124.05828280809472,60.462679969195726,52.43299089469001,43.42450615171373,58.545002826374606,39.079872038723806,29.741639760815087,26.124449282599564,33.46678180860158
2026-09-27,EP902026,49,2026-10-06 06:00:00,9 days 06:00:00,222,20.3,-117.85,979.4,75.2,21.32625557005567,154.37135397976346,141.89012363247997,108.60502431734706,138.5402378155005,83.57408482459086,73.68133468714689,59.769837191092925,73.86510909800207,54.64593500642694,44.578201744407096,39.36872193395743,46.61531903046051
2026-09-27,EP902026,49,2026-10-06 12:00:00,9 days 12:00:00,228,20.22,-118.55,970.7,81.8,22.879186171461964,147.0407881913471,123.40099798787122,97.0615142646204,119.60656403687204,55.30617114196308,39.1438904783206,26.66908508926908,46.46504713311718,23.669954683652435,17.662725717003383,12.329310987487595,19.84611663197897
2026-09-27,EP902026,49,2026-10-06 18:00:00,9 days 18:00:00,234,20.16,-118.92,971.5,77.7,31.282565969977576,136.15614913112842,128.93746576850253,125.6900386249356,137.5356358977624,73.40781758086925,64.83708485669044,48.638086134147485,63.14437154912542,35.7374045275411,29.077088203063006,22.269050975220093,29.72774044179913
2026-09-27,EP902026,49,2026-10-07 00:00:00,10 days 00:00:00,240,20.34,-119.45,962.0,90.1,37.77740602788043,160.0354525962755,159.17605216165566,137.19281950272853,160.84120622702812,84.67406104450697,69.10146911499157,57.3099930853204,76.48615916912854,49.2877758064796,40.74656089651393,32.55687209540889,42.60422971867615
2026-09-27,EP902026,49,2026-10-07 06:00:00,10 days 06:00:00,246,20.46,-119.9,978.4,69.6,44.82832151740578,144.0766646689196,97.2159945550462,102.00082611781072,144.51879517290575,57.829019052573685,46.41026070443444,35.180959046715046,50.15221162588783,44.82832151740578,22.352021401866622,17.415615139199623,22.46727930932628
2026-09-27,EP902026,49,2026-10-07 12:00:00,10 days 12:00:00,252,20.53,-120.35,981.2,62.6,57.07492183978334,124.27637363962816,98.2494140884432,113.86660829350576,138.18309141099576,60.24101068781872,56.12390911286445,49.06025648481824,55.43881056083967,0.0,0.0,0.0,0.0
2026-09-27,EP902026,49,2026-10-07 18:00:00,10 days 18:00:00,258,20.88,-120.65,986.9,62.4,31.917773634557392,157.08481342845766,127.45213610815688,107.63195496733977,144.97518561064396,91.53507556239413,75.00626691442301,53.79206664608273,76.27987139381918,0.0,0.0,0.0,0.0
2026-09-27,EP902026,49,2026-10-08 00:00:00,11 days 00:00:00,264,21.37,-120.95,989.7,52.6,35.57239040868979,175.36155250678857,164.08515238418573,89.33094822407236,141.16687003120762,65.38545252694558,51.46404722578804,25.754430514832983,42.82598749580421,0.0,0.0,0.0,0.0
2026-09-27,EP902026,49,2026-10-08 06:00:00,11 days 06:00:00,270,21.72,-121.44,992.7,57.7,62.614974235504334,155.4317744917223,108.24950663495429,61.116161118743584,134.8588923438918,62.614974235504334,12.216987530049485,3.1896944038189514,12.118224994112268,0.0,0.0,0.0,0.0
2026-09-27,EP902026,49,2026-10-08 12:00:00,11 days 12:00:00,276,22.18,-121.78,995.8,58.9,38.98218092604483,127.13552001545916,80.69980752424323,49.09972249126734,91.40895634658855,38.98218092604483,11.792935945442403,3.027212242674584,13.124897953859447,0.0,0.0,0.0,0.0
2026-09-27,EP902026,49,2026-10-08 18:00:00,11 days 18:00:00,282,22.51,-122.29,999.4,41.8,54.000131648057504,89.46815628435365,81.06804647582817,38.7085078733931,50.53897579076386,0.0,0.0,0.0,0.0,0.0,0.0,0.0,0.0
2026-09-27,EP902026,49,2026-10-09 00:00:00,12 days 00:00:00,288,22.59,-122.66,1000.4,41.9,59.938290118160005,106.3814392030427,84.4473537929339,66.6888139388007,79.47795874458285,0.0,0.0,0.0,0.0,0.0,0.0,0.0,0.0
2026-09-27,EP902026,49,2026-10-09 06:00:00,12 days 06:00:00,294,22.89,-122.89,1003.2,30.1,63.78506156102071,0.0,0.0,0.0,0.0,0.0,0.0,0.0,0.0,0.0,0.0,0.0,0.0
2026-09-27,EP902026,49,2026-10-09 12:00:00,12 days 12:00:00,300,22.95,-122.8,1005.1,27.8,81.46722481607483,0.0,0.0,0.0,0.0,0.0,0.0,0.0,0.0,0.0,0.0,0.0,0.0
2026-09-27,EP902026,49,2026-10-09 18:00:00,12 days 18:00:00,306,23.09,-122.4,1006.6,21.7,59.52949010485178,0.0,0.0,0.0,0.0,0.0,0.0,0.0,0.0,0.0,0.0,0.0,0.0
2026-09-27,EP902026,49,2026-10-10 00:00:00,13 days 00:00:00,312,23.35,-122.28,1004.1,20.2,90.51059889247756,0.0,0.0,0.0,0.0,0.0,0.0,0.0,0.0,0.0,0.0,0.0,0.0
2026-09-27,EP902026,49,2026-10-10 06:00:00,13 days 06:00:00,318,23.73,-121.87,1005.8,21.8,159.89092463875124,0.0,0.0,0.0,0.0,0.0,0.0,0.0,0.0,0.0,0.0,0.0,0.0
2026-09-27,EP902026,49,2026-10-10 12:00:00,13 days 12:00:00,324,24.31,-121.82,1006.5,20.5,142.68617700085156,0.0,0.0,0.0,0.0,0.0,0.0,0.0,0.0,0.0,0.0,0.0,0.0
2026-09-27,EP902026,49,2026-10-10 18:00:00,13 days 18:00:00,330,25.0,-121.24,1004.5,23.3,134.32933251339497,0.0,0.0,0.0,0.0,0.0,0.0,0.0,0.0,0.0,0.0,0.0,0.0
2026-09-27,EP902026,49,2026-10-11 00:00:00,14 days 00:00:00,336,25.46,-120.7,1008.0,17.0,111.13885889825492,0.0,0.0,0.0,0.0,0.0,0.0,0.0,0.0,0.0,0.0,0.0,0.0
2026-09-27,WP252026,49,2026-09-27 00:00:00,0 days 00:00:00,0,24.6,127.6,964.0,89.0,22.0,102.0,121.0,102.0,93.0,,,,,,,,
2026-09-27,WP252026,49,2026-09-27 06:00:00,0 days 06:00:00,6,25.16,128.1,942.4,111.6,30.238751362138817,148.71904133947558,165.2029600914373,123.48298133937216,95.53982272465733,76.1091818420998,86.18535364693058,67.72132204947414,58.51503342716951,60.14969156389215,61.33582969937802,50.321690411633455,52.05788839873127
2026-09-27,WP252026,49,2026-09-27 12:00:00,0 days 12:00:00,12,25.63,128.93,949.7,106.3,31.02774606731998,75.64446633101977,111.7839353303178,130.1737706935693,67.80225473607538,50.334700245945626,72.68022587481533,71.52789836738754,40.61208675944876,44.09882608290884,50.09378705054882,44.97757827112618,35.51833982083453
2026-09-27,WP252026,49,2026-09-27 18:00:00,0 days 18:00:00,18,26.08,129.54,951.4,99.9,27.674836664564364,133.1477636870202,184.51596516017443,134.716962145936,108.3376965366255,60.47012439243368,75.25276794201507,61.14337864215499,44.29959406292805,44.15216530639024,46.038641181699845,38.87588341772505,35.838227286278254
2026-09-27,WP252026,49,2026-09-28 00:00:00,1 days 00:00:00,24,26.75,130.6,974.5,78.2,23.61306361446767,140.38453303412552,174.41043073849244,136.97202945390904,87.84845797074796,79.67175878863301,105.7336749596578,92.96899316775064,70.05376994911995,52.44664181067963,55.99589564016184,50.32809578409864,43.74037013993541
2026-09-27,WP252026,49,2026-09-28 06:00:00,1 days 06:00:00,30,27.14,131.53,980.7,68.0,17.42173383823453,100.70158972352078,141.51219229961987,117.1324319082567,71.98400532547481,58.33759577250257,81.33887201245653,63.7831657223341,40.56445030501976,45.78745504846961,48.88891974839737,41.65578178634371,35.33585924172094
2026-09-27,WP252026,49,2026-09-28 12:00:00,1 days 12:00:00,36,27.43,132.3,988.9,59.0,32.53869599886246,143.6743905748989,156.75912085209558,167.36452719200986,168.513229928188,96.91705393390664,95.72049737692758,77.41080772563113,81.13755174074677,0.0,0.0,0.0,0.0
2026-09-27,WP252026,49,2026-09-28 18:00:00,1 days 18:00:00,42,28.2,132.74,998.9,45.0,51.22376775049777,125.43989292054276,141.1039741923351,94.8894407919415,96.10175944221136,0.0,0.0,0.0,0.0,0.0,0.0,0.0,0.0
2026-09-27,WP252026,49,2026-09-29 00:00:00,2 days 00:00:00,48,29.03,133.67,996.0,47.8,37.13810256841352,131.96069546130292,152.721236476362,102.81377678920846,110.17702724375197,0.0,0.0,0.0,0.0,0.0,0.0,0.0,0.0
2026-09-27,WP252026,49,2026-09-29 06:00:00,2 days 06:00:00,54,29.64,135.05,994.2,36.9,65.9877741025024,85.97032987975649,109.60591814333236,65.77467430402746,51.36161998411205,0.0,0.0,0.0,0.0,0.0,0.0,0.0,0.0
2026-09-27,WP252026,49,2026-09-29 12:00:00,2 days 12:00:00,60,30.45,136.35,1000.6,37.8,114.17674703629474,40.78447927667027,114.17674703629474,26.271110344011312,26.20007462111013,0.0,0.0,0.0,0.0,0.0,0.0,0.0,0.0
2026-09-27,WP252026,49,2026-09-29 18:00:00,2 days 18:00:00,66,31.14,137.58,1000.3,37.3,71.06569007514923,155.0307452371485,171.88193703069737,124.285609707356,115.66534571853094,0.0,0.0,0.0,0.0,0.0,0.0,0.0,0.0
2026-09-27,WP252026,49,2026-09-30 00:00:00,3 days 00:00:00,72,32.19,139.49,996.3,40.6,78.92557230950294,262.19402757132025,304.8537015594799,215.5637412392164,209.02271858125937,0.0,0.0,0.0,0.0,0.0,0.0,0.0,0.0
2026-09-27,WP252026,49,2026-09-30 06:00:00,3 days 06:00:00,78,33.18,141.44,994.1,43.3,86.95665029136956,177.84977357582,194.1326028046998,159.77070533049238,133.7124177436906,0.0,0.0,0.0,0.0,0.0,0.0,0.0,0.0
2026-09-27,WP252026,49,2026-09-30 12:00:00,3 days 12:00:00,84,33.83,143.36,996.1,43.5,54.26153532560837,175.11006319993174,198.20438454170085,161.2368451329466,148.83475698362628,0.0,0.0,0.0,0.0,0.0,0.0,0.0,0.0
2026-09-27,WP252026,49,2026-09-30 18:00:00,3 days 18:00:00,90,34.61,145.27,995.2,41.8,84.41796051261855,15.62233894322818,84.41796051261855,12.325997146629843,0.0,0.0,0.0,0.0,0.0,0.0,0.0,0.0,0.0
2026-09-27,WP252026,49,2026-10-01 00:00:00,4 days 00:00:00,96,35.58,146.92,997.3,32.1,130.03139746431816,0.0,0.0,0.0,0.0,0.0,0.0,0.0,0.0,0.0,0.0,0.0,0.0
2026-09-27,WP252026,49,2026-10-01 06:00:00,4 days 06:00:00,102,36.91,148.75,997.0,31.0,97.717578147933,0.0,0.0,0.0,0.0,0.0,0.0,0.0,0.0,0.0,0.0,0.0,0.0
2026-09-27,WP252026,49,2026-10-01 12:00:00,4 days 12:00:00,108,39.9,151.7,989.3,40.1,109.20911815935584,300.3528782895002,336.09692809982704,264.3350326679709,241.6373630372849,0.0,0.0,0.0,0.0,0.0,0.0,0.0,0.0
2026-09-27,WP252026,49,2026-10-01 18:00:00,4 days 18:00:00,114,41.96,156.62,993.8,38.6,118.58499229546902,47.142382778968,118.58499229546902,29.81480755591357,2.36920990847554,0.0,0.0,0.0,0.0,0.0,0.0,0.0,0.0
2026-09-27,AL062026,5,2026-09-27 00:00:00,0 days 00:00:00,0,29.8,-43.9,1010.0,29.0,56.0,0.0,0.0,0.0,0.0,0.0,0.0,0.0,0.0,0.0,0.0,0.0,0.0
2026-09-27,AL062026,5,2026-09-27 06:00:00,0 days 06:00:00,6,29.61,-44.06,1012.8,24.8,77.16404426037809,0.0,0.0,0.0,0.0,0.0,0.0,0.0,0.0,0.0,0.0,0.0,0.0
2026-09-27,AL062026,5,2026-09-27 12:00:00,0 days 12:00:00,12,29.45,-43.87,1009.8,26.3,46.87261582179335,0.0,0.0,0.0,0.0,0.0,0.0,0.0,0.0,0.0,0.0,0.0,0.0
2026-09-27,AL062026,5,2026-09-27 18:00:00,0 days 18:00:00,18,29.24,-44.15,1010.1,26.7,73.22058346812287,0.0,0.0,0.0,0.0,0.0,0.0,0.0,0.0,0.0,0.0,0.0,0.0
2026-09-27,AL062026,5,2026-09-28 00:00:00,1 days 00:00:00,24,28.89,-44.17,1012.9,26.8,70.27886953041376,0.0,0.0,0.0,0.0,0.0,0.0,0.0,0.0,0.0,0.0,0.0,0.0
2026-09-27,AL062026,5,2026-09-28 06:00:00,1 days 06:00:00,30,28.11,-44.45,1011.7,29.2,152.2192062437555,0.0,0.0,0.0,0.0,0.0,0.0,0.0,0.0,0.0,0.0,0.0,0.0
2026-09-27,AL062026,5,2026-09-28 12:00:00,1 days 12:00:00,36,28.27,-44.79,1010.1,33.2,79.3246494777687,0.0,0.0,0.0,0.0,0.0,0.0,0.0,0.0,0.0,0.0,0.0,0.0
2026-09-27,EP152026,5,2026-09-27 00:00:00,0 days 00:00:00,0,16.7,-156.1,972.0,80.0,37.0,241.0,185.0,185.0,241.0,93.0,74.0,93.0,111.0,56.0,46.0,56.0,56.0
2026-09-27,EP152026,5,2026-09-27 06:00:00,0 days 06:00:00,6,16.66,-157.02,963.8,98.5,34.78460197554455,182.85354705675823,141.7148897881969,149.82245377519618,181.69795762263823,84.76821105735718,58.886424785678685,58.11413493153125,86.1491693415262,52.50562107634416,40.75997131577964,33.48435115155971,46.92680182167038
2026-09-27,EP152026,5,2026-09-27 12:00:00,0 days 12:00:00,12,16.6,-157.64,972.5,84.5,59.474278366092,210.3839788039105,165.68822365266544,113.6002713416245,202.84080457806897,97.83817746161856,76.95075074186838,64.59205386214522,87.97655679379653,59.474278366092,45.13616523670247,36.49571657105451,45.4103712427862
2026-09-27,EP152026,5,2026-09-27 18:00:00,0 days 18:00:00,18,16.62,-158.48,979.3,78.3,16.925106259587317,153.6426549040351,117.4024119184408,100.68756005293776,155.415145273985,73.58462736221935,48.97027193300551,37.31850724583543,70.11240005307074,43.12202307148821,31.15466932663928,24.07531195275898,35.99602934387414
2026-09-27,EP152026,5,2026-09-28 00:00:00,1 days 00:00:00,24,16.58,-159.38,971.4,85.6,17.427456170228197,118.65777994151146,108.90871231658814,89.85878707986646,102.91741897134104,66.18265108301875,50.96341973539687,39.26312461317862,60.387017653086005,26.952457800479987,20.28417674378417,15.540727217956409,24.07144915434865
2026-09-27,EP152026,5,2026-09-28 06:00:00,1 days 06:00:00,30,17.09,-160.38,959.0,98.9,37.72187783555391,138.58434559765232,112.15771299244297,102.3361550587656,120.3239291358208,78.9294993161268,59.58380955766648,50.26535112613614,70.64034680668959,40.15897201189367,30.30518599341005,23.372813948171974,35.28486472087759
2026-09-27,EP152026,5,2026-09-28 12:00:00,1 days 12:00:00,36,17.53,-161.28,945.1,115.3,6.018019317764809,238.00365908445917,217.30953027823543,143.95204897780263,208.46681529159943,110.88206354121088,88.34250852987496,60.259078553285406,90.9957135315451,59.25256330240707,47.72794450702187,35.23146033001952,50.94500892759663
2026-09-27,EP152026,5,2026-09-28 18:00:00,1 days 18:00:00,42,18.3,-161.97,969.7,91.1,26.78389112330266,209.23655411823609,133.49803595103918,83.65149548952884,169.6260668994835,92.78833853001078,65.01159091240224,46.15137945175536,77.17765969620898,47.80097544929797,38.86401936209997,29.951795710150083,39.85609898102564
2026-09-27,EP152026,5,2026-09-29 00:00:00,2 days 00:00:00,48,19.18,-162.46,957.0,106.4,0.0,194.3722438295107,175.37104343865178,95.19322178615596,130.34707104817795,86.23575405132864,67.62719041461408,43.23082290821597,65.8451948927288,55.88974596811207,45.13815782179218,31.333204130253243,44.2095651326057
2026-09-27,EP152026,5,2026-09-29 06:00:00,2 days 06:00:00,54,20.38,-162.8,967.6,86.8,25.14028351808476,166.71355875389983,115.7868331453344,92.78222425650011,117.41900808293782,96.8173556778607,79.08505820910483,52.42705485518326,75.28303725655385,43.69347187930396,37.38996764939933,26.924191986201727,36.976587737792826
2026-09-27,EP152026,5,2026-09-29 12:00:00,2 days 12:00:00,60,21.62,-163.03,970.1,85.7,28.212802003409784,181.36359978153945,151.4559491681231,93.31045053603972,110.20314621703908,87.04938264756346,63.98406846483415,43.677506373803695,67.38049314573382,41.60148918097312,33.19054171195445,23.14747355873686,32.816617701269365
2026-09-27,EP152026,5,2026-09-29 18:00:00,2 days 18:00:00,66,22.43,-162.78,983.3,72.8,25.473669835911835,164.29697339153904,153.16842442552843,91.44879986805812,128.06775416159127,98.3023838774038,85.72402299630022,55.63528759640949,79.48223078816235,28.396950012585183,21.87843947133669,15.621630116136531,21.54017945126095
2026-09-27,EP152026,5,2026-09-30 00:00:00,3 days 00:00:00,72,23.57,-162.76,985.0,57.7,46.6191117777821,185.19806820334503,182.66330196251727,131.3554483408543,168.11942144796842,102.92364718151372,87.53460981866708,60.18119693491637,82.72734875592009,0.0,0.0,0.0,0.0
2026-09-27,EP152026,5,2026-09-30 06:00:00,3 days 06:00:00,78,24.07,-162.59,993.9,54.0,47.52471038643124,239.80749079650155,196.04481923653395,162.0090141676975,205.55500775310327,47.52471038643124,43.77575475759932,33.35613670671616,36.395294577010105,0.0,0.0,0.0,0.0
2026-09-27,EP152026,5,2026-09-30 12:00:00,3 days 12:00:00,84,23.94,-162.72,999.0,46.8,106.70626686259529,187.00461963435737,185.37586884255572,155.63272026103755,152.5736406700389,0.0,0.0,0.0,0.0,0.0,0.0,0.0,0.0
2026-09-27,EP152026,5,2026-09-30 18:00:00,3 days 18:00:00,90,23.64,-162.57,990.6,48.4,86.781848613694,107.82100940158668,83.95137702234706,103.31072522697396,127.93973601912008,0.0,0.0,0.0,0.0,0.0,0.0,0.0,0.0
2026-09-27,EP152026,5,2026-10-01 00:00:00,4 days 00:00:00,96,23.45,-162.49,990.4,52.2,82.72957048123526,173.95144978629645,145.50841027661477,135.589969482328,163.04919906095495,82.72957048123526,6.183419288165344,0.3193565392010207,10.284067191329422,0.0,0.0,0.0,0.0
2026-09-27,EP152026,5,2026-10-01 06:00:00,4 days 06:00:00,102,23.06,-162.86,992.5,52.8,58.81758922654412,133.15236673147913,94.18819996532451,84.65012840969024,141.0617787876405,58.81758922654412,39.81246996870286,30.59093661184285,45.188352340848354,0.0,0.0,0.0,0.0
2026-09-27,EP152026,5,2026-10-01 12:00:00,4 days 12:00:00,108,22.65,-163.01,992.3,48.8,117.79392975226408,141.83891845450614,127.9603804943992,114.43240267774216,146.58833559951864,0.0,0.0,0.0,0.0,0.0,0.0,0.0,0.0
2026-09-27,EP152026,5,2026-10-01 18:00:00,4 days 18:00:00,114,22.56,-163.36,1000.6,42.1,75.07132038596706,114.95337015072252,89.93609072698436,101.86137922785696,128.90622555715078,0.0,0.0,0.0,0.0,0.0,0.0,0.0,0.0
2026-09-27,EP152026,5,2026-10-02 00:00:00,5 days 00:00:00,120,22.56,-163.58,994.7,43.7,76.57452104830291,130.57052157226562,122.95968530154408,105.33701008703456,123.21017340845624,0.0,0.0,0.0,0.0,0.0,0.0,0.0,0.0
2026-09-27,EP152026,5,2026-10-02 06:00:00,5 days 06:00:00,126,22.59,-164.07,994.7,47.7,54.84312082665654,156.14844468703305,115.85833376426322,85.11708472123271,109.23016077628093,0.0,0.0,0.0,0.0,0.0,0.0,0.0,0.0
2026-09-27,EP152026,5,2026-10-02 12:00:00,5 days 12:00:00,132,22.38,-164.17,996.7,48.7,97.396239241985,182.43954150996723,138.92645725535647,96.27747277106798,155.71729336873716,0.0,0.0,0.0,0.0,0.0,0.0,0.0,0.0
2026-09-27,EP152026,5,2026-10-02 18:00:00,5 days 18:00:00,138,22.49,-164.72,994.7,43.8,68.33695563448084,94.18644052840727,58.51441601151075,46.86450613790672,87.54257362300314,0.0,0.0,0.0,0.0,0.0,0.0,0.0,0.0
2026-09-27,EP152026,5,2026-10-03 00:00:00,6 days 00:00:00,144,22.36,-165.47,995.9,47.5,113.27268205407776,113.27268205407776,58.9665249437579,35.46481175061438,69.70547985580168,0.0,0.0,0.0,0.0,0.0,0.0,0.0,0.0
2026-09-27,EP152026,5,2026-10-03 06:00:00,6 days 06:00:00,150,21.96,-166.71,998.0,49.3,57.330433186650055,144.13663968216838,81.08243095165699,59.43070620471934,123.3962203059964,0.0,0.0,0.0,0.0,0.0,0.0,0.0,0.0
2026-09-27,EP152026,5,2026-10-03 12:00:00,6 days 12:00:00,156,21.54,-167.88,1002.3,35.4,74.24414561737855,166.30168575233114,103.86682152779908,49.6902043321988,146.45904739188873,0.0,0.0,0.0,0.0,0.0,0.0,0.0,0.0
2026-09-27,EP152026,5,2026-10-03 18:00:00,6 days 18:00:00,162,21.41,-169.79,995.5,45.3,41.08280696577147,132.04264618531192,77.66040206143344,41.14277475503832,97.07924378935738,0.0,0.0,0.0,0.0,0.0,0.0,0.0,0.0
2026-09-27,EP152026,5,2026-10-04 00:00:00,7 days 00:00:00,168,21.65,-171.88,993.5,54.7,33.775063830973394,206.65925881901325,143.16746102057346,80.5940698733983,190.893368787938,45.019322131821646,24.181723793813173,13.583769146640146,34.72788777373199,0.0,0.0,0.0,0.0
2026-09-27,EP152026,5,2026-10-04 06:00:00,7 days 06:00:00,174,22.01,-174.08,986.5,66.0,15.182149454776235,163.51450337347762,109.58731720793548,47.35120905017672,119.27206157230506,83.64047957196442,65.16952689810458,35.2344999484303,60.46550343646695,15.182149454776235,2.935032876319005,0.0,4.766864842667739
2026-09-27,EP152026,5,2026-10-04 12:00:00,7 days 12:00:00,180,22.57,-176.03,980.4,69.5,21.07008634711479,127.8105482911671,97.81825355960105,53.11543695607004,101.54224405415192,53.47849596484393,46.03981345294882,29.81557057291514,36.61122586663444,21.07008634711479,0.3881899132842047,0.0,0.3269184292595181
2026-09-27,EP152026,5,2026-10-04 18:00:00,7 days 18:00:00,186,23.17,-177.76,976.6,79.0,6.382228934134673,177.72883731465845,108.9657006155494,89.3513283233392,164.60940523907902,89.4169583809803,63.60444797042737,43.0180127018466,68.20450587476944,16.083992297561537,8.370891891106425,4.624234053866502,12.797693276481482
2026-09-27,EP152026,5,2026-10-05 00:00:00,8 days 00:00:00,192,24.08,-179.31,980.8,79.0,20.302541366572186,177.84977221067453,135.25957419756685,78.39428726434281,136.48951876287296,89.12035066582217,71.51348687326148,41.65321328182464,69.26269320518833,40.43284016375614,32.860815708366246,23.154227379837398,34.07656313692373
2026-09-27,EP152026,5,2026-10-05 06:00:00,8 days 06:00:00,198,25.15,178.98,983.9,73.7,11.112339337925846,235.07115752470645,148.57084103247325,81.98517495972465,181.79189502899223,98.20008245698818,66.84916230802344,39.12814567811546,78.02569286151629,29.72802636117592,19.20161422220059,12.7745516133361,23.38879601000741
2026-09-27,EP152026,5,2026-10-05 12:00:00,8 days 12:00:00,204,25.93,177.41,977.7,78.3,43.31993114295449,234.930833446809,190.4611707435699,135.01281108352248,191.0776543970261,108.55022729679612,91.74683303281805,64.08998336402036,87.72141373002222,50.05796735210606,41.93196280453323,33.550927291774414,41.66426996240769
2026-09-27,EP152026,5,2026-10-05 18:00:00,8 days 18:00:00,210,26.74,176.1,978.5,81.1,2.8307992015798504,176.49025055203174,172.9546484029579,113.77523855144771,128.09721161794664,94.32286236970548,85.49416357447228,54.12396643367612,76.58300675161775,44.63722961801591,37.29261741581138,27.14419763833817,37.33727055012196
2026-09-27,EP152026,5,2026-10-06 00:00:00,9 days 00:00:00,216,27.61,175.25,974.9,81.1,46.81705510960802,190.02847344449836,194.02109318856265,110.82029777717412,133.217904198503,95.9495244930854,82.32736778973947,48.76932011801841,83.95619164875427,56.05174041769084,45.45352568735672,32.089770105262545,45.44071183898984
2026-09-27,EP152026,5,2026-10-06 06:00:00,9 days 06:00:00,222,28.13,174.76,972.5,73.6,7.899710693377671,184.53849182885847,186.49872507444684,125.56967936698942,165.24579898850448,104.36810890374852,90.06551115616094,62.20591698118352,85.11909348232012,70.47963068955178,61.27763433120958,45.18930587614338,56.7080337303471
2026-09-27,EP152026,5,2026-10-06 12:00:00,9 days 12:00:00,228,28.44,174.56,981.0,69.9,30.29210279564025,148.08888643462717,151.8824812969491,79.32949996329204,94.45357035623894,101.56600850333771,86.05846023282622,62.48201485466256,83.0247943914287,54.562760333376055,47.37558254191342,34.57704537953723,45.36839974591098
2026-09-27,EP152026,5,2026-10-06 18:00:00,9 days 18:00:00,234,28.62,174.19,977.9,70.6,31.98090170667019,129.86452811313106,137.65517982743944,146.87666396940187,130.87991764950127,72.21810903645796,69.49560875332979,55.38782930131264,60.899251633158485,33.5572974866769,28.945422545187952,24.998806774181336,27.034855718443623
2026-09-27,EP152026,5,2026-10-07 00:00:00,10 days 00:00:00,240,28.35,174.08,992.1,60.2,34.464608444489414,151.95992536985688,100.4768700492807,113.94366663249806,181.80216990642705,104.36189404255748,81.10796395780201,59.565755845195305,84.39148765241652,0.0,0.0,0.0,0.0
2026-09-27,EP152026,5,2026-10-07 06:00:00,10 days 06:00:00,246,27.49,173.54,996.7,56.0,0.0,159.29647816310268,119.44232156982407,96.11552330437232,149.47381721496933,52.32114863498987,40.74334160076671,26.63996468527435,43.57758276348,0.0,0.0,0.0,0.0
2026-09-27,EP152026,5,2026-10-07 12:00:00,10 days 12:00:00,252,26.97,172.13,998.8,45.3,43.39354034334531,201.7987135961892,116.8324905151526,81.47147967917218,169.20225264537274,0.0,0.0,0.0,0.0,0.0,0.0,0.0,0.0
2026-09-27,EP152026,5,2026-10-07 18:00:00,10 days 18:00:00,258,26.52,170.87,1001.9,40.5,53.51659522099059,144.343400616261,96.1947392802468,91.1748609820533,139.51033443381252,0.0,0.0,0.0,0.0,0.0,0.0,0.0,0.0
2026-09-27,EP152026,5,2026-10-08 00:00:00,11 days 00:00:00,264,26.53,168.97,1000.8,40.1,11.74075572447652,194.6193636228024,139.63406278447798,118.23577584487212,171.2629682096097,0.0,0.0,0.0,0.0,0.0,0.0,0.0,0.0
2026-09-27,EP152026,5,2026-10-08 06:00:00,11 days 06:00:00,270,25.93,167.2,1003.9,30.4,122.8437543811752,0.0,0.0,0.0,0.0,0.0,0.0,0.0,0.0,0.0,0.0,0.0,0.0
2026-09-27,EP152026,5,2026-10-08 12:00:00,11 days 12:00:00,276,26.35,165.06,1001.1,34.7,90.81334045834714,90.81334045834714,11.11252600302948,6.936270659929718,17.506322435816436,0.0,0.0,0.0,0.0,0.0,0.0,0.0,0.0
2026-09-27,EP152026,5,2026-10-08 18:00:00,11 days 18:00:00,282,26.58,163.93,1005.6,24.4,28.296206499246463,0.0,0.0,0.0,0.0,0.0,0.0,0.0,0.0,0.0,0.0,0.0,0.0
2026-09-27,EP152026,5,2026-10-09 00:00:00,12 days 00:00:00,288,26.53,162.54,1006.5,22.0,99.38205844916136,0.0,0.0,0.0,0.0,0.0,0.0,0.0,0.0,0.0,0.0,0.0,0.0
2026-09-27,EP152026,5,2026-10-09 06:00:00,12 days 06:00:00,294,26.5,161.07,1007.6,25.3,76.22139476060079,0.0,0.0,0.0,0.0,0.0,0.0,0.0,0.0,0.0,0.0,0.0,0.0
2026-09-27,EP152026,5,2026-10-09 12:00:00,12 days 12:00:00,300,26.5,159.34,1006.4,25.8,41.8475125218352,0.0,0.0,0.0,0.0,0.0,0.0,0.0,0.0,0.0,0.0,0.0,0.0
2026-09-27,EP162026,5,2026-09-27 00:00:00,0 days 00:00:00,0,20.8,-123.6,975.0,76.0,28.0,167.0,167.0,148.0,185.0,93.0,74.0,74.0,93.0,65.0,46.0,37.0,56.0
2026-09-27,EP162026,5,2026-09-27 06:00:00,0 days 06:00:00,6,21.44,-123.4,992.3,55.6,38.719083026259966,138.49915085198217,123.90312910789478,92.45367013988866,155.9623931373329,38.719083026259966,16.47168072578046,7.812375978877217,24.35117356848601,0.0,0.0,0.0,0.0
2026-09-27,EP162026,5,2026-09-27 12:00:00,0 days 12:00:00,12,21.89,-123.4,994.0,43.3,58.93864325248855,152.5788620376893,136.04949241413607,59.15383463009599,99.06497333664028,0.0,0.0,0.0,0.0,0.0,0.0,0.0,0.0
2026-09-27,EP162026,5,2026-09-27 18:00:00,0 days 18:00:00,18,22.2,-123.15,1002.8,38.2,69.37966471494329,69.37966471494329,38.0584027803385,25.618735718712376,40.10591093329516,0.0,0.0,0.0,0.0,0.0,0.0,0.0,0.0
2026-09-27,EP162026,5,2026-09-28 00:00:00,1 days 00:00:00,24,22.21,-122.83,1003.3,29.1,147.21781272038703,0.0,0.0,0.0,0.0,0.0,0.0,0.0,0.0,0.0,0.0,0.0,0.0
2026-09-27,EP162026,5,2026-09-28 06:00:00,1 days 06:00:00,30,22.33,-122.81,999.9,33.9,66.84751309526706,0.0,0.0,0.0,0.0,0.0,0.0,0.0,0.0,0.0,0.0,0.0,0.0
2026-09-27,EP162026,5,2026-09-28 12:00:00,1 days 12:00:00,36,22.14,-122.81,1001.5,25.3,122.08593420679458,0.0,0.0,0.0,0.0,0.0,0.0,0.0,0.0,0.0,0.0,0.0,0.0
2026-09-27,EP162026,5,2026-09-28 18:00:00,1 days 18:00:00,42,21.79,-122.75,1006.3,26.8,93.6937186552635,0.0,0.0,0.0,0.0,0.0,0.0,0.0,0.0,0.0,0.0,0.0,0.0
2026-09-27,EP162026,5,2026-09-29 00:00:00,2 days 00:00:00,48,21.22,-122.3,1002.7,28.3,101.45344887729571,0.0,0.0,0.0,0.0,0.0,0.0,0.0,0.0,0.0,0.0,0.0,0.0
2026-09-27,EP162026,5,2026-09-29 06:00:00,2 days 06:00:00,54,20.54,-122.34,1004.9,22.5,123.85632594098024,0.0,0.0,0.0,0.0,0.0,0.0,0.0,0.0,0.0,0.0,0.0,0.0
2026-09-27,EP162026,5,2026-09-29 12:00:00,2 days 12:00:00,60,19.93,-122.34,1005.2,23.3,84.24482723648151,0.0,0.0,0.0,0.0,0.0,0.0,0.0,0.0,0.0,0.0,0.0,0.0
2026-09-27,EP162026,5,2026-09-29 18:00:00,2 days 18:00:00,66,19.58,-121.91,1005.6,24.6,154.49991145309147,0.0,0.0,0.0,0.0,0.0,0.0,0.0,0.0,0.0,0.0,0.0,0.0
2026-09-27,EP162026,5,2026-09-30 00:00:00,3 days 00:00:00,72,18.9,-122.48,1004.3,18.5,91.98359752398734,0.0,0.0,0.0,0.0,0.0,0.0,0.0,0.0,0.0,0.0,0.0,0.0
2026-09-27,EP172026,5,2026-09-27 00:00:00,0 days 00:00:00,0,19.0,-112.9,946.0,111.0,28.0,259.0,185.0,167.0,185.0,111.0,111.0,93.0,93.0,65.0,65.0,46.0,56.0
2026-09-27,EP172026,5,2026-09-27 06:00:00,0 days 06:00:00,6,19.88,-113.32,935.0,126.6,29.81906828416527,226.69192359953783,241.10450513048363,161.74534902790674,170.59646733556747,118.80903943334944,110.62691911433647,79.81681502424703,93.5929759191215,71.28523522496903,60.438184936403445,46.268018245324924,61.26386346717686
2026-09-27,EP172026,5,2026-09-27 12:00:00,0 days 12:00:00,12,21.05,-113.78,939.5,120.5,29.264074231889158,260.12802833272644,243.1231484356688,180.32758449273376,208.8921371663389,98.34729095661044,89.41877830797617,62.23795655435286,77.92301370314576,58.01199612312319,50.19426535229928,42.24567473185773,51.37188902765904
2026-09-27,EP172026,5,2026-09-27 18:00:00,0 days 18:00:00,18,21.52,-114.25,946.9,113.1,16.898442981476673,178.1678768086066,195.0611856377154,134.74405974480342,132.47435090810166,80.44472343436894,80.09211418991495,51.74407661758804,51.22313249634062,48.43079629506863,45.17119782004759,33.35951281120566,38.80472353351453
2026-09-27,EP172026,5,2026-09-28 00:00:00,1 days 00:00:00,24,22.7,-114.39,949.9,110.6,12.476165612431316,174.8216559629427,211.0047018724113,141.14792147125934,118.99837332121268,93.84899411243214,91.62252809583616,64.4955178427955,66.9405597553648,54.860906301477925,51.697857508388296,38.9122923408607,44.24223018125119
2026-09-27,EP172026,5,2026-09-28 06:00:00,1 days 06:00:00,30,23.71,-114.17,954.9,110.8,19.851941134923944,156.20864597649597,191.9262978279561,116.69180729902558,103.83707497179876,88.94444145784361,95.3549731147424,64.28166742560961,60.38325303753005,52.38463204648491,53.13475911123996,40.13720427044143,43.59616465248197
2026-09-27,EP172026,5,2026-09-28 12:00:00,1 days 12:00:00,36,24.58,-113.82,951.6,107.0,6.16132384734825,194.08869137697235,237.2121784024398,203.58794619346727,161.2878015999875,105.26645292372154,112.51759012629714,89.74135985641527,74.83058777002681,60.480752695706734,60.09563423217605,47.979527875317416,50.39371599757608
2026-09-27,EP172026,5,2026-09-28 18:00:00,1 days 18:00:00,42,25.55,-113.24,963.2,93.3,8.836899733571368,163.45771382523137,184.49451200406008,145.4406204961886,146.0692450482695,80.9742460235388,83.68998167556323,55.29508572854615,65.60915874959224,45.64379276008547,41.5601447956194,32.12930858768517,38.245075972216455
2026-09-27,EP172026,5,2026-09-29 00:00:00,2 days 00:00:00,48,26.4,-112.41,958.2,94.1,25.42259829222526,250.3667523703271,266.1852614499802,199.74046360173548,196.98806201131495,108.22575782512476,121.82623103333844,100.49835979179436,83.47747788201625,72.7556816609459,77.18732385622675,65.31027617898586,64.82213465876617
2026-09-27,EP172026,5,2026-09-29 06:00:00,2 days 06:00:00,54,27.33,-111.3,972.6,84.0,6.981776862441748,116.398229243786,159.24560850155916,108.6752145995752,61.65438575752658,71.57334149722459,85.19475436014889,53.952174698976805,44.66986550032843,33.87246235258705,33.89969627641305,23.689136112459423,26.4094347259446
2026-09-27,EP172026,5,2026-09-29 12:00:00,2 days 12:00:00,60,28.83,-110.63,990.5,51.8,46.360098768554415,113.5304489070536,123.42850576400204,36.36166275593783,59.148127782126295,46.360098768554415,2.269592568311431,0.0,0.0,0.0,0.0,0.0,0.0
2026-09-27,EP172026,5,2026-09-29 18:00:00,2 days 18:00:00,66,30.59,-108.18,993.6,35.6,62.04995994611544,4.136129515075581,62.04995994611544,47.28649634462453,0.0,0.0,0.0,0.0,0.0,0.0,0.0,0.0,0.0
2026-09-27,EP902026,5,2026-09-27 00:00:00,0 days 00:00:00,0,12.0,-98.6,1008.0,25.0,111.0,0.0,0.0,0.0,0.0,0.0,0.0,0.0,0.0,0.0,0.0,0.0,0.0
2026-09-27,EP902026,5,2026-09-27 06:00:00,0 days 06:00:00,6,11.61,-97.84,1004.5,25.9,81.37487118159382,0.0,0.0,0.0,0.0,0.0,0.0,0.0,0.0,0.0,0.0,0.0,0.0
2026-09-27,EP902026,5,2026-09-27 12:00:00,0 days 12:00:00,12,11.9,-98.48,1006.7,33.4,116.17580770018223,0.0,0.0,0.0,0.0,0.0,0.0,0.0,0.0,0.0,0.0,0.0,0.0
2026-09-27,EP902026,5,2026-09-27 18:00:00,0 days 18:00:00,18,12.1,-98.63,1005.4,40.0,58.320693690618455,100.26829654985362,82.34342208202402,34.77212209839274,69.07399397944694,0.0,0.0,0.0,0.0,0.0,0.0,0.0,0.0
2026-09-27,EP902026,5,2026-09-28 00:00:00,1 days 00:00:00,24,12.23,-99.1,1002.3,36.4,69.50267656433932,69.50267656433932,16.156372959526443,10.820783015430182,18.788079776900823,0.0,0.0,0.0,0.0,0.0,0.0,0.0,0.0
2026-09-27,EP902026,5,2026-09-28 06:00:00,1 days 06:00:00,30,12.43,-99.64,999.3,44.8,61.95150260542019,159.6052793126637,139.07709836091055,99.71594558872108,131.1029494001254,0.0,0.0,0.0,0.0,0.0,0.0,0.0,0.0
2026-09-27,EP902026,5,2026-09-28 12:00:00,1 days 12:00:00,36,12.86,-100.6,999.1,46.9,92.04881559536966,79.80091338195825,92.04881559536966,59.53984117239486,70.47685921637913,0.0,0.0,0.0,0.0,0.0,0.0,0.0,0.0
2026-09-27,EP902026,5,2026-09-28 18:00:00,1 days 18:00:00,42,13.01,-101.56,993.2,58.4,29.010175384942656,158.18288812247778,151.94627769340212,97.60674047502276,136.1964404441157,65.45526844746524,49.53171567367616,28.02083497748544,46.704121184104025,0.0,0.0,0.0,0.0
2026-09-27,EP902026,5,2026-09-29 00:00:00,2 days 00:00:00,48,13.39,-102.82,991.4,58.0,59.99013492508779,213.00677388602836,201.60713457838472,177.80659202429888,218.60279584959125,134.94233335651188,119.5094376798436,88.61597083151102,113.5787971225667,0.0,0.0,0.0,0.0
2026-09-27,EP902026,5,2026-09-29 06:00:00,2 days 06:00:00,54,13.49,-103.69,986.1,66.4,23.331600753815422,185.1161610159413,163.0319661638539,137.30181549061024,165.27077653789422,109.05710757213274,89.07626425478306,68.89667654522503,89.64606741095236,27.54084513190886,20.91331871068141,16.052804422481927,22.980197902042736
2026-09-27,EP902026,5,2026-09-29 12:00:00,2 days 12:00:00,60,14.08,-104.75,975.4,76.2,29.4912193977247,205.71462632342303,201.6078451800744,143.45597233529944,174.76502161706634,91.02253523026582,79.06095061527074,55.71355847062459,71.41220865912103,43.97663280938592,38.65166415521922,29.89908189896312,37.727837002306224
2026-09-27,EP902026,5,2026-09-29 18:00:00,2 days 18:00:00,66,14.56,-105.57,967.2,86.0,1.544781694193066,219.5930342057632,215.19827702019035,150.14065470485826,149.22364124651574,113.65671241430329,90.322517054814,53.80983148941306,82.33068907743507,44.61177704150364,37.08104592297102,24.674321495222387,35.36704218216113
2026-09-27,EP902026,5,2026-09-30 00:00:00,3 days 00:00:00,72,15.26,-106.76,956.6,106.5,29.95269329695146,251.76966766956727,276.744514486581,190.20883487023676,223.22085002635183,113.1690265495663,101.08461626762924,82.08909817564597,94.2619906482428,66.14493822656028,57.16348065902247,48.61188523815289,56.12235450150911
2026-09-27,EP902026,5,2026-09-30 06:00:00,3 days 06:00:00,78,15.62,-107.89,957.5,99.4,0.0,167.84530558686424,157.30469953058775,162.1085001123673,151.54685355698842,93.55990852456324,75.07448588394001,65.57315218919159,87.80106273631635,50.55288006167732,41.90576142363645,36.51867973635508,46.74437931055488
2026-09-27,EP902026,5,2026-09-30 12:00:00,3 days 12:00:00,84,16.24,-108.63,962.6,96.4,13.040502695226404,186.7788718733121,207.28222258777453,189.17176612173984,176.63513395868534,103.24737990896784,103.35426786351697,86.1112407327038,94.2295031003346,59.68482308919843,55.223082204529206,45.71040298468517,52.4275165638814
2026-09-27,EP902026,5,2026-09-30 18:00:00,3 days 18:00:00,90,16.27,-109.5,959.8,99.9,10.959573634322112,174.87599416053058,170.64424259132056,200.62064476160367,169.8233697172459,86.56367882476059,63.83132549668335,52.0357437232916,71.97748467848237,57.65396362424218,46.53350989720707,37.25945376440254,48.5199221381846
2026-09-27,EP902026,5,2026-10-01 00:00:00,4 days 00:00:00,96,16.34,-110.42,963.8,86.8,29.31184293901338,178.2523004881072,182.84760499702057,166.26662381686785,166.8989645115679,83.98396829997967,74.37537140194091,69.68974510863683,75.48166654196359,51.27460833139794,44.779002673282,38.73145452653347,45.42227043847443
2026-09-27,EP902026,5,2026-10-01 06:00:00,4 days 06:00:00,102,16.61,-110.93,962.0,91.6,26.80985439456449,183.7931748639269,172.45542406234358,199.1852033553058,199.99029146264215,105.84873186710716,91.2842768249226,90.2285393985924,108.17410174169964,57.97283885781757,49.81311399161612,46.062403740735,53.5536087077224
2026-09-27,EP902026,5,2026-10-01 12:00:00,4 days 12:00:00,108,16.7,-111.39,967.9,87.7,25.30999707632015,158.17911138708956,179.92394088147685,162.39870773749743,150.220734937217,50.05718113056791,56.824542439611264,62.50549381546141,52.95563011291,33.49818719680569,32.550156494421664,30.377990862004918,29.93386763284844
2026-09-27,EP902026,5,2026-10-01 18:00:00,4 days 18:00:00,114,16.76,-111.44,964.7,86.6,49.52694105054644,193.8200033268876,214.14942119743645,156.499123987472,154.78056166529944,101.68697408225675,92.4865484282768,77.72926991974327,84.44148153976877,65.15083458328621,58.04223497415046,47.35671797989184,53.91201615082532
2026-09-27,EP902026,5,2026-10-02 00:00:00,5 days 00:00:00,120,17.21,-111.02,980.9,68.7,40.88699388281936,170.1443538715888,231.18265359253712,167.9435807743332,151.07685578804626,89.18319451645323,90.88420661348448,75.03238487327832,74.11660458905311,41.02965056482103,39.90742836207269,34.06854501695386,34.13086636268898
2026-09-27,EP902026,5,2026-10-02 06:00:00,5 days 06:00:00,126,17.65,-110.94,982.1,63.3,33.709726865667065,155.068024688327,198.89498517488815,151.10968943366146,127.49293356444367,78.56950783232799,75.3233970132134,56.19578982649072,57.96141458075567,0.0,0.0,0.0,0.0
2026-09-27,EP902026,5,2026-10-02 12:00:00,5 days 12:00:00,132,18.25,-110.94,984.8,60.3,40.18877660996398,212.01555786704503,236.36801023900296,175.83455242375362,169.86736865945304,73.75482047598929,71.94455908561335,44.568384727693946,49.777621202563424,0.0,0.0,0.0,0.0
2026-09-27,EP902026,5,2026-10-02 18:00:00,5 days 18:00:00,138,18.47,-110.75,981.5,70.2,49.57009969227599,195.33504686439449,231.3480673836061,192.27389335715293,160.2765999219181,109.3950206565014,107.0070821034169,74.63164794663737,75.99043247065094,1.0503315412756535,49.57009969227599,0.0,0.0
2026-09-27,EP902026,5,2026-10-03 00:00:00,6 days 00:00:00,144,18.48,-110.15,972.8,75.1,28.722108798137924,215.4466764915269,263.3074434155424,222.5250092454953,211.5308360697236,95.42461787411594,104.96322638320272,92.20324941643048,81.37720056684338,56.79457500788703,59.55200046256505,51.26321578078205,48.74042652886419
2026-09-27,EP902026,5,2026-10-03 06:00:00,6 days 06:00:00,150,19.13,-109.67,967.7,88.2,10.82389502383603,207.91989320515492,247.5367990653358,164.2632788225783,145.81910913107004,102.49049480958912,106.69064463809354,74.87371519191538,70.77140856066126,54.67376776962533,54.23119011326526,43.63790142541325,44.60791293792545
2026-09-27,EP902026,5,2026-10-03 12:00:00,6 days 12:00:00,156,19.88,-109.21,967.2,83.8,33.86097832518239,222.6163786953616,262.4509517479788,200.34191211123976,176.50307407854902,94.09937912799336,106.42755297329128,76.16076681048975,67.45421067256402,53.18033558332768,52.57244227821123,43.12897498839519,43.10942299577327
2026-09-27,EP902026,5,2026-10-03 18:00:00,6 days 18:00:00,162,20.61,-108.92,971.2,79.6,41.76230272637902,268.7063976429581,280.4539042681018,167.71051134472702,202.32354282162763,133.4694596382745,126.67470391605144,88.66322407284889,94.7029702158329,65.09677187134378,63.61213064225518,50.86580339754608,53.57203239666711
2026-09-27,EP902026,5,2026-10-04 00:00:00,7 days 00:00:00,168,21.9,-108.6,968.8,79.0,46.1094889053855,323.1431940230509,336.8826817381796,245.63192907919145,259.7245630468492,136.47830913839937,141.63990012999272,109.86510945803778,103.22132717331266,75.58529228054434,76.31642551100413,61.23176077415008,62.81695264936962
2026-09-27,EP902026,5,2026-10-04 06:00:00,7 days 06:00:00,174,23.0,-108.4,962.2,88.1,0.5162374478266045,289.9146313904896,268.4373643312268,218.6166634598582,216.52532616338112,181.75524344306564,161.60118793185725,122.56472198874702,144.8760430781798,94.08913805655165,85.44212770006278,66.2701996596045,78.16616734615305
2026-09-27,EP902026,5,2026-10-04 12:00:00,7 days 12:00:00,180,24.65,-108.38,964.1,83.3,28.44152992173288,245.2671312603204,212.58513167349943,149.35760062954728,167.53084508659106,120.14728305047971,110.03876640462146,81.73633628017933,90.099835094059,48.17698292413343,46.46384702468895,36.53243955775619,41.44903414978462
2026-09-27,EP902026,5,2026-10-04 18:00:00,7 days 18:00:00,186,26.45,-108.6,984.6,48.9,46.91816658971448,274.2471106268044,254.57988710688252,145.86621061098035,189.3759363863287,0.0,0.0,0.0,0.0,0.0,0.0,0.0,0.0
2026-09-27,EP902026,5,2026-10-05 00:00:00,8 days 00:00:00,192,28.11,-109.01,1000.0,24.9,116.97537958602008,0.0,0.0,0.0,0.0,0.0,0.0,0.0,0.0,0.0,0.0,0.0,0.0
2026-09-27,WP252026,5,2026-09-27 00:00:00,0 days 00:00:00,0,24.6,127.6,964.0,89.0,22.0,102.0,121.0,102.0,93.0,,,,,,,,
2026-09-27,WP252026,5,2026-09-27 06:00:00,0 days 06:00:00,6,25.49,128.48,929.7,131.4,20.514286663096527,122.73930940221408,191.77616416736876,169.30403767289135,96.01099335605204,73.84036600054333,92.85692736360396,77.17307273760116,59.99551135230877,48.84807273113461,49.48269085489028,43.01538205316638,42.05040479620993
2026-09-27,WP252026,5,2026-09-27 12:00:00,0 days 12:00:00,12,26.1,129.04,931.8,124.2,6.73820077900257,69.22730344532307,128.43878103879845,133.06518879952017,76.16810063748159,33.27212941997885,70.2436150570501,70.12238143936979,34.50126785580535,33.27212941997885,42.066184702625,40.89247509468326,28.68849341001024
2026-09-27,WP252026,5,2026-09-27 18:00:00,0 days 18:00:00,18,26.69,129.96,962.6,91.6,17.40849000335233,71.66008983132642,174.85761579583277,161.02973425758606,74.60572667346935,57.94708856415955,73.60565212662576,59.568301092643146,44.871343875070686,34.93925108891693,34.428128254603315,27.363520745759445,26.48303007141338
2026-09-27,WP252026,5,2026-09-28 00:00:00,1 days 00:00:00,24,27.1,130.82,977.1,82.0,20.93553947278077,121.10866378059296,159.18795459165912,165.424662261437,121.3647367346729,69.35519259996764,76.9198337019081,59.83016268770545,52.5257948433823,36.25519490244562,35.77475208924678,29.072693246146216,27.49855763294777
2026-09-27,WP252026,5,2026-09-28 06:00:00,1 days 06:00:00,30,27.58,131.63,986.4,57.7,40.218268014697344,142.68424312065542,168.17452645431433,56.30246436779258,81.46189506481113,41.545286728188415,42.22001207801662,18.57527638369065,28.30860957032857,0.0,0.0,0.0,0.0
2026-09-27,WP252026,5,2026-09-28 12:00:00,1 days 12:00:00,36,28.15,132.65,991.8,54.9,24.630493392335424,78.69608289663411,130.2298719600497,99.19227546375296,84.84322290027644,62.00196522563624,70.1485647965016,46.3702583289519,50.26888698448721,0.0,0.0,0.0,0.0
2026-09-27,WP252026,5,2026-09-28 18:00:00,1 days 18:00:00,42,28.62,133.74,994.8,52.3,37.613371662248674,188.18268301301097,190.2055931950113,116.27902221727508,138.16302748960658,37.613371662248674,18.43374302413904,10.571466214754851,14.311058987315272,0.0,0.0,0.0,0.0
2026-09-27,WP252026,5,2026-09-29 00:00:00,2 days 00:00:00,48,29.56,134.7,996.7,40.8,120.64077076143282,95.75306884156517,120.64077076143282,54.596351664667694,72.88675646315441,0.0,0.0,0.0,0.0,0.0,0.0,0.0,0.0
2026-09-27,WP252026,5,2026-09-29 06:00:00,2 days 06:00:00,54,30.47,135.91,999.0,37.3,46.55570276213767,180.0405029782008,202.3589954867918,148.28850876622948,147.3007639835885,0.0,0.0,0.0,0.0,0.0,0.0,0.0,0.0
2026-09-27,WP252026,5,2026-09-29 12:00:00,2 days 12:00:00,60,31.49,137.29,998.3,44.2,61.906253410222085,93.3000022688795,97.63865889180012,73.42815782430065,55.81449127913994,0.0,0.0,0.0,0.0,0.0,0.0,0.0,0.0
2026-09-27,WP252026,5,2026-09-29 18:00:00,2 days 18:00:00,66,32.38,138.77,997.1,41.9,103.05110679218753,214.85542183466987,237.7994065199582,162.12445952088183,159.7078277333676,0.0,0.0,0.0,0.0,0.0,0.0,0.0,0.0
2026-09-27,WP252026,5,2026-09-30 00:00:00,3 days 00:00:00,72,33.26,141.12,996.3,42.2,150.96514416690752,37.90605474292823,150.96514416690752,19.77602068148512,22.02590857108169,0.0,0.0,0.0,0.0,0.0,0.0,0.0,0.0
2026-09-27,WP252026,5,2026-09-30 06:00:00,3 days 06:00:00,78,33.78,143.29,997.8,35.5,80.94382339684944,224.55129090880823,254.116947204885,200.37909783879732,145.93935167548767,0.0,0.0,0.0,0.0,0.0,0.0,0.0,0.0
2026-09-27,WP252026,5,2026-09-30 12:00:00,3 days 12:00:00,84,35.13,144.7,999.4,30.7,125.78529783546762,0.0,0.0,0.0,0.0,0.0,0.0,0.0,0.0,0.0,0.0,0.0,0.0
2026-09-27,WP252026,5,2026-09-30 18:00:00,3 days 18:00:00,90,36.06,146.42,999.5,32.6,82.17741636188862,0.0,0.0,0.0,0.0,0.0,0.0,0.0,0.0,0.0,0.0,0.0,0.0
2026-09-27,WP252026,5,2026-10-01 00:00:00,4 days 00:00:00,96,36.59,147.91,1000.9,28.9,87.78072213010302,0.0,0.0,0.0,0.0,0.0,0.0,0.0,0.0,0.0,0.0,0.0,0.0
2026-09-27,WP252026,5,2026-10-01 06:00:00,4 days 06:00:00,102,38.42,149.35,997.2,34.8,107.91422223916824,67.16207431173454,107.91422223916824,31.88017009198937,27.70081830934747,0.0,0.0,0.0,0.0,0.0,0.0,0.0,0.0
2026-09-27,WP252026,5,2026-10-01 12:00:00,4 days 12:00:00,108,39.79,151.79,996.1,37.0,164.35527060906026,177.09366687662697,170.52838763722963,118.73677622324972,98.27133165940988,0.0,0.0,0.0,0.0,0.0,0.0,0.0,0.0
2026-09-27,WP252026,5,2026-10-01 18:00:00,4 days 18:00:00,114,42.66,155.66,995.5,31.7,115.2639975050984,0.0,0.0,0.0,0.0,0.0,0.0,0.0,0.0,0.0,0.0,0.0,0.0
2026-09-27,AL062026,50,2026-09-27 00:00:00,0 days 00:00:00,0,29.8,-43.9,1010.0,29.0,56.0,0.0,0.0,0.0,0.0,0.0,0.0,0.0,0.0,0.0,0.0,0.0,0.0
2026-09-27,AL062026,50,2026-09-27 06:00:00,0 days 06:00:00,6,29.67,-44.11,1008.1,29.3,52.621883920953934,0.0,0.0,0.0,0.0,0.0,0.0,0.0,0.0,0.0,0.0,0.0,0.0
2026-09-27,AL062026,50,2026-09-27 12:00:00,0 days 12:00:00,12,29.53,-44.28,1009.3,24.9,48.45563679108234,0.0,0.0,0.0,0.0,0.0,0.0,0.0,0.0,0.0,0.0,0.0,0.0
2026-09-27,AL062026,50,2026-09-27 18:00:00,0 days 18:00:00,18,29.02,-44.44,1011.2,27.7,36.74908515236093,0.0,0.0,0.0,0.0,0.0,0.0,0.0,0.0,0.0,0.0,0.0,0.0
2026-09-27,AL062026,50,2026-09-28 00:00:00,1 days 00:00:00,24,28.09,-44.38,1004.3,35.1,94.68256039731348,0.0,94.68256039731348,0.0,0.0,0.0,0.0,0.0,0.0,0.0,0.0,0.0,0.0
2026-09-27,EP152026,50,2026-09-27 00:00:00,0 days 00:00:00,0,16.7,-156.1,972.0,80.0,37.0,241.0,185.0,185.0,241.0,93.0,74.0,93.0,111.0,56.0,46.0,56.0,56.0
2026-09-27,EP152026,50,2026-09-27 06:00:00,0 days 06:00:00,6,16.49,-156.64,970.9,93.5,13.312680295623268,196.10601811008064,156.31757998133935,132.64344267117218,201.81672938911677,113.52291050858491,91.35018627949388,68.52680088296142,101.855087582021,56.08115000535392,45.22246532731876,36.90765351204303,46.11616840199059
2026-09-27,EP152026,50,2026-09-27 12:00:00,0 days 12:00:00,12,16.2,-157.65,957.6,96.1,25.88163079768107,155.06912191036687,137.70281061879808,115.10543423375374,146.03610339062195,85.13930120096417,64.42579041394922,61.15258518613805,81.71853771612606,45.44404672612136,34.79787178506672,29.4808688575234,39.27453039583606
2026-09-27,EP152026,50,2026-09-27 18:00:00,0 days 18:00:00,18,15.96,-158.39,959.1,98.6,21.98771889142669,223.90062075541107,158.81805418243667,131.3092278876097,209.8565165006597,115.05772281236888,88.19070678806558,68.55293284599873,102.52844332391297,68.92908184053746,54.14345094749304,41.99242968656196,58.33775042295521
2026-09-27,EP152026,50,2026-09-28 00:00:00,1 days 00:00:00,24,15.91,-159.53,955.3,104.6,26.41686894441102,211.04651901382252,135.77469058137785,135.3168408914605,214.72534229019263,114.7181528211297,79.99733564575371,77.50281057780873,116.55900133055476,72.9314120550699,58.93495654034128,48.62607550111629,65.59280926953943
2026-09-27,EP152026,50,2026-09-28 06:00:00,1 days 06:00:00,30,15.77,-160.95,953.7,105.0,4.485863842492234,180.0434072603763,171.85018127981027,159.0489065460052,196.8244148859324,119.03237963161592,98.6866689854135,105.42645045584096,115.61725751501064,79.86110863585469,72.38056935305104,67.24376436182084,75.94438668225608
2026-09-27,EP152026,50,2026-09-28 12:00:00,1 days 12:00:00,36,16.82,-161.61,972.9,79.6,21.654371197402654,181.38811460173008,128.8532292390122,73.01768233789682,159.7339463677277,76.26040036658117,56.81032233231815,31.33496622520694,61.2975635358539,37.14859717159813,29.069769212113545,20.033246672419672,30.84714218178569
2026-09-27,EP152026,50,2026-09-28 18:00:00,1 days 18:00:00,42,17.43,-162.48,970.3,85.3,28.1167751642505,240.65509626289835,156.0110492294483,90.60947263112048,196.35005328914795,102.79898055575111,60.16239682426875,33.13477464112112,81.84111474768717,41.98833810640551,28.60135512352747,18.0664894539856,34.63621033038799
2026-09-27,EP152026,50,2026-09-29 00:00:00,2 days 00:00:00,48,18.5,-163.16,965.7,91.6,41.61163014281848,223.72623292732703,201.40808137992943,107.97561914951125,128.33403019846423,103.7365023923311,89.5488871381968,53.46779770791925,79.47334963503198,58.18410171463819,48.36394779211209,32.435865812576864,44.37174542127673
2026-09-27,EP152026,50,2026-09-29 06:00:00,2 days 06:00:00,54,19.26,-163.6,971.5,79.5,32.42867663590873,211.5931234874345,156.77322558998716,92.90779734730472,188.18470651392371,110.88448239175,77.11223938409302,43.84454086262075,92.58751419183864,57.62738336942618,44.72820422651255,32.082708650583925,46.59117468179777
2026-09-27,EP152026,50,2026-09-29 12:00:00,2 days 12:00:00,60,20.23,-163.83,981.8,73.7,46.10568040853232,256.7588839183599,192.44114919096265,114.11568529238431,185.87626080886056,108.67763524900184,86.11871885507652,55.74640801389496,91.60698458266096,61.2212884396729,51.39413043189066,37.8520414063542,51.390880148330446
2026-09-27,EP152026,50,2026-09-29 18:00:00,2 days 18:00:00,66,20.97,-163.44,976.5,78.2,22.694883730885408,180.0240477135103,136.61921957135587,125.73628396414664,156.07312084730563,99.57808850945094,85.46210457811958,61.54613814566534,80.24904390871768,44.83166969981471,37.02992838068553,25.433345851041736,36.441935744162606
2026-09-27,EP152026,50,2026-09-30 00:00:00,3 days 00:00:00,72,21.84,-163.61,986.2,66.9,20.822972738009994,189.9329911361491,148.83237465684556,138.0521280513437,194.2678432299637,109.72911535107602,110.40594495267968,89.15638112222308,102.77838149657852,52.50124434266127,49.31787899260779,40.55200161673547,43.03286801051081
2026-09-27,EP152026,50,2026-09-30 06:00:00,3 days 06:00:00,78,22.12,-163.49,987.4,63.7,32.04263334876096,250.78595845315849,181.59436226483183,156.8167071352768,241.45725627307036,144.52030924692446,120.9121917641132,90.95791898365296,127.67203190863616,0.0,0.0,0.0,0.0
2026-09-27,EP152026,50,2026-09-30 12:00:00,3 days 12:00:00,84,22.31,-163.68,992.1,56.3,39.87362945959211,239.45622350568053,134.46124463504984,119.82681816906543,223.16053774469088,62.3710635936882,40.30986377618749,32.023169873043514,51.53732892214217,0.0,0.0,0.0,0.0
2026-09-27,EP152026,50,2026-09-30 18:00:00,3 days 18:00:00,90,22.48,-163.97,997.8,49.6,85.11757179775326,315.76609532657267,199.84265924783205,163.90762063215126,272.5904465946652,0.0,0.0,0.0,0.0,0.0,0.0,0.0,0.0
2026-09-27,EP152026,50,2026-10-01 00:00:00,4 days 00:00:00,96,22.85,-164.76,995.8,44.6,109.7840206284826,470.481896475957,357.63719170892193,280.0118209219761,407.475009003073,0.0,0.0,0.0,0.0,0.0,0.0,0.0,0.0
2026-09-27,EP152026,50,2026-10-01 06:00:00,4 days 06:00:00,102,23.1,-165.66,992.0,39.6,73.63113916758832,330.2903547479167,210.08952938485103,177.3564099233201,278.3135800379574,0.0,0.0,0.0,0.0,0.0,0.0,0.0,0.0
2026-09-27,EP152026,50,2026-10-01 12:00:00,4 days 12:00:00,108,22.86,-166.91,989.9,53.3,41.03436374279374,270.62994333081616,173.44132928671291,122.31839873666236,250.78134903310377,55.94425577129059,36.32603392754219,35.587084837880134,52.169607376924574,0.0,0.0,0.0,0.0
2026-09-27,EP152026,50,2026-10-01 18:00:00,4 days 18:00:00,114,22.77,-167.96,989.8,49.9,98.24262394991388,218.49786554457387,166.71618568623313,135.81122259184428,204.56333362641544,0.0,0.0,0.0,0.0,0.0,0.0,0.0,0.0
2026-09-27,EP152026,50,2026-10-02 00:00:00,5 days 00:00:00,120,22.13,-168.63,995.6,49.0,5.417943117315659,159.9664637252328,104.45341808903882,96.74803199714424,144.51468249561754,0.0,0.0,0.0,0.0,0.0,0.0,0.0,0.0
2026-09-27,EP152026,50,2026-10-02 06:00:00,5 days 06:00:00,126,22.08,-168.56,992.6,44.6,35.9759622831087,188.00319627056075,133.57733140036072,157.26149688611642,195.35339109337372,0.0,0.0,0.0,0.0,0.0,0.0,0.0,0.0
2026-09-27,EP152026,50,2026-10-02 12:00:00,5 days 12:00:00,132,22.65,-168.62,995.3,47.0,51.92319646358733,180.00033500911294,151.67725741824006,112.208374480316,159.3050143215137,0.0,0.0,0.0,0.0,0.0,0.0,0.0,0.0
2026-09-27,EP152026,50,2026-10-02 18:00:00,5 days 18:00:00,138,22.83,-169.17,987.1,53.2,52.36976004267085,219.78808492401447,149.3668187598752,99.11199923213492,193.8509349418189,69.98827679105412,47.6983019516675,27.00547131010471,48.30970887303752,0.0,0.0,0.0,0.0
2026-09-27,EP152026,50,2026-10-03 00:00:00,6 days 00:00:00,144,22.79,-169.75,986.8,52.1,21.844010549245013,154.81157164833098,124.79694772272524,119.01966557489708,145.1133398476502,59.008611726637696,52.77299061163751,43.74895413805598,47.18464896826708,0.0,0.0,0.0,0.0
2026-09-27,EP152026,50,2026-10-03 06:00:00,6 days 06:00:00,150,22.59,-170.64,987.0,59.4,50.779977021403134,261.70595515402886,178.1057787615222,140.8479695314877,258.6112753872228,129.93021298443,102.16517117468818,75.51978791606874,109.61226488872344,0.0,0.0,0.0,0.0
2026-09-27,EP152026,50,2026-10-03 12:00:00,6 days 12:00:00,156,22.4,-172.42,983.7,58.7,12.211512264679849,215.4516927521873,128.68070238948053,132.13151911548982,223.64630205145156,102.6514443291528,73.67423242781419,58.71300884295404,89.88352478251794,0.0,0.0,0.0,0.0
2026-09-27,EP152026,50,2026-10-03 18:00:00,6 days 18:00:00,162,22.38,-174.0,981.2,67.2,18.64467683412829,220.18026503107103,136.34314475529493,102.0598427960056,204.2599949608509,100.46412874922738,73.15983363964362,50.75067325264365,85.86398070499942,40.36402920495103,31.839973631594845,23.958823521668734,33.32904122412128
2026-09-27,EP152026,50,2026-10-04 00:00:00,7 days 00:00:00,168,22.35,-175.81,986.4,60.9,43.28045115505449,290.2377438007999,159.19315748237665,129.47248601086392,271.1175413760571,137.13207032127525,94.0341309972743,65.80062477485941,116.08238313185662,0.0,0.0,0.0,0.0
2026-09-27,EP152026,50,2026-10-04 06:00:00,7 days 06:00:00,174,22.71,-177.82,984.4,67.0,24.31550621258809,251.49934570608065,119.45260091225086,76.02471524704808,241.1118641672811,109.20248848402612,69.10825360521167,43.835993516522045,92.35885581160088,35.398173389184166,24.45307755470957,17.189436304377747,29.526266774331265
2026-09-27,EP152026,50,2026-10-04 12:00:00,7 days 12:00:00,180,23.14,-179.87,971.4,83.4,30.56604674256913,264.72555223154075,156.47623842226085,97.50249762472714,224.32118137909123,120.144877807764,79.95221091823433,52.37962654486224,94.62787445013976,50.50060308543327,38.66535063334317,25.282910107278298,40.928863290389344
2026-09-27,EP152026,50,2026-10-04 18:00:00,7 days 18:00:00,186,23.77,178.12,964.0,99.0,17.370157882113745,273.1224181623684,202.6508756049116,144.54055359717358,223.3515587473812,136.50192507415522,108.78623754474212,80.2766875886814,118.39121288381192,67.16625467346444,56.8008558801846,42.8454955040329,56.49807105512264
2026-09-27,EP152026,50,2026-10-05 00:00:00,8 days 00:00:00,192,24.65,176.01,951.4,101.4,24.90223758415784,278.7883076137668,164.98572957551255,131.1019842976496,216.68653293269796,118.23524660375504,96.57286293102818,75.69520882504015,102.16046062420344,91.69229012529809,77.92534512973478,60.26600583814819,75.93886772243769
2026-09-27,EP152026,50,2026-10-05 06:00:00,8 days 06:00:00,198,25.82,173.97,967.7,88.2,27.03494658388314,199.10436080070417,120.816810053253,91.93418251842444,172.4882594518599,111.25553444774346,90.16319234382752,64.04544374711412,89.40853500818503,67.0502311380776,60.931311857015714,43.3023057739872,53.39911506490944
2026-09-27,EP152026,50,2026-10-05 12:00:00,8 days 12:00:00,204,27.03,171.87,959.5,95.3,30.19616998395739,181.9954714747022,139.548389869292,112.63788032693292,135.24600655005312,94.6157998247286,74.47162885502932,54.2005119898443,75.75900616462914,55.44738233877375,44.79779705388346,34.592677485701145,45.168801683385965
2026-09-27,EP152026,50,2026-10-05 18:00:00,8 days 18:00:00,210,28.19,170.05,976.0,79.4,13.00079933226857,197.81746569672032,161.28985192255095,101.1966841639396,132.0756430798151,85.9815130277284,80.75200220098941,51.56605522856535,66.66573388063853,47.86276750505522,41.43214254093096,29.272806799239447,36.906818013770135
2026-09-27,EP152026,50,2026-10-06 00:00:00,9 days 00:00:00,216,29.72,168.55,977.7,77.0,33.27111793460185,223.505404854022,204.50723338661663,115.32883795881152,145.43299051344746,104.52535429141524,92.28649357759193,59.3055161814026,74.38056228471257,50.125427502776645,41.33851224537936,27.143136201894222,37.61491903042848
2026-09-27,EP152026,50,2026-10-06 06:00:00,9 days 06:00:00,222,31.5,167.57,980.1,66.3,45.63146217854635,204.8549882149393,199.84043991904772,184.08841428353716,175.5822063560842,118.9673377005518,116.37326743558144,92.57481201277366,95.1877255283231,41.28072253756498,45.63146217854635,30.51442296812028,33.37278387344169
2026-09-27,EP152026,50,2026-10-06 12:00:00,9 days 12:00:00,228,33.79,167.39,989.2,55.4,49.34539659983632,190.17757177881072,187.3891146161425,124.420323276276,122.6151004135224,58.83514785026599,61.0234766481362,41.45005912961194,38.44949274519966,0.0,0.0,0.0,0.0
2026-09-27,EP152026,50,2026-10-06 18:00:00,9 days 18:00:00,234,36.11,167.8,990.7,54.7,79.36230826929264,207.24007509502627,223.1982154723674,126.56350794959413,110.54858946091244,81.86032471157563,88.23105764102004,58.67507319688298,49.7453038268248,0.0,0.0,0.0,0.0
2026-09-27,EP152026,50,2026-10-07 00:00:00,10 days 00:00:00,240,38.32,168.71,994.4,46.6,61.52813520480606,222.26287897753548,244.2462897710808,200.37452499799792,135.32342246764733,0.0,0.0,0.0,0.0,0.0,0.0,0.0,0.0
2026-09-27,EP152026,50,2026-10-07 06:00:00,10 days 06:00:00,246,40.09,171.41,990.5,41.5,93.239530339164,207.4065507204077,268.66097160768265,187.776644293968,120.53714398611136,0.0,0.0,0.0,0.0,0.0,0.0,0.0,0.0
2026-09-27,EP152026,50,2026-10-07 12:00:00,10 days 12:00:00,252,41.08,174.87,989.4,42.2,117.04722909461525,232.074070247608,383.7071093935094,297.96242560642213,194.25872216767823,0.0,0.0,0.0,0.0,0.0,0.0,0.0,0.0
2026-09-27,EP152026,50,2026-10-07 18:00:00,10 days 18:00:00,258,42.09,178.99,995.7,41.1,156.6645177662058,8.697798939742412,156.6645177662058,69.54910977722747,4.0313468605540805,0.0,0.0,0.0,0.0,0.0,0.0,0.0,0.0
2026-09-27,EP152026,50,2026-10-08 00:00:00,11 days 00:00:00,264,42.54,-177.41,997.7,30.0,188.66395421525976,0.0,0.0,0.0,0.0,0.0,0.0,0.0,0.0,0.0,0.0,0.0,0.0
2026-09-27,EP162026,50,2026-09-27 00:00:00,0 days 00:00:00,0,20.8,-123.6,975.0,76.0,28.0,167.0,167.0,148.0,185.0,93.0,74.0,74.0,93.0,65.0,46.0,37.0,56.0
2026-09-27,EP162026,50,2026-09-27 06:00:00,0 days 06:00:00,6,21.59,-123.39,992.8,63.3,25.12887271751977,158.17025307841925,122.73548151250291,110.00081981808071,160.943208577475,78.36962749323828,64.30007667483972,47.24631574713834,70.79542829804825,0.0,0.0,0.0,0.0
2026-09-27,EP162026,50,2026-09-27 12:00:00,0 days 12:00:00,12,22.03,-123.26,997.2,54.0,21.67885384585702,194.7453807907507,189.1309906316959,113.92371543222804,138.98731524207358,21.67885384585702,6.477306199270448,0.0,2.2530793529885718,0.0,0.0,0.0,0.0
2026-09-27,EP162026,50,2026-09-27 18:00:00,0 days 18:00:00,18,22.66,-123.3,1003.7,37.9,34.331312183756935,83.59928270406112,89.75736719677423,62.43455283778884,64.50855336069526,0.0,0.0,0.0,0.0,0.0,0.0,0.0,0.0
2026-09-27,EP162026,50,2026-09-28 00:00:00,1 days 00:00:00,24,22.72,-123.52,1002.0,36.7,56.4423906848657,76.70241118764116,67.46528306069561,46.692714727194414,53.89559894417877,0.0,0.0,0.0,0.0,0.0,0.0,0.0,0.0
2026-09-27,EP162026,50,2026-09-28 06:00:00,1 days 06:00:00,30,22.91,-123.37,1003.0,30.6,72.65370811475759,0.0,0.0,0.0,0.0,0.0,0.0,0.0,0.0,0.0,0.0,0.0,0.0
2026-09-27,EP162026,50,2026-09-28 12:00:00,1 days 12:00:00,36,22.96,-123.16,1001.6,25.6,45.189162802148175,0.0,0.0,0.0,0.0,0.0,0.0,0.0,0.0,0.0,0.0,0.0,0.0
2026-09-27,EP162026,50,2026-09-28 18:00:00,1 days 18:00:00,42,22.51,-123.0,1005.2,22.6,37.19292529616468,0.0,0.0,0.0,0.0,0.0,0.0,0.0,0.0,0.0,0.0,0.0,0.0
2026-09-27,EP162026,50,2026-09-29 00:00:00,2 days 00:00:00,48,22.14,-122.64,1005.2,23.1,85.29788230234851,0.0,0.0,0.0,0.0,0.0,0.0,0.0,0.0,0.0,0.0,0.0,0.0
2026-09-27,EP162026,50,2026-09-29 06:00:00,2 days 06:00:00,54,21.15,-122.65,1006.3,19.2,84.75834829079365,0.0,0.0,0.0,0.0,0.0,0.0,0.0,0.0,0.0,0.0,0.0,0.0
2026-09-27,EP162026,50,2026-09-29 12:00:00,2 days 12:00:00,60,20.7,-122.81,1008.3,19.3,143.84221014103292,0.0,0.0,0.0,0.0,0.0,0.0,0.0,0.0,0.0,0.0,0.0,0.0
2026-09-27,EP162026,50,2026-09-29 18:00:00,2 days 18:00:00,66,20.22,-122.68,1003.8,24.3,88.28601548167345,0.0,0.0,0.0,0.0,0.0,0.0,0.0,0.0,0.0,0.0,0.0,0.0
2026-09-27,EP172026,50,2026-09-27 00:00:00,0 days 00:00:00,0,19.0,-112.9,946.0,111.0,28.0,259.0,185.0,167.0,185.0,111.0,111.0,93.0,93.0,65.0,65.0,46.0,56.0
2026-09-27,EP172026,50,2026-09-27 06:00:00,0 days 06:00:00,6,19.9,-113.34,940.0,113.8,42.34428098513882,152.6620576173446,174.89623930391662,114.62707597891443,103.5923441635283,101.0647750282628,94.31104776243312,68.61883092609412,82.45142871091383,72.92710180055089,64.1939866738991,50.34769107021386,59.43385987148666
2026-09-27,EP172026,50,2026-09-27 12:00:00,0 days 12:00:00,12,20.73,-113.64,926.7,138.3,19.59287685653672,233.99227285058623,227.39239029811168,185.44064328639692,198.8181654809549,129.9333638597126,116.80902714329495,88.77272066650835,111.89816141022384,72.72864106303402,62.90534841763426,48.24814910295577,61.5661330493456
2026-09-27,EP172026,50,2026-09-27 18:00:00,0 days 18:00:00,18,21.45,-113.89,943.1,118.1,28.805386451388895,182.6954769453424,182.87710623964097,129.1059097488824,142.68704700705246,96.91154625544448,95.77974848312503,62.64263647246702,74.468631264695,62.17196390651752,53.586674583459214,41.10532977251296,49.33711499988115
2026-09-27,EP172026,50,2026-09-28 00:00:00,1 days 00:00:00,24,22.62,-113.89,948.1,113.3,35.46123217660599,191.5498295024292,177.90645411928537,144.60224415504376,128.6545368221159,100.59693552277236,103.80711021074866,73.95494901652208,73.4647764142534,63.13691291737905,60.83309331058799,47.75301551229551,50.49933031431529
2026-09-27,EP172026,50,2026-09-28 06:00:00,1 days 06:00:00,30,23.93,-114.35,950.0,119.5,14.876550629032977,126.25915026588608,179.81430112295743,153.07795937005653,124.95552460131636,73.73589340821411,84.6077933174505,75.46991085248442,62.17257340923038,69.71647730416953,65.35918345873523,56.77015372337934,59.27694133468697
2026-09-27,EP172026,50,2026-09-28 12:00:00,1 days 12:00:00,36,24.78,-114.29,959.4,96.5,18.57978456082124,117.49035915054176,133.90903195525345,124.55212711681706,101.14432015957723,63.3381803951463,70.79023615555978,53.87930079556238,51.26757229600742,37.82823625601704,34.284075398287754,26.79236730826248,30.433328575932585
2026-09-27,EP172026,50,2026-09-28 18:00:00,1 days 18:00:00,42,25.61,-113.63,967.4,84.9,28.96979037179387,115.4625869936806,115.51256944087514,100.10678228697677,67.62569787079121,48.1842724569174,54.146002779916216,41.13687857274808,38.82455184690896,38.35035119480401,35.68380148384345,28.39263114318735,30.24145179827501
2026-09-27,EP172026,50,2026-09-29 00:00:00,2 days 00:00:00,48,26.24,-113.01,975.9,73.1,9.63782769797725,126.56117230755328,143.68060421832016,128.9234700535967,78.31535154546836,48.66539676360272,85.50006930937458,66.80841750109794,31.57404990051732,31.28942899367548,35.89385655135509,31.10567988689217,23.16766736013101
2026-09-27,EP172026,50,2026-09-29 06:00:00,2 days 06:00:00,54,27.34,-111.87,988.1,46.4,40.58028241392972,67.006060399243,82.78604221118286,31.84415868585915,37.83574892670444,0.0,0.0,0.0,0.0,0.0,0.0,0.0,0.0
2026-09-27,EP172026,50,2026-09-29 12:00:00,2 days 12:00:00,60,29.09,-111.1,993.1,45.4,25.37349552138465,196.7515114685367,206.0000001200101,86.90353143665344,123.85041629759208,0.0,0.0,0.0,0.0,0.0,0.0,0.0,0.0
2026-09-27,EP902026,50,2026-09-27 00:00:00,0 days 00:00:00,0,12.0,-98.6,1008.0,25.0,111.0,0.0,0.0,0.0,0.0,0.0,0.0,0.0,0.0,0.0,0.0,0.0,0.0
2026-09-27,EP902026,50,2026-09-27 06:00:00,0 days 06:00:00,6,12.04,-98.61,1003.4,31.6,111.61688056702678,0.0,0.0,0.0,0.0,0.0,0.0,0.0,0.0,0.0,0.0,0.0,0.0
2026-09-27,EP902026,50,2026-09-27 12:00:00,0 days 12:00:00,12,12.02,-98.8,1004.5,25.7,48.21464355741398,0.0,0.0,0.0,0.0,0.0,0.0,0.0,0.0,0.0,0.0,0.0,0.0
2026-09-27,EP902026,50,2026-09-27 18:00:00,0 days 18:00:00,18,12.31,-99.16,1003.8,38.8,75.96935742860899,91.7468137717683,93.12810467231056,71.68987638966276,82.38943601256885,0.0,0.0,0.0,0.0,0.0,0.0,0.0,0.0
2026-09-27,EP902026,50,2026-09-28 00:00:00,1 days 00:00:00,24,12.53,-99.63,1003.9,37.6,67.35289139391114,67.35289139391114,49.45289461718869,19.37679074190615,39.83132177256343,0.0,0.0,0.0,0.0,0.0,0.0,0.0,0.0
2026-09-27,EP902026,50,2026-09-28 06:00:00,1 days 06:00:00,30,12.85,-100.67,1001.2,35.2,60.46790151747656,206.3336799279992,170.46233192563477,156.12405855229264,189.48511101635583,0.0,0.0,0.0,0.0,0.0,0.0,0.0,0.0
2026-09-27,EP902026,50,2026-09-28 12:00:00,1 days 12:00:00,36,13.0,-101.41,995.7,51.0,64.32823278969421,191.9595549468455,176.12980770727478,123.81856028135697,148.9029067417081,64.32823278969421,3.6682359904767,0.0,4.501621589998573,0.0,0.0,0.0,0.0
2026-09-27,EP902026,50,2026-09-28 18:00:00,1 days 18:00:00,42,13.32,-102.82,999.5,46.6,90.9489440275853,182.60383404067105,166.2607878283559,113.77160118284964,146.5280150493961,0.0,0.0,0.0,0.0,0.0,0.0,0.0,0.0
2026-09-27,EP902026,50,2026-09-29 00:00:00,2 days 00:00:00,48,13.82,-103.97,997.7,51.7,93.04317946709862,188.2023383736665,161.98296889813028,97.83909615684992,148.15752277406204,93.04317946709862,4.964478840128425,0.5830502228831316,2.4516195007979933,0.0,0.0,0.0,0.0
2026-09-27,EP902026,50,2026-09-29 06:00:00,2 days 06:00:00,54,14.05,-104.84,991.2,55.9,55.34970615912586,273.60305683492777,203.18427612673867,185.53761593583232,248.46417594900632,114.84683862784294,88.27200730589107,69.11667958966963,101.260951751485,0.0,0.0,0.0,0.0
2026-09-27,EP902026,50,2026-09-29 12:00:00,2 days 12:00:00,60,14.68,-105.85,984.5,61.4,69.7335979076954,177.86201979287625,190.4204786587325,154.58783021099703,153.8042206335729,75.9109643200303,62.75197445417516,45.76222626678772,49.573786472966695,0.0,0.0,0.0,0.0
2026-09-27,EP902026,50,2026-09-29 18:00:00,2 days 18:00:00,66,15.42,-106.95,971.9,79.2,31.17901588220863,190.57192045091935,206.94078315919944,148.90325054154903,147.26359449549614,99.8324348338524,86.7189011385949,60.71187447486847,77.3739153292799,37.24798076693739,30.93178531797406,23.00166387357943,30.03215823807065
2026-09-27,EP902026,50,2026-09-30 00:00:00,3 days 00:00:00,72,16.24,-107.88,965.4,93.2,28.361552001806444,226.0278015227285,238.6545376167848,137.41052183086487,155.65503690317888,105.8788518532919,90.51023734860289,55.11321173191253,73.36132815992201,50.53290832891051,41.05642248868919,30.12846445473493,38.47129168626165
2026-09-27,EP902026,50,2026-09-30 06:00:00,3 days 06:00:00,78,17.26,-108.97,961.3,104.6,18.016329776419568,324.494604767445,332.8701358454568,227.8312948119544,259.4033793998961,145.4066562312222,129.107240321559,94.72641154531549,113.43298100826992,70.21631143641363,64.74500305322749,53.55078782825216,57.94323241151925
2026-09-27,EP902026,50,2026-09-30 12:00:00,3 days 12:00:00,84,17.77,-109.76,944.4,116.5,11.01456672572946,253.8742607920105,259.06672042065964,173.9478554786848,181.68429824626867,116.14562637051937,111.53882169753078,81.2484846611982,96.81350521339564,66.42834558633655,52.87985875609508,40.54858640215288,55.18131080983893
2026-09-27,EP902026,50,2026-09-30 18:00:00,3 days 18:00:00,90,18.04,-110.65,942.9,116.9,19.507327738079,221.37864009757283,211.07410102755853,212.79548545733437,229.3350980629963,105.33942957630192,98.91143477201696,98.87591871068824,104.31074042195225,72.56906182228613,65.25797306429845,60.73454648651138,65.8246393776099
2026-09-27,EP902026,50,2026-10-01 00:00:00,4 days 00:00:00,96,19.17,-110.91,938.7,122.4,19.388183803611877,210.00191411239703,207.3305346713679,115.44183401152662,144.15147861852006,92.77781251681093,85.91812116658403,57.04622613921993,73.13852673787918,46.50600132998046,40.08716166656068,28.602533121500223,39.60885347829238
2026-09-27,EP902026,50,2026-10-01 06:00:00,4 days 06:00:00,102,19.16,-111.3,962.1,93.6,22.19774231489141,174.60904925121287,201.2419566692964,172.47363056471488,156.12461776623434,83.45882334955877,83.43512967365307,73.87074254838572,71.9659232211234,35.244685755925616,34.16783003287832,29.947515325057264,32.19097648605701
2026-09-27,EP902026,50,2026-10-01 12:00:00,4 days 12:00:00,108,19.32,-111.76,968.6,87.6,50.6333690524649,157.27985098127823,188.6109225581864,163.79434747304506,143.15483814298693,80.90228220794623,76.82705294885946,60.85461835977179,67.13489267672512,50.6333690524649,31.068105481509825,24.25511803212047,29.42939594048755
2026-09-27,EP902026,50,2026-10-01 18:00:00,4 days 18:00:00,114,19.31,-112.28,971.2,73.9,55.0470464196292,216.5183786697092,265.55163152980856,232.04201695694277,182.76220540760056,99.25238081374076,111.05971623403576,90.54132541726054,84.93830317265126,70.58680603854077,64.61063251858342,54.03310068815685,57.96646386563904
2026-09-27,EP902026,50,2026-10-02 00:00:00,5 days 00:00:00,120,19.64,-112.13,977.7,71.8,32.96479982702527,193.2613192825238,201.7934775455903,145.79005376674493,148.44825037925244,92.89752644242672,93.14058615070924,66.3692254277228,70.13254058961942,51.82398794534242,47.35069455304696,37.79623909127884,40.10578847416595
2026-09-27,EP902026,50,2026-10-02 06:00:00,5 days 06:00:00,126,20.09,-112.08,980.8,66.8,34.547524648368146,178.05659690374932,216.23061583332225,174.78992068928778,153.16656670418072,92.72998379121464,88.18662030413722,69.44332843030027,72.29752489465848,34.547524648368146,10.43604793665881,7.930549502241936,7.779606673726258
2026-09-27,EP902026,50,2026-10-02 12:00:00,5 days 12:00:00,132,20.25,-112.26,985.3,58.6,39.41755548993555,148.25905485796176,137.8154610663526,146.6184487429954,158.4344450803431,95.4561771779243,82.93553132354239,68.42751921834724,80.14564575277069,0.0,0.0,0.0,0.0
2026-09-27,EP902026,50,2026-10-02 18:00:00,5 days 18:00:00,138,20.37,-112.47,989.7,56.7,53.28930106338712,212.45011904292863,188.1520170367848,175.8832783619273,204.6498935662866,66.46232413164323,58.81293228211607,44.839553097018495,55.88523574982785,0.0,0.0,0.0,0.0
2026-09-27,EP902026,50,2026-10-03 00:00:00,6 days 00:00:00,144,20.42,-112.87,990.5,50.9,39.0372978195802,131.13003760050492,111.88024414745156,136.5165256572518,137.41370000702238,60.518221409743376,57.250365260984495,49.204894566024905,54.47003465189641,0.0,0.0,0.0,0.0
2026-09-27,EP902026,50,2026-10-03 06:00:00,6 days 06:00:00,150,20.46,-112.89,990.3,47.1,107.68670171564976,272.49236945666485,221.90090661995143,166.27853000629602,225.5753166279344,0.0,0.0,0.0,0.0,0.0,0.0,0.0,0.0
2026-09-27,EP902026,50,2026-10-03 12:00:00,6 days 12:00:00,156,20.59,-112.92,987.7,53.1,80.82765972533139,121.62876167168132,100.18102146859984,86.15985107346887,108.30520607886228,80.82765972533139,18.464199024159623,13.234732243111502,18.87477008672353,0.0,0.0,0.0,0.0
2026-09-27,EP902026,50,2026-10-03 18:00:00,6 days 18:00:00,162,20.7,-113.31,993.4,43.5,124.09233656613694,123.41741670984229,131.04732286235893,110.44504248940892,101.28957510478077,0.0,0.0,0.0,0.0,0.0,0.0,0.0,0.0
2026-09-27,EP902026,50,2026-10-04 00:00:00,7 days 00:00:00,168,20.82,-113.58,996.0,41.8,76.36897026923742,170.61583214022704,179.14065494394796,158.49041756444328,155.5132772234432,0.0,0.0,0.0,0.0,0.0,0.0,0.0,0.0
2026-09-27,EP902026,50,2026-10-04 06:00:00,7 days 06:00:00,174,20.69,-113.79,994.6,35.5,47.1289232672905,65.81499074173223,73.35348523954431,78.89264731623884,85.4141624637228,0.0,0.0,0.0,0.0,0.0,0.0,0.0,0.0
2026-09-27,EP902026,50,2026-10-04 12:00:00,7 days 12:00:00,180,20.85,-114.25,997.9,35.2,110.38021414420912,23.55082275227826,21.07548216461437,110.38021414420912,27.07218844215067,0.0,0.0,0.0,0.0,0.0,0.0,0.0,0.0
2026-09-27,EP902026,50,2026-10-04 18:00:00,7 days 18:00:00,186,20.79,-114.63,1002.5,35.8,63.29739323218331,103.73318120966331,94.05506283536728,75.48684100391307,90.73016333558274,0.0,0.0,0.0,0.0,0.0,0.0,0.0,0.0
2026-09-27,EP902026,50,2026-10-05 00:00:00,8 days 00:00:00,192,20.88,-114.83,1000.2,33.9,78.98369126063879,0.0,0.0,0.0,0.0,0.0,0.0,0.0,0.0,0.0,0.0,0.0,0.0
2026-09-27,EP902026,50,2026-10-05 06:00:00,8 days 06:00:00,198,20.72,-115.51,999.2,35.7,90.66992414683187,6.099207496528436,0.0,0.0,90.66992414683187,0.0,0.0,0.0,0.0,0.0,0.0,0.0,0.0
2026-09-27,EP902026,50,2026-10-05 12:00:00,8 days 12:00:00,204,20.5,-115.95,999.5,36.2,107.4741032818869,107.4741032818869,9.844816543584646,0.0,6.225962120526287,0.0,0.0,0.0,0.0,0.0,0.0,0.0,0.0
2026-09-27,EP902026,50,2026-10-05 18:00:00,8 days 18:00:00,210,20.5,-116.51,998.8,40.0,71.2231540904449,143.7885669441805,123.13868380558108,111.39600492570638,136.25308865656564,0.0,0.0,0.0,0.0,0.0,0.0,0.0,0.0
2026-09-27,EP902026,50,2026-10-06 00:00:00,9 days 00:00:00,216,20.45,-116.85,997.0,36.9,56.49007101517282,40.75651007679674,18.286587456712788,36.76638057036387,56.49007101517282,0.0,0.0,0.0,0.0,0.0,0.0,0.0,0.0
2026-09-27,EP902026,50,2026-10-06 06:00:00,9 days 06:00:00,222,20.31,-117.35,996.4,41.6,89.37667956061364,98.45951180991445,74.87589950164465,52.33894578351868,91.66287350353916,0.0,0.0,0.0,0.0,0.0,0.0,0.0,0.0
2026-09-27,EP902026,50,2026-10-06 12:00:00,9 days 12:00:00,228,20.62,-117.81,994.7,45.2,68.95529477977936,100.32024842911083,78.23658040011557,91.28397695247696,104.6315929470194,0.0,0.0,0.0,0.0,0.0,0.0,0.0,0.0
2026-09-27,EP902026,50,2026-10-06 18:00:00,9 days 18:00:00,234,20.89,-118.35,994.7,44.8,42.687855249717806,153.59187726780837,139.4877403977132,112.70562085704265,142.4587380071474,0.0,0.0,0.0,0.0,0.0,0.0,0.0,0.0
2026-09-27,EP902026,50,2026-10-07 00:00:00,10 days 00:00:00,240,21.12,-118.84,992.9,50.5,57.32547084834565,121.85108969266466,118.63919550049113,76.71587767857226,98.80544344514892,57.32547084834565,10.060562200745052,2.512549979058853,4.055479708910921,0.0,0.0,0.0,0.0
2026-09-27,EP902026,50,2026-10-07 06:00:00,10 days 06:00:00,246,21.44,-119.61,985.5,59.7,43.87485290293388,149.74934200820627,137.86654173007116,99.69031782932704,120.041772206536,48.58319605205506,38.38827057497004,23.379435616115405,35.673627519687884,0.0,0.0,0.0,0.0
2026-09-27,EP902026,50,2026-10-07 12:00:00,10 days 12:00:00,252,21.92,-120.22,990.8,55.3,29.67311587065088,156.32293105962563,104.55009240660505,88.64475223080306,148.75430687280175,29.67311587065088,22.07094812382641,14.972997299689135,23.619096831242967,0.0,0.0,0.0,0.0
2026-09-27,EP902026,50,2026-10-07 18:00:00,10 days 18:00:00,258,22.49,-120.77,986.9,57.5,24.65459225662376,167.55956139809507,133.1100289104051,100.56396904482348,141.06231700280972,85.4963622996842,69.27990804968891,44.93315250296966,63.32383438332957,0.0,0.0,0.0,0.0
2026-09-27,EP902026,50,2026-10-08 00:00:00,11 days 00:00:00,264,23.12,-121.3,989.8,58.7,34.44188887006043,140.87438295747387,138.07537438172082,107.13531191531152,138.2393270600806,82.13673868302746,68.67348309114217,43.00295731864298,67.60534133378995,0.0,0.0,0.0,0.0
2026-09-27,EP902026,50,2026-10-08 06:00:00,11 days 06:00:00,270,23.65,-121.61,992.7,54.3,42.89366219017005,106.94504964543928,105.16028640583156,77.28563458734214,95.6077177160879,42.89366219017005,28.624250890082585,18.99610759004982,30.234361532814976,0.0,0.0,0.0,0.0
2026-09-27,EP902026,50,2026-10-08 12:00:00,11 days 12:00:00,276,24.33,-121.91,990.8,58.6,21.7348076137132,107.15555385517656,125.42985451796268,83.31315009150421,94.6132217162958,66.74927770264185,61.86753722962749,37.80616604210809,48.82909620495048,0.0,0.0,0.0,0.0
2026-09-27,EP902026,50,2026-10-08 18:00:00,11 days 18:00:00,282,24.86,-122.5,998.6,45.9,29.099334071325444,120.97962247049657,104.44636681413812,81.90657827664674,104.3513107799766,0.0,0.0,0.0,0.0,0.0,0.0,0.0,0.0
2026-09-27,EP902026,50,2026-10-09 00:00:00,12 days 00:00:00,288,25.32,-122.82,1002.0,34.5,82.21980289854261,82.21980289854261,16.75986278584537,0.0,15.904756819829371,0.0,0.0,0.0,0.0,0.0,0.0,0.0,0.0
2026-09-27,EP902026,50,2026-10-09 06:00:00,12 days 06:00:00,294,25.38,-123.1,1002.5,35.8,72.21210408631623,13.786311550893744,0.0,10.047851262256389,72.21210408631623,0.0,0.0,0.0,0.0,0.0,0.0,0.0,0.0
2026-09-27,EP902026,50,2026-10-09 12:00:00,12 days 12:00:00,300,25.3,-123.51,1003.7,30.1,105.37312495102968,0.0,0.0,0.0,0.0,0.0,0.0,0.0,0.0,0.0,0.0,0.0,0.0
2026-09-27,EP902026,50,2026-10-09 18:00:00,12 days 18:00:00,306,24.84,-123.92,1002.5,27.5,132.49897057883555,0.0,0.0,0.0,0.0,0.0,0.0,0.0,0.0,0.0,0.0,0.0,0.0
2026-09-27,EP902026,50,2026-10-10 00:00:00,13 days 00:00:00,312,24.64,-124.49,1004.4,25.3,113.90221507282324,0.0,0.0,0.0,0.0,0.0,0.0,0.0,0.0,0.0,0.0,0.0,0.0
2026-09-27,EP902026,50,2026-10-10 06:00:00,13 days 06:00:00,318,23.82,-124.92,1006.2,25.0,65.08821301821587,0.0,0.0,0.0,0.0,0.0,0.0,0.0,0.0,0.0,0.0,0.0,0.0
2026-09-27,EP902026,50,2026-10-10 12:00:00,13 days 12:00:00,324,23.54,-125.8,1006.5,18.6,88.02484413466414,0.0,0.0,0.0,0.0,0.0,0.0,0.0,0.0,0.0,0.0,0.0,0.0
2026-09-27,EP902026,50,2026-10-10 18:00:00,13 days 18:00:00,330,22.83,-126.44,1007.3,26.3,116.05924381551084,0.0,0.0,0.0,0.0,0.0,0.0,0.0,0.0,0.0,0.0,0.0,0.0
2026-09-27,EP902026,50,2026-10-11 00:00:00,14 days 00:00:00,336,21.91,-127.22,1007.4,20.9,77.75233299721435,0.0,0.0,0.0,0.0,0.0,0.0,0.0,0.0,0.0,0.0,0.0,0.0
2026-09-27,WP252026,50,2026-09-27 00:00:00,0 days 00:00:00,0,24.6,127.6,964.0,89.0,22.0,102.0,121.0,102.0,93.0,,,,,,,,
2026-09-27,WP252026,50,2026-09-27 06:00:00,0 days 06:00:00,6,25.21,128.12,955.6,98.2,26.03324361142313,146.3029842773551,175.59062341578465,132.21992778847493,82.55858955633153,68.94320834650682,78.28053567702682,66.3941300681887,54.069302789395806,38.33986209795694,39.34859881851969,32.84040824305299,33.3139979305098
2026-09-27,WP252026,50,2026-09-27 12:00:00,0 days 12:00:00,12,25.77,129.02,956.7,102.3,30.45835525712353,107.17930933379782,160.29808640907606,115.50228578110114,72.85776561016496,85.36216034852896,103.487822398196,80.0411730638611,53.654397475167656,53.47443500685255,55.99647912648375,45.40156695650283,41.6069670274869
2026-09-27,WP252026,50,2026-09-27 18:00:00,0 days 18:00:00,18,26.11,129.69,962.5,90.9,29.17509961433192,164.65879187146322,192.13438933161385,151.03664795026066,118.52745202079538,73.66081948570728,88.86660702921026,65.4181912118022,52.38681781125464,36.963232874559175,39.974343559108576,33.61694821411865,30.07002218628091
2026-09-27,WP252026,50,2026-09-28 00:00:00,1 days 00:00:00,24,26.84,130.49,970.2,84.8,20.6338429269289,139.9839060314854,178.39634988341768,167.28689405788936,110.40410186310658,79.20003241960549,96.79475070617012,71.70629640400645,58.45709264473716,56.857667878641,54.45262108150378,46.03870149654991,45.99642605670372
2026-09-27,WP252026,50,2026-09-28 06:00:00,1 days 06:00:00,30,27.36,131.27,982.2,63.8,55.33038738735024,159.679591930115,211.40984425300013,193.2717999986413,114.99229070969068,93.75927698045626,117.09307576699754,90.62169039877892,63.9128127700796,0.0,0.0,0.0,0.0
2026-09-27,WP252026,50,2026-09-28 12:00:00,1 days 12:00:00,36,27.85,132.1,987.4,60.1,50.4844197576664,119.79726562356626,155.53495480237234,132.85389385482677,91.04641009163484,82.86109730987766,93.75415765536766,67.04224821569223,54.88710862812766,0.0,0.0,0.0,0.0
2026-09-27,WP252026,50,2026-09-28 18:00:00,1 days 18:00:00,42,28.52,132.92,990.4,59.3,45.7462941212212,132.68751476655817,164.05592068612296,128.56279521544138,106.43423122625488,50.69807581147062,54.31064998562444,34.2277374031783,29.03586893899813,0.0,0.0,0.0,0.0
2026-09-27,WP252026,50,2026-09-29 00:00:00,2 days 00:00:00,48,28.95,133.77,988.4,54.8,66.13091817637722,178.86214352639746,167.41927279254412,95.43103978009351,127.9886447286824,66.13091817637722,12.492336015554685,6.930516219053937,9.928004171259625,0.0,0.0,0.0,0.0
2026-09-27,WP252026,50,2026-09-29 06:00:00,2 days 06:00:00,54,29.62,135.05,994.1,53.2,25.573713605318183,125.5259551571742,161.68290385042292,116.96893960074128,93.90502217148271,50.78192043460918,52.04996627904981,31.651099049106143,28.5674277236524,0.0,0.0,0.0,0.0
2026-09-27,WP252026,50,2026-09-29 12:00:00,2 days 12:00:00,60,29.98,136.14,993.7,43.0,99.68383388714663,115.07105991100217,150.2016486928339,117.12208551567412,111.28243168061373,0.0,0.0,0.0,0.0,0.0,0.0,0.0,0.0
2026-09-27,WP252026,50,2026-09-29 18:00:00,2 days 18:00:00,66,30.72,137.44,998.3,42.1,66.4184379885953,118.78027791887322,133.43110365807368,99.3035802615588,87.40639569379273,0.0,0.0,0.0,0.0,0.0,0.0,0.0,0.0
2026-09-27,WP252026,50,2026-09-30 00:00:00,3 days 00:00:00,72,31.47,138.64,999.9,36.5,104.4337820901936,3.4143082835958847,104.4337820901936,0.0,0.0,0.0,0.0,0.0,0.0,0.0,0.0,0.0,0.0
2026-09-27,WP252026,50,2026-09-30 06:00:00,3 days 06:00:00,78,32.23,140.25,997.0,40.5,114.33810192984652,262.1612652836234,295.0827407064912,234.6138626183979,217.0135487819084,0.0,0.0,0.0,0.0,0.0,0.0,0.0,0.0
2026-09-27,WP252026,50,2026-09-30 12:00:00,3 days 12:00:00,84,32.93,141.53,997.1,39.0,120.20108600236416,153.0686158737098,142.34694246238692,68.7731428819747,106.90638823408854,0.0,0.0,0.0,0.0,0.0,0.0,0.0,0.0
2026-09-27,WP252026,50,2026-09-30 18:00:00,3 days 18:00:00,90,33.76,143.55,995.3,45.0,58.86711332835941,202.98798204047787,225.6270653334485,141.34976659864856,150.94402008990795,0.0,0.0,0.0,0.0,0.0,0.0,0.0,0.0
2026-09-27,WP252026,50,2026-10-01 00:00:00,4 days 00:00:00,96,34.94,145.25,993.3,41.0,81.50072556055756,80.81785161383107,91.411041783907,46.00131842264576,41.46047207152424,0.0,0.0,0.0,0.0,0.0,0.0,0.0,0.0
2026-09-27,WP252026,50,2026-10-01 06:00:00,4 days 06:00:00,102,36.11,146.93,994.4,38.3,146.57612912075828,9.95199220516757,146.57612912075828,0.0,0.0,0.0,0.0,0.0,0.0,0.0,0.0,0.0,0.0
2026-09-27,WP252026,50,2026-10-01 12:00:00,4 days 12:00:00,108,37.13,148.87,997.6,39.9,85.15156528107894,43.65363894480461,85.15156528107894,23.206353372953068,13.089954921396115,0.0,0.0,0.0,0.0,0.0,0.0,0.0,0.0
2026-09-27,WP252026,50,2026-10-01 18:00:00,4 days 18:00:00,114,39.08,151.38,1002.3,33.4,146.5402855972991,0.0,0.0,0.0,0.0,0.0,0.0,0.0,0.0,0.0,0.0,0.0,0.0
2026-09-27,WP252026,50,2026-10-02 00:00:00,5 days 00:00:00,120,41.3,156.29,995.8,36.0,135.0302445112834,29.27393604491527,135.0302445112834,20.084994454095487,0.0,0.0,0.0,0.0,0.0,0.0,0.0,0.0,0.0
2026-09-27,WP252026,50,2026-10-02 06:00:00,5 days 06:00:00,126,43.89,161.38,994.6,35.9,170.83054666893523,89.85983579592073,183.1044215938797,127.54604007141474,47.60425549964368,0.0,0.0,0.0,0.0,0.0,0.0,0.0,0.0
2026-09-27,AL062026,51,2026-09-27 00:00:00,0 days 00:00:00,0,29.8,-43.9,1010.0,29.0,56.0,0.0,0.0,0.0,0.0,0.0,0.0,0.0,0.0,0.0,0.0,0.0,0.0
2026-09-27,EP152026,51,2026-09-27 00:00:00,0 days 00:00:00,0,16.7,-156.1,972.0,80.0,37.0,241.0,185.0,185.0,241.0,93.0,74.0,93.0,111.0,56.0,46.0,56.0,56.0
2026-09-27,EP152026,51,2026-09-27 06:00:00,0 days 06:00:00,6,16.44,-156.68,963.8,96.1,19.98914721530697,189.3702063452901,159.1504544808179,147.89357398587802,207.3554360979369,106.57365041915872,81.6890820077627,75.47792978926573,104.36142081515143,56.445491611915685,46.449675716942345,40.80284231946783,51.05230668266052
2026-09-27,EP152026,51,2026-09-27 12:00:00,0 days 12:00:00,12,16.23,-157.69,965.0,99.4,21.80661006583364,197.8800758749012,153.59892000016134,131.61568659904833,213.1022372917432,109.2909395596962,87.0437570484105,78.67534394483073,104.44527349661256,72.66743629812345,60.67817385069611,49.59052244607028,65.49343763360957
2026-09-27,EP152026,51,2026-09-27 18:00:00,0 days 18:00:00,18,16.01,-158.63,956.3,102.4,21.74685312314255,143.2381366025458,110.98823986155554,109.08117529989045,164.58757608969313,93.0306782188253,74.37404331621102,73.7401860725221,96.88717446498364,50.99716339491639,40.124889866318526,35.484251651953464,48.18540737192032
2026-09-27,EP152026,51,2026-09-28 00:00:00,1 days 00:00:00,24,15.97,-159.55,954.8,106.6,25.194976957934465,188.1851189853732,130.77393948951942,95.02222990166274,188.56161557141868,102.04370416459388,73.56783858164414,64.01028448460085,91.49762807115808,62.77392012080365,48.814280231025066,38.442939030459854,54.466226463000034
2026-09-27,EP152026,51,2026-09-28 06:00:00,1 days 06:00:00,30,15.94,-160.7,938.2,127.1,14.881508640065924,180.1631146334371,158.27139454764466,132.53020982137116,179.31543444792663,113.60892332159446,88.02170913949097,70.21066386242882,103.64916841099529,63.33623015371249,48.78524375134048,39.59848404885221,55.58620747685082
2026-09-27,EP152026,51,2026-09-28 12:00:00,1 days 12:00:00,36,16.41,-161.54,944.3,122.4,13.14488085708812,167.0983455796389,153.5642142988157,96.38246708065208,150.38937326780018,95.70605450353575,64.71153603491675,50.22684427496099,80.60259269395155,53.78002285636976,41.28723848925948,28.53821560665373,45.39140962741811
2026-09-27,EP152026,51,2026-09-28 18:00:00,1 days 18:00:00,42,17.17,-162.26,940.1,118.6,9.866487580265666,240.64557322558468,190.01867624178144,112.72256266623783,174.79167612121847,108.73042867222912,83.13467352019386,54.115121622628166,90.48579353287688,64.49931239793437,50.93618417384148,34.93029437170102,52.84908751739832
2026-09-27,EP152026,51,2026-09-29 00:00:00,2 days 00:00:00,48,18.04,-163.18,949.9,111.2,25.437723016417404,213.026606825329,190.04854072047533,94.51385078836888,163.0222596711818,119.5807109628247,89.33666791028914,55.037958812829935,93.6426489320933,60.16627684734237,48.00703923994431,32.6359626324945,47.61835793764321
2026-09-27,EP152026,51,2026-09-29 06:00:00,2 days 06:00:00,54,19.01,-163.52,967.6,93.8,30.263369959114925,230.05978750843144,156.4747968877141,90.59733791505806,159.77598804728552,107.60419929768818,100.47233653843443,62.138982507949294,91.42634576021676,65.13975391121295,58.26663289982483,42.66390029847767,53.235681801255
2026-09-27,EP152026,51,2026-09-29 12:00:00,2 days 12:00:00,60,19.92,-163.67,971.6,83.4,35.2831807524411,162.61930553177433,148.45619626469,114.55350962436488,143.84843229277362,87.92777009775403,77.2919059351982,53.71948598167575,79.76017672293261,53.00232237793432,45.21097102553273,34.06306718511843,43.71886864157853
2026-09-27,EP152026,51,2026-09-29 18:00:00,2 days 18:00:00,66,20.53,-164.0,974.0,74.0,29.29729863385024,203.10744396285304,168.744719464509,157.03733806206512,203.4262937179794,108.38710120589828,92.49924699978769,76.67898088878516,97.6343696343402,51.232861859510166,48.54510084808862,36.16931988046554,45.67858808163851
2026-09-27,EP152026,51,2026-09-30 00:00:00,3 days 00:00:00,72,21.26,-163.84,990.7,71.6,58.67384344532876,180.9644302628359,121.33490242649982,78.97650935048212,156.27604115773156,111.4611566893514,91.09137513718308,62.036929493771005,90.29590656737516,58.67384344532876,51.52819033633811,39.58160726836028,49.18856024189183
2026-09-27,EP152026,51,2026-09-30 06:00:00,3 days 06:00:00,78,21.91,-163.68,982.5,66.7,49.97577018717614,185.53768871754687,145.70181819855225,111.58705511556477,177.1668701965226,112.24313416252642,92.98587639644012,65.46662023437179,93.66194235693128,49.97577018717614,21.371474232499036,15.182974903626771,20.679035123298757
2026-09-27,EP152026,51,2026-09-30 12:00:00,3 days 12:00:00,84,21.75,-163.91,983.2,68.1,25.90508930205468,229.26370873391696,157.99499407967505,159.2359657616374,229.3680650977037,149.53466670440645,123.61253404032388,98.6358884326527,132.31315612665242,41.4664975124049,35.6973200051022,25.86718286978875,33.99267609480754
2026-09-27,EP152026,51,2026-09-30 18:00:00,3 days 18:00:00,90,21.61,-164.02,987.6,59.5,49.79650462253013,138.52867913201908,129.2831252245134,157.56320697236498,158.06677273950638,69.4915228016956,71.43939440554028,77.34036460794064,72.56120365560824,0.0,0.0,0.0,0.0
2026-09-27,EP152026,51,2026-10-01 00:00:00,4 days 00:00:00,96,21.5,-164.02,988.3,59.4,20.061643531768617,215.5404363669169,187.2222662951727,166.3316204832817,211.76067890418184,108.9761624271906,94.98199995042263,81.41370342127755,102.72596314383112,0.0,0.0,0.0,0.0
2026-09-27,EP152026,51,2026-10-01 06:00:00,4 days 06:00:00,102,21.52,-163.93,988.5,53.7,48.88129283428043,205.6219248421476,194.63380515810783,137.2579767348525,185.97707047448785,60.78771844791481,50.1564874748658,31.6029986183886,45.816863051567225,0.0,0.0,0.0,0.0
2026-09-27,EP152026,51,2026-10-01 12:00:00,4 days 12:00:00,108,21.39,-164.76,992.3,53.7,52.53320015511828,208.85874100408037,129.42784544920863,132.8491875711096,210.2203757664448,72.25933698409727,52.11861455725194,46.89784590839109,66.41644682956178,0.0,0.0,0.0,0.0
2026-09-27,EP152026,51,2026-10-01 18:00:00,4 days 18:00:00,114,21.75,-165.12,986.4,58.4,39.836945217902056,250.82801439446,145.03210178724464,130.9215577565923,235.1232846559872,119.5363294185424,90.51200732663828,60.905733522844685,109.43372540659573,0.0,0.0,0.0,0.0
2026-09-27,EP152026,51,2026-10-02 00:00:00,5 days 00:00:00,120,21.78,-165.76,982.0,59.5,50.996828351753166,220.9222254294612,163.8955714247426,134.13547661936514,189.40125761203228,93.12754289103204,72.02667632562881,53.269403377945686,81.05473336184757,0.0,0.0,0.0,0.0
2026-09-27,EP152026,51,2026-10-02 06:00:00,5 days 06:00:00,126,22.08,-166.31,986.5,61.5,74.57728253401736,209.3505926946082,131.16910097734282,153.2821798984849,224.02698520293396,107.32346425185835,69.79713765981758,61.69756803460193,104.50686938778288,0.0,0.0,0.0,0.0
2026-09-27,EP152026,51,2026-10-02 12:00:00,5 days 12:00:00,132,22.28,-166.65,992.5,56.2,52.3665794076768,203.8589724975241,169.623268804409,152.61531777112623,205.07795996266168,108.53289175010968,85.62298425373763,70.57605035970141,91.1724078095964,0.0,0.0,0.0,0.0
2026-09-27,EP152026,51,2026-10-02 18:00:00,5 days 18:00:00,138,22.35,-166.64,986.0,62.2,35.78740431905844,202.17905905280108,148.94204687753086,168.03834891683985,209.04265045679733,96.40780786378863,77.55817494192293,62.358400798991525,85.46230061902871,0.0,0.0,0.0,0.0
2026-09-27,EP152026,51,2026-10-03 00:00:00,6 days 00:00:00,144,22.41,-166.83,980.7,65.0,41.134048937387135,140.48639775729984,106.01216244129104,132.88077189310084,147.97415068774217,75.36116108928856,74.89499042069761,69.19172855091523,81.0609396527145,48.7413503562279,45.76762012120641,39.034685768165005,41.98953573011339
2026-09-27,EP152026,51,2026-10-03 06:00:00,6 days 06:00:00,150,22.26,-166.6,980.9,64.6,43.19333679086392,160.01135767424873,152.62504041840478,151.8862203712479,178.67960316166543,81.60297544895823,68.38355556184385,56.42118707167653,69.90582987053259,43.19333679086392,6.0364635103810205,4.799423784824454,6.923688845462934
2026-09-27,EP152026,51,2026-10-03 12:00:00,6 days 12:00:00,156,22.3,-166.99,983.0,63.9,50.04682507928124,181.7409223616651,147.0510630767731,165.68127510498022,202.1770918509964,111.90534385848376,91.9562262698116,79.3956563067666,102.90088043518988,0.0,0.0,0.0,0.0
2026-09-27,EP152026,51,2026-10-03 18:00:00,6 days 18:00:00,162,22.0,-167.55,986.3,55.8,53.82468734092774,101.05742234105878,76.4727872342664,60.45209300227867,123.4220922282442,53.82468734092774,9.660834644734493,7.01800057143209,13.648493149056794,0.0,0.0,0.0,0.0
2026-09-27,EP152026,51,2026-10-04 00:00:00,7 days 00:00:00,168,21.89,-168.14,983.8,62.1,26.08036014229469,172.09050808291158,96.2809288672197,68.4670198277961,167.3640474505601,89.16337980927437,57.16295672728438,33.17315359333213,79.67188936382081,0.0,0.0,0.0,0.0
2026-09-27,EP152026,51,2026-10-04 06:00:00,7 days 06:00:00,174,21.89,-168.93,980.9,68.2,19.13352706591576,164.59396348491242,112.22235829602616,82.74753204247423,156.60797670720825,79.6907568413049,57.647851413417925,39.8413579713913,73.14144054012078,26.5311477261358,17.69262451050347,12.607151124617005,22.03696355154011
2026-09-27,EP152026,51,2026-10-04 12:00:00,7 days 12:00:00,180,21.75,-170.22,976.8,78.0,21.699082166080693,197.96605536383143,132.04762203731505,89.48849075016402,174.64073119733726,95.30642763312508,61.96098010888315,42.999505303350325,90.52206584741931,45.4785040898943,33.41991474719606,21.83779850568633,38.324535587784965
2026-09-27,EP152026,51,2026-10-04 18:00:00,7 days 18:00:00,186,22.31,-171.6,959.9,95.9,1.63776396021467,211.99909281998083,121.10628867846918,105.60830939511064,211.62274947184108,109.32444366300558,82.1210318994953,64.38696057704821,105.53052061173447,69.2242747123776,56.56223794132846,43.546219679981135,60.04337200751212
2026-09-27,EP152026,51,2026-10-05 00:00:00,8 days 00:00:00,192,22.73,-173.52,953.1,108.7,8.303139533073736,190.63283723150573,118.91279931778249,133.66867055572823,200.0613425221381,112.69380096374836,92.89954045770526,78.08881561479339,105.00906774595312,63.37793314626335,57.13018095024424,44.1409303618709,57.92532484729126
2026-09-27,EP152026,51,2026-10-05 06:00:00,8 days 06:00:00,198,23.06,-175.15,953.7,104.9,18.571896938844887,183.6760583162192,147.74047222215648,121.44640776986827,154.5107566920799,107.48927488970944,82.58008101132089,66.01101648073332,95.7969824245604,60.00979157070008,50.134351973715454,38.34830459656349,52.35739170951203
2026-09-27,EP152026,51,2026-10-05 12:00:00,8 days 12:00:00,204,23.47,-176.66,960.9,93.9,30.341837502984617,226.8456058769657,158.26913119653,138.72730424163683,210.24391379395547,104.32649838941644,84.65883481763944,67.7200631591445,98.82482789374262,59.261322867770446,48.21369989029881,37.76503369995851,51.35221728150373
2026-09-27,EP152026,51,2026-10-05 18:00:00,8 days 18:00:00,210,23.89,-178.44,960.1,96.6,23.8537585194026,234.5559205725025,141.32365026867436,97.33950008939792,236.08684276242315,117.79714815689628,88.20317170859076,66.6117348335686,104.82625942635788,71.20769805697151,61.58124742892999,46.60814909825918,62.27164704345395
2026-09-27,EP152026,51,2026-10-06 00:00:00,9 days 00:00:00,216,24.24,179.52,957.3,101.1,24.05764407405229,258.07585846554275,176.72725690140666,144.20694414107714,251.14599629437424,138.86358202375607,106.40970487648856,85.3884909693154,119.18441462232738,74.74599430260207,65.9112106762722,47.53280301645242,63.377292103903166
2026-09-27,EP152026,51,2026-10-06 06:00:00,9 days 06:00:00,222,24.38,177.69,962.9,98.3,22.69034477646739,190.06241890623497,148.40010081837585,125.5296289357836,193.2898287838958,101.47566627223998,83.85521140817974,68.00734571093017,89.89613284248178,53.21224790439577,44.83832323042162,33.26149953811472,45.49181673705009
2026-09-27,EP152026,51,2026-10-06 12:00:00,9 days 12:00:00,228,24.76,175.89,963.8,94.4,35.60983894727802,241.25055710755944,185.02417063773945,138.81409442137613,208.49110001629907,113.76772497150417,92.66442797900142,59.832321617248354,88.903844380984,60.706429979201225,51.58426258015214,34.74576077662419,47.2555724992643
2026-09-27,EP152026,51,2026-10-06 18:00:00,9 days 18:00:00,234,24.96,173.58,969.7,85.9,27.56589188332805,223.48085190464587,143.71582798757902,90.00540091812081,225.71460108130188,116.6976793552614,84.1449835591373,53.67421627930757,100.91887206735552,57.470788050681065,47.17279928468301,30.56592890750265,47.47484032908292
2026-09-27,EP152026,51,2026-10-07 00:00:00,10 days 00:00:00,240,25.38,171.47,968.6,84.0,40.619812015421,168.85163253569334,166.9022753060184,150.4076209139679,149.97182720047772,71.02020838081792,76.02721180968263,63.63684503630521,62.09055682931341,41.78878160388914,39.084131313005614,30.396648657020336,34.595401452791535
2026-09-27,EP152026,51,2026-10-07 06:00:00,10 days 06:00:00,246,25.93,169.58,968.1,84.6,18.309431358856145,216.27686786156664,157.20481070926962,124.59405632726347,186.4177469240767,111.92578507509978,84.41473254361887,63.23445255945124,94.49946649071444,61.92166061339212,50.14275190581715,37.3638908082238,50.62255389294674
2026-09-27,EP152026,51,2026-10-07 12:00:00,10 days 12:00:00,252,26.6,167.62,967.6,84.7,14.613658403299157,180.55155830352064,162.57104357702212,115.96414157458912,142.9540696568722,92.83344684012512,84.92150863876617,64.72187712255675,72.68190869932914,63.886964975111056,57.92165792125169,42.57405788218489,51.405336858249655
2026-09-27,EP152026,51,2026-10-07 18:00:00,10 days 18:00:00,258,27.8,166.63,971.6,82.4,29.841953709944757,194.8191748121234,195.5524407970936,128.48324887231004,160.6423673769255,111.73163753322125,101.62562537939878,72.04395717376485,89.9470505230525,62.64543250149141,56.38430354034275,39.4681626394493,50.74238174764125
2026-09-27,EP152026,51,2026-10-08 00:00:00,11 days 00:00:00,264,29.08,165.74,973.9,82.4,16.46276425776564,187.6739169944164,156.36543415848797,95.6130772635413,144.29662822278877,103.84412409568309,95.59151416282282,54.62129659260451,78.71451057252767,51.826057846991375,44.31434468183096,30.39763373244908,39.14341386112201
2026-09-27,EP152026,51,2026-10-08 06:00:00,11 days 06:00:00,270,30.5,165.9,970.8,80.2,28.17372713776814,184.3147426236455,211.64413715006756,139.93554488177227,85.29198646217984,78.85808696807837,98.54443614055904,69.98553310075089,53.95015867532693,59.288238146157845,57.1486839324975,41.726015645060286,44.34116395532919
2026-09-27,EP152026,51,2026-10-08 12:00:00,11 days 12:00:00,276,31.82,166.64,980.0,71.4,44.2089804820455,190.54012213518416,231.39985646774352,147.6715477637273,105.4467168475026,115.86710629935516,125.70809136851,82.50488268125797,79.54042243484098,44.2089804820455,33.02480682297196,22.9843716895954,24.39534405849687
2026-09-27,EP152026,51,2026-10-08 18:00:00,11 days 18:00:00,282,32.98,168.16,983.1,63.9,12.758700001863382,174.76104869242425,235.50472470134832,188.622528391638,129.1356330057562,87.68499025128753,124.17898274884456,97.5083264133682,62.78449540751271,0.0,0.0,0.0,0.0
2026-09-27,EP152026,51,2026-10-09 00:00:00,12 days 00:00:00,288,33.79,170.86,987.0,57.6,34.56298668181596,145.29720432766413,165.70728019276623,174.7819370715494,116.35822559318753,80.49883408752356,102.9810205753644,77.92613936063881,58.18980116308195,0.0,0.0,0.0,0.0
2026-09-27,EP152026,51,2026-10-09 06:00:00,12 days 06:00:00,294,33.95,174.02,984.6,61.2,26.273506314390552,59.726828669457305,133.62251685140302,174.96596543272386,39.675577995154,47.84024301755947,81.7376770736135,76.4083780436764,39.675577995154,0.0,0.0,0.0,0.0
2026-09-27,EP152026,51,2026-10-09 12:00:00,12 days 12:00:00,300,33.6,177.23,987.7,53.5,64.10083457968469,64.00009792567579,115.81249925535964,127.73393667658286,47.06210782271627,42.90889650787831,67.15457761622451,51.146663659864686,28.248381441012526,0.0,0.0,0.0,0.0
2026-09-27,EP152026,51,2026-10-09 18:00:00,12 days 18:00:00,306,32.99,-179.83,994.3,47.0,71.39620625230731,159.27181354299086,209.92655346094355,198.41016461440864,141.8054722692205,0.0,0.0,0.0,0.0,0.0,0.0,0.0,0.0
2026-09-27,EP152026,51,2026-10-10 00:00:00,13 days 00:00:00,312,32.3,-176.87,997.3,45.3,45.06437344697965,132.5611590121094,159.80560300715518,160.2833895330308,125.8235732747128,0.0,0.0,0.0,0.0,0.0,0.0,0.0,0.0
2026-09-27,EP152026,51,2026-10-10 06:00:00,13 days 06:00:00,318,31.62,-174.69,1001.6,40.7,42.9189471799573,63.434942288775815,92.3396139987638,78.41861516512212,62.19997928131831,0.0,0.0,0.0,0.0,0.0,0.0,0.0,0.0
2026-09-27,EP152026,51,2026-10-10 12:00:00,13 days 12:00:00,324,30.69,-172.72,1001.8,29.5,61.42371883328145,0.0,0.0,0.0,0.0,0.0,0.0,0.0,0.0,0.0,0.0,0.0,0.0
2026-09-27,EP152026,51,2026-10-10 18:00:00,13 days 18:00:00,330,30.32,-171.31,1005.3,30.5,50.1321904671309,0.0,0.0,0.0,0.0,0.0,0.0,0.0,0.0,0.0,0.0,0.0,0.0
2026-09-27,EP152026,51,2026-10-11 00:00:00,14 days 00:00:00,336,29.25,-170.76,1008.7,28.6,83.24325409556349,0.0,0.0,0.0,0.0,0.0,0.0,0.0,0.0,0.0,0.0,0.0,0.0
2026-09-27,EP162026,51,2026-09-27 00:00:00,0 days 00:00:00,0,20.8,-123.6,975.0,76.0,28.0,167.0,167.0,148.0,185.0,93.0,74.0,74.0,93.0,65.0,46.0,37.0,56.0
2026-09-27,EP162026,51,2026-09-27 06:00:00,0 days 06:00:00,6,21.45,-123.35,994.3,56.9,38.44405101845787,171.86161865628657,155.56155467658135,121.97317510083668,129.83660245880566,82.17319906222122,83.00330928697966,59.28627147605059,68.34620299138422,0.0,0.0,0.0,0.0
2026-09-27,EP162026,51,2026-09-27 12:00:00,0 days 12:00:00,12,22.02,-123.58,1000.5,40.3,37.24764301819592,183.0665183074917,163.83406573565318,141.70257399580595,169.6186668902925,0.0,0.0,0.0,0.0,0.0,0.0,0.0,0.0
2026-09-27,EP162026,51,2026-09-27 18:00:00,0 days 18:00:00,18,22.52,-123.58,999.9,44.7,38.75806095701716,198.2731602397273,166.6469555608108,126.67037417848836,170.04451588982442,0.0,0.0,0.0,0.0,0.0,0.0,0.0,0.0
2026-09-27,EP162026,51,2026-09-28 00:00:00,1 days 00:00:00,24,22.56,-123.56,1002.3,36.9,57.76007723714712,75.26439960257112,54.40479129082698,41.08674185699228,66.2296128434857,0.0,0.0,0.0,0.0,0.0,0.0,0.0,0.0
2026-09-27,EP162026,51,2026-09-28 06:00:00,1 days 06:00:00,30,22.55,-123.02,1002.6,28.2,128.32417464790893,0.0,0.0,0.0,0.0,0.0,0.0,0.0,0.0,0.0,0.0,0.0,0.0
2026-09-27,EP162026,51,2026-09-28 12:00:00,1 days 12:00:00,36,22.21,-122.83,1003.9,27.3,95.26777752239131,0.0,0.0,0.0,0.0,0.0,0.0,0.0,0.0,0.0,0.0,0.0,0.0
2026-09-27,EP162026,51,2026-09-28 18:00:00,1 days 18:00:00,42,21.78,-122.5,1005.8,24.8,73.08497000827319,0.0,0.0,0.0,0.0,0.0,0.0,0.0,0.0,0.0,0.0,0.0,0.0
2026-09-27,EP162026,51,2026-09-29 00:00:00,2 days 00:00:00,48,21.12,-122.19,1005.7,25.3,140.65163309349236,0.0,0.0,0.0,0.0,0.0,0.0,0.0,0.0,0.0,0.0,0.0,0.0
2026-09-27,EP162026,51,2026-09-29 06:00:00,2 days 06:00:00,54,20.31,-122.23,1006.7,20.3,97.54524270942736,0.0,0.0,0.0,0.0,0.0,0.0,0.0,0.0,0.0,0.0,0.0,0.0
2026-09-27,EP162026,51,2026-09-29 12:00:00,2 days 12:00:00,60,19.63,-122.04,1006.5,18.7,118.8147373022084,0.0,0.0,0.0,0.0,0.0,0.0,0.0,0.0,0.0,0.0,0.0,0.0
2026-09-27,EP162026,51,2026-09-29 18:00:00,2 days 18:00:00,66,19.5,-121.73,1007.9,20.6,198.57654360921265,0.0,0.0,0.0,0.0,0.0,0.0,0.0,0.0,0.0,0.0,0.0,0.0
2026-09-27,EP172026,51,2026-09-27 00:00:00,0 days 00:00:00,0,19.0,-112.9,946.0,111.0,28.0,259.0,185.0,167.0,185.0,111.0,111.0,93.0,93.0,65.0,65.0,46.0,56.0
2026-09-27,EP172026,51,2026-09-27 06:00:00,0 days 06:00:00,6,19.85,-113.31,947.1,109.1,25.596860090727493,174.7473862423693,191.45382165293356,113.35819497239424,108.35691490280875,59.617203963429255,64.8141523338775,43.21281183087071,43.77188260996533,55.33308368280832,48.50764499767608,34.1385060109828,43.055114107654056
2026-09-27,EP172026,51,2026-09-27 12:00:00,0 days 12:00:00,12,20.49,-113.59,944.0,116.4,19.98534133336636,183.3769132261696,200.47182532966823,123.48467348051992,121.08145908308651,97.52454032006028,101.57331431343148,69.5262333188895,73.19926544259705,65.69455684494234,55.29135652234724,42.96083081039374,51.84620907717591
2026-09-27,EP172026,51,2026-09-27 18:00:00,0 days 18:00:00,18,21.53,-114.1,944.9,115.3,10.535079188571231,193.8437547053448,209.5055643848754,140.52177937320624,163.34099179462686,107.21163635273447,89.43503927646091,61.87134767678256,84.44553900520009,63.72379898595237,51.33763882794881,39.38244462598973,51.86694121724308
2026-09-27,EP172026,51,2026-09-28 00:00:00,1 days 00:00:00,24,22.44,-114.04,942.7,113.0,18.575845419058545,148.25154958569053,182.5013453042156,124.97129018924502,103.761703386327,76.00127202649293,78.91989455016657,61.83920937967064,56.1367898698815,52.295519600305646,49.11568072619389,36.4222297722317,41.72125500811547
2026-09-27,EP172026,51,2026-09-28 06:00:00,1 days 06:00:00,30,23.55,-114.19,945.0,111.3,12.407056240185725,136.77956270658535,183.7562380531584,131.8919635135301,113.27975509363556,77.42640398130396,78.48247922293052,56.15395260189159,55.02788898786048,38.648937080859376,35.096805555233736,26.33579399954363,31.48209221919444
2026-09-27,EP172026,51,2026-09-28 12:00:00,1 days 12:00:00,36,24.4,-113.92,953.0,99.9,30.83308034189129,174.0298843562315,209.9120137043812,161.6676732383068,140.3366673610694,77.55976037395524,89.39787267178158,67.71690426455899,56.26510401164229,46.3626397853089,46.498111703320646,37.55615760719362,37.13596812048728
2026-09-27,EP172026,51,2026-09-28 18:00:00,1 days 18:00:00,42,25.1,-113.36,961.8,94.4,32.031129826341044,104.16265060489768,118.1542452684236,112.24312625036988,71.06425610908178,50.131667791491424,61.10513898015691,54.08032423829479,45.46361798820486,38.33328455837125,37.41997170379884,30.425476884755035,31.12252154598921
2026-09-27,EP172026,51,2026-09-29 00:00:00,2 days 00:00:00,48,25.73,-112.7,970.2,91.6,46.35962070338381,160.74624596250902,162.164084957048,85.44062160760286,96.2866801503246,65.5001589975327,66.991407131831,49.43951282742677,47.33085963180824,46.35962070338381,40.30400993792488,32.384239975536474,33.63406250209064
2026-09-27,EP172026,51,2026-09-29 06:00:00,2 days 06:00:00,54,27.04,-112.02,978.1,73.3,38.27039488209257,121.5667440970568,118.13604907345282,102.09624607127073,88.33746364466397,52.49673927252301,58.42443661862687,43.66733210540398,40.05841036513079,4.093078325804746,3.112383979026782,38.27039488209257,4.045410996729749
2026-09-27,EP172026,51,2026-09-29 12:00:00,2 days 12:00:00,60,28.26,-110.86,988.3,52.9,24.82983510919371,88.63455553173554,95.22645085401616,13.11167826725746,30.16274105301653,13.835142721227474,24.82983510919371,0.0,0.0,0.0,0.0,0.0,0.0
2026-09-27,EP902026,51,2026-09-27 00:00:00,0 days 00:00:00,0,12.0,-98.6,1008.0,25.0,111.0,0.0,0.0,0.0,0.0,0.0,0.0,0.0,0.0,0.0,0.0,0.0,0.0
2026-09-27,EP902026,51,2026-09-27 06:00:00,0 days 06:00:00,6,11.99,-98.61,1004.8,27.2,112.97307794429936,0.0,0.0,0.0,0.0,0.0,0.0,0.0,0.0,0.0,0.0,0.0,0.0
2026-09-27,EP902026,51,2026-09-27 12:00:00,0 days 12:00:00,12,12.21,-98.68,1004.2,34.0,85.1979224354042,85.1979224354042,4.881775719912216,2.9303721662471838,2.9075586275980463,0.0,0.0,0.0,0.0,0.0,0.0,0.0,0.0
2026-09-27,EP902026,51,2026-09-27 18:00:00,0 days 18:00:00,18,12.15,-99.11,1003.9,34.4,84.90440976636334,84.90440976636334,33.73285597651552,9.82975342135754,31.77653689577544,0.0,0.0,0.0,0.0,0.0,0.0,0.0,0.0
2026-09-27,EP902026,51,2026-09-28 00:00:00,1 days 00:00:00,24,12.75,-99.16,1001.8,42.2,79.02559177720019,178.06667022601633,182.2431231026141,145.81541486674513,144.71780602943377,0.0,0.0,0.0,0.0,0.0,0.0,0.0,0.0
2026-09-27,EP902026,51,2026-09-28 06:00:00,1 days 06:00:00,30,13.1,-99.83,998.0,46.3,74.2800184255409,147.15577459688632,139.48997889186495,100.4257430880227,113.5801305561514,0.0,0.0,0.0,0.0,0.0,0.0,0.0,0.0
2026-09-27,EP902026,51,2026-09-28 12:00:00,1 days 12:00:00,36,13.68,-100.82,997.2,51.9,63.77592532288341,205.97517459691585,181.8448147937657,137.3427170646706,178.6019670062974,63.77592532288341,11.578653959988422,5.42571633520752,13.40141542952728,0.0,0.0,0.0,0.0
2026-09-27,EP902026,51,2026-09-28 18:00:00,1 days 18:00:00,42,14.38,-102.06,997.5,51.6,88.84835413190498,278.76495060670004,213.6855788250049,120.51570873639456,231.58194589023677,88.84835413190498,12.81168750772969,2.3659914843805385,12.006262852991584,0.0,0.0,0.0,0.0
2026-09-27,EP902026,51,2026-09-29 00:00:00,2 days 00:00:00,48,14.64,-103.38,990.6,58.0,61.30626503025863,168.63444856381977,155.56534316760826,92.7723216445915,126.65314846406643,61.30626503025863,26.982047078816976,14.629316703780033,16.223540140256624,0.0,0.0,0.0,0.0
2026-09-27,EP902026,51,2026-09-29 06:00:00,2 days 06:00:00,54,14.97,-104.64,992.7,50.7,89.24857812650998,252.38201803144764,233.08082154991632,177.62084772251842,219.128765130162,89.24857812650998,0.0,0.0,0.0,0.0,0.0,0.0,0.0
2026-09-27,EP902026,51,2026-09-29 12:00:00,2 days 12:00:00,60,15.49,-105.72,993.9,57.6,43.3613723843568,231.2313061188665,208.09147435910583,165.2309043718319,202.23868009834,85.48821556196935,71.79145077948567,50.28010493323433,60.999651780415206,0.0,0.0,0.0,0.0
2026-09-27,EP902026,51,2026-09-29 18:00:00,2 days 18:00:00,66,16.22,-106.9,980.0,70.0,37.822376480429895,200.7829869174153,203.3401972533873,169.28614352046807,173.37639372923053,104.4234975670949,90.15580728033852,64.16707886740068,83.34297591281819,37.822376480429895,15.87678266599498,8.635938078001754,15.806728779828829
2026-09-27,EP902026,51,2026-09-30 00:00:00,3 days 00:00:00,72,16.77,-107.7,984.7,70.3,45.47853281182213,161.40427563642962,176.4733168459375,116.15458459720726,110.83547733759684,75.25479066251435,64.86304613081083,37.773898796407735,49.55252708645487,45.47853281182213,14.011370130779122,7.056798753023148,11.770755925849066
2026-09-27,EP902026,51,2026-09-30 06:00:00,3 days 06:00:00,78,17.4,-108.47,982.8,71.4,36.14009210549165,187.313074139016,242.9188616536524,136.74996807142156,115.46402628926772,98.83168043099248,89.34303092372244,49.256085025701424,65.08623867262196,36.14009210549165,16.556828986664957,9.47849205395486,15.5787938509445
2026-09-27,EP902026,51,2026-09-30 12:00:00,3 days 12:00:00,84,17.89,-108.98,978.5,73.3,44.31112473884454,177.07153336335784,190.65162944065452,138.40531799926157,124.45675144437386,84.62707829414393,75.34626171715922,50.82105628897581,64.3754836462092,44.31112473884454,20.700260906184013,14.997393365767865,19.81948325271366
2026-09-27,EP902026,51,2026-09-30 18:00:00,3 days 18:00:00,90,18.15,-109.86,978.6,68.5,64.35233940025309,123.0278449003554,126.6817893846566,130.04911078415154,124.60124967425509,64.35233940025309,64.35233940025309,48.938764602822815,48.58629271275102,64.35233940025309,21.205580627174285,16.20751161509519,20.10598409660782
2026-09-27,EP902026,51,2026-10-01 00:00:00,4 days 00:00:00,96,18.12,-110.34,977.0,73.0,44.08976018619698,71.61280376995305,115.65587163553464,148.00051354650972,111.53090132726294,44.08976018619698,51.47724408077255,56.50476735318949,46.448820328460144,44.08976018619698,32.391954369900844,29.40202891971249,31.15291679891933
2026-09-27,EP902026,51,2026-10-01 06:00:00,4 days 06:00:00,102,18.11,-110.91,978.8,79.4,24.81766226944953,138.13146531727097,162.12619157360538,164.42244576463025,124.35240597836032,61.86042150513803,62.53313746666796,62.38797708133511,58.27918495294172,45.428945626216645,39.516521578937166,34.657960405687284,38.80072116449739
2026-09-27,EP902026,51,2026-10-01 12:00:00,4 days 12:00:00,108,18.07,-110.96,977.5,69.9,32.038751760727,94.31421025138911,125.31435614394064,172.34231872317392,130.00623912284857,52.43171499477502,60.63212275243091,67.32173838419095,60.340249861866646,36.89136152591347,36.62623993102994,35.119993716432475,33.55338811091436
2026-09-27,EP902026,51,2026-10-01 18:00:00,4 days 18:00:00,114,18.06,-111.02,985.4,58.4,41.999248560411104,171.0555516602126,218.10772719655915,246.93247193312615,166.96869077364136,114.0382502104153,119.23288847341178,105.3751182464058,101.9478124653632,0.0,0.0,0.0,0.0
2026-09-27,EP902026,51,2026-10-02 00:00:00,5 days 00:00:00,120,18.42,-110.98,987.9,58.6,58.561925618661576,129.88168495808492,167.3290354695473,130.77336936726158,96.20804751316416,42.17829277715893,58.561925618661576,28.442432402499406,30.18357313690001,0.0,0.0,0.0,0.0
2026-09-27,EP902026,51,2026-10-02 06:00:00,5 days 06:00:00,126,18.17,-110.75,986.3,59.2,61.27896218391497,207.31134038381043,219.69465696087207,249.87154476827985,215.2875705126877,122.15228483006013,116.5364013738041,111.75402777569552,110.20856800476906,0.0,0.0,0.0,0.0
2026-09-27,EP902026,51,2026-10-02 12:00:00,5 days 12:00:00,132,18.56,-110.54,985.2,59.1,67.43494189991904,166.75923202277386,200.6092183803565,143.66130214103794,118.69018862757122,67.43494189991904,44.51337542582768,33.87524635879194,30.89360293196234,0.0,0.0,0.0,0.0
2026-09-27,EP902026,51,2026-10-02 18:00:00,5 days 18:00:00,138,18.66,-110.45,985.0,59.8,65.15705232313618,109.70968729874116,143.04663815308396,102.24173196980502,88.78083739912257,65.15705232313618,58.50983832852825,40.64942249364272,46.86051749851228,0.0,0.0,0.0,0.0
2026-09-27,EP902026,51,2026-10-03 00:00:00,6 days 00:00:00,144,18.73,-110.33,986.8,58.7,60.7187570001735,117.74603527502336,142.909194502922,110.19932104318718,93.20882743551886,31.1963943070445,60.7187570001735,20.71454699455676,18.52140645935968,0.0,0.0,0.0,0.0
2026-09-27,EP902026,51,2026-10-03 06:00:00,6 days 06:00:00,150,18.93,-109.95,984.2,56.3,74.03868922584631,108.59071783350996,148.39415481622655,93.30575700125436,82.38202720305098,74.03868922584631,38.08540700493223,24.95552000913528,22.842980115044384,0.0,0.0,0.0,0.0
2026-09-27,EP902026,51,2026-10-03 12:00:00,6 days 12:00:00,156,18.98,-109.73,990.8,53.9,58.849666908976914,103.98288698557415,127.2606305499132,125.06140064920794,117.05670364841772,68.87921174738209,67.96623517664715,52.35919118152128,55.0443081723586,0.0,0.0,0.0,0.0
2026-09-27,EP902026,51,2026-10-03 18:00:00,6 days 18:00:00,162,19.1,-109.58,988.6,54.6,63.98278392956361,101.09408044435978,126.16391083917324,99.64899606120608,63.12987663951053,36.80622642386329,63.98278392956361,30.306802820991624,26.91341817234835,0.0,0.0,0.0,0.0
2026-09-27,EP902026,51,2026-10-04 00:00:00,7 days 00:00:00,168,19.18,-109.46,991.6,49.9,38.9344604941081,123.84031951733918,106.249027343578,83.00100457433172,87.09330822709217,0.0,0.0,0.0,0.0,0.0,0.0,0.0,0.0
2026-09-27,EP902026,51,2026-10-04 06:00:00,7 days 06:00:00,174,19.03,-109.5,992.1,55.3,53.93548947885739,159.90190179749698,174.58648302045094,135.0762773619084,148.48147901013022,61.42785361529821,56.42093278453456,37.23416741630854,45.59972569699824,0.0,0.0,0.0,0.0
2026-09-27,EP902026,51,2026-10-04 12:00:00,7 days 12:00:00,180,19.26,-108.96,984.7,64.8,35.2005768555876,143.59711854250585,190.02495939892088,183.6482436755984,137.08230551152982,58.80514485630288,66.62297902250458,56.61852570647736,49.33298771751852,0.2793813855421194,35.2005768555876,0.0,0.2071506347022582
2026-09-27,EP902026,51,2026-10-04 18:00:00,7 days 18:00:00,186,19.53,-108.9,979.4,71.8,47.51823593952763,164.59022859063268,222.342980215381,169.0359049819932,117.93432517800862,77.96678011676126,84.79802734576619,63.13829580221972,62.89148688260131,47.51823593952763,31.89982900242957,25.503733158642525,26.70417018008996
2026-09-27,EP902026,51,2026-10-05 00:00:00,8 days 00:00:00,192,20.09,-108.86,982.4,69.6,30.610199213841657,190.88709624227607,182.6956132382728,130.64163224712345,134.7643070438567,88.89012846467331,82.8876602787186,48.59534246548864,59.59757910407525,30.610199213841657,18.79302224232605,11.090626579725416,14.892884598688566
2026-09-27,EP902026,51,2026-10-05 06:00:00,8 days 06:00:00,198,20.93,-109.16,969.9,79.5,44.82048474951249,228.9264077664888,226.68919555169688,142.8250413641329,170.71782181681354,95.05162039752511,76.8658960238366,45.66679570601867,67.69100305866588,44.82048474951249,34.641768724689,23.954620476489005,31.831149892464925
2026-09-27,EP902026,51,2026-10-05 12:00:00,8 days 12:00:00,204,21.38,-109.79,974.3,67.3,27.44507320101417,244.28197269228025,203.707873701294,161.27533633099023,205.298071474171,123.42755518314344,103.12311619836784,72.0433102610251,99.49531517872292,27.44507320101417,14.654726612900191,8.925079634272732,15.81183151684476
2026-09-27,EP902026,51,2026-10-05 18:00:00,8 days 18:00:00,210,22.01,-110.36,974.3,76.6,34.381278540958846,239.29195129896885,230.00725923412733,167.1313215278616,191.8916891569424,102.91094177355107,88.87771276842751,61.9626115707436,84.30679158348468,67.50532231043644,58.02751258862226,46.18537122325794,55.93419694176661
2026-09-27,EP902026,51,2026-10-06 00:00:00,9 days 00:00:00,216,22.56,-110.82,973.7,79.0,72.83737432024719,233.33756709918865,243.18114018154768,147.64383831724967,169.68437477216423,116.81414440812917,104.41439779848108,62.825798212573176,83.40887039049528,72.83737432024719,38.70442408610138,27.28525272830225,35.80240681454641
2026-09-27,EP902026,51,2026-10-06 06:00:00,9 days 06:00:00,222,23.43,-111.32,978.5,70.8,24.09909283910852,196.678460032057,183.15837163932147,170.53292724253174,172.63665182372335,116.64368621031406,113.9001803246254,88.86608071516719,97.8002417289142,85.19812883091205,77.9334566931816,64.26421089647543,71.78251751811528
2026-09-27,EP902026,51,2026-10-06 12:00:00,9 days 12:00:00,228,24.03,-111.81,982.2,57.2,68.65317224219828,312.01012286462066,261.4598137665839,182.2031506906963,259.4721974188078,162.61328954400952,136.93799713354235,93.82415370803211,125.37909907944298,0.0,0.0,0.0,0.0
2026-09-27,EP902026,51,2026-10-06 18:00:00,9 days 18:00:00,234,24.58,-111.91,979.3,56.6,29.540481547452167,228.11631566748864,201.3052664253088,158.22811818347014,181.0186113590336,72.66007690197361,61.7641414539581,43.99661348093677,59.07080499183121,0.0,0.0,0.0,0.0
2026-09-27,EP902026,51,2026-10-07 00:00:00,10 days 00:00:00,240,25.18,-112.81,980.5,52.9,59.32051881027931,371.03743246507247,265.9346162533998,208.24954733202435,328.23742157916035,182.33388730582283,144.13411097638618,101.78721478172896,151.99539497275248,0.0,0.0,0.0,0.0
2026-09-27,EP902026,51,2026-10-07 06:00:00,10 days 06:00:00,246,25.45,-113.26,987.7,48.3,85.19689348464684,375.3509428579874,278.2242849874275,230.9503692258097,339.5012375002865,0.0,0.0,0.0,0.0,0.0,0.0,0.0,0.0
2026-09-27,EP902026,51,2026-10-07 12:00:00,10 days 12:00:00,252,25.93,-113.78,987.6,55.2,11.915245397060666,229.51187243051515,191.8970062491068,144.81460799417658,205.6414670186089,145.95360260387574,120.21395477531988,86.6725145064378,116.96469995009797,0.0,0.0,0.0,0.0
2026-09-27,EP902026,51,2026-10-07 18:00:00,10 days 18:00:00,258,26.41,-114.37,987.4,48.2,62.7970271086206,175.94664562572405,146.08652538754592,112.999832653423,156.64384490143215,0.0,0.0,0.0,0.0,0.0,0.0,0.0,0.0
2026-09-27,EP902026,51,2026-10-08 00:00:00,11 days 00:00:00,264,26.82,-115.06,989.8,50.2,54.90540370506801,224.80322146520663,153.29981724957725,119.29346469264463,197.68799005165783,80.6295444454945,63.565934158108576,45.24716230069498,65.94756560952192,0.0,0.0,0.0,0.0
2026-09-27,EP902026,51,2026-10-08 06:00:00,11 days 06:00:00,270,27.17,-115.87,993.0,46.8,72.07188422166647,313.607613456152,276.3365948673845,258.11122119774564,280.434957060721,0.0,0.0,0.0,0.0,0.0,0.0,0.0,0.0
2026-09-27,EP902026,51,2026-10-08 12:00:00,11 days 12:00:00,276,27.29,-116.3,990.9,43.4,72.73464820064169,204.7785877727556,168.75568244487977,132.1078259774327,170.05014101633628,0.0,0.0,0.0,0.0,0.0,0.0,0.0,0.0
2026-09-27,EP902026,51,2026-10-08 18:00:00,11 days 18:00:00,282,27.49,-116.72,991.8,45.7,82.39490674614436,169.39818710588824,139.1218266967711,106.14917449124744,144.4925598971014,0.0,0.0,0.0,0.0,0.0,0.0,0.0,0.0
2026-09-27,EP902026,51,2026-10-09 00:00:00,12 days 00:00:00,288,27.74,-117.19,996.4,42.8,102.34610758625774,56.37158652821466,102.34610758625774,53.72774724361767,47.57820327583727,0.0,0.0,0.0,0.0,0.0,0.0,0.0,0.0
2026-09-27,EP902026,51,2026-10-09 06:00:00,12 days 06:00:00,294,27.62,-117.69,996.6,34.7,127.42405473089256,127.42405473089256,4.044016582923444,0.0,2.843712985699513,0.0,0.0,0.0,0.0,0.0,0.0,0.0,0.0
2026-09-27,EP902026,51,2026-10-09 12:00:00,12 days 12:00:00,300,27.48,-117.98,999.5,35.0,48.33549629757216,53.54733688888227,43.67678822165216,25.646711756507464,46.38723159180529,0.0,0.0,0.0,0.0,0.0,0.0,0.0,0.0
2026-09-27,EP902026,51,2026-10-09 18:00:00,12 days 18:00:00,306,27.18,-118.0,1002.6,28.2,73.30564872948673,0.0,0.0,0.0,0.0,0.0,0.0,0.0,0.0,0.0,0.0,0.0,0.0
2026-09-27,EP902026,51,2026-10-10 00:00:00,13 days 00:00:00,312,27.05,-118.16,1002.7,28.3,55.37335826407295,0.0,0.0,0.0,0.0,0.0,0.0,0.0,0.0,0.0,0.0,0.0,0.0
2026-09-27,EP902026,51,2026-10-10 06:00:00,13 days 06:00:00,318,26.69,-117.93,1002.2,25.9,46.78989854511819,0.0,0.0,0.0,0.0,0.0,0.0,0.0,0.0,0.0,0.0,0.0,0.0
2026-09-27,EP902026,51,2026-10-10 12:00:00,13 days 12:00:00,324,26.14,-118.21,1007.0,21.7,94.60310932679812,0.0,0.0,0.0,0.0,0.0,0.0,0.0,0.0,0.0,0.0,0.0,0.0
2026-09-27,EP902026,51,2026-10-10 18:00:00,13 days 18:00:00,330,25.26,-118.5,1006.7,21.0,36.32343135951476,0.0,0.0,0.0,0.0,0.0,0.0,0.0,0.0,0.0,0.0,0.0,0.0
2026-09-27,EP902026,51,2026-10-11 00:00:00,14 days 00:00:00,336,24.74,-118.8,1005.1,22.3,88.16720996093414,0.0,0.0,0.0,0.0,0.0,0.0,0.0,0.0,0.0,0.0,0.0,0.0
2026-09-27,EP902026,51,2026-10-11 06:00:00,14 days 06:00:00,342,23.74,-119.36,1005.8,22.9,74.09272281598246,0.0,0.0,0.0,0.0,0.0,0.0,0.0,0.0,0.0,0.0,0.0,0.0
2026-09-27,EP902026,51,2026-10-11 12:00:00,14 days 12:00:00,348,23.06,-119.65,1005.5,22.3,92.0830361879882,0.0,0.0,0.0,0.0,0.0,0.0,0.0,0.0,0.0,0.0,0.0,0.0
2026-09-27,EP902026,51,2026-10-11 18:00:00,14 days 18:00:00,354,22.48,-119.92,1007.5,18.8,175.87632557491517,0.0,0.0,0.0,0.0,0.0,0.0,0.0,0.0,0.0,0.0,0.0,0.0
2026-09-27,EP902026,51,2026-10-12 00:00:00,15 days 00:00:00,360,22.05,-120.45,1005.1,19.8,114.45778677702228,0.0,0.0,0.0,0.0,0.0,0.0,0.0,0.0,0.0,0.0,0.0,0.0
2026-09-27,WP252026,51,2026-09-27 00:00:00,0 days 00:00:00,0,24.6,127.6,964.0,89.0,22.0,102.0,121.0,102.0,93.0,,,,,,,,
2026-09-27,WP252026,51,2026-09-27 06:00:00,0 days 06:00:00,6,25.41,128.26,945.2,105.6,30.67949657242894,161.94402879117945,203.3878915896236,176.0357236070173,115.17322572587577,81.47451239491465,97.5704473313991,80.60466251016179,58.61269771106,47.4799554809817,51.035048695227175,39.77611428578143,36.02108193497679
2026-09-27,WP252026,51,2026-09-27 12:00:00,0 days 12:00:00,12,25.91,128.91,957.8,98.7,21.50699965537132,118.91513653543774,157.76090038732667,151.34587794580875,99.04801312673084,63.65386531704256,84.33038066060993,67.11136790080094,42.52308962290108,45.7506370449712,50.80492980729015,43.10426493612657,37.09769381547661
2026-09-27,WP252026,51,2026-09-27 18:00:00,0 days 18:00:00,18,26.41,129.82,965.0,87.1,30.753989421281368,127.3091603697748,157.06761543876016,143.960257935405,110.86513627326592,62.80741437308424,88.01790628401763,69.77404060164287,44.921529877304174,33.40538394952532,39.62824990712952,34.93035557921749,28.01281459206146
2026-09-27,WP252026,51,2026-09-28 00:00:00,1 days 00:00:00,24,26.91,130.68,970.5,77.5,46.991125164567705,176.20572024389378,181.96015549907992,142.25215130843685,143.3710387824977,79.32833138920395,95.753712611347,79.06777886763956,69.50168351727105,57.71538350252137,58.28117841134716,48.96587307820101,47.09590560275262
2026-09-27,WP252026,51,2026-09-28 06:00:00,1 days 06:00:00,30,27.31,131.79,974.5,73.0,14.24712217271292,127.71374869317856,185.6694916889171,136.99521761986364,89.23966414445812,57.99368705073627,71.41057783765126,55.02180689083292,38.31629606508005,39.533966431420765,38.24933934003235,32.31803681006221,28.601402840520574
2026-09-27,WP252026,51,2026-09-28 12:00:00,1 days 12:00:00,36,27.83,132.56,987.3,58.5,53.623307653849615,156.52766263957605,177.3812810490915,142.19253302147683,138.72560624845232,92.67876529140452,92.65854424211956,66.02681087381974,68.25651583219056,0.0,0.0,0.0,0.0
2026-09-27,WP252026,51,2026-09-28 18:00:00,1 days 18:00:00,42,28.14,133.42,983.2,63.1,16.640826593554177,140.92117041766068,198.4376132085704,130.40352637734486,84.40506225545886,64.75965446343267,68.47074931748166,44.97878374160205,35.93402725033693,0.0,0.0,0.0,0.0
2026-09-27,WP252026,51,2026-09-29 00:00:00,2 days 00:00:00,48,28.79,134.09,986.7,52.8,48.9836417226622,143.7622252700496,156.4880980228874,110.54828425356186,110.73896493570555,48.9836417226622,36.92548756725835,22.09859549311538,25.14532965873605,0.0,0.0,0.0,0.0
2026-09-27,WP252026,51,2026-09-29 06:00:00,2 days 06:00:00,54,29.11,135.26,995.1,47.3,65.5290761403541,108.47995303354908,120.9474184585374,81.42988984994608,83.43281014581132,0.0,0.0,0.0,0.0,0.0,0.0,0.0,0.0
2026-09-27,WP252026,51,2026-09-29 12:00:00,2 days 12:00:00,60,29.32,136.48,995.8,38.9,80.40847228948172,19.74014639106379,80.40847228948172,27.87188557437024,25.795456424296045,0.0,0.0,0.0,0.0,0.0,0.0,0.0,0.0
2026-09-27,WP252026,51,2026-09-29 18:00:00,2 days 18:00:00,66,29.75,137.62,997.6,37.1,101.56275734486589,55.33094986607991,101.56275734486589,57.64351932642046,40.19411710934275,0.0,0.0,0.0,0.0,0.0,0.0,0.0,0.0
2026-09-27,WP252026,51,2026-09-30 00:00:00,3 days 00:00:00,72,30.05,138.75,997.3,29.1,69.47487223562212,0.0,0.0,0.0,0.0,0.0,0.0,0.0,0.0,0.0,0.0,0.0,0.0
2026-09-27,WP252026,51,2026-09-30 06:00:00,3 days 06:00:00,78,30.88,139.45,998.9,29.3,62.26552157689844,0.0,0.0,0.0,0.0,0.0,0.0,0.0,0.0,0.0,0.0,0.0,0.0
2026-09-27,WP252026,51,2026-09-30 12:00:00,3 days 12:00:00,84,31.38,139.95,1000.4,27.7,60.16836969289178,0.0,0.0,0.0,0.0,0.0,0.0,0.0,0.0,0.0,0.0,0.0,0.0
2026-09-27,WP252026,51,2026-09-30 18:00:00,3 days 18:00:00,90,32.22,140.33,1001.5,31.7,165.35355865724478,0.0,0.0,0.0,0.0,0.0,0.0,0.0,0.0,0.0,0.0,0.0,0.0
2026-09-27,WP252026,51,2026-10-01 00:00:00,4 days 00:00:00,96,33.06,141.35,1003.4,26.1,134.8777835909204,0.0,0.0,0.0,0.0,0.0,0.0,0.0,0.0,0.0,0.0,0.0,0.0
2026-09-27,WP252026,51,2026-10-01 06:00:00,4 days 06:00:00,102,34.67,142.56,996.7,34.8,214.84725800123124,0.0,214.84725800123124,0.0,0.0,0.0,0.0,0.0,0.0,0.0,0.0,0.0,0.0
2026-09-27,AL062026,52,2026-09-27 00:00:00,0 days 00:00:00,0,29.8,-43.9,1010.0,29.0,56.0,0.0,0.0,0.0,0.0,0.0,0.0,0.0,0.0,0.0,0.0,0.0,0.0
2026-09-27,AL062026,52,2026-09-27 06:00:00,0 days 06:00:00,6,29.67,-43.93,1010.3,31.2,63.00070156551846,0.0,0.0,0.0,0.0,0.0,0.0,0.0,0.0,0.0,0.0,0.0,0.0
2026-09-27,AL062026,52,2026-09-27 12:00:00,0 days 12:00:00,12,29.45,-44.11,1012.2,26.0,55.4235241590753,0.0,0.0,0.0,0.0,0.0,0.0,0.0,0.0,0.0,0.0,0.0,0.0
2026-09-27,AL062026,52,2026-09-27 18:00:00,0 days 18:00:00,18,29.4,-43.84,1012.2,19.1,93.75231525941,0.0,0.0,0.0,0.0,0.0,0.0,0.0,0.0,0.0,0.0,0.0,0.0
2026-09-27,AL062026,52,2026-09-28 00:00:00,1 days 00:00:00,24,28.55,-44.18,1009.7,28.3,49.4586682781445,0.0,0.0,0.0,0.0,0.0,0.0,0.0,0.0,0.0,0.0,0.0,0.0
2026-09-27,AL062026,52,2026-09-28 06:00:00,1 days 06:00:00,30,28.75,-44.26,1011.9,26.2,87.97793123232198,0.0,0.0,0.0,0.0,0.0,0.0,0.0,0.0,0.0,0.0,0.0,0.0
2026-09-27,AL062026,52,2026-09-28 12:00:00,1 days 12:00:00,36,27.69,-44.82,1014.3,29.6,121.4033446300584,0.0,0.0,0.0,0.0,0.0,0.0,0.0,0.0,0.0,0.0,0.0,0.0
2026-09-27,EP152026,52,2026-09-27 00:00:00,0 days 00:00:00,0,16.7,-156.1,972.0,80.0,37.0,241.0,185.0,185.0,241.0,93.0,74.0,93.0,111.0,56.0,46.0,56.0,56.0
2026-09-27,EP152026,52,2026-09-27 06:00:00,0 days 06:00:00,6,16.55,-156.75,970.8,86.7,51.08191175140465,207.74147228359075,99.20462275437154,135.97550587141785,237.3750922682297,114.44272818042614,84.10019805048971,84.53190994538424,113.80438686242046,73.58875955533298,64.11405443388985,54.22139746009324,65.84386549940419
2026-09-27,EP152026,52,2026-09-27 12:00:00,0 days 12:00:00,12,16.39,-157.65,968.8,86.5,33.39643306876813,205.48479546652152,144.23895004608585,131.93777125533458,216.9505492579791,114.65069244056886,88.26513161512506,75.78626887691283,109.90884189269096,69.06216102678107,56.308411418712254,47.7728149971613,62.01689674627684
2026-09-27,EP152026,52,2026-09-27 18:00:00,0 days 18:00:00,18,16.03,-158.51,965.8,87.0,26.745968172658763,175.12235662859882,142.31309440579855,117.55916426207096,190.48213109326295,92.65156337309112,66.0501768423344,56.1135447288886,91.28892329309711,42.170332745268325,32.00055713091933,25.70815672931593,37.689666416569565
2026-09-27,EP152026,52,2026-09-28 00:00:00,1 days 00:00:00,24,15.82,-159.18,966.5,93.4,22.79252004127318,182.65408385577095,142.29835840004546,97.26063362986122,146.5875847793252,77.98168345697968,60.85412292438667,49.06191996852115,66.21486004922485,49.16798192413839,38.54932290201751,30.01176178441337,42.25717636203456
2026-09-27,EP152026,52,2026-09-28 06:00:00,1 days 06:00:00,30,16.35,-160.26,952.9,104.9,13.552367715147966,180.07737395442996,132.79587777728193,104.02316752913032,165.16059835633723,82.93802669353363,53.77230997400534,48.81522254671074,71.1325847069337,46.22748116051588,36.059612591875805,27.60978227919628,40.3247968364492
2026-09-27,EP152026,52,2026-09-28 12:00:00,1 days 12:00:00,36,16.93,-161.1,955.9,107.5,24.042373446264136,186.37264271417308,163.8972496548052,115.36675721095762,152.83480211396972,85.9264500033911,68.92951150208117,49.223694696347,70.0563432071649,45.10548356483716,34.84546576802029,25.73195577542393,36.58332823125011
2026-09-27,EP152026,52,2026-09-28 18:00:00,1 days 18:00:00,42,17.38,-162.06,950.3,110.4,1.458907334422907,176.77094313983878,133.6868855576672,116.27292766320296,182.0177342147328,112.6103298902716,85.04551249181404,73.76972504883642,100.53431047499777,63.53108383775504,52.85237405179536,41.15713015899606,54.52073690696316
2026-09-27,EP152026,52,2026-09-29 00:00:00,2 days 00:00:00,48,18.24,-162.66,950.7,109.6,0.0,211.42195117510835,179.27633077837436,98.14003921731324,178.50263372058976,114.36204857767808,89.47136082272732,63.45831278126997,91.99386469639887,57.4829466237401,48.74933623124334,34.109987393285735,47.90661467038892
2026-09-27,EP152026,52,2026-09-29 06:00:00,2 days 06:00:00,54,19.09,-163.15,952.5,104.7,17.864424989361975,217.3162319539419,206.13107629303855,148.55112319571043,167.91540290725789,125.44159618469874,117.12316767606848,86.79444194110863,107.71541660469067,61.07729568520927,54.38879669561415,39.05157706381888,51.07781990974888
2026-09-27,EP152026,52,2026-09-29 12:00:00,2 days 12:00:00,60,20.0,-163.28,967.0,92.1,50.257537711537225,220.4467133224184,184.96547746311512,136.35914344244952,142.8289856673057,114.9593973977844,102.24628262016142,67.30697955637208,91.13051623303444,67.76481468339324,58.55939997948451,39.7753618183084,56.98883485967076
2026-09-27,EP152026,52,2026-09-29 18:00:00,2 days 18:00:00,66,20.92,-163.27,966.8,89.9,26.637029506697782,190.62209080137572,169.9569798305297,137.30751408272965,187.0116803118342,114.08857769830422,96.30858072486186,73.28925888976167,103.40439144321849,57.55446727246661,52.76863172413451,40.48149935310363,49.37030685638112
2026-09-27,EP152026,52,2026-09-30 00:00:00,3 days 00:00:00,72,21.58,-163.06,972.0,79.7,33.971882514404825,184.4482880133384,148.67753597459188,102.95334659554332,122.71256178821292,71.79797208185664,61.70430872174782,49.065768337520936,64.32519860517422,71.79797208185664,61.70430872174782,49.065768337520936,58.51010592521541
2026-09-27,EP152026,52,2026-09-30 06:00:00,3 days 06:00:00,78,22.26,-162.58,978.3,74.0,25.32612852245549,212.68834344959407,158.0250750474844,121.1993442503977,156.99959037482506,91.670821998728,78.05570674261607,52.22007991273179,77.73273386578524,38.19325942116157,31.85138280320163,23.312215832098584,30.991507230905253
2026-09-27,EP152026,52,2026-09-30 12:00:00,3 days 12:00:00,84,22.56,-162.09,991.6,53.6,22.26528784918872,200.0972135259044,171.61996473646943,130.61766944459214,166.194025711971,38.97900475074208,32.89105327011145,24.330200126508004,34.930288975830365,0.0,0.0,0.0,0.0
2026-09-27,EP152026,52,2026-09-30 18:00:00,3 days 18:00:00,90,22.31,-162.43,995.9,48.5,36.051551726066855,210.4848336118128,158.98061200095736,129.27266827161742,198.50135409156547,0.0,0.0,0.0,0.0,0.0,0.0,0.0,0.0
2026-09-27,EP152026,52,2026-10-01 00:00:00,4 days 00:00:00,96,22.39,-162.75,991.9,45.9,94.95133547204684,160.8826918405674,116.58875707694172,96.76106803483044,148.43382351023365,0.0,0.0,0.0,0.0,0.0,0.0,0.0,0.0
2026-09-27,EP152026,52,2026-10-01 06:00:00,4 days 06:00:00,102,22.04,-163.1,999.2,35.6,109.13065355409844,212.34511390093667,176.9737230480605,164.00289398550467,200.81448848210312,0.0,0.0,0.0,0.0,0.0,0.0,0.0,0.0
2026-09-27,EP152026,52,2026-10-01 12:00:00,4 days 12:00:00,108,22.34,-163.8,1000.4,37.4,103.12274647969632,122.33179308212038,67.92825002520402,80.73054365888639,120.4384140280325,0.0,0.0,0.0,0.0,0.0,0.0,0.0,0.0
2026-09-27,EP152026,52,2026-10-01 18:00:00,4 days 18:00:00,114,21.97,-164.48,1003.3,44.7,89.13511082042533,169.18355970818084,80.58774239965715,47.0106877277758,130.6381296865584,0.0,0.0,0.0,0.0,0.0,0.0,0.0,0.0
2026-09-27,EP152026,52,2026-10-02 00:00:00,5 days 00:00:00,120,22.1,-165.06,1000.1,36.7,83.28127078259311,83.28127078259311,40.929850750632575,23.75407168512073,45.80298921998818,0.0,0.0,0.0,0.0,0.0,0.0,0.0,0.0
2026-09-27,EP152026,52,2026-10-02 06:00:00,5 days 06:00:00,126,22.46,-164.83,994.3,39.7,123.39979649055368,123.39979649055368,22.569340363742064,6.2193055559877575,26.112668608656094,0.0,0.0,0.0,0.0,0.0,0.0,0.0,0.0
2026-09-27,EP152026,52,2026-10-02 12:00:00,5 days 12:00:00,132,22.86,-165.26,994.8,44.3,69.29876977953101,113.2006642751293,70.75056685812373,29.940272157902324,89.22647597258671,0.0,0.0,0.0,0.0,0.0,0.0,0.0,0.0
2026-09-27,EP152026,52,2026-10-02 18:00:00,5 days 18:00:00,138,23.19,-165.47,997.1,46.5,48.68618837345184,193.57894412735368,123.12014633719082,79.30526816057227,160.75157069537818,0.0,0.0,0.0,0.0,0.0,0.0,0.0,0.0
2026-09-27,EP152026,52,2026-10-03 00:00:00,6 days 00:00:00,144,23.28,-166.01,995.4,45.6,77.46096120369077,182.78382675597163,96.15495047826504,75.66575966749895,158.2133190048912,0.0,0.0,0.0,0.0,0.0,0.0,0.0,0.0
2026-09-27,EP152026,52,2026-10-03 06:00:00,6 days 06:00:00,150,23.13,-166.84,992.0,53.6,58.32542882028088,146.12700528480332,62.09766168693562,55.357435061204285,136.80423899215248,12.012225355876764,7.19719542721721,5.98349334583169,58.32542882028088,0.0,0.0,0.0,0.0
2026-09-27,EP152026,52,2026-10-03 12:00:00,6 days 12:00:00,156,22.82,-167.83,995.3,52.7,50.93038853794125,243.0442547968571,114.7059180239756,82.64118394507634,228.90116738035087,50.93038853794125,21.18250171479459,13.465969740368166,37.21675793015374,0.0,0.0,0.0,0.0
2026-09-27,EP152026,52,2026-10-03 18:00:00,6 days 18:00:00,162,22.91,-169.4,993.1,58.6,42.39714369476548,235.0898163707763,133.88673653065194,88.82892836667034,214.18255705304648,83.4673450831582,58.24804612435693,32.48225955784284,65.77681035928745,0.0,0.0,0.0,0.0
2026-09-27,EP152026,52,2026-10-04 00:00:00,7 days 00:00:00,168,22.9,-171.33,988.6,53.8,29.986458376501737,175.80987932860276,64.38059355363643,38.11213089651304,167.69370163779456,29.986458376501737,5.808036937030259,1.908555134620408,11.45273426485815,0.0,0.0,0.0,0.0
2026-09-27,EP152026,52,2026-10-04 06:00:00,7 days 06:00:00,174,23.1,-173.25,992.9,58.9,25.475176609981816,157.34161795559373,83.06004262108297,69.78122194398708,158.5240130534903,70.7725586278961,48.22875630161093,31.806574836282124,55.15486245883619,0.0,0.0,0.0,0.0
2026-09-27,EP152026,52,2026-10-04 12:00:00,7 days 12:00:00,180,23.5,-175.44,988.8,60.4,26.697608120562226,218.5697191245288,117.84508965485507,62.20972676134855,167.11024300249994,67.98064192654937,44.63350323537928,18.80338223100048,51.70899561846403,0.0,0.0,0.0,0.0
2026-09-27,EP152026,52,2026-10-04 18:00:00,7 days 18:00:00,186,24.12,-177.74,982.1,76.0,7.266412646530995,191.0941493261085,109.23994284918469,70.76242446462787,161.01299697521551,83.78244879008594,52.456961990833165,27.91552672806233,66.60597417738478,40.49381703779609,30.238472145935475,19.81622265880165,31.23402684680399
2026-09-27,EP152026,52,2026-10-05 00:00:00,8 days 00:00:00,192,24.54,-179.96,976.7,82.3,20.71590639272109,193.5517063477673,117.57600681771294,71.80204951586461,161.89980634153926,100.7944089271984,71.36540775757081,43.08902893223059,79.51665714056153,31.97598584844708,23.64529177303079,13.153046518687033,25.04514606765293
2026-09-27,EP152026,52,2026-10-05 06:00:00,8 days 06:00:00,198,25.09,177.78,966.6,91.5,17.77613974560208,190.4934281522384,110.53776884831213,97.66819374461846,175.86162234821836,102.38442264072567,74.95235909572483,57.20737230896037,91.59817767773632,60.592399846713874,50.89874638654573,35.595859333118966,49.963667303943055
2026-09-27,EP152026,52,2026-10-05 12:00:00,8 days 12:00:00,204,25.59,176.08,958.6,97.6,8.651823526015395,169.19076208633038,141.77587818568148,115.55450070415044,156.00730689599072,79.48619130634972,67.71384569597055,56.08804093174513,68.78743230457931,61.95690030307031,54.57003426057187,39.97919668832469,50.9415655692179
2026-09-27,EP152026,52,2026-10-05 18:00:00,8 days 18:00:00,210,25.98,174.45,969.7,83.2,32.24769576937166,223.98663839746857,143.7005992171883,108.29730440121048,175.21305862927022,105.29875505626018,76.37325374694737,51.44387735967335,87.93785394295112,53.1595210802638,42.03339401041366,30.93890959129063,44.906093963676376
2026-09-27,EP152026,52,2026-10-06 00:00:00,9 days 00:00:00,216,26.23,172.63,960.7,92.7,19.02402129340473,223.7840903283327,185.253701123872,153.31252022850316,184.53978560410724,122.22640225689132,100.32956988905283,82.42359142890606,102.3977038110658,75.6728992203044,68.95975096039876,51.6843235093001,63.45771928995464
2026-09-27,EP152026,52,2026-10-06 06:00:00,9 days 06:00:00,222,26.77,171.58,967.8,83.5,25.45074129000823,236.99904308488627,172.50613844412527,116.01795205116362,200.18172876605144,96.35764496513892,71.95791583395696,49.014365648116176,80.52486402200734,53.92055343469777,43.191963145750805,32.291899907737275,44.187705866922215
2026-09-27,EP152026,52,2026-10-06 12:00:00,9 days 12:00:00,228,27.17,170.44,969.3,87.0,27.70060069992113,257.47867889878194,215.02190540482465,112.61533942019372,220.99760167894192,134.53836468667097,96.8183575619647,58.93196256667712,103.52178859273631,63.12907892940445,51.998191592105165,35.63677448044098,50.92331425828314
2026-09-27,EP152026,52,2026-10-06 18:00:00,9 days 18:00:00,234,27.38,169.43,961.6,91.3,33.06302128329274,220.8228698313156,129.15347948104588,112.65839312815773,248.0226439700936,140.09650245730808,101.35510725679428,73.25958955818935,120.68995427574106,83.14047327107903,70.80716634299773,54.31240503385944,72.49412651232082
2026-09-27,EP152026,52,2026-10-07 00:00:00,10 days 00:00:00,240,28.01,168.86,961.8,97.4,34.48091105332142,224.2414198325947,198.04558282437668,121.03539005197086,180.2983839318884,131.5766622695599,100.33709162457144,68.07800251753036,106.6791394057322,70.86058665907677,58.14933055333088,43.68403953678352,58.99235209618904
2026-09-27,EP152026,52,2026-10-07 06:00:00,10 days 06:00:00,246,28.16,168.17,966.7,86.5,35.52670009834702,211.41971734595737,179.98442728247684,152.82815010292484,197.01803686142577,127.0739622796674,96.544968509273,75.81754991410868,113.7003876774616,70.75454792773616,61.12108706491885,47.09239981052471,63.65518973532039
2026-09-27,EP152026,52,2026-10-07 12:00:00,10 days 12:00:00,252,28.29,167.27,968.2,89.0,36.24753987065702,283.30784953681746,190.43684839585316,139.19703010556233,257.7710739189004,155.82893326954434,103.53747578197672,75.9925229732945,135.67235372446257,77.53966278133971,64.70368769006923,46.95077123844335,68.71623162183343
2026-09-27,EP152026,52,2026-10-07 18:00:00,10 days 18:00:00,258,28.55,165.92,972.1,73.8,42.81909324851984,254.361322749714,185.6237547691153,171.89223512928936,213.77219504999084,116.63896022282825,91.86937210083642,73.25622731847201,97.92723921876474,50.58644309927504,39.38883042125383,30.975693516100296,41.7135956133681
2026-09-27,EP152026,52,2026-10-08 00:00:00,11 days 00:00:00,264,29.0,164.64,981.8,76.4,37.8718653369214,221.3120847355968,162.4282282551577,141.39843684519198,197.693152260143,114.0476429125344,94.96823024956495,73.58783526859638,103.96687842243732,79.29659969156788,69.13871054759832,53.6058871758485,66.8424117681189
2026-09-27,EP152026,52,2026-10-08 06:00:00,11 days 06:00:00,270,29.54,163.27,978.7,71.9,34.59758278779784,219.57263667549523,165.78296186870813,94.13838630660824,162.79078951288005,103.38289627592766,77.59704091819239,50.026015851992,83.1603937383197,64.27109455112439,52.47527290961274,39.88655148040459,50.05438588108365
2026-09-27,EP152026,52,2026-10-08 12:00:00,11 days 12:00:00,276,30.02,162.51,981.2,77.5,32.38283141157838,197.1486796077532,163.39653020096924,98.34301300175488,168.31191064643804,106.43077145424392,79.68474987264922,43.81567790612261,81.83148790788488,53.24212777174413,42.27487476699759,30.510452156266705,42.164596020449615
2026-09-27,EP152026,52,2026-10-08 18:00:00,11 days 18:00:00,282,31.05,162.1,979.7,72.6,28.46335983199412,198.6017824500485,195.0993443822013,116.55253541073992,155.71132814630317,118.96819626304172,107.97084818125984,65.63269241524824,85.85880786958812,50.0140459522733,44.31481970891383,31.231307455738857,38.33223956981692
2026-09-27,EP152026,52,2026-10-09 00:00:00,12 days 00:00:00,288,32.24,162.02,980.6,66.4,35.455220336307256,218.5406691385449,228.93147153801556,127.98869249820356,158.89376020962192,124.95940887503446,112.4823222891145,68.67274419957678,88.13533204341218,50.340649288654944,47.03482089308675,31.01271986547431,37.77359634159408
2026-09-27,EP152026,52,2026-10-09 06:00:00,12 days 06:00:00,294,33.69,162.71,986.3,63.4,57.94469509567584,188.2119256801936,219.41673413523188,120.18676286173604,76.51787415629562,77.43457555514152,90.18658032138914,50.78751011119221,44.51261697272653,0.0,0.0,0.0,0.0
2026-09-27,EP152026,52,2026-10-09 12:00:00,12 days 12:00:00,300,35.16,164.18,988.3,54.2,15.636059298017408,223.74878946323852,269.41900086901,175.4038170585078,132.2507923500091,96.3299815398776,104.66048928294484,70.11956091413154,59.41950454159919,0.0,0.0,0.0,0.0
2026-09-27,EP152026,52,2026-10-09 18:00:00,12 days 18:00:00,306,36.39,165.93,990.8,55.9,37.68210218804929,166.93191439352313,191.3554450365944,181.344572677467,117.86362032738096,104.10368526234672,126.32081301616203,94.10376553373386,71.5738577133957,0.0,0.0,0.0,0.0
2026-09-27,EP152026,52,2026-10-10 00:00:00,13 days 00:00:00,312,37.72,168.75,992.8,46.2,50.50360655858995,128.58949770652472,144.07989273102086,155.98004784784962,133.48445209801997,0.0,0.0,0.0,0.0,0.0,0.0,0.0,0.0
2026-09-27,EP152026,52,2026-10-10 06:00:00,13 days 06:00:00,318,38.49,172.44,991.4,56.3,85.210988875799,95.96282285896416,151.23443457318604,93.97570992564918,47.21727071878596,12.755362754600434,85.210988875799,23.380041427710868,3.715244769124247,0.0,0.0,0.0,0.0
2026-09-27,EP152026,52,2026-10-10 12:00:00,13 days 12:00:00,324,39.3,176.7,998.0,45.1,40.217122865008434,178.43758513011812,231.121269230238,196.1022530862847,115.83589004995054,0.0,0.0,0.0,0.0,0.0,0.0,0.0,0.0
2026-09-27,EP152026,52,2026-10-10 18:00:00,13 days 18:00:00,330,39.4,-179.35,998.6,40.0,43.83645788539553,157.21387258527457,224.2906232817419,134.5392146697896,93.61958398982084,0.0,0.0,0.0,0.0,0.0,0.0,0.0,0.0
2026-09-27,EP152026,52,2026-10-11 00:00:00,14 days 00:00:00,336,39.58,-174.76,1001.0,36.4,84.16913238380124,19.62562348973104,84.16913238380124,33.702096985633375,0.0,0.0,0.0,0.0,0.0,0.0,0.0,0.0,0.0
2026-09-27,EP152026,52,2026-10-11 06:00:00,14 days 06:00:00,342,39.43,-170.69,1006.0,32.6,79.5595770366067,0.0,0.0,0.0,0.0,0.0,0.0,0.0,0.0,0.0,0.0,0.0,0.0
2026-09-27,EP162026,52,2026-09-27 00:00:00,0 days 00:00:00,0,20.8,-123.6,975.0,76.0,28.0,167.0,167.0,148.0,185.0,93.0,74.0,74.0,93.0,65.0,46.0,37.0,56.0
2026-09-27,EP162026,52,2026-09-27 06:00:00,0 days 06:00:00,6,21.8,-123.62,989.7,61.7,21.36938671044393,143.58393836755326,117.3443592263266,105.81147820690398,137.43184826273125,72.42685948374394,54.9965074292562,38.93618113227561,61.28773634506311,0.0,0.0,0.0,0.0
2026-09-27,EP162026,52,2026-09-27 12:00:00,0 days 12:00:00,12,22.08,-123.34,991.8,57.0,16.421395957569413,149.51620157141878,107.20571823418211,69.97768208972383,108.82078276444128,16.421395957569413,9.064824499623246,1.347407523436393,8.412131303373247,0.0,0.0,0.0,0.0
2026-09-27,EP162026,52,2026-09-27 18:00:00,0 days 18:00:00,18,22.6,-123.22,998.1,41.7,79.11618120659315,88.1185805728535,77.86117252950655,50.90819519077227,75.35443559350449,0.0,0.0,0.0,0.0,0.0,0.0,0.0,0.0
2026-09-27,EP162026,52,2026-09-28 00:00:00,1 days 00:00:00,24,22.71,-123.18,998.6,44.2,88.3981525794392,109.94286333862752,102.41656020945288,70.68748901982943,77.47813787383834,0.0,0.0,0.0,0.0,0.0,0.0,0.0,0.0
2026-09-27,EP162026,52,2026-09-28 06:00:00,1 days 06:00:00,30,22.68,-122.89,999.7,31.8,58.09009139523883,0.0,0.0,0.0,0.0,0.0,0.0,0.0,0.0,0.0,0.0,0.0,0.0
2026-09-27,EP162026,52,2026-09-28 12:00:00,1 days 12:00:00,36,22.67,-122.45,1005.4,23.8,112.76014768437398,0.0,0.0,0.0,0.0,0.0,0.0,0.0,0.0,0.0,0.0,0.0,0.0
2026-09-27,EP162026,52,2026-09-28 18:00:00,1 days 18:00:00,42,22.28,-122.06,1003.8,23.8,104.53684008215868,0.0,0.0,0.0,0.0,0.0,0.0,0.0,0.0,0.0,0.0,0.0,0.0
2026-09-27,EP162026,52,2026-09-29 00:00:00,2 days 00:00:00,48,21.69,-121.81,1006.2,23.7,93.133254253046,0.0,0.0,0.0,0.0,0.0,0.0,0.0,0.0,0.0,0.0,0.0,0.0
2026-09-27,EP162026,52,2026-09-29 06:00:00,2 days 06:00:00,54,20.84,-121.79,1006.2,26.5,70.81003627214727,0.0,0.0,0.0,0.0,0.0,0.0,0.0,0.0,0.0,0.0,0.0,0.0
2026-09-27,EP162026,52,2026-09-29 12:00:00,2 days 12:00:00,60,20.93,-122.22,1006.8,13.7,116.49200158464268,0.0,0.0,0.0,0.0,0.0,0.0,0.0,0.0,0.0,0.0,0.0,0.0
2026-09-27,EP162026,52,2026-09-29 18:00:00,2 days 18:00:00,66,19.89,-121.95,1006.6,20.5,122.74686686613605,0.0,0.0,0.0,0.0,0.0,0.0,0.0,0.0,0.0,0.0,0.0,0.0
2026-09-27,EP172026,52,2026-09-27 00:00:00,0 days 00:00:00,0,19.0,-112.9,946.0,111.0,28.0,259.0,185.0,167.0,185.0,111.0,111.0,93.0,93.0,65.0,65.0,46.0,56.0
2026-09-27,EP172026,52,2026-09-27 06:00:00,0 days 06:00:00,6,20.05,-113.36,959.3,101.6,17.45158290811004,190.82242683077655,221.00837387341488,157.75155314352423,132.45392342401732,93.71545348885184,96.797253270618,65.2114075342128,72.1356860381473,60.20724144445677,54.34014433970973,40.01530992271837,47.38862600545332
2026-09-27,EP172026,52,2026-09-27 12:00:00,0 days 12:00:00,12,20.65,-113.64,939.6,126.2,10.789471749958924,212.0392254296282,193.29461314165096,125.71479499266653,167.85538594411904,89.34317818712714,74.4724681374893,52.55585323457572,74.01700135087506,53.11893602946999,44.76564189904919,31.444292142126013,44.35866703537934
2026-09-27,EP172026,52,2026-09-27 18:00:00,0 days 18:00:00,18,21.49,-113.86,954.1,112.2,19.699858533371334,116.1015918144928,156.23316949738603,98.24538289099593,82.09911748114251,71.7073467261007,75.12582064912807,47.414825684439954,53.57970328024582,59.18721305375623,53.34010145917723,38.929962702240886,46.65379364383017
2026-09-27,EP172026,52,2026-09-28 00:00:00,1 days 00:00:00,24,22.54,-113.74,951.6,112.6,33.609499542628804,170.17956218798628,188.1577407424916,128.51136519907178,135.22710776844224,108.34524163441245,102.66823288313164,73.29560515335467,81.86513275735403,68.47272323436616,64.52683662974323,48.07521075738438,56.8231359944938
2026-09-27,EP172026,52,2026-09-28 06:00:00,1 days 06:00:00,30,23.54,-113.58,952.5,100.0,13.861335115540657,168.80271497648783,249.28538763217745,192.40237118759828,123.15478364919292,102.6743853700004,112.3511060192535,83.25157376329953,72.16347796460983,54.72820663522056,53.192283738982674,40.7375430475872,42.96141815080976
2026-09-27,EP172026,52,2026-09-28 12:00:00,1 days 12:00:00,36,24.52,-113.27,958.8,97.2,50.67910736324558,180.6257175284548,201.68626014683517,165.4508120072236,123.615715257057,99.22216959946348,107.55897189807509,81.56539676669604,67.7343153045577,59.595666838833495,60.24613184502687,47.245590565251206,47.20899450025598
2026-09-27,EP172026,52,2026-09-28 18:00:00,1 days 18:00:00,42,24.93,-112.92,955.2,99.3,37.05465339024272,160.7061358517631,162.24274171001525,128.09204787649514,96.23369230600974,79.00747920338745,86.4655154697482,60.99904459407185,59.40985304296965,48.67043390648792,43.40126950361196,35.424341504590245,37.43560306108248
2026-09-27,EP172026,52,2026-09-29 00:00:00,2 days 00:00:00,48,25.88,-112.32,972.8,79.6,37.70330832026366,166.9792933137178,176.35056756864105,138.98165229669303,119.53422363239132,64.60321097323003,85.0870363844133,76.1329059136051,52.00473467016582,51.51399543924663,52.50582151789104,46.69145943134936,42.09053729634616
2026-09-27,EP172026,52,2026-09-29 06:00:00,2 days 06:00:00,54,26.3,-111.3,986.6,62.8,0.0,167.7792286243043,210.7263995418587,149.80158271213244,125.73713584926584,76.05707645112588,85.70410240041178,61.805235475720295,51.40008506444629,0.0,0.0,0.0,0.0
2026-09-27,EP172026,52,2026-09-29 12:00:00,2 days 12:00:00,60,27.75,-110.96,985.1,57.9,9.161368042958076,238.2069508209647,248.35426561182612,112.16194486445345,147.56608312749853,69.06273472897425,59.975895081757926,26.50646924621448,38.687339044710185,0.0,0.0,0.0,0.0
2026-09-27,EP902026,52,2026-09-27 00:00:00,0 days 00:00:00,0,12.0,-98.6,1008.0,25.0,111.0,0.0,0.0,0.0,0.0,0.0,0.0,0.0,0.0,0.0,0.0,0.0,0.0
2026-09-27,EP902026,52,2026-09-27 06:00:00,0 days 06:00:00,6,12.08,-98.57,1004.1,27.9,133.853112970638,0.0,0.0,0.0,0.0,0.0,0.0,0.0,0.0,0.0,0.0,0.0,0.0
2026-09-27,EP902026,52,2026-09-27 12:00:00,0 days 12:00:00,12,11.88,-98.84,1004.3,28.6,150.59856536943016,0.0,0.0,0.0,0.0,0.0,0.0,0.0,0.0,0.0,0.0,0.0,0.0
2026-09-27,EP902026,52,2026-09-27 18:00:00,0 days 18:00:00,18,12.06,-99.04,1005.1,34.1,149.42473108659732,62.3997664145469,149.42473108659732,62.24869589756027,54.79235527595327,0.0,0.0,0.0,0.0,0.0,0.0,0.0,0.0
2026-09-27,EP902026,52,2026-09-28 00:00:00,1 days 00:00:00,24,12.62,-99.28,1002.5,39.5,134.35710986416566,134.35710986416566,107.87371602085244,67.63657114949655,86.87994985256181,0.0,0.0,0.0,0.0,0.0,0.0,0.0,0.0
2026-09-27,EP902026,52,2026-09-28 06:00:00,1 days 06:00:00,30,12.81,-99.44,1001.6,38.8,94.07558580090998,154.77309092903815,166.72116293892714,118.6768953615082,121.58430955425791,0.0,0.0,0.0,0.0,0.0,0.0,0.0,0.0
2026-09-27,EP902026,52,2026-09-28 12:00:00,1 days 12:00:00,36,13.28,-100.44,1001.0,42.9,145.99098335578054,492.232773639109,441.2810939596416,343.77703579903954,423.567461200932,0.0,0.0,0.0,0.0,0.0,0.0,0.0,0.0
2026-09-27,EP902026,52,2026-09-28 18:00:00,1 days 18:00:00,42,13.6,-101.84,992.9,54.2,93.21838437684028,180.5362385700154,181.58973687914752,110.56041240079314,138.9603975645097,93.21838437684028,15.302352119954282,2.9580676985227914,7.563514000230827,0.0,0.0,0.0,0.0
2026-09-27,EP902026,52,2026-09-29 00:00:00,2 days 00:00:00,48,14.2,-102.64,999.8,47.7,59.60271660712442,238.2598327561564,205.89967204472805,133.3077808871842,202.8538113151544,0.0,0.0,0.0,0.0,0.0,0.0,0.0,0.0
2026-09-27,EP902026,52,2026-09-29 06:00:00,2 days 06:00:00,54,14.81,-103.66,993.9,54.3,75.66091088161716,260.487415479799,239.7432190368095,194.70426939316707,234.4278019237732,75.77814202881373,61.40934111289418,45.81553123914199,59.06802028818607,0.0,0.0,0.0,0.0
2026-09-27,EP902026,52,2026-09-29 12:00:00,2 days 12:00:00,60,15.19,-105.09,991.2,58.0,72.57409019066542,97.20664789542596,121.5058959419422,65.43103687407634,70.64477111691703,72.57409019066542,21.393093201225856,10.210736190726028,10.033986209899252,0.0,0.0,0.0,0.0
2026-09-27,EP902026,52,2026-09-29 18:00:00,2 days 18:00:00,66,15.88,-106.37,989.1,61.2,41.65222773349025,216.43423363145632,182.1536549460612,117.33355504063948,165.64593677211644,110.05094322388574,89.29109637435624,54.877605805133605,81.71594618409328,0.0,0.0,0.0,0.0
2026-09-27,EP902026,52,2026-09-30 00:00:00,3 days 00:00:00,72,16.39,-107.31,981.4,77.4,35.27911851385686,189.1203898501407,197.3793100198389,132.5798690679878,159.65553950601634,98.19492054384943,84.18166922810869,58.08639220643212,79.70284059606874,50.60014178890683,40.96602134813847,30.937581017621675,40.27252527162853
2026-09-27,EP902026,52,2026-09-30 06:00:00,3 days 06:00:00,78,17.27,-108.02,981.6,71.3,28.83568754327001,183.3694289328881,182.8271584654992,130.905363234388,132.38718553041144,83.39620269153457,77.67633329288562,53.84282785682228,66.82766433702147,46.605858604198254,40.86098374315478,32.61007667661973,37.51740752448913
2026-09-27,EP902026,52,2026-09-30 12:00:00,3 days 12:00:00,84,17.86,-108.38,971.7,86.8,28.05041670560675,282.8855558573189,279.3756539654162,241.6021618851865,257.00083897446774,140.88701886720943,133.02186648002123,105.85891430831803,120.83786974249529,80.74479385769112,75.60908280797744,59.55607060667069,66.54993567531713
2026-09-27,EP902026,52,2026-09-30 18:00:00,3 days 18:00:00,90,18.54,-108.95,973.9,83.2,29.868121183970597,196.53289322594372,200.62156176317416,107.74818480903076,141.1074489355306,68.79834612738453,56.92205391787499,27.995696718735157,44.87931753235192,34.993723939088994,26.86690398966453,16.872378708993836,24.938362943072114
2026-09-27,EP902026,52,2026-10-01 00:00:00,4 days 00:00:00,96,19.25,-109.34,970.3,82.6,52.85285192129882,196.33745146569856,248.0904119810338,140.9624508625879,116.6379308807462,106.62812241644326,102.04598061551089,57.360359593375065,71.05139298120443,52.85285192129882,37.19899694382369,25.436530430833184,33.239973640719505
2026-09-27,EP902026,52,2026-10-01 06:00:00,4 days 06:00:00,102,19.68,-109.93,970.5,81.4,28.50148526312324,145.96777588923408,176.4358153572437,136.9724647661664,107.83895350988976,70.93883466506446,65.68336362801773,44.78989916117363,50.9516290628208,29.21614527494482,23.73325433412185,16.78259340943098,21.564569372262696
2026-09-27,EP902026,52,2026-10-01 12:00:00,4 days 12:00:00,108,19.53,-110.03,983.7,70.6,41.82419213066599,137.51472795230006,142.40867327343094,155.1107217791251,139.9299181383729,93.39490292747574,92.99530037005098,82.11819885498153,86.05110663204395,54.446253760349,49.43063650291616,42.61357611442072,45.62803323021489
2026-09-27,EP902026,52,2026-10-01 18:00:00,4 days 18:00:00,114,19.73,-109.89,981.8,66.0,49.78305925691824,164.06748804440696,184.07943573474216,151.61964360550743,148.72568009892893,88.93427408108354,89.37145396168843,67.46345135443615,70.6394329959167,22.51756039366076,49.78305925691824,17.73243728965589,18.692408924824445
2026-09-27,EP902026,52,2026-10-02 00:00:00,5 days 00:00:00,120,19.98,-109.82,987.3,51.5,54.24837694366143,147.5496301819981,177.31318075730053,175.77503702453845,135.53763440933716,97.3298513435576,98.43879799800126,78.6150720780588,72.13210428153587,0.0,0.0,0.0,0.0
2026-09-27,EP902026,52,2026-10-02 06:00:00,5 days 06:00:00,126,20.15,-109.94,983.2,65.3,34.0887514061994,136.6860629423793,183.1508081246075,130.7387314924062,104.8279985410352,68.97758323073222,78.49611260503079,58.93853882001572,54.79109803518429,37.81347585696676,35.54971933857755,29.909857961271754,30.05614001077943
2026-09-27,EP902026,52,2026-10-02 12:00:00,5 days 12:00:00,132,20.51,-109.97,987.9,56.0,30.120655504174607,114.13349935042837,129.35145936079536,98.05640010239392,92.81795865252376,74.9871553878908,70.48997317569385,46.366704571047656,54.55317520613956,0.0,0.0,0.0,0.0
2026-09-27,EP902026,52,2026-10-02 18:00:00,5 days 18:00:00,138,20.61,-109.96,988.0,56.5,42.91625369940938,149.86781175621104,166.0172535087044,128.48511780281484,134.76506344395705,94.6288318112842,89.46882809202643,59.84372871437458,69.1684050965554,0.0,0.0,0.0,0.0
2026-09-27,EP902026,52,2026-10-03 00:00:00,6 days 00:00:00,144,20.84,-109.75,986.4,58.9,34.59159755908277,126.60625481254765,143.85465724834856,124.92169760987338,100.37251040188202,73.81327569731769,74.53037987552777,54.76990755568925,56.53231122269962,0.0,0.0,0.0,0.0
2026-09-27,EP902026,52,2026-10-03 06:00:00,6 days 06:00:00,150,21.04,-109.64,978.5,66.3,54.82942500683335,158.81650856214145,181.8767127461821,113.73417260859328,112.8562996043923,64.66807168227105,58.83821194673786,37.27199259400864,39.15676783178191,54.82942500683335,1.4152231028483229,0.0,0.1160952938339272
2026-09-27,EP902026,52,2026-10-03 12:00:00,6 days 12:00:00,156,21.17,-109.7,980.1,65.0,23.67114861831272,153.65623034849082,105.02217211778108,100.5441706499626,123.46931999698523,64.85541184710277,53.48194144494452,40.0434675652706,58.97093074128354,23.67114861831272,18.89971180337641,14.264064586223672,18.16955219553376
2026-09-27,EP902026,52,2026-10-03 18:00:00,6 days 18:00:00,162,21.34,-109.78,978.3,69.1,35.10798086811771,132.1918949204274,131.8065009158697,145.40542084229827,126.5276853877544,86.71124009500953,88.962679867123,73.00886656619785,79.1638233546218,46.11143160417538,43.22321985227029,36.97712196110525,36.87457942242362
2026-09-27,EP902026,52,2026-10-04 00:00:00,7 days 00:00:00,168,21.42,-110.02,976.7,65.6,63.735470081409176,188.8660884789067,189.55784815366064,142.34791936522242,152.99634819733615,94.82505741503428,86.93809735229115,62.20136080724461,76.00829046532908,63.735470081409176,15.717407496655582,9.769977436170592,15.976274606310568
2026-09-27,EP902026,52,2026-10-04 06:00:00,7 days 06:00:00,174,21.72,-110.36,984.5,57.7,58.61777491238704,209.07709156316295,178.78241223887034,117.10363051997857,171.95068066437233,75.91979863955444,60.55843126779862,36.93943408004162,52.74199076627704,0.0,0.0,0.0,0.0
2026-09-27,EP902026,52,2026-10-04 12:00:00,7 days 12:00:00,180,22.11,-110.77,984.1,65.8,30.67783456292684,144.2456711234418,154.6325556305991,114.9705926608847,129.30987863001036,79.91282438760388,69.0117676835692,42.44277722945132,58.27305330432399,30.67783456292684,5.064973393960919,1.8468510044811075,5.749453626109265
2026-09-27,EP902026,52,2026-10-04 18:00:00,7 days 18:00:00,186,22.77,-111.18,981.6,65.9,46.52445860520186,230.1092490209409,209.5361293180549,155.2985229207575,159.18180131980554,116.69239231567124,116.92259588313888,79.85937025642599,94.32603687101928,53.555827879154165,46.18576097012712,35.98503927209779,42.08264507989195
2026-09-27,EP902026,52,2026-10-05 00:00:00,8 days 00:00:00,192,23.35,-111.78,977.6,67.3,39.84553956536718,224.93115555863957,163.91119004824426,123.11618848781468,188.5625318204403,112.25818494219538,86.02123827730739,52.04560223209229,91.38475633153143,39.84553956536718,27.012513655030872,17.003772161199198,29.752734231579677
2026-09-27,EP902026,52,2026-10-05 06:00:00,8 days 06:00:00,198,23.74,-112.41,985.4,63.8,37.18866175709718,221.7333948649593,152.18098948686384,116.13538147858073,195.08920862635387,99.15347167623986,80.66042054510763,58.16597294150097,86.02572782424159,0.0,0.0,0.0,0.0
2026-09-27,EP902026,52,2026-10-05 12:00:00,8 days 12:00:00,204,24.43,-112.92,982.9,58.9,61.77984656907461,226.32413863327565,138.77542769759611,79.39433428851339,187.7220874030345,61.77984656907461,27.6195367597536,14.70671158223152,29.4167651781122,0.0,0.0,0.0,0.0
2026-09-27,EP902026,52,2026-10-05 18:00:00,8 days 18:00:00,210,24.86,-113.37,988.5,52.4,33.68731535097922,176.5848011047876,133.99518905939664,61.530231536982015,121.51499675569292,97.10388322864418,71.71040527840515,38.97096368761608,72.82449598804682,0.0,0.0,0.0,0.0
2026-09-27,EP902026,52,2026-10-06 00:00:00,9 days 00:00:00,216,25.41,-113.84,991.1,51.6,44.12676374195087,206.8248810884284,141.0233344187435,98.15746529575512,175.16348776586537,54.36580446649355,41.14059156167636,25.802161531458463,38.73159246835632,0.0,0.0,0.0,0.0
2026-09-27,EP902026,52,2026-10-06 06:00:00,9 days 06:00:00,222,26.09,-114.31,991.1,51.0,65.4327783394367,163.02602194015344,90.01325315727999,39.00321462095778,133.25449024479963,65.4327783394367,4.847058106244646,2.2552686128221566,15.328139735671083,0.0,0.0,0.0,0.0
2026-09-27,EP902026,52,2026-10-06 12:00:00,9 days 12:00:00,228,26.43,-114.67,992.8,46.5,38.96389580729624,185.13665860323115,151.88306183059618,125.67613125157526,166.12243124708317,0.0,0.0,0.0,0.0,0.0,0.0,0.0,0.0
2026-09-27,EP902026,52,2026-10-06 18:00:00,9 days 18:00:00,234,26.69,-115.42,995.3,39.9,47.69910068300301,126.85788226564507,63.40775929678432,64.65794724598477,119.1409863456536,0.0,0.0,0.0,0.0,0.0,0.0,0.0,0.0
2026-09-27,EP902026,52,2026-10-07 00:00:00,10 days 00:00:00,240,26.62,-116.26,999.6,39.3,51.99852983255404,64.82036880701118,26.20131987434713,28.51147540838884,78.98793516067052,0.0,0.0,0.0,0.0,0.0,0.0,0.0,0.0
2026-09-27,EP902026,52,2026-10-07 06:00:00,10 days 06:00:00,246,26.42,-117.0,1001.0,36.3,51.298762728247645,72.30112618418784,33.4162080795331,23.219179964197835,65.86985344551297,0.0,0.0,0.0,0.0,0.0,0.0,0.0,0.0
2026-09-27,EP902026,52,2026-10-07 12:00:00,10 days 12:00:00,252,26.63,-117.83,1004.5,30.9,60.495942017267,0.0,0.0,0.0,0.0,0.0,0.0,0.0,0.0,0.0,0.0,0.0,0.0
2026-09-27,EP902026,52,2026-10-07 18:00:00,10 days 18:00:00,258,26.73,-118.78,1007.7,24.5,83.36289521301774,0.0,0.0,0.0,0.0,0.0,0.0,0.0,0.0,0.0,0.0,0.0,0.0
2026-09-27,EP902026,52,2026-10-08 00:00:00,11 days 00:00:00,264,26.78,-119.46,1007.0,22.9,52.266709020802125,0.0,0.0,0.0,0.0,0.0,0.0,0.0,0.0,0.0,0.0,0.0,0.0
2026-09-27,EP902026,52,2026-10-08 06:00:00,11 days 06:00:00,270,26.77,-120.12,1008.6,21.5,83.65779672685221,0.0,0.0,0.0,0.0,0.0,0.0,0.0,0.0,0.0,0.0,0.0,0.0
2026-09-27,EP902026,52,2026-10-08 12:00:00,11 days 12:00:00,276,27.07,-121.17,1010.3,20.1,106.05939831784973,0.0,0.0,0.0,0.0,0.0,0.0,0.0,0.0,0.0,0.0,0.0,0.0
2026-09-27,EP902026,52,2026-10-08 18:00:00,11 days 18:00:00,282,27.44,-120.92,1006.9,19.0,93.34078514228104,0.0,0.0,0.0,0.0,0.0,0.0,0.0,0.0,0.0,0.0,0.0,0.0
2026-09-27,EP902026,52,2026-10-09 00:00:00,12 days 00:00:00,288,27.61,-121.07,1008.4,13.6,165.03999850973673,0.0,0.0,0.0,0.0,0.0,0.0,0.0,0.0,0.0,0.0,0.0,0.0
2026-09-27,EP902026,52,2026-10-09 06:00:00,12 days 06:00:00,294,28.69,-121.28,1009.0,13.3,61.52619610802586,0.0,0.0,0.0,0.0,0.0,0.0,0.0,0.0,0.0,0.0,0.0,0.0
2026-09-27,WP252026,52,2026-09-27 00:00:00,0 days 00:00:00,0,24.6,127.6,964.0,89.0,22.0,102.0,121.0,102.0,93.0,,,,,,,,
2026-09-27,WP252026,52,2026-09-27 06:00:00,0 days 06:00:00,6,25.29,128.1,955.0,96.9,40.06734824276457,137.85035809582467,141.4155225121974,89.8736872913083,80.10007788210328,78.83197113502236,79.72345534434771,46.66084639333876,52.96065591420985,40.06734824276457,34.275681315912664,23.9998686110832,26.521516169331804
2026-09-27,WP252026,52,2026-09-27 12:00:00,0 days 12:00:00,12,25.89,128.91,956.6,104.6,35.199252953213545,121.96122580559496,155.91201181524593,134.50073889279884,62.937317862011696,71.241266715027,93.7199941544086,72.72114266567314,48.27437974546956,47.0070533020621,48.86337089041263,41.78852993822784,35.78728750260416
2026-09-27,WP252026,52,2026-09-27 18:00:00,0 days 18:00:00,18,26.5,129.8,962.5,94.7,32.499222617600545,142.38843892939235,128.63237622884355,113.3535885705858,100.61932666332908,72.33378342126751,89.4214006492922,68.18654273246943,51.47238933595669,56.28977275538712,58.66443620748223,52.12143553061084,44.31004045860544
2026-09-27,WP252026,52,2026-09-28 00:00:00,1 days 00:00:00,24,26.8,130.35,972.8,81.4,44.73051975985754,129.71346295795388,142.74165095012904,129.8258569972495,109.76562925852228,75.64994011356794,89.18685319949964,66.45865614774675,59.58931007750243,39.3811560247658,44.73051975985754,33.96812660466833,30.31278226418993
2026-09-27,WP252026,52,2026-09-28 06:00:00,1 days 06:00:00,30,27.03,131.06,984.5,67.0,44.653893875217605,111.00158183420744,155.37996886421607,98.45779006486114,67.62975480060184,67.78536754271951,68.17107254977248,54.98946475890703,46.33186815917605,12.173848565796186,44.653893875217605,10.568576485409388,8.682794009786928
2026-09-27,WP252026,52,2026-09-28 12:00:00,1 days 12:00:00,36,27.53,132.01,985.2,61.3,26.641949807726892,145.1056212609804,137.59063717710077,112.88152263807828,133.1094175767424,76.97589310292346,73.6264383164576,57.21782199946533,59.424436974200034,0.0,0.0,0.0,0.0
2026-09-27,WP252026,52,2026-09-28 18:00:00,1 days 18:00:00,42,27.87,132.4,996.9,40.7,58.46959303280149,96.12076679192243,115.8486369960385,103.27563763089816,90.05223913332748,0.0,0.0,0.0,0.0,0.0,0.0,0.0,0.0
2026-09-27,WP252026,52,2026-09-29 00:00:00,2 days 00:00:00,48,28.37,133.12,994.2,42.9,37.54951751037815,133.6665144252941,150.47782077051156,119.37989964698534,117.8018934671947,0.0,0.0,0.0,0.0,0.0,0.0,0.0,0.0
2026-09-27,WP252026,52,2026-09-29 06:00:00,2 days 06:00:00,54,28.7,134.24,996.5,41.0,36.86081042608018,75.86367719875716,110.46984347892828,69.54746808512044,64.61345130972757,0.0,0.0,0.0,0.0,0.0,0.0,0.0,0.0
2026-09-27,WP252026,52,2026-09-29 12:00:00,2 days 12:00:00,60,29.41,135.26,995.7,45.1,62.56252181243492,44.26818526320399,71.46563665322307,42.90340366710117,31.614417411429105,0.0,0.0,0.0,0.0,0.0,0.0,0.0,0.0
2026-09-27,WP252026,52,2026-09-29 18:00:00,2 days 18:00:00,66,29.84,136.28,995.1,42.5,45.32353049606894,100.39115978112736,128.61561347756452,96.88024065283916,76.8773280717595,0.0,0.0,0.0,0.0,0.0,0.0,0.0,0.0
2026-09-27,WP252026,52,2026-09-30 00:00:00,3 days 00:00:00,72,30.52,137.31,999.9,27.1,42.65167000595324,0.0,0.0,0.0,0.0,0.0,0.0,0.0,0.0,0.0,0.0,0.0,0.0
2026-09-27,WP252026,52,2026-09-30 06:00:00,3 days 06:00:00,78,31.23,138.35,996.6,31.8,64.18998353378163,0.0,0.0,0.0,0.0,0.0,0.0,0.0,0.0,0.0,0.0,0.0,0.0
2026-09-27,WP252026,52,2026-09-30 12:00:00,3 days 12:00:00,84,31.83,139.12,1000.0,34.2,164.84275603719925,164.84275603719925,0.0,0.0,0.0,0.0,0.0,0.0,0.0,0.0,0.0,0.0,0.0
2026-09-27,WP252026,52,2026-09-30 18:00:00,3 days 18:00:00,90,32.42,139.94,997.8,26.4,76.08729440008423,0.0,0.0,0.0,0.0,0.0,0.0,0.0,0.0,0.0,0.0,0.0,0.0
2026-09-27,WP252026,52,2026-10-01 00:00:00,4 days 00:00:00,96,33.05,140.83,1001.5,29.5,98.65775199432602,0.0,0.0,0.0,0.0,0.0,0.0,0.0,0.0,0.0,0.0,0.0,0.0
2026-09-27,WP252026,52,2026-10-01 06:00:00,4 days 06:00:00,102,34.45,141.88,1001.0,29.2,57.55877037466473,0.0,0.0,0.0,0.0,0.0,0.0,0.0,0.0,0.0,0.0,0.0,0.0
2026-09-27,WP252026,52,2026-10-01 12:00:00,4 days 12:00:00,108,35.88,144.72,995.8,29.5,68.82333663394346,0.0,0.0,0.0,0.0,0.0,0.0,0.0,0.0,0.0,0.0,0.0,0.0
2026-09-27,AL062026,53,2026-09-27 00:00:00,0 days 00:00:00,0,29.8,-43.9,1010.0,29.0,56.0,0.0,0.0,0.0,0.0,0.0,0.0,0.0,0.0,0.0,0.0,0.0,0.0
2026-09-27,AL062026,53,2026-09-27 06:00:00,0 days 06:00:00,6,29.67,-44.34,1009.5,28.8,43.0939594327308,0.0,0.0,0.0,0.0,0.0,0.0,0.0,0.0,0.0,0.0,0.0,0.0
2026-09-27,AL062026,53,2026-09-27 12:00:00,0 days 12:00:00,12,29.56,-43.9,1009.8,31.2,103.28091096717372,0.0,0.0,0.0,0.0,0.0,0.0,0.0,0.0,0.0,0.0,0.0,0.0
2026-09-27,AL062026,53,2026-09-27 18:00:00,0 days 18:00:00,18,28.84,-44.16,1008.9,25.8,99.36896943533156,0.0,0.0,0.0,0.0,0.0,0.0,0.0,0.0,0.0,0.0,0.0,0.0
2026-09-27,AL062026,53,2026-09-28 00:00:00,1 days 00:00:00,24,28.43,-43.72,1009.3,22.9,83.76326237217455,0.0,0.0,0.0,0.0,0.0,0.0,0.0,0.0,0.0,0.0,0.0,0.0
2026-09-27,EP152026,53,2026-09-27 00:00:00,0 days 00:00:00,0,16.7,-156.1,972.0,80.0,37.0,241.0,185.0,185.0,241.0,93.0,74.0,93.0,111.0,56.0,46.0,56.0,56.0
2026-09-27,EP152026,53,2026-09-27 06:00:00,0 days 06:00:00,6,16.61,-156.86,965.9,94.6,29.133470295663912,203.6085640645321,168.36940294557303,178.59527111537614,225.04556023654757,112.9352105513168,84.98936607030839,86.47266664468154,119.90854742110916,69.00304407776753,56.72033716564738,50.454688504387605,62.754479124421295
2026-09-27,EP152026,53,2026-09-27 12:00:00,0 days 12:00:00,12,16.36,-157.7,964.5,93.1,16.4981368536115,202.65710087838116,159.69473334326142,137.42433204234322,193.41021404614867,101.27023773367556,81.9729964359509,73.94193757248891,90.52841806718664,58.84917250052794,46.80481448826475,38.298645940735526,50.4018599031175
2026-09-27,EP152026,53,2026-09-27 18:00:00,0 days 18:00:00,18,16.15,-158.7,950.9,111.0,13.235844005781018,196.9959048161072,134.36516108047,117.95414610435,207.51642701935637,107.900874265295,79.6852978658635,73.75028950528122,108.80986751514683,70.49590821805396,56.47703409968926,44.62407265492311,63.49458421507279
2026-09-27,EP152026,53,2026-09-28 00:00:00,1 days 00:00:00,24,16.02,-159.63,940.0,117.1,19.430508482645337,152.76170977343796,126.23393393950931,123.02700436693328,184.68787142147377,105.52477668550524,81.7777863793932,81.84102731280171,96.88294086713908,63.89528908198642,54.239634948865934,47.037285034381554,58.601992314630174
2026-09-27,EP152026,53,2026-09-28 06:00:00,1 days 06:00:00,30,16.42,-160.74,940.3,122.7,10.747490886784448,208.7196400819145,158.4858283011862,126.59523000371324,197.6468452392346,110.10126229608647,75.8836901513634,66.8822683928023,102.72171897576244,76.22848984709549,60.63797025777495,49.036150771786,68.008504041278
2026-09-27,EP152026,53,2026-09-28 12:00:00,1 days 12:00:00,36,16.57,-161.72,939.0,121.7,17.84251876546175,155.89973728197788,141.55369293877823,118.26272005575794,154.62950151345768,85.5273899865663,68.31077923839388,62.36282091063774,80.09822850989003,46.21036356607258,36.11026134910867,28.471920474186312,40.48005829873122
2026-09-27,EP152026,53,2026-09-28 18:00:00,1 days 18:00:00,42,17.3,-162.47,938.6,133.3,13.748919900662642,217.42474411159125,184.4179450594795,150.13388154018605,161.73452126452312,99.25769257134016,90.04672738539432,70.9642048332586,87.01339178973163,69.36375405158775,58.52705794135706,44.438524456435125,57.31925932514936
2026-09-27,EP152026,53,2026-09-29 00:00:00,2 days 00:00:00,48,18.29,-163.18,946.2,113.4,21.05438720647274,233.56926670912677,208.76150893776617,134.8338669667553,207.42997474746156,140.4897073231666,122.3044443150086,94.73319189640722,125.08060468796538,65.77580872092574,55.29632621869021,42.34634927651595,56.20114477661701
2026-09-27,EP152026,53,2026-09-29 06:00:00,2 days 06:00:00,54,19.14,-163.59,952.2,105.4,14.955028751844864,212.89612705979332,199.5683019380685,151.71620286084936,185.6220846146946,127.71329425645308,117.75306099445118,87.609523110411,109.31984731472602,64.24918805529366,55.85905320830865,43.61721470238439,55.09614784564744
2026-09-27,EP152026,53,2026-09-29 12:00:00,2 days 12:00:00,60,20.09,-163.79,973.3,83.9,42.86439633772579,226.57334607376748,208.1278435545422,145.73140669793668,175.83298931432455,114.50423520981047,113.52212644471771,85.56781705013731,101.0220606010023,65.18581747352772,58.96926686755872,47.495029221277065,53.98106694007748
2026-09-27,EP152026,53,2026-09-29 18:00:00,2 days 18:00:00,66,21.07,-163.82,970.5,82.0,18.70969380095618,204.09322407792848,211.7221914642601,142.13086619681687,135.94548493039983,93.6740469187801,86.43211976205761,63.962784522333926,78.36243141941051,46.37766853730641,40.18779896022283,31.40201996978201,39.74376761912609
2026-09-27,EP152026,53,2026-09-30 00:00:00,3 days 00:00:00,72,21.81,-164.01,973.4,78.0,37.69921730468663,168.1983431046263,139.10821506815864,103.3695950054825,148.85658762075323,72.85221773603533,66.86249485376058,55.05642742941493,75.44611053380098,51.80283627260848,46.47454711826849,37.53858231097324,42.31364803363696
2026-09-27,EP152026,53,2026-09-30 06:00:00,3 days 06:00:00,78,22.21,-164.04,982.5,67.1,72.64896393366287,176.98709747999538,99.41099570219752,116.63319833302674,202.78477878108856,94.13230637623772,77.65342847320605,74.32778319004302,100.07017575930486,72.64896393366287,54.63804797523433,49.6937146497152,54.89602794508262
2026-09-27,EP152026,53,2026-09-30 12:00:00,3 days 12:00:00,84,22.08,-164.17,979.1,75.7,38.84192456777737,188.08468870337856,143.7412089026393,161.34591689500667,188.0919684447508,90.68997633788696,86.42020647787831,77.59693787017068,85.02941502553858,50.75432070102511,45.26017266006238,37.1100795500281,39.95206181939193
2026-09-27,EP152026,53,2026-09-30 18:00:00,3 days 18:00:00,90,21.65,-164.18,993.5,54.0,60.08806852010282,207.5888242269221,145.9314201363539,166.2234628694681,229.9277630696219,60.08806852010282,47.465857596317406,45.4682533478691,53.99247727848909,0.0,0.0,0.0,0.0
2026-09-27,EP152026,53,2026-10-01 00:00:00,4 days 00:00:00,96,21.46,-164.3,997.8,45.7,64.11698673812113,186.6530898095923,142.02744654693345,131.30755815423868,193.3523892934545,0.0,0.0,0.0,0.0,0.0,0.0,0.0,0.0
2026-09-27,EP152026,53,2026-10-01 06:00:00,4 days 06:00:00,102,21.71,-164.7,997.4,48.7,105.12621426349034,257.9325998126217,151.33615503769033,83.33378446756461,212.85951085395843,0.0,0.0,0.0,0.0,0.0,0.0,0.0,0.0
2026-09-27,EP152026,53,2026-10-01 12:00:00,4 days 12:00:00,108,21.65,-165.61,997.7,43.7,116.90236336525484,247.93162497205617,196.24838412366472,161.9199351892844,227.40785000321773,0.0,0.0,0.0,0.0,0.0,0.0,0.0,0.0
2026-09-27,EP152026,53,2026-10-01 18:00:00,4 days 18:00:00,114,21.48,-166.24,994.3,42.8,55.6842421312762,229.51073577882173,155.4525889270456,134.00280802615376,226.55528453284373,0.0,0.0,0.0,0.0,0.0,0.0,0.0,0.0
2026-09-27,EP152026,53,2026-10-02 00:00:00,5 days 00:00:00,120,21.44,-166.74,999.3,45.6,70.03948858578343,172.1488423909365,125.2776935650731,87.70611461843646,152.64444951042708,0.0,0.0,0.0,0.0,0.0,0.0,0.0,0.0
2026-09-27,EP152026,53,2026-10-02 06:00:00,5 days 06:00:00,126,21.47,-167.05,992.9,43.4,120.56149479369424,253.070643336883,225.8938036372108,197.70685729909476,224.2175265935525,0.0,0.0,0.0,0.0,0.0,0.0,0.0,0.0
2026-09-27,EP152026,53,2026-10-02 12:00:00,5 days 12:00:00,132,21.64,-167.62,992.3,45.4,137.83788930307122,173.83009161090018,113.75994553438652,74.39530599043765,142.88356229664282,0.0,0.0,0.0,0.0,0.0,0.0,0.0,0.0
2026-09-27,EP152026,53,2026-10-02 18:00:00,5 days 18:00:00,138,21.43,-168.13,993.7,50.5,68.88225647509842,155.63614390188195,97.13019264040793,79.81851029115171,152.68220586876998,68.88225647509842,12.858529110985655,7.701557456910642,16.28026911459048,0.0,0.0,0.0,0.0
2026-09-27,EP152026,53,2026-10-03 00:00:00,6 days 00:00:00,144,21.26,-168.98,993.8,49.1,58.291654039047415,181.04730716737592,131.19052629581074,100.92359326370952,185.2218772716577,0.0,0.0,0.0,0.0,0.0,0.0,0.0,0.0
2026-09-27,EP152026,53,2026-10-03 06:00:00,6 days 06:00:00,150,21.0,-169.75,995.2,46.5,80.96704044770169,325.58796906347527,244.4083489628934,231.05162817445296,303.4103281530107,0.0,0.0,0.0,0.0,0.0,0.0,0.0,0.0
2026-09-27,EP152026,53,2026-10-03 12:00:00,6 days 12:00:00,156,20.73,-170.99,995.3,51.1,49.393082485554416,253.08653134472056,154.0095818490344,124.27360439867378,237.6350068873845,49.393082485554416,11.779801115606723,7.411157861386384,16.474211772083137,0.0,0.0,0.0,0.0
2026-09-27,EP152026,53,2026-10-03 18:00:00,6 days 18:00:00,162,20.87,-172.51,986.5,70.2,74.90629972724489,220.77368266725847,126.67784626970035,127.38498152847816,220.1107709325349,80.30664293404372,57.41696108892761,37.9910189311816,74.90629972724489,0.0,0.0,0.0,74.90629972724489
2026-09-27,EP152026,53,2026-10-04 00:00:00,7 days 00:00:00,168,21.13,-174.4,975.6,80.5,37.27974254508042,268.90932243492625,152.70832212726157,119.79292387853587,219.79467587942088,117.28827740308228,93.14591732980738,67.36229379136859,103.08893487710486,54.35574540063374,43.26772500000326,31.28199911132662,45.07204346088938
2026-09-27,EP152026,53,2026-10-04 06:00:00,7 days 06:00:00,174,21.35,-176.4,972.9,87.1,26.28186852627488,235.0939266764556,166.105409451255,124.01581828352028,222.3387624294705,109.29437397521622,78.07890428910247,61.96966620949539,99.98739929190408,62.4722544258878,52.73575775368733,41.5464514590912,55.53510471810017
2026-09-27,EP152026,53,2026-10-04 12:00:00,7 days 12:00:00,180,21.71,-178.14,968.2,84.7,25.328919127379823,226.95665097908872,131.31879974113969,95.07842054695696,212.22953187934888,105.91711993505476,75.15872239135894,52.1901970386408,91.89887215328912,67.85844001475546,55.06855959231719,42.74858643627666,57.35250206137589
2026-09-27,EP152026,53,2026-10-04 18:00:00,7 days 18:00:00,186,22.29,-179.97,969.4,90.0,28.855941971202952,216.9231209344173,130.95621001066655,111.9154003619306,215.89528869540567,97.8487245333786,73.14834973106747,66.85751700342323,97.61220830939769,77.44576630252357,65.6099187849138,53.94932368381421,67.01625515609419
2026-09-27,EP152026,53,2026-10-05 00:00:00,8 days 00:00:00,192,22.59,178.63,961.8,88.2,44.86827770765831,270.6561832178031,168.77627408439233,158.16306937944574,261.9495491643189,130.64741376545032,100.77243485502282,75.20426155523798,120.54423584139845,69.58319307367515,54.045777555088335,39.90300879870515,58.137081685918005
2026-09-27,EP152026,53,2026-10-05 06:00:00,8 days 06:00:00,198,23.31,176.77,972.4,85.1,49.34578365401586,295.9695857455156,171.89398827379907,147.3758538893156,298.6511201436473,139.31229415697422,105.09092483511051,77.37131528935592,128.60272291239045,98.14157655578956,84.39453740554889,66.48162915329414,85.43348247044042
2026-09-27,EP152026,53,2026-10-05 12:00:00,8 days 12:00:00,204,23.9,175.25,963.5,89.7,16.1233508813891,289.3851691933732,195.771099727761,130.16554483058843,251.23483702255908,151.06969066639158,110.89659266583168,78.09851533789534,130.5946935912329,84.12507151394934,67.37835827701615,52.38309914084834,72.25970633350589
2026-09-27,EP152026,53,2026-10-05 18:00:00,8 days 18:00:00,210,24.27,173.52,956.5,101.8,17.572066916426945,269.29901073515623,204.1862832039244,169.5829272105689,235.0766962898409,133.28835276317068,105.23335126276484,80.21275975926838,112.54551614480448,64.36457490732244,54.5577597379162,40.85267321133951,55.11242495976744
2026-09-27,EP152026,53,2026-10-06 00:00:00,9 days 00:00:00,216,24.38,171.69,960.1,98.5,21.57122334233225,245.33136861744129,174.13133202730268,126.8847941484114,226.8491441613889,125.44236720597156,99.93132374407922,70.1863037993214,105.65918750726252,65.18100818540778,55.526067316889424,40.28423321180076,55.00464419712239
2026-09-27,EP152026,53,2026-10-06 06:00:00,9 days 06:00:00,222,24.42,169.79,968.5,85.3,12.97185386168499,260.2661200448723,162.284880670617,140.56027045250377,279.29338989952646,127.27927533233144,94.04882264770468,78.22384505070477,116.38680513961236,72.9170367649813,63.52448344878259,49.2706909289242,64.31763969621906
2026-09-27,EP152026,53,2026-10-06 12:00:00,9 days 12:00:00,228,24.67,167.33,959.7,97.2,29.363732802155724,264.5923626649381,198.155807639817,145.20778106762282,257.9597440439356,126.08696441707482,99.07091615158738,78.45421630360597,109.30412954011904,59.39880033157382,50.877339974275344,40.34534284543557,52.28080568674581
2026-09-27,EP152026,53,2026-10-06 18:00:00,9 days 18:00:00,234,24.89,165.04,958.5,96.0,20.83002798020862,260.9467052051308,178.0864074639423,108.97668732414844,245.24274817371835,127.28840898594748,91.42651551323335,59.56211545650433,105.10998034151912,72.58810096075305,60.649527073353525,42.27681065694057,60.30441582238708
2026-09-27,EP152026,53,2026-10-07 00:00:00,10 days 00:00:00,240,25.87,162.53,953.6,104.8,20.19538846842218,225.23029440743989,167.65150297504704,119.37378225932616,213.23678813139247,128.11317735928134,100.256269028078,68.06330361408986,107.42439494739438,85.31702564927377,72.68200058919683,52.82237014434824,70.43473762271566
2026-09-27,EP152026,53,2026-10-07 06:00:00,10 days 06:00:00,246,27.1,160.51,961.7,89.7,24.501657950717213,246.6633122284727,183.992102995153,126.36789889345197,184.39109702833457,127.37199542614847,109.419567253322,68.86217013823432,101.03934914687736,66.94274384671219,56.81338873227547,39.57872434536441,53.4548290290015
2026-09-27,EP152026,53,2026-10-07 12:00:00,10 days 12:00:00,252,28.48,158.99,963.8,93.0,16.84893325642022,218.9663800936357,222.3827094274872,143.94923810874485,162.37892059451914,109.4502802656947,109.71107789748028,74.17491667653694,85.39617816922082,64.67673300128433,60.38725526786764,45.0759269621761,51.57672472983307
2026-09-27,EP152026,53,2026-10-07 18:00:00,10 days 18:00:00,258,29.93,158.55,974.6,84.1,25.834377064988374,204.82659986333624,206.0521422907414,187.0736636264262,177.39374307039088,119.44280334363792,131.082585577413,104.0193653794959,96.60758555780892,76.8015155493156,77.44039739143999,59.98620869163416,64.74923437785915
2026-09-27,EP152026,53,2026-10-08 00:00:00,11 days 00:00:00,264,31.88,159.1,978.5,74.2,50.80862985581574,201.22253260989447,226.40107896910592,186.28879602240397,128.75753305592832,102.20846815727914,124.96090363680123,93.0012413362243,69.78743697728152,62.50915248186457,64.91731286290225,48.52599565726621,46.64767089290945
2026-09-27,EP152026,53,2026-10-08 06:00:00,11 days 06:00:00,270,33.52,160.38,980.4,63.3,41.626861463497846,194.50395600001417,240.4598035012771,203.98045058871787,156.488791556973,114.08541330920885,129.0509760749726,108.2634186548258,84.43377366353937,0.0,0.0,0.0,0.0
2026-09-27,EP152026,53,2026-10-08 12:00:00,11 days 12:00:00,276,34.98,161.73,988.4,57.5,38.64717129670287,191.38551453905885,235.82532486007787,191.4284853112977,137.54345806750723,108.2624027910954,116.07393055751676,90.66094651399172,77.10010525339439,0.0,0.0,0.0,0.0
2026-09-27,EP152026,53,2026-10-08 18:00:00,11 days 18:00:00,282,36.27,164.45,987.1,52.2,52.02353599309319,112.42070943735854,171.21513754833398,135.1875362036413,98.23196879321485,13.270345678778584,52.02353599309319,23.392332614050154,4.198163788814968,0.0,0.0,0.0,0.0
2026-09-27,EP152026,53,2026-10-09 00:00:00,12 days 00:00:00,288,36.92,167.39,994.2,50.0,54.10976320262192,131.2937958601125,217.6483821200224,173.0984192307916,110.93311853573452,0.0,0.0,0.0,0.0,0.0,0.0,0.0,0.0
2026-09-27,EP152026,53,2026-10-09 06:00:00,12 days 06:00:00,294,36.91,170.02,999.6,41.1,78.28590417990911,157.3245062667365,199.1700512034786,162.34449010410248,135.13346667678692,0.0,0.0,0.0,0.0,0.0,0.0,0.0,0.0
2026-09-27,EP152026,53,2026-10-09 12:00:00,12 days 12:00:00,300,36.64,171.86,997.6,36.5,87.24062921687369,151.84402985380598,174.73330632919192,155.66319948675982,148.78292655534085,0.0,0.0,0.0,0.0,0.0,0.0,0.0,0.0
2026-09-27,EP152026,53,2026-10-09 18:00:00,12 days 18:00:00,306,36.76,173.19,1000.4,35.9,75.62094099477531,284.1628731854082,288.65673353751663,239.6520842913164,258.46831413868483,0.0,0.0,0.0,0.0,0.0,0.0,0.0,0.0
2026-09-27,EP152026,53,2026-10-10 00:00:00,13 days 00:00:00,312,36.3,173.76,1001.6,30.5,111.19680023844104,0.0,0.0,0.0,0.0,0.0,0.0,0.0,0.0,0.0,0.0,0.0,0.0
2026-09-27,EP152026,53,2026-10-10 06:00:00,13 days 06:00:00,318,35.09,174.19,1002.4,31.6,169.58390138485993,0.0,0.0,0.0,0.0,0.0,0.0,0.0,0.0,0.0,0.0,0.0,0.0
2026-09-27,EP162026,53,2026-09-27 00:00:00,0 days 00:00:00,0,20.8,-123.6,975.0,76.0,28.0,167.0,167.0,148.0,185.0,93.0,74.0,74.0,93.0,65.0,46.0,37.0,56.0
2026-09-27,EP162026,53,2026-09-27 06:00:00,0 days 06:00:00,6,21.35,-123.54,993.2,61.7,62.36356737032736,139.9280147282384,130.61253317416868,138.0729782421032,128.32605490245464,86.80254173585831,81.40020745206334,63.677328082322106,84.73641033639171,0.0,0.0,0.0,0.0
2026-09-27,EP162026,53,2026-09-27 12:00:00,0 days 12:00:00,12,21.92,-123.36,993.1,54.0,45.09836611052253,190.90965840673925,153.05636811861382,110.9164618000359,160.8732183401528,48.09564207723258,31.137368244860085,25.40977317658067,39.6749202244792,0.0,0.0,0.0,0.0
2026-09-27,EP162026,53,2026-09-27 18:00:00,0 days 18:00:00,18,22.56,-123.36,1001.5,35.7,39.14496088060825,138.5172515528834,125.79138485851988,91.14926325755027,113.7050325572652,0.0,0.0,0.0,0.0,0.0,0.0,0.0,0.0
2026-09-27,EP162026,53,2026-09-28 00:00:00,1 days 00:00:00,24,22.49,-123.14,1003.1,31.3,110.79422840718996,0.0,0.0,0.0,0.0,0.0,0.0,0.0,0.0,0.0,0.0,0.0,0.0
2026-09-27,EP162026,53,2026-09-28 06:00:00,1 days 06:00:00,30,22.62,-122.93,1002.5,28.9,62.62373193733296,0.0,0.0,0.0,0.0,0.0,0.0,0.0,0.0,0.0,0.0,0.0,0.0
2026-09-27,EP162026,53,2026-09-28 12:00:00,1 days 12:00:00,36,22.57,-122.45,1001.7,25.2,86.49567862426501,0.0,0.0,0.0,0.0,0.0,0.0,0.0,0.0,0.0,0.0,0.0,0.0
2026-09-27,EP162026,53,2026-09-28 18:00:00,1 days 18:00:00,42,22.01,-122.16,1005.2,22.5,74.44250464243126,0.0,0.0,0.0,0.0,0.0,0.0,0.0,0.0,0.0,0.0,0.0,0.0
2026-09-27,EP162026,53,2026-09-29 00:00:00,2 days 00:00:00,48,21.27,-122.65,1005.6,22.0,114.51914206376767,0.0,0.0,0.0,0.0,0.0,0.0,0.0,0.0,0.0,0.0,0.0,0.0
2026-09-27,EP172026,53,2026-09-27 00:00:00,0 days 00:00:00,0,19.0,-112.9,946.0,111.0,28.0,259.0,185.0,167.0,185.0,111.0,111.0,93.0,93.0,65.0,65.0,46.0,56.0
2026-09-27,EP172026,53,2026-09-27 06:00:00,0 days 06:00:00,6,19.73,-113.36,928.0,135.6,10.034148199015416,182.54823510989604,211.0280408780484,152.98606099654236,138.54301461810712,100.17340594907571,100.9813116342346,81.8922492790687,82.69692230165707,73.7565654577189,67.79513607784912,52.68930787105956,61.71346055915741
2026-09-27,EP172026,53,2026-09-27 12:00:00,0 days 12:00:00,12,20.5,-113.71,930.3,135.4,26.56900614205024,127.26849178936286,160.91557987158438,127.48394280891084,117.84624198966902,73.5226391372651,74.37849514745932,63.10325333209519,66.10705000134924,53.17640038236305,47.702555958120094,39.25940403118904,46.84902315462486
2026-09-27,EP172026,53,2026-09-27 18:00:00,0 days 18:00:00,18,21.46,-113.9,952.2,104.3,25.49327482266379,189.3179493868588,165.8509986651415,106.7876401227824,139.9176318228005,95.96021742877744,95.70206360850742,64.48473292191179,70.56215081076363,61.18290517950768,56.60306500132329,39.57567317546879,47.6947694102526
2026-09-27,EP172026,53,2026-09-28 00:00:00,1 days 00:00:00,24,22.29,-114.1,962.9,93.5,10.789662779573694,133.18324774749937,156.13078404759278,127.1111355304219,126.96540077675066,87.05245435164252,84.88399490119156,61.74556763742894,71.71660134810733,56.87755279256682,50.63193948789922,39.75955485297743,45.81307868087116
2026-09-27,EP172026,53,2026-09-28 06:00:00,1 days 06:00:00,30,23.24,-113.92,954.8,97.4,30.47714495548195,163.17327892416407,173.7986114002338,119.48819400534248,139.08182318568436,83.84168436629476,82.0853178967927,58.56075148894993,63.02589748752367,52.16896203599104,46.121220032131205,35.31138008749515,41.29112905700214
2026-09-27,EP172026,53,2026-09-28 12:00:00,1 days 12:00:00,36,23.86,-113.96,960.9,99.7,35.536663790520066,84.42526467031314,120.3683238572246,90.50924082672827,52.87041169768506,42.23614314600019,50.52692878593479,39.66731776522741,33.68931274871646,41.01593111297208,37.3721156293976,30.8993480952946,33.68931274871646
2026-09-27,EP172026,53,2026-09-28 18:00:00,1 days 18:00:00,42,24.59,-113.61,956.3,98.0,30.71927397174837,172.4345503893953,151.8015006200517,140.287153325715,147.5625834401431,72.28904846867238,73.72561915647256,53.301862150677664,57.68744042948146,49.00469892536471,45.87275748216118,36.416475186355214,38.97393750960007
2026-09-27,EP172026,53,2026-09-29 00:00:00,2 days 00:00:00,48,25.25,-112.87,963.9,90.8,26.486180715073026,138.94501128680574,146.89799210806143,110.96997250198224,97.1532612627958,73.32966160383164,74.10655695553704,57.52603876775039,59.65436387846408,41.194282808502656,37.840946298337485,28.412944152659044,32.7627724737189
2026-09-27,EP172026,53,2026-09-29 06:00:00,2 days 06:00:00,54,26.2,-112.73,981.6,63.3,37.01684261011032,145.94810527564752,151.14395585934125,95.21791838698216,96.4199818188804,59.69889916506961,48.56800427136733,33.91713351128444,40.47035714405708,0.0,0.0,0.0,0.0
2026-09-27,EP172026,53,2026-09-29 12:00:00,2 days 12:00:00,60,27.91,-111.99,992.8,61.9,57.16311397627656,131.3104080122801,101.81712469818277,10.375204316377689,67.4578879580359,57.16311397627656,4.388042798419686,0.0,0.0,0.0,0.0,0.0,0.0
2026-09-27,EP172026,53,2026-09-29 18:00:00,2 days 18:00:00,66,29.21,-110.65,999.5,34.3,70.48846129714974,70.48846129714974,0.0,0.0,0.0,0.0,0.0,0.0,0.0,0.0,0.0,0.0,0.0
2026-09-27,EP902026,53,2026-09-27 00:00:00,0 days 00:00:00,0,12.0,-98.6,1008.0,25.0,111.0,0.0,0.0,0.0,0.0,0.0,0.0,0.0,0.0,0.0,0.0,0.0,0.0
2026-09-27,EP902026,53,2026-09-27 06:00:00,0 days 06:00:00,6,12.05,-98.5,1004.6,33.2,122.98464898261498,0.0,0.0,0.0,0.0,0.0,0.0,0.0,0.0,0.0,0.0,0.0,0.0
2026-09-27,EP902026,53,2026-09-27 12:00:00,0 days 12:00:00,12,11.86,-98.45,1004.0,28.8,80.65125213084391,0.0,0.0,0.0,0.0,0.0,0.0,0.0,0.0,0.0,0.0,0.0,0.0
2026-09-27,EP902026,53,2026-09-27 18:00:00,0 days 18:00:00,18,12.25,-98.68,1003.2,29.9,97.77309448050386,0.0,0.0,0.0,0.0,0.0,0.0,0.0,0.0,0.0,0.0,0.0,0.0
2026-09-27,EP902026,53,2026-09-28 00:00:00,1 days 00:00:00,24,12.09,-99.29,1001.4,38.7,98.8885526590276,98.8885526590276,10.43324005803855,0.0,8.399283272048343,0.0,0.0,0.0,0.0,0.0,0.0,0.0,0.0
2026-09-27,EP902026,53,2026-09-28 06:00:00,1 days 06:00:00,30,12.59,-99.79,997.7,47.1,112.39173634946792,204.08735485051292,198.59598492258107,143.05741778714838,150.85166048362825,0.0,0.0,0.0,0.0,0.0,0.0,0.0,0.0
2026-09-27,EP902026,53,2026-09-28 12:00:00,1 days 12:00:00,36,13.05,-100.59,1000.9,45.0,76.4394012927459,389.1004757520772,304.53048373261083,306.22743575189514,385.36140448767753,0.0,0.0,0.0,0.0,0.0,0.0,0.0,0.0
2026-09-27,EP902026,53,2026-09-28 18:00:00,1 days 18:00:00,42,13.59,-101.91,996.4,48.7,76.75827073205369,255.86474505654087,256.7809653491855,195.76338499048416,207.4552522614042,0.0,0.0,0.0,0.0,0.0,0.0,0.0,0.0
2026-09-27,EP902026,53,2026-09-29 00:00:00,2 days 00:00:00,48,14.3,-102.54,994.5,54.1,60.84066371062429,197.7537394734638,187.18396820538243,110.31115201070766,151.25033935704988,60.84066371062429,33.07359963450622,18.20358776173894,24.802062750857527,0.0,0.0,0.0,0.0
2026-09-27,EP902026,53,2026-09-29 06:00:00,2 days 06:00:00,54,14.91,-103.77,992.4,58.0,78.50254185681752,253.8817427931749,207.42570240836244,129.5446664379822,206.79201199423005,87.35575106006695,69.30812909757412,45.59517616573163,62.600414659639,0.0,0.0,0.0,0.0
2026-09-27,EP902026,53,2026-09-29 12:00:00,2 days 12:00:00,60,15.43,-104.84,988.0,55.4,62.36246835633646,157.58883573845594,180.2938705256836,73.93456530645372,117.1607372166554,62.36246835633646,15.644695334543917,4.6854394290678165,0.0,0.0,0.0,0.0,0.0
2026-09-27,EP902026,53,2026-09-29 18:00:00,2 days 18:00:00,66,16.46,-106.03,985.4,67.7,48.79561749379178,174.0074698966112,175.3189039087198,84.61902890633783,122.01829368430472,78.15936926112394,65.80068929209267,36.50765542182762,53.269672757433,48.79561749379178,12.420531404482222,5.703956897189604,11.985255805939875
2026-09-27,EP902026,53,2026-09-30 00:00:00,3 days 00:00:00,72,17.21,-106.66,983.4,68.8,37.95803705840012,175.59707832891945,213.6450100140455,147.8499689589935,131.1528672410136,97.77644593917556,90.45852525576902,55.40337098394821,66.79336143044566,37.95803705840012,17.585094663823725,10.916602579549249,14.844003679391278
2026-09-27,EP902026,53,2026-09-30 06:00:00,3 days 06:00:00,78,17.96,-107.4,977.8,78.6,21.37647758057894,210.57883428565117,240.24838350924557,149.9117962409835,164.00752068337056,97.456423967784,90.12997323377976,52.69031848219793,67.11621908901668,44.51962131206132,37.99639124820508,28.37739096928929,34.34019331763305
2026-09-27,EP902026,53,2026-09-30 12:00:00,3 days 12:00:00,84,18.4,-108.25,972.5,87.2,39.02277733308307,161.31070226148563,206.17550147631937,119.4958531644064,96.2445037046374,72.9657385090498,66.50401910347506,42.78480995691595,50.40181352938566,39.02277733308307,21.3129880803038,15.421916560877996,21.35910842614574
2026-09-27,EP902026,53,2026-09-30 18:00:00,3 days 18:00:00,90,18.69,-108.73,974.9,77.9,26.149892002161096,218.84331945878145,203.3047494753648,161.67775239049553,178.24096258807867,116.27126163143164,98.0179849165944,77.17688561519347,100.81696606542346,61.33561924356809,50.56639694565118,41.76842896640578,50.71500453965771
2026-09-27,EP902026,53,2026-10-01 00:00:00,4 days 00:00:00,96,19.24,-109.71,967.4,89.8,24.93454403445364,165.0017155177046,187.6994818425186,147.10122700421334,155.90016925826956,83.07514355092314,72.31912788084998,52.44799745287918,63.35733865392893,41.3495127470363,34.198505875348786,24.70522098003228,31.45895237705804
2026-09-27,EP902026,53,2026-10-01 06:00:00,4 days 06:00:00,102,19.65,-110.33,962.6,96.3,29.628410418309965,150.1919508709906,177.4489829768848,158.28960414233694,145.0166158237485,84.54189968634572,82.91554564879738,69.89750099348703,66.80045990901425,45.682336600887474,41.371450477615326,33.870062565034175,38.44025194718479
2026-09-27,EP902026,53,2026-10-01 12:00:00,4 days 12:00:00,108,19.69,-110.95,967.4,95.9,11.455576010785236,139.45101130936675,169.96878536253368,137.7939646115184,119.73134451062872,67.6374002302949,65.26534576057253,57.64703382267979,57.05408770181667,44.98289663960756,39.33888520336061,32.479408633972525,40.377778138850616
2026-09-27,EP902026,53,2026-10-01 18:00:00,4 days 18:00:00,114,19.69,-111.48,952.1,115.2,5.659248574301358,159.18274478076182,162.98638883738866,163.84058033177757,145.75431961108475,61.121466226932746,66.95265745882368,63.28808497204174,58.12763528585813,57.68930828405304,50.10075351002991,42.95700303700496,48.2344355167473
2026-09-27,EP902026,53,2026-10-02 00:00:00,5 days 00:00:00,120,19.94,-112.01,957.7,104.0,16.500004411873793,144.6761418736609,178.78922979340172,141.42173414509045,120.39609748153568,91.4780298290758,86.31472009998109,70.24597690395657,83.26680639081289,63.39448519501542,52.24486336043631,41.04346196523522,52.73824318169582
2026-09-27,EP902026,53,2026-10-02 06:00:00,5 days 06:00:00,126,19.85,-112.47,968.0,84.8,45.414749439883465,147.43764969199452,183.72955677658135,172.14685979001325,129.55889028672027,65.85474324986907,68.4184511797412,68.81641890815102,62.468401407097815,45.414749439883465,29.784769171845426,25.317716981949378,29.94225902443841
2026-09-27,EP902026,53,2026-10-02 12:00:00,5 days 12:00:00,132,20.0,-113.06,973.7,81.8,32.14930268795099,158.1590804498004,152.6288056164379,133.9765031354034,149.22304174653542,91.11916404833,74.56129605752739,63.3276991531132,81.99615311537713,51.54622413230827,41.487093826947294,34.096537090822885,43.295199625052994
2026-09-27,EP902026,53,2026-10-02 18:00:00,5 days 18:00:00,138,20.23,-113.86,978.9,79.7,39.019146314370005,122.9610629127932,128.54857611504502,118.04503755821491,115.69180975453828,75.66292112862627,71.2722857886566,66.02370435885048,70.2502993976812,53.47409496432113,44.17927718500405,38.05909947752714,45.80838010388477
2026-09-27,EP902026,53,2026-10-03 00:00:00,6 days 00:00:00,144,20.57,-114.74,980.3,76.3,17.19798835254352,128.18428718490657,131.13662931279305,113.33475055752297,131.95285754387396,74.55662195722255,59.56128322885422,49.10289133692402,71.37206371194657,36.37314874045967,28.6594939088688,21.858079650166047,32.54386437034549
2026-09-27,EP902026,53,2026-10-03 06:00:00,6 days 06:00:00,150,20.75,-115.45,979.0,67.9,39.718582749412136,150.21499358734465,164.30229917109602,169.38347353859118,157.80985599551022,99.07279105235092,84.62049067930485,73.57455500998654,88.53432783060478,39.789845517436405,32.824608037878015,24.71223400039019,34.31904802219364
2026-09-27,EP902026,53,2026-10-03 12:00:00,6 days 12:00:00,156,20.8,-116.23,969.1,78.8,24.817505923907227,129.758993840125,85.64212978442475,119.96826582424498,154.57987635630226,64.70538936307136,59.373125072290094,48.414646397236965,61.27188696603805,43.264126782428406,35.06815417111194,27.95592080862086,39.41810597322777
2026-09-27,EP902026,53,2026-10-03 18:00:00,6 days 18:00:00,162,20.69,-117.16,971.7,83.9,21.95894082961536,137.78125400077624,88.19987219655104,127.220234012746,162.87194899484757,63.48764520934395,54.940663058967175,54.056843422260044,68.7663401724426,47.44109842057128,38.322409991701136,32.34536335273759,42.92284204334658
2026-09-27,EP902026,53,2026-10-04 00:00:00,7 days 00:00:00,168,20.69,-118.1,958.5,96.4,27.41382829304607,180.2073036926065,187.46266044796505,148.8845958493336,147.1386329132352,71.58343530303998,71.25751643015228,66.55418099605197,61.75136952823532,51.9527047475881,45.374330300571394,37.70392339748247,45.53784648217993
2026-09-27,EP902026,53,2026-10-04 06:00:00,7 days 06:00:00,174,20.55,-118.9,968.5,84.2,33.48092199008754,161.70902874746906,135.164621839752,127.58562847509296,169.71708375503022,76.25261497725404,64.42557211601996,58.31801754158623,76.87973188951449,55.210613576140815,43.54966447187691,36.61881661804637,48.53141043430239
2026-09-27,EP902026,53,2026-10-04 12:00:00,7 days 12:00:00,180,20.28,-119.6,970.1,88.6,23.7279911910357,191.0721071398148,132.07036285970526,129.35765385333593,195.6458710724637,103.54748643492826,82.50862269937238,64.41866500057972,94.94691779164803,45.17152350921833,34.05649825653552,28.566793933277268,38.27403956345597
2026-09-27,EP902026,53,2026-10-04 18:00:00,7 days 18:00:00,186,20.33,-120.26,969.1,84.6,27.807452523948072,189.5217129438043,142.206104316591,119.86859974992544,177.85286852358308,87.46651731439269,70.26296324700444,54.63382610753648,77.97458441991535,45.767019992497886,36.83729891361469,28.811413052204745,38.63943158169438
2026-09-27,EP902026,53,2026-10-05 00:00:00,8 days 00:00:00,192,20.5,-120.91,977.0,77.4,29.56141739845654,144.2907670799301,125.11188353477264,133.42103953333776,141.5067366428592,80.2546249537329,67.34522820374167,60.98607907749002,76.85905268325675,63.74020147661899,52.71948147549618,45.573404516281386,54.12079521188207
2026-09-27,EP902026,53,2026-10-05 06:00:00,8 days 06:00:00,198,20.8,-121.71,978.9,74.1,33.70787981434168,157.27393093861818,128.43624722670438,133.15894967117802,167.144659353051,72.2912075438056,65.37390757848016,55.89235195348387,62.541096045665256,36.453508485755975,28.896191755506905,22.8009357603476,30.781119392744166
2026-09-27,EP902026,53,2026-10-05 12:00:00,8 days 12:00:00,204,20.84,-122.36,980.9,70.3,16.97054645144783,173.63379791107508,152.78224528148377,136.6742303215733,163.9250526065528,93.31037817591972,84.39714302120817,76.4090802915376,92.3490555306054,72.51372420705431,62.12129358491568,51.883567716461,63.480620750304894
2026-09-27,EP902026,53,2026-10-05 18:00:00,8 days 18:00:00,210,20.98,-123.06,987.2,61.5,28.72991670183358,185.42935557950568,140.96507178538286,101.07954576645768,169.95090233920843,73.25490626377533,55.37383226740286,34.058831804266184,55.06706749534361,0.0,0.0,0.0,0.0
2026-09-27,EP902026,53,2026-10-06 00:00:00,9 days 00:00:00,216,21.14,-123.55,995.2,53.4,26.520700987632075,135.33064072458586,99.82185178186948,106.63913818778676,134.48722493561522,49.02138868859837,41.8894420065548,29.691170985047883,42.36370484701646,0.0,0.0,0.0,0.0
2026-09-27,EP902026,53,2026-10-06 06:00:00,9 days 06:00:00,222,21.35,-124.31,992.0,53.3,57.16627039082507,166.19048060139957,110.12514819039308,79.89197737315398,153.09161970255246,57.16627039082507,10.246171276820334,8.502221023409717,14.020117127098722,0.0,0.0,0.0,0.0
2026-09-27,EP902026,53,2026-10-06 12:00:00,9 days 12:00:00,228,21.77,-125.52,995.6,50.2,52.33782673315623,116.267019337996,80.58131810114321,68.37206959564013,117.29597485023685,3.847920878391919,1.1959328857026008,2.628754354364586,52.33782673315623,0.0,0.0,0.0,0.0
2026-09-27,EP902026,53,2026-10-06 18:00:00,9 days 18:00:00,234,21.96,-126.39,1000.6,46.8,41.63961368706231,151.2828565882055,111.10668509702074,67.96327987288386,131.2664945007274,0.0,0.0,0.0,0.0,0.0,0.0,0.0,0.0
2026-09-27,EP902026,53,2026-10-07 00:00:00,10 days 00:00:00,240,21.97,-127.25,999.2,37.0,57.48245236056334,114.66493520129438,67.00794076185525,40.63052707912777,99.58598134467366,0.0,0.0,0.0,0.0,0.0,0.0,0.0,0.0
2026-09-27,EP902026,53,2026-10-07 06:00:00,10 days 06:00:00,246,21.93,-128.18,1003.1,32.8,82.76456785390542,0.0,0.0,0.0,0.0,0.0,0.0,0.0,0.0,0.0,0.0,0.0,0.0
2026-09-27,EP902026,53,2026-10-07 12:00:00,10 days 12:00:00,252,22.04,-128.8,1003.2,30.0,56.33782447906344,0.0,0.0,0.0,0.0,0.0,0.0,0.0,0.0,0.0,0.0,0.0,0.0
2026-09-27,EP902026,53,2026-10-07 18:00:00,10 days 18:00:00,258,21.97,-129.95,1006.3,32.5,87.31653432156963,0.0,0.0,0.0,0.0,0.0,0.0,0.0,0.0,0.0,0.0,0.0,0.0
2026-09-27,EP902026,53,2026-10-08 00:00:00,11 days 00:00:00,264,21.96,-130.55,1001.7,31.8,44.02048745882186,0.0,0.0,0.0,0.0,0.0,0.0,0.0,0.0,0.0,0.0,0.0,0.0
2026-09-27,EP902026,53,2026-10-08 06:00:00,11 days 06:00:00,270,22.07,-131.35,1001.8,27.9,136.10331186946848,0.0,0.0,0.0,0.0,0.0,0.0,0.0,0.0,0.0,0.0,0.0,0.0
2026-09-27,EP902026,53,2026-10-08 12:00:00,11 days 12:00:00,276,22.24,-131.66,1001.4,31.7,84.9406946707368,0.0,0.0,0.0,0.0,0.0,0.0,0.0,0.0,0.0,0.0,0.0,0.0
2026-09-27,EP902026,53,2026-10-08 18:00:00,11 days 18:00:00,282,22.32,-132.51,1000.5,31.7,84.94371314967132,0.0,0.0,0.0,0.0,0.0,0.0,0.0,0.0,0.0,0.0,0.0,0.0
2026-09-27,EP902026,53,2026-10-09 00:00:00,12 days 00:00:00,288,22.7,-132.79,1002.9,28.7,92.80108040321272,0.0,0.0,0.0,0.0,0.0,0.0,0.0,0.0,0.0,0.0,0.0,0.0
2026-09-27,EP902026,53,2026-10-09 06:00:00,12 days 06:00:00,294,23.24,-133.41,999.9,30.2,125.55908494719844,0.0,0.0,0.0,0.0,0.0,0.0,0.0,0.0,0.0,0.0,0.0,0.0
2026-09-27,EP902026,53,2026-10-09 12:00:00,12 days 12:00:00,300,24.23,-133.73,1002.0,34.2,37.15269724833777,0.0,37.15269724833777,0.0,0.0,0.0,0.0,0.0,0.0,0.0,0.0,0.0,0.0
2026-09-27,EP902026,53,2026-10-09 18:00:00,12 days 18:00:00,306,25.16,-134.4,1003.8,26.2,58.07122297971176,0.0,0.0,0.0,0.0,0.0,0.0,0.0,0.0,0.0,0.0,0.0,0.0
2026-09-27,EP902026,53,2026-10-10 00:00:00,13 days 00:00:00,312,26.14,-134.83,1001.4,28.5,79.19055140804116,0.0,0.0,0.0,0.0,0.0,0.0,0.0,0.0,0.0,0.0,0.0,0.0
2026-09-27,EP902026,53,2026-10-10 06:00:00,13 days 06:00:00,318,26.64,-135.35,1004.7,29.3,40.61371022736219,0.0,0.0,0.0,0.0,0.0,0.0,0.0,0.0,0.0,0.0,0.0,0.0
2026-09-27,EP902026,53,2026-10-10 12:00:00,13 days 12:00:00,324,27.21,-136.3,1008.2,22.8,61.97072486071088,0.0,0.0,0.0,0.0,0.0,0.0,0.0,0.0,0.0,0.0,0.0,0.0
2026-09-27,EP902026,53,2026-10-10 18:00:00,13 days 18:00:00,330,28.05,-137.1,1004.0,25.5,135.513771473686,0.0,0.0,0.0,0.0,0.0,0.0,0.0,0.0,0.0,0.0,0.0,0.0
2026-09-27,EP902026,53,2026-10-11 00:00:00,14 days 00:00:00,336,28.53,-138.12,1008.1,23.4,150.0346777649478,0.0,0.0,0.0,0.0,0.0,0.0,0.0,0.0,0.0,0.0,0.0,0.0
2026-09-27,EP902026,53,2026-10-11 06:00:00,14 days 06:00:00,342,28.7,-139.29,1009.0,23.2,124.225717871235,0.0,0.0,0.0,0.0,0.0,0.0,0.0,0.0,0.0,0.0,0.0,0.0
2026-09-27,EP902026,53,2026-10-11 12:00:00,14 days 12:00:00,348,29.13,-141.17,1008.2,27.7,92.64242737161231,0.0,0.0,0.0,0.0,0.0,0.0,0.0,0.0,0.0,0.0,0.0,0.0
2026-09-27,EP902026,53,2026-10-11 18:00:00,14 days 18:00:00,354,29.73,-141.88,1012.1,29.2,95.78259728390792,0.0,0.0,0.0,0.0,0.0,0.0,0.0,0.0,0.0,0.0,0.0,0.0
2026-09-27,EP902026,53,2026-10-12 00:00:00,15 days 00:00:00,360,28.85,-143.62,1008.4,31.4,95.06211880855388,0.0,0.0,0.0,0.0,0.0,0.0,0.0,0.0,0.0,0.0,0.0,0.0
2026-09-27,WP252026,53,2026-09-27 00:00:00,0 days 00:00:00,0,24.6,127.6,964.0,89.0,22.0,102.0,121.0,102.0,93.0,,,,,,,,
2026-09-27,WP252026,53,2026-09-27 06:00:00,0 days 06:00:00,6,25.45,128.27,937.5,117.9,17.09010758998949,101.00152655148464,163.26603226680473,125.57610090854378,86.16594364563512,84.44153672920021,97.63119809204308,82.67838587083106,62.0061353533008,49.83395826661008,52.98625658852177,46.030453743984765,40.9283244752742
2026-09-27,WP252026,53,2026-09-27 12:00:00,0 days 12:00:00,12,25.89,128.88,957.7,100.4,25.743645955919284,103.89551616401164,137.97011824674536,105.44454349777516,59.15285045218887,65.89609926800544,85.40083930691398,64.57433879977808,45.87940230082694,49.14745016465999,50.01285003354236,42.74740308132239,38.55488650164212
2026-09-27,WP252026,53,2026-09-27 18:00:00,0 days 18:00:00,18,26.52,129.94,961.4,95.0,46.85943781356508,161.06905686171797,171.95669115491685,157.9318596364969,115.6257012594124,90.48067111737116,124.77649362081644,105.8108396621048,69.67692843973464,62.1371351655376,69.04535818950669,59.41743935537794,49.27219019885352
2026-09-27,WP252026,53,2026-09-28 00:00:00,1 days 00:00:00,24,26.98,130.89,962.7,89.7,35.33552939165382,161.71366703657782,176.10302886022535,138.87430369730498,99.224249991858,77.14691765489069,100.7792238474247,77.82079044765896,54.79660126418414,41.67691798887982,46.66329181670517,38.77250463989965,29.898944062142576
2026-09-27,WP252026,53,2026-09-28 06:00:00,1 days 06:00:00,30,27.04,131.82,983.3,69.7,13.418391797655204,155.58990394911962,189.26311876645195,152.3383006443837,118.84220552901388,71.84963573402638,96.25530609089036,72.58110290095829,53.81712030441122,50.86853431513555,52.18656068321252,43.53272435909639,39.95626987529977
2026-09-27,WP252026,53,2026-09-28 12:00:00,1 days 12:00:00,36,27.58,132.71,985.1,63.7,41.88075777175122,163.99223863825114,189.5420546900028,112.79479125818902,107.25303723378128,89.5669026389075,88.32219368870267,54.37137800973297,61.84586669497964,0.0,0.0,0.0,0.0
2026-09-27,WP252026,53,2026-09-28 18:00:00,1 days 18:00:00,42,28.02,133.69,980.1,69.9,40.38301043456447,137.05532548824303,165.56521278043246,113.24034749080536,73.36544728157014,70.2366820743203,85.5927762532348,70.33661335773381,55.31602448599001,17.11434559587656,40.38301043456447,16.615208888944238,13.274303771845007
2026-09-27,WP252026,53,2026-09-29 00:00:00,2 days 00:00:00,48,28.4,134.7,984.2,63.7,41.51639489101967,169.3929664545403,196.9680605015086,154.35838648135467,115.23290485580422,97.26726706129304,108.42166569712238,83.08156966849128,72.44270430918068,0.0,0.0,0.0,0.0
2026-09-27,WP252026,53,2026-09-29 06:00:00,2 days 06:00:00,54,29.45,135.48,990.0,51.7,48.74920465073481,186.09807495689608,231.77326495006025,188.15067673431008,152.3566013276661,12.93428494796438,48.74920465073481,5.91781822939128,5.868922822913135,0.0,0.0,0.0,0.0
2026-09-27,WP252026,53,2026-09-29 12:00:00,2 days 12:00:00,60,29.88,136.67,994.3,49.1,29.545998259006037,142.47937355618902,146.53818840684966,117.79761237451544,112.0434330109689,0.0,0.0,0.0,0.0,0.0,0.0,0.0,0.0
2026-09-27,WP252026,53,2026-09-29 18:00:00,2 days 18:00:00,66,30.72,137.56,994.2,40.7,64.86829224293645,245.93869775527656,272.42669873563705,222.1137066745964,193.70877808237685,0.0,0.0,0.0,0.0,0.0,0.0,0.0,0.0
2026-09-27,WP252026,53,2026-09-30 00:00:00,3 days 00:00:00,72,31.12,139.12,994.0,40.1,73.65159178743676,226.6121187514706,257.1731435921664,191.0293200907705,174.8657914955325,0.0,0.0,0.0,0.0,0.0,0.0,0.0,0.0
2026-09-27,WP252026,53,2026-09-30 06:00:00,3 days 06:00:00,78,31.78,140.65,993.2,43.7,89.74698716637745,177.4877987131935,215.4196804252786,176.6495172695458,141.4640947530375,0.0,0.0,0.0,0.0,0.0,0.0,0.0,0.0
2026-09-27,WP252026,53,2026-09-30 12:00:00,3 days 12:00:00,84,32.37,141.82,994.4,44.9,83.06494874741165,94.77688836615906,109.63860546997913,81.58481148150834,74.77525823307826,0.0,0.0,0.0,0.0,0.0,0.0,0.0,0.0
2026-09-27,WP252026,53,2026-09-30 18:00:00,3 days 18:00:00,90,32.86,142.57,992.6,37.0,101.28057596176382,69.10155151274432,101.28057596176382,48.847309698736126,41.70755570131291,0.0,0.0,0.0,0.0,0.0,0.0,0.0,0.0
2026-09-27,WP252026,53,2026-10-01 00:00:00,4 days 00:00:00,96,33.93,143.62,992.9,36.1,142.10462296938863,26.47415556078201,142.10462296938863,1.658010073008029,7.864275209563544,0.0,0.0,0.0,0.0,0.0,0.0,0.0,0.0
2026-09-27,WP252026,53,2026-10-01 06:00:00,4 days 06:00:00,102,34.64,144.65,998.3,32.1,66.99211954447537,0.0,0.0,0.0,0.0,0.0,0.0,0.0,0.0,0.0,0.0,0.0,0.0
2026-09-27,WP252026,53,2026-10-01 12:00:00,4 days 12:00:00,108,35.96,146.16,999.0,32.7,129.53393879243276,0.0,0.0,0.0,0.0,0.0,0.0,0.0,0.0,0.0,0.0,0.0,0.0
2026-09-27,WP252026,53,2026-10-01 18:00:00,4 days 18:00:00,114,37.4,149.45,997.4,36.9,87.27138954082176,160.5428422476901,185.96709400240368,109.9089834054102,84.60393223609002,0.0,0.0,0.0,0.0,0.0,0.0,0.0,0.0
2026-09-27,WP252026,53,2026-10-02 00:00:00,5 days 00:00:00,120,39.89,154.8,998.8,36.4,149.04643740024972,59.68732953572402,149.04643740024972,17.087937988731806,0.0,0.0,0.0,0.0,0.0,0.0,0.0,0.0,0.0
2026-09-27,AL062026,54,2026-09-27 00:00:00,0 days 00:00:00,0,29.8,-43.9,1010.0,29.0,56.0,0.0,0.0,0.0,0.0,0.0,0.0,0.0,0.0,0.0,0.0,0.0,0.0
2026-09-27,AL062026,54,2026-09-27 06:00:00,0 days 06:00:00,6,29.75,-43.73,1011.7,18.8,116.69264565680056,0.0,0.0,0.0,0.0,0.0,0.0,0.0,0.0,0.0,0.0,0.0,0.0
2026-09-27,AL062026,54,2026-09-27 12:00:00,0 days 12:00:00,12,29.51,-43.74,1011.4,23.6,146.4243044360369,0.0,0.0,0.0,0.0,0.0,0.0,0.0,0.0,0.0,0.0,0.0,0.0
2026-09-27,AL062026,54,2026-09-27 18:00:00,0 days 18:00:00,18,29.19,-43.69,1009.5,23.0,157.27668078826446,0.0,0.0,0.0,0.0,0.0,0.0,0.0,0.0,0.0,0.0,0.0,0.0
2026-09-27,AL062026,54,2026-09-28 00:00:00,1 days 00:00:00,24,28.64,-43.9,1009.4,26.2,123.18118391431356,0.0,0.0,0.0,0.0,0.0,0.0,0.0,0.0,0.0,0.0,0.0,0.0
2026-09-27,AL062026,54,2026-09-28 06:00:00,1 days 06:00:00,30,28.35,-43.98,1012.3,19.1,142.62966128588465,0.0,0.0,0.0,0.0,0.0,0.0,0.0,0.0,0.0,0.0,0.0,0.0
2026-09-27,EP152026,54,2026-09-27 00:00:00,0 days 00:00:00,0,16.7,-156.1,972.0,80.0,37.0,241.0,185.0,185.0,241.0,93.0,74.0,93.0,111.0,56.0,46.0,56.0,56.0
2026-09-27,EP152026,54,2026-09-27 06:00:00,0 days 06:00:00,6,16.62,-156.88,965.5,96.5,23.539902305669067,151.4406424432001,150.5197429260648,118.93690376709183,151.11588736469724,83.0239844211057,65.49773828155759,57.7003830659884,83.53823266651696,48.77232367793916,38.45377422723314,31.861814989291283,41.71676679773627
2026-09-27,EP152026,54,2026-09-27 12:00:00,0 days 12:00:00,12,16.3,-157.65,964.0,100.2,29.654745332060006,190.62400854316053,111.73528966690982,132.72587514947304,200.72350558053645,102.37339863204194,77.69409780266406,60.56252195587777,98.29743302456752,57.84491128607083,44.92965116196359,35.60776073574658,48.34832607371777
2026-09-27,EP152026,54,2026-09-27 18:00:00,0 days 18:00:00,18,16.28,-158.52,948.7,109.5,11.519773738386704,179.54998037639058,146.6892169089125,155.0862331985975,185.68033306199243,103.44282034869816,81.22970869137055,82.61695223720102,102.90360005347765,56.83153608852054,45.25909051235081,42.00393426296402,52.56009172272476
2026-09-27,EP152026,54,2026-09-28 00:00:00,1 days 00:00:00,24,16.26,-159.62,950.6,111.6,33.20490979978034,198.82675225385992,133.9896967576559,112.01254574884078,192.5887345243984,108.206402299885,70.71422845429066,63.31578740262991,103.40539003663332,57.82267181923403,44.04075716944108,33.7266183735139,51.23219035022558
2026-09-27,EP152026,54,2026-09-28 06:00:00,1 days 06:00:00,30,16.53,-160.5,949.3,113.1,26.482996210616697,186.8793224948394,121.3790959009036,101.19315186025868,162.55601493297644,114.32615714954107,71.69406847348156,50.7094520583299,95.46174096833744,66.50411949229559,50.372250208806,36.86750519963846,55.74394916080435
2026-09-27,EP152026,54,2026-09-28 12:00:00,1 days 12:00:00,36,16.98,-161.49,942.8,120.1,25.235689836646657,148.03304971687567,132.44050248742133,115.48615343823622,155.00785960796293,97.99495164058816,77.77845506795825,72.88099363830202,99.97987603022898,56.61059360892477,45.09862296116978,39.427576420251285,51.18830664605957
2026-09-27,EP152026,54,2026-09-28 18:00:00,1 days 18:00:00,42,17.53,-162.13,950.7,107.1,31.66598300978697,220.6577124919172,184.67030989344224,127.6083274690676,176.0795469352138,108.8507584524032,91.29101061417931,70.90504765151701,99.75352307565316,63.006021729891806,49.767763953868325,38.51648075970896,53.29381031160476
2026-09-27,EP152026,54,2026-09-29 00:00:00,2 days 00:00:00,48,18.43,-162.51,954.8,107.3,28.715476447571216,279.05188912878,231.4361644778589,129.88860219903245,192.8272763755194,130.0944842194785,110.14715728477869,74.33355166495517,102.18554103284912,65.45220742067029,55.12198850154219,39.63985569469707,55.222707316528016
2026-09-27,EP152026,54,2026-09-29 06:00:00,2 days 06:00:00,54,19.39,-162.69,963.2,95.7,20.70407439864962,207.02574212090124,150.09693485955847,114.19003247645225,174.91093244985075,104.26598670204778,88.97421177161738,63.6073162055515,92.5318318623753,64.2543519742374,54.94730575717631,39.62040364147806,52.54124595085513
2026-09-27,EP152026,54,2026-09-29 12:00:00,2 days 12:00:00,60,20.34,-162.86,972.5,85.7,22.498062806788937,174.6068621780298,150.09217894877156,100.28742953503172,128.56906702027624,90.97041179196738,85.92142483640785,48.586519785303686,76.66925552641015,60.63815653908886,51.12408560692262,36.48085893862401,47.17605973981982
2026-09-27,EP152026,54,2026-09-29 18:00:00,2 days 18:00:00,66,21.46,-162.87,981.4,74.4,54.98339024406093,182.48846700927328,134.36367077923504,107.14491693004598,148.79225736951565,96.75912693544404,93.36641695171744,64.00776395020559,82.01609314631511,54.98339024406093,44.53657923414926,32.9808769267162,39.7495409673505
2026-09-27,EP152026,54,2026-09-30 00:00:00,3 days 00:00:00,72,22.57,-162.7,988.7,74.2,50.99596178418378,225.09292423022637,141.28036458981774,120.16876971413956,177.41517974342196,98.5241395769026,101.3896797278012,83.42555237990126,108.166553084964,84.50354376228665,81.58739206908405,69.69739612475558,74.44074366776476
2026-09-27,EP152026,54,2026-09-30 06:00:00,3 days 06:00:00,78,22.91,-162.96,987.0,64.4,24.47290896445796,238.5016966065365,157.24486586648453,166.4017582825221,267.9052536580152,124.75392343617358,106.25618009179422,93.39897715630444,126.46434278887918,39.62761964016052,34.04652998935923,27.225411239959456,35.470874388191824
2026-09-27,EP152026,54,2026-09-30 12:00:00,3 days 12:00:00,84,22.8,-162.74,982.9,67.8,40.17897227284301,223.16591618954797,152.90313384846888,167.2447297673932,219.28259690501815,91.79837976431992,85.52134708207015,69.74280508624969,86.32571424893467,0.0,40.17897227284301,0.0,0.0
2026-09-27,EP152026,54,2026-09-30 18:00:00,3 days 18:00:00,90,22.59,-162.41,991.3,53.4,38.62603301967366,182.58314622299065,165.39609514057364,145.1229108673338,170.37748565715182,38.62603301967366,27.184199193384188,18.539851525613784,22.9690629601853,0.0,0.0,0.0,0.0
2026-09-27,EP152026,54,2026-10-01 00:00:00,4 days 00:00:00,96,22.59,-162.44,998.2,44.1,56.078643743054215,196.09856088755052,180.409330319437,147.09082807362665,180.7596959694938,0.0,0.0,0.0,0.0,0.0,0.0,0.0,0.0
2026-09-27,EP152026,54,2026-10-01 06:00:00,4 days 06:00:00,102,22.53,-162.16,996.2,47.7,49.810466908400144,220.10922276012752,138.33114205873142,130.63015490826433,202.6375570269072,0.0,0.0,0.0,0.0,0.0,0.0,0.0,0.0
2026-09-27,EP152026,54,2026-10-01 12:00:00,4 days 12:00:00,108,22.41,-162.45,995.1,41.9,79.53093006361175,156.29055298386118,143.58521931518783,129.6838003019787,150.28955854238865,0.0,0.0,0.0,0.0,0.0,0.0,0.0,0.0
2026-09-27,EP152026,54,2026-10-01 18:00:00,4 days 18:00:00,114,22.41,-162.61,992.4,41.1,76.42442067455303,102.58793679532248,80.86102770667256,66.99206337506894,87.15788741692458,0.0,0.0,0.0,0.0,0.0,0.0,0.0,0.0
2026-09-27,EP152026,54,2026-10-02 00:00:00,5 days 00:00:00,120,22.62,-162.9,998.4,40.6,90.7770565638906,114.09842386541528,80.26626475754765,64.54789743823261,111.26656480178926,0.0,0.0,0.0,0.0,0.0,0.0,0.0,0.0
2026-09-27,EP152026,54,2026-10-02 06:00:00,5 days 06:00:00,126,22.75,-163.38,992.0,42.5,106.9996490665442,169.1675014933973,128.19402090417657,84.47599534897489,138.64206791505393,0.0,0.0,0.0,0.0,0.0,0.0,0.0,0.0
2026-09-27,EP152026,54,2026-10-02 12:00:00,5 days 12:00:00,132,22.79,-163.64,992.4,51.5,49.44747291280613,217.39646488642015,133.6745865002701,103.78844090098345,190.7562507098509,49.44747291280613,13.263794437399069,4.183510602466683,19.7122205272258,0.0,0.0,0.0,0.0
2026-09-27,EP152026,54,2026-10-02 18:00:00,5 days 18:00:00,138,23.25,-163.56,994.7,47.7,58.45711034763315,144.6799557213809,93.41956525583888,75.97426285181206,100.93596204946924,0.0,0.0,0.0,0.0,0.0,0.0,0.0,0.0
2026-09-27,EP152026,54,2026-10-03 00:00:00,6 days 00:00:00,144,23.21,-163.49,990.8,56.7,45.1928762991608,135.91443509231118,77.11372081723613,58.87094044189725,119.10908814667924,45.1928762991608,23.35256980319813,13.558249150704114,24.25093399633072,0.0,0.0,0.0,0.0
2026-09-27,EP152026,54,2026-10-03 06:00:00,6 days 06:00:00,150,23.44,-163.39,996.9,45.2,51.434320418240034,122.07895467475988,81.81606199049965,71.87534918777014,127.8932068185286,0.0,0.0,0.0,0.0,0.0,0.0,0.0,0.0
2026-09-27,EP152026,54,2026-10-03 12:00:00,6 days 12:00:00,156,23.78,-163.22,998.3,47.4,48.5978866650907,164.54617002265968,101.6121887426728,95.36718743558389,173.8015981371508,0.0,0.0,0.0,0.0,0.0,0.0,0.0,0.0
2026-09-27,EP152026,54,2026-10-03 18:00:00,6 days 18:00:00,162,23.69,-163.66,994.7,44.7,45.1810901038288,130.36276345995728,68.8989928875771,52.10664833953104,114.01938618196756,0.0,0.0,0.0,0.0,0.0,0.0,0.0,0.0
2026-09-27,EP152026,54,2026-10-04 00:00:00,7 days 00:00:00,168,23.9,-164.38,997.3,40.3,49.94499242051397,230.1820426849613,189.07984650846487,169.46048219167386,210.2782212544666,0.0,0.0,0.0,0.0,0.0,0.0,0.0,0.0
2026-09-27,EP152026,54,2026-10-04 06:00:00,7 days 06:00:00,174,23.57,-165.71,1001.8,39.6,74.98679224991406,66.89990433218227,9.838547348783615,11.20851071616458,74.98679224991406,0.0,0.0,0.0,0.0,0.0,0.0,0.0,0.0
2026-09-27,EP152026,54,2026-10-04 12:00:00,7 days 12:00:00,180,23.28,-167.17,1001.0,35.1,29.69000240279351,66.5626931985491,6.313167324016813,1.1819960704697188,57.59696583320224,0.0,0.0,0.0,0.0,0.0,0.0,0.0,0.0
2026-09-27,EP152026,54,2026-10-04 18:00:00,7 days 18:00:00,186,23.17,-168.77,1006.9,29.2,57.164354828855366,0.0,0.0,0.0,0.0,0.0,0.0,0.0,0.0,0.0,0.0,0.0,0.0
2026-09-27,EP152026,54,2026-10-05 00:00:00,8 days 00:00:00,192,22.92,-170.55,1002.8,36.6,64.11339663508156,64.11339663508156,6.872801181027725,0.0,48.58484081052767,0.0,0.0,0.0,0.0,0.0,0.0,0.0,0.0
2026-09-27,EP152026,54,2026-10-05 06:00:00,8 days 06:00:00,198,23.13,-172.3,1008.0,30.2,148.31774354909135,0.0,0.0,0.0,0.0,0.0,0.0,0.0,0.0,0.0,0.0,0.0,0.0
2026-09-27,EP152026,54,2026-10-05 12:00:00,8 days 12:00:00,204,23.25,-174.14,1006.0,35.8,84.76655541518241,84.76655541518241,6.727252853982028,0.0,48.47370858961777,0.0,0.0,0.0,0.0,0.0,0.0,0.0,0.0
2026-09-27,EP152026,54,2026-10-05 18:00:00,8 days 18:00:00,210,23.32,-176.11,1004.6,39.5,25.51956373882854,45.79608783773241,1.7931529486626738,0.6305964990105499,48.46027390220042,0.0,0.0,0.0,0.0,0.0,0.0,0.0,0.0
2026-09-27,EP152026,54,2026-10-06 00:00:00,9 days 00:00:00,216,23.23,-178.16,1006.9,35.1,77.12150124766296,77.12150124766296,0.0,0.0,18.863565168055228,0.0,0.0,0.0,0.0,0.0,0.0,0.0,0.0
2026-09-27,EP152026,54,2026-10-06 06:00:00,9 days 06:00:00,222,23.02,-179.82,1006.9,29.1,31.670428740992207,0.0,0.0,0.0,0.0,0.0,0.0,0.0,0.0,0.0,0.0,0.0,0.0
2026-09-27,EP152026,54,2026-10-06 12:00:00,9 days 12:00:00,228,22.92,178.44,1009.0,33.6,68.753518173662,0.0,0.0,0.0,0.0,0.0,0.0,0.0,0.0,0.0,0.0,0.0,0.0
2026-09-27,EP152026,54,2026-10-06 18:00:00,9 days 18:00:00,234,22.96,176.52,1007.8,29.0,54.17656466430344,0.0,0.0,0.0,0.0,0.0,0.0,0.0,0.0,0.0,0.0,0.0,0.0
2026-09-27,EP152026,54,2026-10-07 00:00:00,10 days 00:00:00,240,22.91,174.63,1003.8,35.8,74.64390180962194,112.31284827088992,45.74768511670479,22.097827068669623,94.89210787949165,0.0,0.0,0.0,0.0,0.0,0.0,0.0,0.0
2026-09-27,EP152026,54,2026-10-07 06:00:00,10 days 06:00:00,246,22.56,173.07,1004.8,31.0,49.65142450410691,0.0,0.0,0.0,0.0,0.0,0.0,0.0,0.0,0.0,0.0,0.0,0.0
2026-09-27,EP152026,54,2026-10-07 12:00:00,10 days 12:00:00,252,23.16,171.89,1002.2,31.9,96.82750575312788,0.0,0.0,0.0,0.0,0.0,0.0,0.0,0.0,0.0,0.0,0.0,0.0
2026-09-27,EP152026,54,2026-10-07 18:00:00,10 days 18:00:00,258,23.64,169.98,1005.1,29.8,53.54818060300269,0.0,0.0,0.0,0.0,0.0,0.0,0.0,0.0,0.0,0.0,0.0,0.0
2026-09-27,EP162026,54,2026-09-27 00:00:00,0 days 00:00:00,0,20.8,-123.6,975.0,76.0,28.0,167.0,167.0,148.0,185.0,93.0,74.0,74.0,93.0,65.0,46.0,37.0,56.0
2026-09-27,EP162026,54,2026-09-27 06:00:00,0 days 06:00:00,6,21.38,-123.36,988.9,63.3,34.60834874228004,134.58179639098458,113.99607628105,100.17736895427676,115.91257361585517,63.53343280569702,53.758937712415545,39.85888396840782,61.50430093956358,0.0,0.0,0.0,0.0
2026-09-27,EP162026,54,2026-09-27 12:00:00,0 days 12:00:00,12,22.07,-123.32,996.5,41.5,82.54296076397043,238.6412294421735,246.7641537525471,197.17503884407483,194.16522948566265,0.0,0.0,0.0,0.0,0.0,0.0,0.0,0.0
2026-09-27,EP162026,54,2026-09-27 18:00:00,0 days 18:00:00,18,22.57,-123.15,998.6,37.9,88.45027049768169,240.40536430629956,234.67513644109076,190.7707384957336,199.8732338291561,0.0,0.0,0.0,0.0,0.0,0.0,0.0,0.0
2026-09-27,EP162026,54,2026-09-28 00:00:00,1 days 00:00:00,24,22.79,-123.2,1001.7,32.6,102.51718034162462,0.0,0.0,0.0,0.0,0.0,0.0,0.0,0.0,0.0,0.0,0.0,0.0
2026-09-27,EP162026,54,2026-09-28 06:00:00,1 days 06:00:00,30,22.68,-123.02,1003.2,27.2,90.99528477692525,0.0,0.0,0.0,0.0,0.0,0.0,0.0,0.0,0.0,0.0,0.0,0.0
2026-09-27,EP162026,54,2026-09-28 12:00:00,1 days 12:00:00,36,22.69,-123.2,1002.8,27.8,89.89595609761658,0.0,0.0,0.0,0.0,0.0,0.0,0.0,0.0,0.0,0.0,0.0,0.0
2026-09-27,EP162026,54,2026-09-28 18:00:00,1 days 18:00:00,42,22.13,-123.14,1004.0,23.8,61.78917814338487,0.0,0.0,0.0,0.0,0.0,0.0,0.0,0.0,0.0,0.0,0.0,0.0
2026-09-27,EP162026,54,2026-09-29 00:00:00,2 days 00:00:00,48,21.75,-123.06,1006.5,25.0,94.07004445628756,0.0,0.0,0.0,0.0,0.0,0.0,0.0,0.0,0.0,0.0,0.0,0.0
2026-09-27,EP162026,54,2026-09-29 06:00:00,2 days 06:00:00,54,21.05,-122.93,1009.4,21.4,140.0416997422698,0.0,0.0,0.0,0.0,0.0,0.0,0.0,0.0,0.0,0.0,0.0,0.0
2026-09-27,EP172026,54,2026-09-27 00:00:00,0 days 00:00:00,0,19.0,-112.9,946.0,111.0,28.0,259.0,185.0,167.0,185.0,111.0,111.0,93.0,93.0,65.0,65.0,46.0,56.0
2026-09-27,EP172026,54,2026-09-27 06:00:00,0 days 06:00:00,6,20.04,-113.45,945.8,119.3,16.45801208799554,186.74574080588832,220.62151410512524,179.87328100682043,128.01228655460386,93.878305018452,100.38610206931446,82.33118842960232,73.25482558315298,73.00068133739751,69.84390306221098,57.43717225381266,58.83207861476956
2026-09-27,EP172026,54,2026-09-27 12:00:00,0 days 12:00:00,12,20.81,-113.86,955.4,98.4,20.772019417164923,171.3632778975167,165.7912956874944,123.6447145767286,145.11169654229107,91.57032076573232,85.23092905060531,59.2254074160028,77.30726350544708,52.92126803488876,44.43012119169469,33.226303816622526,43.3875098845961
2026-09-27,EP172026,54,2026-09-27 18:00:00,0 days 18:00:00,18,21.77,-114.11,950.3,116.5,16.493086038510107,219.59212596623257,218.50375078646505,111.7221932755859,148.4478910720647,97.40349874717566,88.30835683787211,59.85030605853615,67.77441614199878,57.622418198732646,50.84004366021813,36.71055717786809,46.09235088275024
2026-09-27,EP172026,54,2026-09-28 00:00:00,1 days 00:00:00,24,22.82,-114.21,952.9,112.4,28.32537143172616,202.81029912620036,244.63388022872164,154.86243551748169,136.67577245069847,120.66245916183124,119.22260024416454,81.73138909083907,85.56451649758777,75.4900794364923,68.0776560015787,48.48523444682302,58.72953522755445
2026-09-27,EP172026,54,2026-09-28 06:00:00,1 days 06:00:00,30,23.75,-114.3,941.2,120.4,27.050676116832165,176.97724899379682,223.86223277020144,158.50730388205102,96.83902411591224,94.94468475182477,112.05032771301558,83.65634904352692,72.46888006899644,62.01906365107561,55.96848338040354,45.66946336103456,48.56749298366685
2026-09-27,EP172026,54,2026-09-28 12:00:00,1 days 12:00:00,36,24.94,-113.87,949.9,104.1,39.14158268435634,161.36590609831205,198.37681467540148,159.40289319782497,143.3606856479861,92.3544884129703,100.79080571494816,80.21243261432366,72.35256287917463,61.81958762803218,60.22031174329861,48.13851929071311,50.30180975440616
2026-09-27,EP172026,54,2026-09-28 18:00:00,1 days 18:00:00,42,25.41,-113.14,965.2,86.9,43.87682416061217,167.90038897576426,181.5547822962673,144.31810472777067,96.0932109325658,82.49545141638811,98.265142106332,72.8831796021054,69.21783913103076,58.112090843016574,54.974653615639525,45.89132803443765,45.6748948100971
2026-09-27,EP172026,54,2026-09-29 00:00:00,2 days 00:00:00,48,26.05,-112.43,973.2,69.4,30.169636764066027,166.7406052398865,203.356011908338,154.51744076059876,112.99999249676384,95.14454831025589,107.86361901766904,78.52066775788583,66.28862345078124,30.858691734312146,30.105644327683592,21.64552771739405,21.621049465826395
2026-09-27,EP172026,54,2026-09-29 06:00:00,2 days 06:00:00,54,27.16,-111.6,989.3,58.2,6.611797011657174,135.92160026311137,137.9231251208083,128.56041373628284,107.2536746755339,63.921495726932704,65.29885233536294,43.900377366595706,47.20573643505115,0.0,0.0,0.0,0.0
2026-09-27,EP172026,54,2026-09-29 12:00:00,2 days 12:00:00,60,28.09,-111.06,993.9,44.7,72.21251069825834,160.6371792840576,148.55082241393575,101.49257988802307,104.97220447650504,0.0,0.0,0.0,0.0,0.0,0.0,0.0,0.0
2026-09-27,EP172026,54,2026-09-29 18:00:00,2 days 18:00:00,66,29.48,-110.2,997.6,28.9,51.46726141175088,0.0,0.0,0.0,0.0,0.0,0.0,0.0,0.0,0.0,0.0,0.0,0.0
2026-09-27,EP902026,54,2026-09-27 00:00:00,0 days 00:00:00,0,12.0,-98.6,1008.0,25.0,111.0,0.0,0.0,0.0,0.0,0.0,0.0,0.0,0.0,0.0,0.0,0.0,0.0
2026-09-27,EP902026,54,2026-09-27 06:00:00,0 days 06:00:00,6,12.04,-98.35,1006.5,25.3,117.7933229629233,0.0,0.0,0.0,0.0,0.0,0.0,0.0,0.0,0.0,0.0,0.0,0.0
2026-09-27,EP902026,54,2026-09-27 12:00:00,0 days 12:00:00,12,12.13,-98.63,1002.8,28.5,117.46773485483789,0.0,0.0,0.0,0.0,0.0,0.0,0.0,0.0,0.0,0.0,0.0,0.0
2026-09-27,EP902026,54,2026-09-27 18:00:00,0 days 18:00:00,18,12.31,-98.78,1005.9,35.6,102.2807922269142,102.2807922269142,79.71746459245144,46.17677296571909,67.2780672237343,0.0,0.0,0.0,0.0,0.0,0.0,0.0,0.0
2026-09-27,EP902026,54,2026-09-28 00:00:00,1 days 00:00:00,24,12.31,-99.25,1001.0,38.0,126.09383984968986,114.78874472564272,126.09383984968986,101.64159805392822,95.50338983172728,0.0,0.0,0.0,0.0,0.0,0.0,0.0,0.0
2026-09-27,EP902026,54,2026-09-28 06:00:00,1 days 06:00:00,30,12.61,-99.48,999.7,46.7,90.81723289913224,234.71799426849745,247.99322466530725,184.46294965040727,191.2044714190826,0.0,0.0,0.0,0.0,0.0,0.0,0.0,0.0
2026-09-27,EP902026,54,2026-09-28 12:00:00,1 days 12:00:00,36,13.43,-100.09,998.4,48.6,53.269849641012215,193.53939401756907,144.0682285781255,89.19731714492832,152.33279527801926,0.0,0.0,0.0,0.0,0.0,0.0,0.0,0.0
2026-09-27,EP902026,54,2026-09-28 18:00:00,1 days 18:00:00,42,14.07,-100.93,994.7,56.1,31.54694708436253,213.8507261188924,201.49988359056323,131.85112463495443,176.96497598360543,105.71810714317724,90.81985666278425,60.23721631358686,76.7418417402134,0.0,0.0,0.0,0.0
2026-09-27,EP902026,54,2026-09-29 00:00:00,2 days 00:00:00,48,14.2,-102.02,995.8,50.0,103.24145328432536,140.7918266389289,136.11911842835633,38.78280384408592,100.8654724038223,6.442246165002169,103.24145328432536,1.0920362834630328,0.0,0.0,0.0,0.0,0.0
2026-09-27,EP902026,54,2026-09-29 06:00:00,2 days 06:00:00,54,14.93,-103.22,993.6,56.8,50.48898247086108,194.04081797527343,190.7963061490305,125.96859305985224,151.6213671164963,81.84089719727483,73.72531012008889,45.44348323195638,57.44802100083676,0.0,0.0,0.0,0.0
2026-09-27,EP902026,54,2026-09-29 12:00:00,2 days 12:00:00,60,15.27,-104.08,992.2,49.6,59.98835617627631,184.9799832463342,142.02556424475137,95.77607111989468,128.90880570507204,0.0,0.0,0.0,0.0,0.0,0.0,0.0,0.0
2026-09-27,EP902026,54,2026-09-29 18:00:00,2 days 18:00:00,66,15.73,-105.1,985.5,72.6,46.2352477667914,143.95292239429835,143.34175651664094,94.12324079345169,105.1999229247715,67.64882438315632,54.80136566257575,30.066379377580272,46.10986384139477,46.2352477667914,13.417787526841533,7.714337846907224,14.034431414723482
2026-09-27,EP902026,54,2026-09-30 00:00:00,3 days 00:00:00,72,16.39,-105.9,968.9,88.8,25.358241910234785,204.76302314337863,247.0415515168142,179.3015465802992,145.0993981922483,96.17735151446354,95.5277009072902,63.66213615194468,65.34174770091437,44.70384065009239,40.09500746078862,28.258334378321432,32.67965714821859
2026-09-27,EP902026,54,2026-09-30 06:00:00,3 days 06:00:00,78,17.11,-106.48,958.2,106.7,33.39103117636296,197.83424078706597,254.86741753718889,180.75507762132477,142.16441928421045,98.3398291871199,97.25591974262716,68.91345210309282,68.61169614126447,51.8638181790966,47.08485998684864,35.731959539883974,41.01984191005249
2026-09-27,EP902026,54,2026-09-30 12:00:00,3 days 12:00:00,84,17.98,-107.4,959.2,99.0,23.828757603880145,221.1171456802839,284.5189875116058,220.26531883051436,185.379633322172,94.5735387029598,108.67807892069015,82.2255454532679,68.20863330612366,44.31864007512526,44.555153858480566,33.7140212799286,34.61343307238548
2026-09-27,EP902026,54,2026-09-30 18:00:00,3 days 18:00:00,90,18.03,-108.02,943.8,115.3,3.837373403220539,175.28523921761294,225.63054979360157,197.74770040803807,146.5032131404525,90.7247943855559,90.59143728210437,82.81976976030157,82.24663157476739,63.516319638020775,53.0909742285142,43.07087445302128,52.04783573181705
2026-09-27,EP902026,54,2026-10-01 00:00:00,4 days 00:00:00,96,18.35,-108.38,936.9,122.2,28.794641725863585,110.35294747472103,153.2055872411628,136.53314254254602,95.14419974808098,79.00565560002158,75.79448870088424,71.14091760492886,70.45678264422241,57.79215895148194,47.94356768774901,39.104060443098575,47.89722948560666
2026-09-27,EP902026,54,2026-10-01 06:00:00,4 days 06:00:00,102,18.56,-108.63,954.3,104.1,20.940964971503,198.63316195437488,232.1952432615765,182.00891749409,152.46695510053132,90.74705908910462,96.8764750016158,80.01250933336908,69.51104281382733,43.56393308223354,39.56863999161614,32.737574201697214,36.43852455364441
2026-09-27,EP902026,54,2026-10-01 12:00:00,4 days 12:00:00,108,18.64,-109.02,959.3,97.2,18.823648802760054,107.23944360410336,151.8354523814465,166.41076526782092,117.1429323558041,63.83908734478467,73.9354922359802,71.98067238896004,62.83012717432861,48.79480472104961,44.51460821111026,36.24149468822168,40.39921722195169
2026-09-27,EP902026,54,2026-10-01 18:00:00,4 days 18:00:00,114,18.69,-109.46,980.2,69.2,82.66607070994786,155.32289391885115,197.47021589372457,200.0007435211155,152.24023747013075,101.82661776095917,107.16056297170746,96.73939780293574,92.06912431830858,82.66607070994786,34.9976989458616,29.74056222822909,33.04932854406405
2026-09-27,EP902026,54,2026-10-02 00:00:00,5 days 00:00:00,120,19.09,-109.31,982.9,64.5,40.10097485383619,197.50791514476623,241.7734124377523,183.23077567714927,144.60046481831705,99.87198637801588,103.82538971401368,77.2370111902211,70.86132652438391,40.10097485383619,29.318338641310906,23.398481594337227,23.67317939383432
2026-09-27,EP902026,54,2026-10-02 06:00:00,5 days 06:00:00,126,19.22,-109.46,984.1,56.7,75.49278109242208,155.25326700566887,171.7640538136001,134.340421355062,129.1470029908243,75.49278109242208,29.354690466803927,19.086192390010098,24.8301470015036,0.0,0.0,0.0,0.0
2026-09-27,EP902026,54,2026-10-02 12:00:00,5 days 12:00:00,132,19.71,-109.54,990.6,50.7,54.83235180199253,178.6022622106169,201.35591713908423,167.90637721408703,155.10238070278535,1.469035653803485,54.83235180199253,0.0,0.0,0.0,0.0,0.0,0.0
2026-09-27,EP902026,54,2026-10-02 18:00:00,5 days 18:00:00,138,19.98,-110.11,994.5,48.1,61.423762976136686,210.44288413982107,225.0359375945174,173.68217117160827,173.6095352788885,0.0,0.0,0.0,0.0,0.0,0.0,0.0,0.0
2026-09-27,EP902026,54,2026-10-03 00:00:00,6 days 00:00:00,144,20.28,-110.41,992.4,48.6,38.9434998941141,154.0853853160198,156.2691297790588,115.86691953184526,122.02763442668218,0.0,0.0,0.0,0.0,0.0,0.0,0.0,0.0
2026-09-27,EP902026,54,2026-10-03 06:00:00,6 days 06:00:00,150,20.47,-110.7,992.6,54.5,71.92878768131547,171.9639762610239,173.32079734940555,121.79604540499354,127.41024235055671,71.92878768131547,9.52310745901316,2.216050035367565,3.966846700476893,0.0,0.0,0.0,0.0
2026-09-27,EP902026,54,2026-10-03 12:00:00,6 days 12:00:00,156,20.53,-111.0,988.2,54.6,65.04975277427468,100.4065500731474,99.60838304728176,68.38022573349649,64.82892861629291,65.04975277427468,19.005708170401505,9.706012619673215,10.545942953453872,0.0,0.0,0.0,0.0
2026-09-27,EP902026,54,2026-10-03 18:00:00,6 days 18:00:00,162,20.48,-111.12,985.7,64.0,23.96305122540258,161.74734087203956,108.18227891183732,94.33474872488024,130.7135075457943,78.57239621903727,62.81634015485463,40.57010748222069,72.14852558813743,0.0,0.0,0.0,0.0
2026-09-27,EP902026,54,2026-10-04 00:00:00,7 days 00:00:00,168,20.56,-111.49,990.2,62.7,37.423229439363325,131.2606088153111,111.27836797471316,91.04366842942012,120.3854171551717,80.31753065631383,61.24269216095889,39.3542533476052,63.42359991010128,0.0,0.0,0.0,0.0
2026-09-27,EP902026,54,2026-10-04 06:00:00,7 days 06:00:00,174,20.56,-111.69,985.7,64.7,28.08591402376169,126.43158927966306,110.39575758904948,121.76382943090177,126.62695034334,60.57854672354051,53.90311811579568,43.18517324100981,53.51873270612032,28.08591402376169,16.213285202399334,11.480614041544754,15.289104778041915
2026-09-27,EP902026,54,2026-10-04 12:00:00,7 days 12:00:00,180,20.5,-111.76,972.9,74.0,26.68398896197345,120.85045109404348,146.85686546595002,154.39603571091493,137.5789797789099,73.19134479319678,70.24547378491741,68.50908739401359,68.57067474043936,26.68398896197345,19.310260374375048,16.110627419793403,17.754228543309793
2026-09-27,EP902026,54,2026-10-04 18:00:00,7 days 18:00:00,186,20.4,-111.87,972.1,79.0,38.65479037758064,93.649369614217,87.57372682712048,110.04592685986526,116.59772217062788,73.20809645641141,70.7419595818682,70.76542758554844,76.5805534150791,43.0060344178094,37.91425944968627,34.60437759637736,36.18949992794347
2026-09-27,EP902026,54,2026-10-05 00:00:00,8 days 00:00:00,192,20.24,-112.1,977.2,73.8,20.3345713242029,96.46319712821474,123.73551925227557,131.85956233263718,97.3743284872006,33.59737054451368,45.35309952569558,41.94048244858176,28.490028494931877,24.94533565328373,23.80230366975317,17.267619038652505,20.212971132458254
2026-09-27,EP902026,54,2026-10-05 06:00:00,8 days 06:00:00,198,20.17,-112.08,972.8,74.8,22.674488314027982,123.600979473719,65.24260431137243,101.2166572870636,140.01441114077073,66.28473339322534,53.41674671733243,49.80385660110511,68.44681745471543,51.492526585864624,45.98306518959642,38.84596700465941,42.04655093804394
2026-09-27,EP902026,54,2026-10-05 12:00:00,8 days 12:00:00,204,20.27,-112.22,973.0,81.5,24.054181617785872,103.85510605339346,103.79235023931608,118.21736923406736,122.78544698684648,42.53005019599581,38.16562051686103,42.32361764231408,41.1497112047083,27.036541881471575,24.77779411733408,23.64586680264408,25.2443609666645
2026-09-27,EP902026,54,2026-10-05 18:00:00,8 days 18:00:00,210,20.42,-112.31,981.1,68.2,35.58063183964521,107.214082271528,102.94685226574596,113.22533441241444,105.66331198359512,48.82551716814214,48.26993358354275,41.93441118318572,42.86403777497094,35.58063183964521,18.84942145419041,14.474774567181129,17.682026170857085
2026-09-27,EP902026,54,2026-10-06 00:00:00,9 days 00:00:00,216,20.51,-112.51,983.5,65.4,15.261081466995648,175.26209910957448,136.71125953481095,166.02902578874415,206.09692686435343,110.84417186425075,102.05141224138634,94.46570419412105,110.12226380866838,70.43148778715081,61.89299869203887,52.32100955868263,58.76118773377607
2026-09-27,EP902026,54,2026-10-06 06:00:00,9 days 06:00:00,222,20.89,-112.79,986.5,54.6,45.908064842003085,96.37788027775224,85.55014134725269,90.5115531881716,87.69563158787119,45.908064842003085,27.011708040976288,23.09618331953923,22.41378864895581,0.0,0.0,0.0,0.0
2026-09-27,EP902026,54,2026-10-06 12:00:00,9 days 12:00:00,228,21.28,-113.37,992.1,50.7,30.70145373345644,151.6818130466435,104.32451853574028,95.40123175605204,144.6010682710591,42.148828827888,34.07703636281032,23.266614793044457,35.52205434794745,0.0,0.0,0.0,0.0
2026-09-27,EP902026,54,2026-10-06 18:00:00,9 days 18:00:00,234,21.54,-113.89,999.8,47.6,31.502397083405757,157.8118128962529,99.58573954429352,114.77763967512443,168.998815105194,0.0,0.0,0.0,0.0,0.0,0.0,0.0,0.0
2026-09-27,EP902026,54,2026-10-07 00:00:00,10 days 00:00:00,240,22.15,-114.71,993.9,47.1,98.1217236857583,222.2678019691276,120.8213975049135,81.95711804117309,179.1712939053891,0.0,0.0,0.0,0.0,0.0,0.0,0.0,0.0
2026-09-27,EP902026,54,2026-10-07 06:00:00,10 days 06:00:00,246,22.5,-115.64,996.0,47.0,52.175453019436375,176.78265548466618,112.00333126808232,94.08351366555355,152.41707133313463,0.0,0.0,0.0,0.0,0.0,0.0,0.0,0.0
2026-09-27,EP902026,54,2026-10-07 12:00:00,10 days 12:00:00,252,22.77,-116.4,997.9,43.9,54.78667414875688,154.88882047667167,102.54721643138208,70.11557070672654,136.64419136552544,0.0,0.0,0.0,0.0,0.0,0.0,0.0,0.0
2026-09-27,EP902026,54,2026-10-07 18:00:00,10 days 18:00:00,258,23.2,-117.48,998.0,45.2,81.7652711558404,140.99693346573312,110.0968216979375,62.209543498908566,114.10670983224136,0.0,0.0,0.0,0.0,0.0,0.0,0.0,0.0
2026-09-27,EP902026,54,2026-10-08 00:00:00,11 days 00:00:00,264,23.42,-117.99,1000.6,44.1,33.79996111031639,122.90911940205972,74.90989311682284,44.65759870958638,113.26362149376678,0.0,0.0,0.0,0.0,0.0,0.0,0.0,0.0
2026-09-27,EP902026,54,2026-10-08 06:00:00,11 days 06:00:00,270,23.86,-118.86,1001.6,43.0,53.63109690507095,175.63088673163963,115.03618475137576,86.76814388759945,155.58351892416752,0.0,0.0,0.0,0.0,0.0,0.0,0.0,0.0
2026-09-27,EP902026,54,2026-10-08 12:00:00,11 days 12:00:00,276,23.89,-119.53,1001.2,38.7,56.4146192374107,63.01539850281037,41.30173881988424,23.458220110474585,52.98285830181153,0.0,0.0,0.0,0.0,0.0,0.0,0.0,0.0
2026-09-27,EP902026,54,2026-10-08 18:00:00,11 days 18:00:00,282,24.26,-120.45,999.3,38.5,110.33916639315304,110.33916639315304,25.57494436418364,4.308575841998618,59.200876429344106,0.0,0.0,0.0,0.0,0.0,0.0,0.0,0.0
2026-09-27,EP902026,54,2026-10-09 00:00:00,12 days 00:00:00,288,24.16,-121.35,1001.9,38.5,46.73321040164738,79.33880306165977,45.48025359645542,26.945150979191837,66.71939032275,0.0,0.0,0.0,0.0,0.0,0.0,0.0,0.0
2026-09-27,EP902026,54,2026-10-09 06:00:00,12 days 06:00:00,294,23.87,-122.1,1003.5,34.0,61.070880896856266,8.955215856831515,0.0,0.0,61.070880896856266,0.0,0.0,0.0,0.0,0.0,0.0,0.0,0.0
2026-09-27,EP902026,54,2026-10-09 12:00:00,12 days 12:00:00,300,23.84,-122.64,1005.9,32.2,122.43982226537436,0.0,0.0,0.0,0.0,0.0,0.0,0.0,0.0,0.0,0.0,0.0,0.0
2026-09-27,EP902026,54,2026-10-09 18:00:00,12 days 18:00:00,306,23.73,-123.3,1005.3,31.2,111.89708742876223,0.0,0.0,0.0,0.0,0.0,0.0,0.0,0.0,0.0,0.0,0.0,0.0
2026-09-27,EP902026,54,2026-10-10 00:00:00,13 days 00:00:00,312,23.52,-123.9,1005.6,28.6,97.5362544096331,0.0,0.0,0.0,0.0,0.0,0.0,0.0,0.0,0.0,0.0,0.0,0.0
2026-09-27,EP902026,54,2026-10-10 06:00:00,13 days 06:00:00,318,23.12,-124.93,1006.4,27.5,140.71445876645893,0.0,0.0,0.0,0.0,0.0,0.0,0.0,0.0,0.0,0.0,0.0,0.0
2026-09-27,EP902026,54,2026-10-10 12:00:00,13 days 12:00:00,324,23.07,-125.66,1008.1,25.9,162.6710432140695,0.0,0.0,0.0,0.0,0.0,0.0,0.0,0.0,0.0,0.0,0.0,0.0
2026-09-27,EP902026,54,2026-10-10 18:00:00,13 days 18:00:00,330,23.12,-126.37,1007.6,25.3,123.6761492320666,0.0,0.0,0.0,0.0,0.0,0.0,0.0,0.0,0.0,0.0,0.0,0.0
2026-09-27,EP902026,54,2026-10-11 00:00:00,14 days 00:00:00,336,22.8,-127.2,1006.2,22.1,91.479910724977,0.0,0.0,0.0,0.0,0.0,0.0,0.0,0.0,0.0,0.0,0.0,0.0
2026-09-27,EP902026,54,2026-10-11 06:00:00,14 days 06:00:00,342,22.74,-127.68,1010.2,22.5,86.81723682480632,0.0,0.0,0.0,0.0,0.0,0.0,0.0,0.0,0.0,0.0,0.0,0.0
2026-09-27,EP902026,54,2026-10-11 12:00:00,14 days 12:00:00,348,22.68,-128.07,1006.9,26.0,83.22403244502604,0.0,0.0,0.0,0.0,0.0,0.0,0.0,0.0,0.0,0.0,0.0,0.0
2026-09-27,EP902026,54,2026-10-11 18:00:00,14 days 18:00:00,354,22.54,-128.66,1010.4,21.8,135.40655206164783,0.0,0.0,0.0,0.0,0.0,0.0,0.0,0.0,0.0,0.0,0.0,0.0
2026-09-27,EP902026,54,2026-10-12 00:00:00,15 days 00:00:00,360,22.69,-129.08,1008.9,21.4,112.39842762343144,0.0,0.0,0.0,0.0,0.0,0.0,0.0,0.0,0.0,0.0,0.0,0.0
2026-09-27,WP252026,54,2026-09-27 00:00:00,0 days 00:00:00,0,24.6,127.6,964.0,89.0,22.0,102.0,121.0,102.0,93.0,,,,,,,,
2026-09-27,WP252026,54,2026-09-27 06:00:00,0 days 06:00:00,6,25.15,128.34,948.6,97.5,34.811650506484106,147.79535020799696,158.47534731010205,131.99683109224975,94.46189233271244,85.97126658067768,96.91311758283724,77.69902602874369,60.329088014742354,54.6151068637504,59.0940740582615,48.76767821862218,43.454475005468
2026-09-27,WP252026,54,2026-09-27 12:00:00,0 days 12:00:00,12,25.82,129.21,941.6,109.0,11.44542960105082,67.05549811689752,105.07284291158884,109.3892520192412,56.415209644870174,46.64254841079082,70.80282379541404,65.43814381144375,38.94214241299096,39.10594620606798,42.81155335538551,37.88568240970199,32.890699056749554
2026-09-27,WP252026,54,2026-09-27 18:00:00,0 days 18:00:00,18,26.61,129.86,952.1,105.3,24.117130579414123,153.42348368675698,163.32706788233227,133.11288886470592,114.18538847840586,77.71936096511651,97.38203057772466,79.26248469801439,55.645879845324,54.8520295631825,59.727068864337525,51.14107724619619,44.83104759799798
2026-09-27,WP252026,54,2026-09-28 00:00:00,1 days 00:00:00,24,27.12,131.05,966.9,82.4,32.786792418435226,148.18928513044506,180.1970876472099,156.37500715924295,125.23689116884492,81.07625337180409,95.75566222765816,77.6617887634709,58.59180907755575,39.77115425501314,44.02203134719963,35.66861376832047,32.43919241493015
2026-09-27,WP252026,54,2026-09-28 06:00:00,1 days 06:00:00,30,27.53,131.92,979.8,70.9,26.77748846647936,144.62662145515782,184.56626456437093,156.5259566678397,116.86564625889808,60.88585619906193,74.78323898856306,60.33076368820682,46.758707219616014,27.89964529403587,26.632980374496345,23.41092272816886,20.892501299633505
2026-09-27,WP252026,54,2026-09-28 12:00:00,1 days 12:00:00,36,27.81,132.69,985.0,62.2,10.168070544471249,131.5836872297482,170.46889708377057,158.1871613458568,116.61392686722792,79.16187987036523,96.60145587858456,76.29383448990717,59.08632663148262,0.0,0.0,0.0,0.0
2026-09-27,WP252026,54,2026-09-28 18:00:00,1 days 18:00:00,42,28.46,133.76,986.6,59.6,62.97896616014058,132.6550753614677,133.2430138181116,103.48188560769216,86.7517378573549,49.55679686773354,62.97896616014058,40.315696899929634,30.656597865808724,0.0,0.0,0.0,0.0
2026-09-27,WP252026,54,2026-09-29 00:00:00,2 days 00:00:00,48,29.04,134.68,994.0,48.8,26.690868126152363,145.3583200742737,150.0320875587692,128.76289711179794,120.25837641289615,0.0,0.0,0.0,0.0,0.0,0.0,0.0,0.0
2026-09-27,WP252026,54,2026-09-29 06:00:00,2 days 06:00:00,54,29.66,135.94,995.4,43.0,36.73395028427933,89.4112167037662,136.73756294855502,90.0089270877849,69.55594145633742,0.0,0.0,0.0,0.0,0.0,0.0,0.0,0.0
2026-09-27,WP252026,54,2026-09-29 12:00:00,2 days 12:00:00,60,30.37,137.09,1001.3,34.1,75.93792323811509,151.6456997758781,145.64579455710822,126.44141621016868,131.31627828213692,0.0,0.0,0.0,0.0,0.0,0.0,0.0,0.0
2026-09-27,WP252026,54,2026-09-29 18:00:00,2 days 18:00:00,66,31.01,138.23,998.1,35.4,164.64592632504545,0.4428986031384987,164.64592632504545,0.0,0.0,0.0,0.0,0.0,0.0,0.0,0.0,0.0,0.0
2026-09-27,WP252026,54,2026-09-30 00:00:00,3 days 00:00:00,72,31.98,139.69,1000.3,36.2,89.74771450243902,211.70632452724936,255.82444450739845,209.27117058188628,196.1001782848241,0.0,0.0,0.0,0.0,0.0,0.0,0.0,0.0
2026-09-27,WP252026,54,2026-09-30 06:00:00,3 days 06:00:00,78,32.84,141.45,999.6,38.7,121.4674254611548,22.398096223479712,121.4674254611548,11.59844917396896,0.0,0.0,0.0,0.0,0.0,0.0,0.0,0.0,0.0
2026-09-27,WP252026,54,2026-09-30 12:00:00,3 days 12:00:00,84,33.4,142.89,995.5,40.3,62.60243451935549,64.00385534025429,71.65696825473117,29.69716752904856,25.52120208940255,0.0,0.0,0.0,0.0,0.0,0.0,0.0,0.0
2026-09-27,WP252026,54,2026-09-30 18:00:00,3 days 18:00:00,90,33.84,144.12,997.3,35.5,118.06423997416734,0.0,118.06423997416734,0.0,0.0,0.0,0.0,0.0,0.0,0.0,0.0,0.0,0.0
2026-09-27,WP252026,54,2026-10-01 00:00:00,4 days 00:00:00,96,34.42,145.04,998.6,25.3,138.6180755907301,0.0,0.0,0.0,0.0,0.0,0.0,0.0,0.0,0.0,0.0,0.0,0.0
2026-09-27,WP252026,54,2026-10-01 06:00:00,4 days 06:00:00,102,35.8,146.39,997.8,30.4,50.55763170079297,0.0,0.0,0.0,0.0,0.0,0.0,0.0,0.0,0.0,0.0,0.0,0.0
2026-09-27,WP252026,54,2026-10-01 12:00:00,4 days 12:00:00,108,37.53,147.98,997.8,32.3,135.75127352181445,0.0,0.0,0.0,0.0,0.0,0.0,0.0,0.0,0.0,0.0,0.0,0.0
2026-09-27,WP252026,54,2026-10-01 18:00:00,4 days 18:00:00,114,39.96,151.4,997.1,38.0,139.91024205869053,7.151465563105706,139.91024205869053,0.0,0.0,0.0,0.0,0.0,0.0,0.0,0.0,0.0,0.0
2026-09-27,WP252026,54,2026-10-02 00:00:00,5 days 00:00:00,120,42.74,155.54,987.6,46.1,139.52765160577002,200.59625207727925,279.67701869608874,171.7381727010988,138.39878822327623,0.0,0.0,0.0,0.0,0.0,0.0,0.0,0.0
2026-09-27,AL062026,55,2026-09-27 00:00:00,0 days 00:00:00,0,29.8,-43.9,1010.0,29.0,56.0,0.0,0.0,0.0,0.0,0.0,0.0,0.0,0.0,0.0,0.0,0.0,0.0
2026-09-27,AL062026,55,2026-09-27 06:00:00,0 days 06:00:00,6,29.68,-44.16,1011.5,23.0,53.67929922599671,0.0,0.0,0.0,0.0,0.0,0.0,0.0,0.0,0.0,0.0,0.0,0.0
2026-09-27,EP152026,55,2026-09-27 00:00:00,0 days 00:00:00,0,16.7,-156.1,972.0,80.0,37.0,241.0,185.0,185.0,241.0,93.0,74.0,93.0,111.0,56.0,46.0,56.0,56.0
2026-09-27,EP152026,55,2026-09-27 06:00:00,0 days 06:00:00,6,16.42,-156.83,976.2,89.4,31.37908794739732,176.9426118704519,152.17480487710742,149.12167647211032,185.20536421362849,97.09890221331273,78.77104614551277,68.48357233760575,92.50292077174744,56.620711114029824,47.79977702263879,41.22510391520859,48.21503947684925
2026-09-27,EP152026,55,2026-09-27 12:00:00,0 days 12:00:00,12,16.22,-157.32,967.0,90.3,13.1600119914591,226.56148532711492,165.18657892721808,143.4378610513512,246.7425450530095,136.51183180345413,96.7561046498717,85.38229033834301,129.54196774951032,72.21633796565874,56.34573492758548,47.18489996979784,61.82982599150432
2026-09-27,EP152026,55,2026-09-27 18:00:00,0 days 18:00:00,18,16.06,-158.24,951.7,103.0,26.70315031324621,183.14356616424368,123.7483269576588,160.37610792625412,211.2798445807263,115.12983520182036,89.1038898446273,83.03722797373683,117.90397795706336,64.3215456110523,48.475077933478815,39.45201989163751,55.82056267370814
2026-09-27,EP152026,55,2026-09-28 00:00:00,1 days 00:00:00,24,15.96,-159.66,951.3,106.9,19.871615187376047,235.2369471289893,185.37526020420935,155.23558284306154,233.6431658165607,135.37646451094434,99.5547156635811,89.64932412564858,126.22764295302804,82.09948286700401,70.2123376840932,57.65452684915965,72.64075632108225
2026-09-27,EP152026,55,2026-09-28 06:00:00,1 days 06:00:00,30,16.66,-160.62,948.5,113.9,17.85810156637271,180.5177820289205,150.3177263612971,119.72515750891608,166.63112988762543,100.2772164745952,71.21918516120121,60.94247440596098,93.88891058994784,50.90531878957134,37.08231953702446,29.90647372240049,46.11742769458749
2026-09-27,EP152026,55,2026-09-28 12:00:00,1 days 12:00:00,36,16.98,-161.64,944.5,119.8,11.96376363029458,188.6419842885716,138.3891993742127,127.4374773640211,203.6811611526464,115.95015187349236,91.96656777236149,84.29016835800303,109.06207771458958,77.1113321372668,67.8605513976022,55.7613337416833,69.10156749291673
2026-09-27,EP152026,55,2026-09-28 18:00:00,1 days 18:00:00,42,17.63,-162.26,943.0,118.9,8.052086421178622,140.5154076020777,134.59342138301463,114.94129910926632,111.99255061461189,84.24329678891277,85.55084925976075,77.28049809005319,76.01507816966082,53.38474425524219,46.6386363220452,38.65434339017854,45.654749427401406
2026-09-27,EP152026,55,2026-09-29 00:00:00,2 days 00:00:00,48,18.52,-162.92,949.1,113.2,25.688044553091075,216.5485814384151,199.96469804391117,144.12610772285242,158.33530615032652,114.42627299900818,118.20976756652968,88.24675456056556,95.60237889358548,68.37673210795582,62.612035851221975,46.697524355283065,55.05787944616689
2026-09-27,EP152026,55,2026-09-29 06:00:00,2 days 06:00:00,54,19.64,-163.28,951.1,101.7,41.27041335651893,210.89193902683516,162.31784965804047,109.34580378143636,164.0479076780383,114.8105345106243,89.33415657767637,54.56745837265281,86.87338973534418,61.98666488267335,53.59730241995674,36.4543647349398,50.52828935749293
2026-09-27,EP152026,55,2026-09-29 12:00:00,2 days 12:00:00,60,20.43,-163.43,970.9,86.6,35.98269941714934,209.57186047455707,156.85767485164348,117.92845379269106,177.6475367932068,129.65953152741776,115.37244346101532,76.3417221810484,110.75627324751623,74.4255670352189,65.92068613830585,47.91283759097275,62.03000571423016
2026-09-27,EP152026,55,2026-09-29 18:00:00,2 days 18:00:00,66,21.17,-163.55,975.7,80.1,51.96128785012488,155.72747434121482,131.46458794120758,106.6322780199594,107.4479728719528,71.86891575154651,72.99839896176206,57.14982913982335,66.46417108632824,51.96128785012488,41.97611316732355,32.469441555402085,39.72290134407342
2026-09-27,EP152026,55,2026-09-30 00:00:00,3 days 00:00:00,72,22.51,-163.69,979.4,74.2,38.345355784393234,207.23272349406687,153.0024616973667,111.80789947694072,180.80217763806036,108.06105562883477,81.51906612508637,56.32947884214941,97.5250767505141,56.33794143977444,45.51230261013821,30.8935185446257,45.425371161876726
2026-09-27,EP152026,55,2026-09-30 06:00:00,3 days 06:00:00,78,22.73,-163.64,989.9,53.4,36.563855737032014,295.86005623359574,239.5357784843232,183.24876914437812,256.198208334513,122.41590044046762,108.22843491414346,85.36920812002758,108.29741169533249,0.0,0.0,0.0,0.0
2026-09-27,EP152026,55,2026-09-30 12:00:00,3 days 12:00:00,84,23.21,-163.87,987.1,59.7,96.97191620249482,201.13618806978172,136.34529217231432,85.6991677874789,174.56183324965616,96.97191620249482,27.471514629985865,16.486983834404356,31.83908418047972,0.0,0.0,0.0,0.0
2026-09-27,EP152026,55,2026-09-30 18:00:00,3 days 18:00:00,90,23.66,-164.93,991.1,51.7,56.43129921837976,282.66328182820257,162.9516136014978,137.97154069597548,256.0979901853136,91.66990670629777,63.73701272113675,49.66990676659032,76.64744941648428,0.0,0.0,0.0,0.0
2026-09-27,EP152026,55,2026-10-01 00:00:00,4 days 00:00:00,96,23.98,-166.05,993.8,45.0,72.30673422071305,349.60619165040066,196.38873917379664,164.33883791147647,311.2325326380096,0.0,0.0,0.0,0.0,0.0,0.0,0.0,0.0
2026-09-27,EP152026,55,2026-10-01 06:00:00,4 days 06:00:00,102,23.87,-167.67,986.2,59.7,60.40563694236764,224.69423166768837,168.23050073810876,109.15997029447108,207.18042671329056,60.40563694236764,39.833667586379214,21.934769575865168,38.47685160297968,0.0,0.0,0.0,0.0
2026-09-27,EP152026,55,2026-10-01 12:00:00,4 days 12:00:00,108,23.31,-168.68,988.7,60.0,35.556325896750344,235.6501468791099,151.70880703364986,154.11796232227755,249.21029759284127,99.51379049602136,78.1021156989819,59.20488728089954,85.01344519604636,0.0,0.0,0.0,0.0
2026-09-27,EP152026,55,2026-10-01 18:00:00,4 days 18:00:00,114,23.31,-169.09,986.6,55.9,109.1324614833855,240.13691911544063,179.35862768571295,129.84272475330025,216.98765308697392,109.1324614833855,18.079517144083265,10.50116342421889,19.750803563824142,0.0,0.0,0.0,0.0
2026-09-27,EP152026,55,2026-10-02 00:00:00,5 days 00:00:00,120,23.56,-169.77,990.8,51.3,32.44982107556598,237.80671343051745,174.34848965280798,182.2086034691056,225.91947690046985,119.4740941025666,102.03452838796102,84.46512752173885,110.3572614534164,0.0,0.0,0.0,0.0
2026-09-27,EP152026,55,2026-10-02 06:00:00,5 days 06:00:00,126,23.72,-170.23,983.3,54.6,50.59707396938029,209.77108450190465,134.70428322693624,143.15951291025704,204.5929347621568,68.9844065872976,55.19427734544206,40.26832529352305,61.738305842810405,0.0,0.0,0.0,0.0
2026-09-27,EP152026,55,2026-10-02 12:00:00,5 days 12:00:00,132,24.08,-170.74,980.0,68.4,40.37383618912037,240.42004209155127,204.50711731261717,175.73348574225403,216.9868602741014,143.88686946503853,121.4625221336174,101.94272856330208,124.01501111996156,40.37383618912037,30.097433123473124,23.62428178227616,32.174040811198566
2026-09-27,EP152026,55,2026-10-02 18:00:00,5 days 18:00:00,138,24.11,-171.31,980.6,61.0,62.00076672840304,214.69050157456653,166.99623217097718,198.60550854341864,235.80001397694025,110.05307356151206,96.7888280167958,88.76419163044605,103.59523884807744,0.0,0.0,0.0,0.0
2026-09-27,EP152026,55,2026-10-03 00:00:00,6 days 00:00:00,144,24.01,-171.62,980.3,67.6,48.40668143239181,211.8660332317991,178.51168558195087,167.50747861683328,197.40238262019557,110.71927963434652,104.50098407528743,89.3892107991716,107.31691156233242,58.25048222880994,54.76446072175814,46.97473460183154,49.13019438940378
2026-09-27,EP152026,55,2026-10-03 06:00:00,6 days 06:00:00,150,23.8,-171.97,986.1,60.1,42.61385230638433,165.77890394500923,124.81960707092844,133.42927511566506,193.8483637338195,101.1414671861387,76.65735773836064,50.10789648693688,82.10156695836173,0.0,0.0,0.0,0.0
2026-09-27,EP152026,55,2026-10-03 12:00:00,6 days 12:00:00,156,23.95,-172.93,976.2,70.3,27.127288280428505,252.2854214960872,168.87207353592402,131.0304978014494,243.26757968219025,120.0711098771394,82.68794473925544,56.52900068646741,100.6291589633016,32.23552058728639,22.45154241397865,16.691702352081254,27.70972606428772
2026-09-27,EP152026,55,2026-10-03 18:00:00,6 days 18:00:00,162,24.19,-174.21,980.0,67.2,36.281750942300846,313.6684933090751,188.07836075673825,130.7367776058644,273.13092666448574,138.90955417035525,98.67553822490676,58.242139442424616,113.64038630119512,36.281750942300846,21.03785536355645,13.769098064559572,26.80801138892932
2026-09-27,EP152026,55,2026-10-04 00:00:00,7 days 00:00:00,168,24.73,-176.13,975.1,75.1,24.860410922416587,287.73541214175486,183.2828911439663,112.35769441335492,252.25804852827832,111.85569435101304,76.4511678583666,46.1111976250935,91.66374084414343,53.71109287039445,40.77674043119583,28.38616822126173,46.21862260760429
2026-09-27,EP152026,55,2026-10-04 06:00:00,7 days 06:00:00,174,25.13,-178.31,969.8,80.1,31.54446401111296,282.092647931698,155.54464239886437,114.86802919825224,253.531825927724,127.64817696732068,86.19671733732052,47.224677728890775,101.78806095024024,51.34566877970404,40.66460422825949,28.02035234465183,43.04687677307941
2026-09-27,EP152026,55,2026-10-04 12:00:00,7 days 12:00:00,180,25.64,178.92,964.0,88.4,44.60936095152752,321.83437770867295,228.00257672927555,192.45802830124103,276.8009196460581,150.69335118226277,130.3564533722148,95.0117490003725,123.95483390163184,82.2798824862985,73.01219015021618,53.46033305236088,66.61740464689888
2026-09-27,EP152026,55,2026-10-04 18:00:00,7 days 18:00:00,186,25.66,177.06,969.2,77.7,43.17824480440597,318.9060094915394,211.60116441813344,177.6938887545232,303.71169342712096,149.03232701363498,122.35854837626464,88.33584803311487,127.32535261862772,63.02638213108244,54.92997996934071,40.93640801682257,53.02844648296914
2026-09-27,EP152026,55,2026-10-05 00:00:00,8 days 00:00:00,192,26.33,175.25,961.8,98.0,34.57641854176343,360.3100665449573,284.831208984593,219.24932873032677,316.46256334747176,196.7780658308875,161.14588434177614,125.8965027744301,172.98441249066224,111.59583343446944,100.62723492000715,77.69987667554483,96.83511583382736
2026-09-27,EP152026,55,2026-10-05 06:00:00,8 days 06:00:00,198,26.45,173.65,961.1,97.2,19.793305391228948,278.1592135087081,230.95086172246388,189.8278720624367,258.7144218978495,140.53824187721304,113.56263824476244,95.7481054968537,124.66756931054968,81.24510333426873,70.00691466739019,55.669981287454654,73.19258245967352
2026-09-27,EP152026,55,2026-10-05 12:00:00,8 days 12:00:00,204,26.99,172.03,955.6,100.9,53.3655177461165,284.0648807571192,231.2509997717696,184.2904942006392,252.25178392778656,142.32570901745447,104.1825385818722,82.54682889785819,119.72142180217313,80.22235614183998,66.62680647921358,50.0211483662675,68.00061632908326
2026-09-27,EP152026,55,2026-10-05 18:00:00,8 days 18:00:00,210,27.44,170.1,962.8,91.3,32.97558231711511,297.1586376853814,205.45129321800744,144.41878747652504,285.8903779691764,143.74935807919564,100.8791141655053,69.60538405543484,122.23233948001273,77.63862002145291,65.4456399592536,45.767288539039264,66.2101760479126
2026-09-27,EP152026,55,2026-10-06 00:00:00,9 days 00:00:00,216,27.8,168.18,962.6,88.9,25.104101422603733,259.0212967973376,187.50061152528085,132.76617899709646,245.1731468889381,125.76402729292552,92.79664883285314,64.53380611734188,101.6112711621206,64.4706132381218,55.54197504939784,42.10234674557231,53.707658961052886
2026-09-27,EP152026,55,2026-10-06 06:00:00,9 days 06:00:00,222,27.85,166.14,968.6,84.2,32.49250224632253,266.02072187134627,188.04757946807769,161.48653611857992,250.6455633138222,116.7261246665683,83.04425677444857,65.11140351909023,102.47475331419398,67.4248886466426,54.55074358903987,41.68481866923527,56.27370481951218
2026-09-27,EP152026,55,2026-10-06 12:00:00,9 days 12:00:00,228,28.35,163.59,979.6,70.2,47.15317631128577,241.0754941397692,152.71872138337704,92.3485035240794,228.05052980257807,115.98121611919214,74.28030541442926,43.03942738214628,86.42298743006353,47.15317631128577,6.851292725190749,0.8007624807246265,11.305890760019544
2026-09-27,EP152026,55,2026-10-06 18:00:00,9 days 18:00:00,234,28.87,161.54,988.7,59.9,25.918120895507865,193.83506396586236,130.73507219681437,95.3949143226125,170.64346525187602,96.76168341802348,75.4567037936911,53.99435970815112,84.64901011965736,0.0,0.0,0.0,0.0
2026-09-27,EP152026,55,2026-10-07 00:00:00,10 days 00:00:00,240,30.07,159.56,992.0,52.7,37.19871397973337,243.68505106297152,164.41729816003794,133.9279553149992,201.76617842800613,97.16369028111744,75.43291846388561,54.25092011796811,71.58918414681673,0.0,0.0,0.0,0.0
2026-09-27,EP152026,55,2026-10-07 06:00:00,10 days 06:00:00,246,31.52,158.37,993.1,46.4,52.31002464363651,272.0792948252675,224.4189340780165,161.8262561987736,207.0627741495532,0.0,0.0,0.0,0.0,0.0,0.0,0.0,0.0
2026-09-27,EP152026,55,2026-10-07 12:00:00,10 days 12:00:00,252,33.02,157.96,1000.1,41.9,76.42952221330779,188.94412398197235,186.8860278363711,119.10472048491056,126.02824486401244,0.0,0.0,0.0,0.0,0.0,0.0,0.0,0.0
2026-09-27,EP152026,55,2026-10-07 18:00:00,10 days 18:00:00,258,34.85,158.78,998.5,35.8,88.23902962505963,161.33138652866182,182.74902181111247,118.36376003699844,111.85277159266116,0.0,0.0,0.0,0.0,0.0,0.0,0.0,0.0
2026-09-27,EP152026,55,2026-10-08 00:00:00,11 days 00:00:00,264,36.98,160.33,999.3,36.2,78.97074174238452,34.29659368424456,78.97074174238452,37.623954491653365,10.583264918421648,0.0,0.0,0.0,0.0,0.0,0.0,0.0,0.0
2026-09-27,EP152026,55,2026-10-08 06:00:00,11 days 06:00:00,270,38.57,164.03,1003.2,25.9,73.03952540124149,0.0,0.0,0.0,0.0,0.0,0.0,0.0,0.0,0.0,0.0,0.0,0.0
2026-09-27,EP152026,55,2026-10-08 12:00:00,11 days 12:00:00,276,39.48,166.64,1001.4,34.9,62.59944208363477,0.0,62.59944208363477,41.69712665265554,0.0,0.0,0.0,0.0,0.0,0.0,0.0,0.0,0.0
2026-09-27,EP152026,55,2026-10-08 18:00:00,11 days 18:00:00,282,40.27,171.53,998.4,29.5,83.02715260176117,0.0,0.0,0.0,0.0,0.0,0.0,0.0,0.0,0.0,0.0,0.0,0.0
2026-09-27,EP152026,55,2026-10-09 00:00:00,12 days 00:00:00,288,40.05,176.57,1004.2,33.8,111.11230973549648,0.0,0.0,0.0,0.0,0.0,0.0,0.0,0.0,0.0,0.0,0.0,0.0
2026-09-27,EP152026,55,2026-10-09 06:00:00,12 days 06:00:00,294,39.31,-177.47,995.6,32.2,62.76956148831741,0.0,0.0,0.0,0.0,0.0,0.0,0.0,0.0,0.0,0.0,0.0,0.0
2026-09-27,EP162026,55,2026-09-27 00:00:00,0 days 00:00:00,0,20.8,-123.6,975.0,76.0,28.0,167.0,167.0,148.0,185.0,93.0,74.0,74.0,93.0,65.0,46.0,37.0,56.0
2026-09-27,EP162026,55,2026-09-27 06:00:00,0 days 06:00:00,6,21.59,-123.37,986.2,62.4,32.20551424738437,172.39985432741923,137.27507938936446,108.2744615350473,147.05282064576795,77.41606157603542,67.33655812633765,50.24250668437384,66.70616031607949,0.0,0.0,0.0,0.0
2026-09-27,EP162026,55,2026-09-27 12:00:00,0 days 12:00:00,12,22.05,-123.51,1002.3,47.4,31.706132184815573,147.42286453763023,125.80138367006532,80.95617341707234,99.04803576944444,0.0,0.0,0.0,0.0,0.0,0.0,0.0,0.0
2026-09-27,EP162026,55,2026-09-27 18:00:00,0 days 18:00:00,18,22.44,-123.47,1000.9,35.6,43.17708302302964,98.15442291427308,59.481666129876736,40.283483133820006,91.86861060408036,0.0,0.0,0.0,0.0,0.0,0.0,0.0,0.0
2026-09-27,EP162026,55,2026-09-28 00:00:00,1 days 00:00:00,24,22.69,-123.21,1002.3,34.1,40.18457956742339,49.79214902240577,33.10271689406388,7.10066941181368,24.791366413490167,0.0,0.0,0.0,0.0,0.0,0.0,0.0,0.0
2026-09-27,EP162026,55,2026-09-28 06:00:00,1 days 06:00:00,30,23.12,-123.29,1002.1,30.7,62.57798526082246,0.0,0.0,0.0,0.0,0.0,0.0,0.0,0.0,0.0,0.0,0.0,0.0
2026-09-27,EP162026,55,2026-09-28 12:00:00,1 days 12:00:00,36,22.88,-123.33,1000.6,25.4,65.72960584352343,0.0,0.0,0.0,0.0,0.0,0.0,0.0,0.0,0.0,0.0,0.0,0.0
2026-09-27,EP162026,55,2026-09-28 18:00:00,1 days 18:00:00,42,22.7,-123.23,1003.6,28.1,81.24600633465275,0.0,0.0,0.0,0.0,0.0,0.0,0.0,0.0,0.0,0.0,0.0,0.0
2026-09-27,EP162026,55,2026-09-29 00:00:00,2 days 00:00:00,48,22.31,-123.35,1005.1,22.7,88.9753608529855,0.0,0.0,0.0,0.0,0.0,0.0,0.0,0.0,0.0,0.0,0.0,0.0
2026-09-27,EP162026,55,2026-09-29 06:00:00,2 days 06:00:00,54,21.57,-123.84,1007.3,25.1,95.54129368715024,0.0,0.0,0.0,0.0,0.0,0.0,0.0,0.0,0.0,0.0,0.0,0.0
2026-09-27,EP162026,55,2026-09-29 12:00:00,2 days 12:00:00,60,21.04,-123.68,1007.5,20.3,174.8976860352846,0.0,0.0,0.0,0.0,0.0,0.0,0.0,0.0,0.0,0.0,0.0,0.0
2026-09-27,EP162026,55,2026-09-29 18:00:00,2 days 18:00:00,66,20.77,-123.98,1004.4,25.7,74.40145858993404,0.0,0.0,0.0,0.0,0.0,0.0,0.0,0.0,0.0,0.0,0.0,0.0
2026-09-27,EP162026,55,2026-09-30 00:00:00,3 days 00:00:00,72,19.64,-126.14,1009.0,18.4,90.52325739972363,0.0,0.0,0.0,0.0,0.0,0.0,0.0,0.0,0.0,0.0,0.0,0.0
2026-09-27,EP172026,55,2026-09-27 00:00:00,0 days 00:00:00,0,19.0,-112.9,946.0,111.0,28.0,259.0,185.0,167.0,185.0,111.0,111.0,93.0,93.0,65.0,65.0,46.0,56.0
2026-09-27,EP172026,55,2026-09-27 06:00:00,0 days 06:00:00,6,19.86,-113.28,941.1,117.5,30.77817265521548,155.42125606057712,184.36990145145484,131.06353524599086,109.82228783620268,95.30926215057416,92.14461123793107,70.21552903484958,84.04692991969459,66.6566236216269,57.6996715735485,44.32122159248015,54.41024244752074
2026-09-27,EP172026,55,2026-09-27 12:00:00,0 days 12:00:00,12,20.41,-113.81,946.7,112.1,17.394740259980985,195.1971443796488,205.4632817643815,152.71553269209178,174.78743215766633,125.24589005911396,111.67602150030768,80.07427119346937,104.27050815822912,69.76641277997476,58.385913715307154,43.42590146192956,57.25302023794012
2026-09-27,EP172026,55,2026-09-27 18:00:00,0 days 18:00:00,18,21.37,-114.08,958.0,108.1,29.120303982757548,133.39359856971402,164.71150702479525,144.3423267986322,99.62469947813328,84.8082776412956,96.5948698004242,73.80571259518575,69.88062530176714,62.85719190749971,58.203662046968375,43.75168795696048,48.28042760427746
2026-09-27,EP172026,55,2026-09-28 00:00:00,1 days 00:00:00,24,22.26,-114.06,961.8,100.9,27.634136467586764,153.09111637233894,217.2604461162881,141.05809647170486,79.82567204053375,77.81309799143837,96.1419836367076,66.24901158953634,52.07923821679283,53.095755131982415,52.20014109758284,41.15991323588265,40.94803317158091
2026-09-27,EP172026,55,2026-09-28 06:00:00,1 days 06:00:00,30,23.08,-113.73,958.4,102.3,50.02409005299342,197.02872919384487,200.667664429724,124.4482711081213,118.50144004753844,86.95667266807877,89.26441646468727,54.150524354801696,65.48261068781603,62.206137465318456,53.830260251335815,38.9008325199803,49.02519943536092
2026-09-27,EP172026,55,2026-09-28 12:00:00,1 days 12:00:00,36,24.02,-113.76,954.6,99.6,42.77772290698809,146.49688862524397,165.7179582939533,115.55388425178612,74.78669183218405,87.43776552164883,98.64264130347266,68.5320139303087,63.03859300078402,51.22827327863358,46.98103698848419,35.43246036127767,38.87304070369558
2026-09-27,EP172026,55,2026-09-28 18:00:00,1 days 18:00:00,42,24.46,-113.17,958.3,96.3,64.74199965048804,96.11796834897764,83.04413671448857,117.65648096534802,82.97359962871468,50.33978354590111,64.74199965048804,59.23621088897861,44.58215904543739,50.33978354590111,64.74199965048804,44.72829787787779,41.53434410481231
2026-09-27,EP172026,55,2026-09-29 00:00:00,2 days 00:00:00,48,24.97,-112.54,976.3,67.3,45.97019517348608,107.42344494103088,101.75508968573502,94.89135491590264,59.39926493159786,42.98473904413902,62.25436812018117,55.41851871650598,35.97213840857742,34.65757866154009,45.97019517348608,30.99541904422923,27.72485878764229
2026-09-27,EP172026,55,2026-09-29 06:00:00,2 days 06:00:00,54,25.51,-112.32,989.5,56.2,40.76134810190314,138.0045493177372,110.58063906727624,85.13461459291932,87.01646140069874,40.76134810190314,16.956256524109534,13.091245173331018,9.534496183289695,0.0,0.0,0.0,0.0
2026-09-27,EP172026,55,2026-09-29 12:00:00,2 days 12:00:00,60,26.74,-111.61,994.9,45.7,36.0585437445808,126.81432980933856,128.00030534240932,90.17954243171847,94.74308702556525,0.0,0.0,0.0,0.0,0.0,0.0,0.0,0.0
2026-09-27,EP172026,55,2026-09-29 18:00:00,2 days 18:00:00,66,27.76,-111.06,996.0,42.5,46.44747637784286,117.16643620127796,103.8315432724108,57.82656151480962,66.6507128287213,0.0,0.0,0.0,0.0,0.0,0.0,0.0,0.0
2026-09-27,EP902026,55,2026-09-27 00:00:00,0 days 00:00:00,0,12.0,-98.6,1008.0,25.0,111.0,0.0,0.0,0.0,0.0,0.0,0.0,0.0,0.0,0.0,0.0,0.0,0.0
2026-09-27,EP902026,55,2026-09-27 06:00:00,0 days 06:00:00,6,12.22,-98.57,1003.5,34.2,92.97021607016768,129.47342841784854,102.05916390493348,77.02461228190423,108.708728669381,0.0,0.0,0.0,0.0,0.0,0.0,0.0,0.0
2026-09-27,EP902026,55,2026-09-27 12:00:00,0 days 12:00:00,12,12.27,-98.91,1002.0,32.7,35.34286219315309,0.0,0.0,0.0,0.0,0.0,0.0,0.0,0.0,0.0,0.0,0.0,0.0
2026-09-27,EP902026,55,2026-09-27 18:00:00,0 days 18:00:00,18,12.52,-99.41,999.0,47.4,57.46214558572581,120.73977163470396,112.748897657148,93.3224424405783,111.36143859474066,0.0,0.0,0.0,0.0,0.0,0.0,0.0,0.0
2026-09-27,EP902026,55,2026-09-28 00:00:00,1 days 00:00:00,24,12.79,-100.03,1000.3,48.3,74.43283307797876,249.72445099281535,229.48245858523225,174.54371873131424,206.9864202145976,0.0,0.0,0.0,0.0,0.0,0.0,0.0,0.0
2026-09-27,EP902026,55,2026-09-28 06:00:00,1 days 06:00:00,30,13.11,-100.67,993.0,55.4,58.35734852205205,169.39321973309052,155.24306902780495,116.48355025467212,134.62385133273938,17.890674095069958,58.35734852205205,9.337527189577688,13.442193914467996,0.0,0.0,0.0,0.0
2026-09-27,EP902026,55,2026-09-28 12:00:00,1 days 12:00:00,36,13.46,-101.65,990.5,62.7,27.581597603166717,138.17407988080458,140.31166499761406,100.71806147244844,113.72533040857807,61.818058964566376,56.55920122415314,38.05497092942864,47.99090422680413,0.0,0.0,0.0,0.0
2026-09-27,EP902026,55,2026-09-28 18:00:00,1 days 18:00:00,42,13.83,-102.83,996.4,54.7,38.44514923643184,197.0001960130801,160.931900133067,111.90648195373008,169.6552046442748,55.53472218920116,45.05861349792039,29.166915617053835,42.22611262414488,0.0,0.0,0.0,0.0
2026-09-27,EP902026,55,2026-09-29 00:00:00,2 days 00:00:00,48,14.37,-103.89,998.1,47.7,86.6660784377748,162.80151184042967,141.73199461398156,92.0648612747054,125.26594600077338,0.0,0.0,0.0,0.0,0.0,0.0,0.0,0.0
2026-09-27,EP902026,55,2026-09-29 06:00:00,2 days 06:00:00,54,15.07,-104.74,994.0,55.4,59.19917841918253,222.1855617561434,172.08580249851806,99.79721407713508,159.13251994072908,59.19917841918253,8.078984406978764,0.0,4.307339978129161,0.0,0.0,0.0,0.0
2026-09-27,EP902026,55,2026-09-29 12:00:00,2 days 12:00:00,60,15.6,-105.74,993.1,48.4,65.03913493580754,230.4101589769344,238.4187387978384,190.25589499211733,202.65975210204385,0.0,0.0,0.0,0.0,0.0,0.0,0.0,0.0
2026-09-27,EP902026,55,2026-09-29 18:00:00,2 days 18:00:00,66,16.43,-106.9,989.4,54.3,87.98267013684594,111.0351120157722,124.38660037401304,88.09101797397476,66.73879427600998,16.636821274837036,87.98267013684594,14.284374011475371,11.382403587455634,0.0,0.0,0.0,0.0
2026-09-27,EP902026,55,2026-09-30 00:00:00,3 days 00:00:00,72,17.46,-107.5,987.6,61.4,47.531653653739056,159.9009500041186,167.26252450615107,89.18193381456763,107.25957042509702,56.44464186894791,52.12269753912528,27.592890350056138,34.17061307482169,0.0,0.0,0.0,0.0
2026-09-27,EP902026,55,2026-09-30 06:00:00,3 days 06:00:00,78,17.95,-107.84,988.0,58.8,47.301717080516255,181.8260648717633,220.901468345116,161.9155351160316,134.13552378042775,94.14955838211245,86.63363108412591,56.65027832733574,61.415982339716265,0.0,0.0,0.0,0.0
2026-09-27,EP902026,55,2026-09-30 12:00:00,3 days 12:00:00,84,18.88,-108.35,986.8,64.6,38.91329208804077,154.10098274465656,191.78426665998185,141.46732580749034,126.79274817317226,92.57256697730874,86.65387321482504,57.060773344493015,64.40606021038568,38.91329208804077,3.842291620974599,0.7757430690999025,3.102701063284398
2026-09-27,EP902026,55,2026-09-30 18:00:00,3 days 18:00:00,90,19.17,-108.75,983.2,63.3,46.248427705459,196.8364469583137,226.55767010117285,132.69817916838005,140.269885980912,66.58991875415578,59.12973431700734,33.0090767085932,40.319170973336746,0.0,0.0,0.0,0.0
2026-09-27,EP902026,55,2026-10-01 00:00:00,4 days 00:00:00,96,19.46,-109.1,988.5,61.4,37.61054845313025,171.60853562975643,176.38735363059936,111.6946769478398,120.50777759989714,65.5753385020183,61.34408194773022,32.56748188657264,39.60875962394451,0.0,0.0,0.0,0.0
2026-09-27,EP902026,55,2026-10-01 06:00:00,4 days 06:00:00,102,19.59,-109.24,988.4,60.1,73.76265382804715,146.4250318309547,146.91012851180898,85.54030082272521,106.74292468666644,73.76265382804715,43.21822596862071,23.44166086575738,28.657648130855108,0.0,0.0,0.0,0.0
2026-09-27,EP902026,55,2026-10-01 12:00:00,4 days 12:00:00,108,19.37,-109.23,985.0,66.3,16.761984184491013,119.0074772175888,156.2935501158316,145.89312474513372,129.06202245147747,71.69180994720023,73.81796795845882,61.048458138150245,63.6568998549891,23.59840917297648,21.371461612634477,19.32044406039549,19.46984168623269
2026-09-27,EP902026,55,2026-10-01 18:00:00,4 days 18:00:00,114,19.58,-109.44,990.7,51.6,80.13450618392827,314.8453999061978,348.21944127185225,369.5658416411667,311.65455253975426,80.13450618392827,71.99600072520082,68.66551974867735,64.9493633157962,0.0,0.0,0.0,0.0
2026-09-27,EP902026,55,2026-10-02 00:00:00,5 days 00:00:00,120,19.64,-109.31,989.8,53.7,51.613879707778175,107.39484738646811,116.83788402395106,86.01029264925296,88.44123990259882,51.613879707778175,20.143740404495148,8.633693924044174,13.743262303309765,0.0,0.0,0.0,0.0
2026-09-27,EP902026,55,2026-10-02 06:00:00,5 days 06:00:00,126,19.67,-109.22,992.0,48.1,86.08375330006538,122.2881984807291,130.4404207033522,114.861711955326,106.07486214443588,0.0,0.0,0.0,0.0,0.0,0.0,0.0,0.0
2026-09-27,EP902026,55,2026-10-02 12:00:00,5 days 12:00:00,132,19.93,-109.33,992.0,50.7,51.637255346725794,127.63704018857972,126.71278244622432,87.11550135343137,106.52448161687676,51.637255346725794,35.22551269875481,22.774564784227973,31.229100252273582,0.0,0.0,0.0,0.0
2026-09-27,EP902026,55,2026-10-02 18:00:00,5 days 18:00:00,138,20.06,-109.55,990.8,54.3,53.42794156846391,139.16521942853052,136.5630261313243,109.75339033854236,122.29976874741872,16.06644342279659,53.42794156846391,13.948117179828795,12.35760157068738,0.0,0.0,0.0,0.0
2026-09-27,EP902026,55,2026-10-03 00:00:00,6 days 00:00:00,144,20.25,-109.72,990.6,54.0,44.37391294618583,157.56467253725674,166.4024529311418,140.79666548077176,140.8041359004227,54.25357191924246,48.86105108098221,37.45249267867885,40.58687335559451,0.0,0.0,0.0,0.0
2026-09-27,EP902026,55,2026-10-03 06:00:00,6 days 06:00:00,150,20.21,-110.02,990.6,54.6,44.86176144849597,169.5570372866125,158.19429011487017,123.40766035046,141.00079468553372,85.80723128703465,72.05860091386592,50.04249497033571,67.7478564308916,0.0,0.0,0.0,0.0
2026-09-27,EP902026,55,2026-10-03 12:00:00,6 days 12:00:00,156,19.95,-110.28,985.4,62.6,57.61800679154695,162.81328928084875,157.99170350523946,127.75817273369368,156.33183983599173,83.25486902244745,73.6647780638254,49.32747447687316,64.92312165437038,0.0,0.0,0.0,0.0
2026-09-27,EP902026,55,2026-10-03 18:00:00,6 days 18:00:00,162,19.63,-110.58,988.8,61.4,28.18847261252608,139.93229414249254,136.70862980934257,148.10428684989017,146.80790749025778,90.26213672824552,81.89244670951561,61.34317433292577,72.40801811532423,0.0,0.0,0.0,0.0
2026-09-27,EP902026,55,2026-10-04 00:00:00,7 days 00:00:00,168,19.48,-111.16,984.0,62.6,27.09537790407989,143.57140236177958,148.9348148656468,152.81439376453255,153.1324394269288,84.84609685689625,83.6773074069994,76.58954160969384,75.60283788395338,0.0,0.0,0.0,0.0
2026-09-27,EP902026,55,2026-10-04 06:00:00,7 days 06:00:00,174,19.3,-111.28,980.9,67.9,36.17900968592281,141.34988105531525,166.80708156845304,150.322309848338,148.44572866880588,83.80981096215164,77.92222324748485,63.14145018989311,70.16214843374571,36.17900968592281,22.552241259501592,19.727197212326164,23.94320187262459
2026-09-27,EP902026,55,2026-10-04 12:00:00,7 days 12:00:00,180,19.12,-111.75,981.1,73.8,48.04061449872125,99.71819531609748,114.69653899965805,120.80641526279432,113.50297555457006,57.36094964730351,52.2160111921484,44.79055132856268,53.94309717428145,48.04061449872125,19.40281509054296,16.201233205341445,22.18984801877391
2026-09-27,EP902026,55,2026-10-04 18:00:00,7 days 18:00:00,186,19.01,-112.0,978.3,63.7,36.90357301679997,97.78042448245624,138.75793214114523,161.55418853183733,131.02641991654403,78.80750130600714,86.01141273340828,79.452527649323,72.24778558962991,0.0,0.0,0.0,0.0
2026-09-27,EP902026,55,2026-10-05 00:00:00,8 days 00:00:00,192,19.15,-112.03,971.2,87.9,19.67740575200274,151.44872585157017,163.4269889547383,171.6568478858514,166.86486464337645,68.75239058514217,80.31722670110899,80.3259960281712,74.10691686799402,62.007429312201445,59.524811565070095,53.776870146837766,53.20033991590813
2026-09-27,EP902026,55,2026-10-05 06:00:00,8 days 06:00:00,198,19.12,-112.68,983.8,63.3,49.78213218213428,150.23199274334843,141.99454355723864,113.28741359519924,138.01101125172875,71.04285996098767,60.42009025622945,47.02540137847666,58.827351729978346,0.0,0.0,0.0,0.0
2026-09-27,EP902026,55,2026-10-05 12:00:00,8 days 12:00:00,204,19.21,-113.32,981.6,65.0,43.37637486982933,145.6328389063492,129.05823394568347,82.07376689088517,128.00448954902913,56.17150264541405,44.6601552258723,28.55614101957275,41.58646818605303,43.37637486982933,10.713938604727907,7.651955468448633,10.957590884778856
2026-09-27,EP902026,55,2026-10-05 18:00:00,8 days 18:00:00,210,19.23,-114.12,989.0,54.9,38.26427495834656,118.6697519906087,98.77434287437389,126.34121774177774,146.97543131550418,46.69074594460943,45.33669011313869,41.36702027547772,44.31070528718248,0.0,0.0,0.0,0.0
2026-09-27,EP902026,55,2026-10-06 00:00:00,9 days 00:00:00,216,19.27,-114.81,989.4,56.8,34.47705525454019,97.97237191995606,85.20678633640989,96.29509386444435,125.67799912871511,68.53230396079348,58.18625089871401,48.15434231832296,60.86956662674928,0.0,0.0,0.0,0.0
2026-09-27,EP902026,55,2026-10-06 06:00:00,9 days 06:00:00,222,19.39,-115.39,991.1,51.2,54.93045735780184,142.07866093732065,117.96260794156778,95.14335713503596,136.90660074743332,54.93045735780184,11.135273131058018,5.787834222448269,12.599331275250702,0.0,0.0,0.0,0.0
2026-09-27,EP902026,55,2026-10-06 12:00:00,9 days 12:00:00,228,19.67,-116.13,990.6,53.3,53.38726576993411,165.2660966327772,136.69733496279002,122.90290771872876,162.73406543831362,53.38726576993411,36.92386230162029,29.17129709506707,39.179514631333646,0.0,0.0,0.0,0.0
2026-09-27,EP902026,55,2026-10-06 18:00:00,9 days 18:00:00,234,19.84,-117.09,993.0,45.8,87.88565158842252,212.88799232642455,174.5011611265685,131.19505254046248,177.77467869813916,0.0,0.0,0.0,0.0,0.0,0.0,0.0,0.0
2026-09-27,EP902026,55,2026-10-07 00:00:00,10 days 00:00:00,240,20.31,-117.96,991.8,40.1,69.8548124591394,121.33275952423446,93.24077059709464,78.33477515552454,113.64807216178298,0.0,0.0,0.0,0.0,0.0,0.0,0.0,0.0
2026-09-27,EP902026,55,2026-10-07 06:00:00,10 days 06:00:00,246,20.33,-119.01,985.2,56.7,48.17827559861392,136.49615394442247,117.00305630747756,118.81595263752148,149.77803886889126,48.17827559861392,30.50388625657822,23.65924271151384,30.41982256014071,0.0,0.0,0.0,0.0
2026-09-27,EP902026,55,2026-10-07 12:00:00,10 days 12:00:00,252,20.63,-119.74,989.8,51.8,25.01620041314101,150.8867715241812,115.98645413386986,125.81106880070362,186.8335777911385,90.6037532445726,75.50554215267441,60.229539307437314,77.61285439605436,0.0,0.0,0.0,0.0
2026-09-27,EP902026,55,2026-10-07 18:00:00,10 days 18:00:00,258,21.01,-120.58,988.0,55.9,42.18249337243284,126.17721917528036,113.8078009675957,100.82410727694338,116.79593957324744,42.18249337243284,20.856490373521098,17.32598921567391,20.866973374215387,0.0,0.0,0.0,0.0
2026-09-27,EP902026,55,2026-10-08 00:00:00,11 days 00:00:00,264,21.36,-121.34,993.4,49.9,38.77891630364254,219.6338143592432,125.42515895054576,102.72562455225054,206.68415553824357,0.0,0.0,0.0,0.0,0.0,0.0,0.0,0.0
2026-09-27,EP902026,55,2026-10-08 06:00:00,11 days 06:00:00,270,21.45,-122.07,996.0,54.3,44.91717186433661,161.99431611996798,123.47577386469534,113.89250814472724,173.13666223374435,44.91717186433661,15.7212602531327,17.00776087292556,21.82945095548228,0.0,0.0,0.0,0.0
2026-09-27,EP902026,55,2026-10-08 12:00:00,11 days 12:00:00,276,21.58,-123.0,992.7,50.4,26.58411263328945,170.0095414243026,115.5308626024496,131.8714818402608,172.39625488274484,57.19756758358215,47.098236273371214,44.94314707141175,53.231467629217086,0.0,0.0,0.0,0.0
2026-09-27,EP902026,55,2026-10-08 18:00:00,11 days 18:00:00,282,21.93,-123.64,999.1,39.8,64.42874834411094,114.10236041319664,59.53482575418534,57.95334213399006,115.92179688799791,0.0,0.0,0.0,0.0,0.0,0.0,0.0,0.0
2026-09-27,EP902026,55,2026-10-09 00:00:00,12 days 00:00:00,288,22.05,-124.36,1001.6,40.7,78.16474667874263,55.51241907533222,25.20133151127709,15.01928591513331,78.16474667874263,0.0,0.0,0.0,0.0,0.0,0.0,0.0,0.0
2026-09-27,EP902026,55,2026-10-09 06:00:00,12 days 06:00:00,294,22.15,-125.07,1003.4,30.4,84.09008903891524,0.0,0.0,0.0,0.0,0.0,0.0,0.0,0.0,0.0,0.0,0.0,0.0
2026-09-27,EP902026,55,2026-10-09 12:00:00,12 days 12:00:00,300,22.08,-125.59,1003.7,27.6,71.80557112158141,0.0,0.0,0.0,0.0,0.0,0.0,0.0,0.0,0.0,0.0,0.0,0.0
2026-09-27,EP902026,55,2026-10-09 18:00:00,12 days 18:00:00,306,22.02,-126.63,1003.5,25.5,55.77287100939112,0.0,0.0,0.0,0.0,0.0,0.0,0.0,0.0,0.0,0.0,0.0,0.0
2026-09-27,EP902026,55,2026-10-10 00:00:00,13 days 00:00:00,312,21.91,-126.89,1005.4,24.2,69.25415736774546,0.0,0.0,0.0,0.0,0.0,0.0,0.0,0.0,0.0,0.0,0.0,0.0
2026-09-27,EP902026,55,2026-10-10 06:00:00,13 days 06:00:00,318,21.92,-127.26,1007.1,26.9,65.59318142632817,0.0,0.0,0.0,0.0,0.0,0.0,0.0,0.0,0.0,0.0,0.0,0.0
2026-09-27,EP902026,55,2026-10-10 12:00:00,13 days 12:00:00,324,21.65,-127.66,1005.4,23.2,78.18164039698655,0.0,0.0,0.0,0.0,0.0,0.0,0.0,0.0,0.0,0.0,0.0,0.0
2026-09-27,EP902026,55,2026-10-10 18:00:00,13 days 18:00:00,330,21.37,-128.17,1006.2,20.7,53.61248379705706,0.0,0.0,0.0,0.0,0.0,0.0,0.0,0.0,0.0,0.0,0.0,0.0
2026-09-27,EP902026,55,2026-10-11 00:00:00,14 days 00:00:00,336,20.9,-128.39,1003.5,20.8,61.34091168225125,0.0,0.0,0.0,0.0,0.0,0.0,0.0,0.0,0.0,0.0,0.0,0.0
2026-09-27,EP902026,55,2026-10-11 06:00:00,14 days 06:00:00,342,20.59,-128.92,1006.7,22.3,85.4754324792218,0.0,0.0,0.0,0.0,0.0,0.0,0.0,0.0,0.0,0.0,0.0,0.0
2026-09-27,EP902026,55,2026-10-11 12:00:00,14 days 12:00:00,348,20.36,-129.27,1007.3,21.4,129.64796421210718,0.0,0.0,0.0,0.0,0.0,0.0,0.0,0.0,0.0,0.0,0.0,0.0
2026-09-27,EP902026,55,2026-10-11 18:00:00,14 days 18:00:00,354,20.3,-129.95,1008.3,23.2,47.002151790721655,0.0,0.0,0.0,0.0,0.0,0.0,0.0,0.0,0.0,0.0,0.0,0.0
2026-09-27,EP902026,55,2026-10-12 00:00:00,15 days 00:00:00,360,20.16,-130.4,1006.7,24.0,168.5516647180426,0.0,0.0,0.0,0.0,0.0,0.0,0.0,0.0,0.0,0.0,0.0,0.0
2026-09-27,WP252026,55,2026-09-27 00:00:00,0 days 00:00:00,0,24.6,127.6,964.0,89.0,22.0,102.0,121.0,102.0,93.0,,,,,,,,
2026-09-27,WP252026,55,2026-09-27 06:00:00,0 days 06:00:00,6,25.3,128.11,957.8,97.1,22.246352178047918,108.99848401094198,154.730867975381,113.97337647054076,59.44290180907189,74.38355000062757,88.3553458489547,65.56289272694511,49.7794863867872,40.362968751096616,40.58772396850287,32.74910510662528,31.653112731812318
2026-09-27,WP252026,55,2026-09-27 12:00:00,0 days 12:00:00,12,26.07,128.86,950.0,107.8,15.123669550872515,158.0878887121495,175.2181308489108,139.4962837013601,109.5548927744682,71.32135145756392,76.7988911167819,57.386029094713685,46.99624894593336,50.50570686680703,50.15508532079433,39.51345777700416,38.65523340327788
2026-09-27,WP252026,55,2026-09-27 18:00:00,0 days 18:00:00,18,26.62,129.68,953.7,100.6,19.03705258424599,118.00480911968764,150.82035542332773,134.68754329924965,105.97604318939705,82.92005285174241,92.58641331260796,72.80438046139972,62.87895820813452,55.303214387674345,54.49774665929161,43.95049063640264,43.27588066334173
2026-09-27,WP252026,55,2026-09-28 00:00:00,1 days 00:00:00,24,26.86,130.07,968.7,86.4,20.21559207609568,155.92501960570434,161.72402710766832,139.8438154612233,155.83797502778128,87.85295976549293,94.78422932056118,83.83464295426253,75.01590284953821,55.03297443977286,60.793466017813486,52.38703872256797,49.66753324242646
2026-09-27,WP252026,55,2026-09-28 06:00:00,1 days 06:00:00,30,27.15,131.1,980.5,63.8,51.239579956756266,129.87799369122035,157.2066843829631,116.17663145105526,117.3452615752356,79.15657602122374,85.07667099755162,63.36941075733471,61.01535835348082,0.0,0.0,0.0,0.0
2026-09-27,WP252026,55,2026-09-28 12:00:00,1 days 12:00:00,36,27.51,131.89,988.5,61.1,43.83914760374677,173.72736516305127,194.87654084583107,132.02025024758194,134.73235266483658,93.36819595682448,94.6935686616114,65.46933736248911,70.44180687057874,0.0,0.0,0.0,0.0
2026-09-27,WP252026,55,2026-09-28 18:00:00,1 days 18:00:00,42,28.03,132.74,989.8,58.5,46.16226408521052,143.80480068343854,168.5080880002207,135.31025071432816,106.715108392268,13.66084203249848,46.16226408521052,9.739741613219934,4.713110074806693,0.0,0.0,0.0,0.0
2026-09-27,WP252026,55,2026-09-29 00:00:00,2 days 00:00:00,48,28.73,133.6,994.3,49.1,20.690630042165097,163.86225855072354,145.23906120414375,119.8731290642228,135.40883696124564,0.0,0.0,0.0,0.0,0.0,0.0,0.0,0.0
2026-09-27,WP252026,55,2026-09-29 06:00:00,2 days 06:00:00,54,29.14,134.88,995.0,47.0,35.76378676559322,118.82961626794156,146.00683453354998,114.07002616020112,85.43929052526117,0.0,0.0,0.0,0.0,0.0,0.0,0.0,0.0
2026-09-27,WP252026,55,2026-09-29 12:00:00,2 days 12:00:00,60,29.46,136.06,995.3,44.0,65.85232838454377,195.3286114532476,219.5601550440946,208.8499497589837,180.32458199996145,0.0,0.0,0.0,0.0,0.0,0.0,0.0,0.0
2026-09-27,WP252026,55,2026-09-29 18:00:00,2 days 18:00:00,66,30.02,137.19,991.2,41.7,52.03347804813157,188.72559610962668,208.00407166692167,179.80375052959062,149.58564771519897,0.0,0.0,0.0,0.0,0.0,0.0,0.0,0.0
2026-09-27,WP252026,55,2026-09-30 00:00:00,3 days 00:00:00,72,30.37,138.41,996.0,38.7,86.29292121600238,0.0,86.29292121600238,20.30657105819736,4.118982439614664,0.0,0.0,0.0,0.0,0.0,0.0,0.0,0.0
2026-09-27,WP252026,55,2026-09-30 06:00:00,3 days 06:00:00,78,30.61,139.52,994.7,39.0,62.76616513660693,204.94024151212403,215.24767463804727,195.23513812772205,175.02807901522112,0.0,0.0,0.0,0.0,0.0,0.0,0.0,0.0
2026-09-27,WP252026,55,2026-09-30 12:00:00,3 days 12:00:00,84,31.16,140.03,997.5,31.8,70.7360074382106,0.0,0.0,0.0,0.0,0.0,0.0,0.0,0.0,0.0,0.0,0.0,0.0
2026-09-27,WP252026,55,2026-09-30 18:00:00,3 days 18:00:00,90,31.55,140.49,998.7,37.9,78.64215882006675,67.3362359221337,78.74327758727799,59.83673073204602,61.33363256591315,0.0,0.0,0.0,0.0,0.0,0.0,0.0,0.0
2026-09-27,WP252026,55,2026-10-01 00:00:00,4 days 00:00:00,96,31.73,141.06,999.2,33.1,26.897903499849843,0.0,0.0,0.0,0.0,0.0,0.0,0.0,0.0,0.0,0.0,0.0,0.0
2026-09-27,WP252026,55,2026-10-01 06:00:00,4 days 06:00:00,102,32.42,141.69,999.8,30.2,19.97407150689469,0.0,0.0,0.0,0.0,0.0,0.0,0.0,0.0,0.0,0.0,0.0,0.0
2026-09-27,WP252026,55,2026-10-01 12:00:00,4 days 12:00:00,108,33.87,142.31,1000.5,29.9,135.09028547622688,0.0,0.0,0.0,0.0,0.0,0.0,0.0,0.0,0.0,0.0,0.0,0.0
2026-09-27,AL062026,56,2026-09-27 00:00:00,0 days 00:00:00,0,29.8,-43.9,1010.0,29.0,56.0,0.0,0.0,0.0,0.0,0.0,0.0,0.0,0.0,0.0,0.0,0.0,0.0
2026-09-27,AL062026,56,2026-09-27 06:00:00,0 days 06:00:00,6,29.39,-43.98,1013.6,23.4,84.15126112514253,0.0,0.0,0.0,0.0,0.0,0.0,0.0,0.0,0.0,0.0,0.0,0.0
2026-09-27,AL062026,56,2026-09-27 12:00:00,0 days 12:00:00,12,29.38,-43.94,1006.5,32.1,56.88812843938658,0.0,0.0,0.0,0.0,0.0,0.0,0.0,0.0,0.0,0.0,0.0,0.0
2026-09-27,EP152026,56,2026-09-27 00:00:00,0 days 00:00:00,0,16.7,-156.1,972.0,80.0,37.0,241.0,185.0,185.0,241.0,93.0,74.0,93.0,111.0,56.0,46.0,56.0,56.0
2026-09-27,EP152026,56,2026-09-27 06:00:00,0 days 06:00:00,6,16.51,-156.76,972.7,94.1,24.618036325799057,164.4028819445501,148.5907894030247,124.5119416429834,179.59344497713548,82.53540621793029,67.42619424952153,62.30365350012113,84.9851925834121,55.06374017787693,44.58346564655788,38.84236539521089,48.9856394345956
2026-09-27,EP152026,56,2026-09-27 12:00:00,0 days 12:00:00,12,16.31,-157.68,955.3,105.2,23.705781137871327,217.6059317203033,187.0585536377976,174.92595782976264,237.4143991339779,124.15899549412802,98.3378124130403,88.11644903384831,120.57130009535388,63.25104070337778,51.210849003107455,42.97459201987925,58.49738631915295
2026-09-27,EP152026,56,2026-09-27 18:00:00,0 days 18:00:00,18,16.12,-158.61,955.9,105.9,21.42626891748702,184.9022184645184,133.45295890065535,138.99867432907666,198.15037704551924,98.77026032720109,77.85214657623209,74.44815885565998,99.27211498578778,61.78023263049392,47.98532231197815,40.795799805840176,53.459858781796925
2026-09-27,EP152026,56,2026-09-28 00:00:00,1 days 00:00:00,24,16.04,-159.64,945.0,119.4,34.12406873684708,185.36940984516752,151.23272242098358,143.15626135320508,195.12856679793867,112.07541565434552,84.45577207448491,86.03389117181479,115.40497701055295,65.08828782665012,50.76187384513449,43.52598208050097,59.580795833731486
2026-09-27,EP152026,56,2026-09-28 06:00:00,1 days 06:00:00,30,16.25,-160.65,939.5,127.1,16.69769845636652,162.12666117939244,155.75022790021168,153.418998927456,154.36147364974033,95.03497393894972,88.49360970102171,89.17116643817938,97.63902363592388,62.93226256498983,51.68417654027925,44.92982139252526,55.8664344832676
2026-09-27,EP152026,56,2026-09-28 12:00:00,1 days 12:00:00,36,16.58,-161.69,935.8,128.7,18.543968443116853,148.72867598658604,100.12174933388712,120.33428557863247,165.86582244720648,86.39728857047703,63.36737319739484,59.67583121720793,87.28798614603818,56.91031330060525,44.2143534449732,37.220974784519,52.03764082429632
2026-09-27,EP152026,56,2026-09-28 18:00:00,1 days 18:00:00,42,17.3,-162.79,947.5,113.3,19.33781334055972,199.0385148511486,146.47732453405956,146.6900983705994,179.9403657181167,98.32464341584898,83.04141232368494,73.82567491044219,95.78505430524945,50.26496432329452,41.22778615775489,33.77139346773784,42.4782606558845
2026-09-27,EP152026,56,2026-09-29 00:00:00,2 days 00:00:00,48,17.9,-163.68,949.9,111.2,21.084915595079597,200.2223120285787,177.6369872492205,136.787037468903,173.36328084080583,93.97894038271488,86.02988518995033,70.96566462029193,93.19825187796688,61.43528368189328,49.66272370512033,39.230200768598,52.47409455171408
2026-09-27,EP152026,56,2026-09-29 06:00:00,2 days 06:00:00,54,19.12,-163.82,968.2,91.0,34.74233673460927,215.35181743696853,186.82019083844597,127.23617180636217,154.938525465721,100.478251620281,89.38550709940174,62.71158459336767,84.25378055816664,51.17708629603405,44.90468456697508,32.97857182838606,44.55756437166343
2026-09-27,EP152026,56,2026-09-29 12:00:00,2 days 12:00:00,60,20.11,-164.14,970.8,88.5,36.50020238072028,170.8541504741845,136.83929392047298,87.61179527741336,127.80050168868873,91.18209763956143,82.13010224941524,54.40306478586445,79.3282460885269,68.10059592358795,58.517008800873896,45.14233186220756,55.60724857203928
2026-09-27,EP152026,56,2026-09-29 18:00:00,2 days 18:00:00,66,21.3,-164.34,979.9,72.2,61.20238512524004,249.0668220029187,162.9446668508326,123.76480836751918,220.18952281135236,131.9271848016247,121.62081511512578,80.56613994137992,106.89163505979796,61.20238512524004,41.56963991220437,27.72014707306868,38.76513090479203
2026-09-27,EP152026,56,2026-09-30 00:00:00,3 days 00:00:00,72,22.02,-164.48,985.4,72.2,70.98368472705263,283.0962024729505,172.80367332919488,175.25372678383172,318.88678151894544,164.9811930633863,119.98621732115372,96.23614629785271,152.99394314572314,93.56540546700018,82.66262000809938,65.70532927406853,82.3472256074417
2026-09-27,EP152026,56,2026-09-30 06:00:00,3 days 06:00:00,78,22.55,-164.25,982.2,55.6,16.661092238474907,214.59308642141517,181.92011793322376,158.45405468157833,220.84084431808697,105.23380440938058,79.64550094723268,67.61030220693868,94.2970974530133,0.0,0.0,0.0,0.0
2026-09-27,EP152026,56,2026-09-30 12:00:00,3 days 12:00:00,84,22.48,-164.35,997.1,50.8,79.79142167841931,296.4963550593336,226.06332263106268,189.79669277814048,269.9912409114904,79.79142167841931,22.150781852699744,20.13615223234085,29.15680906098488,0.0,0.0,0.0,0.0
2026-09-27,EP152026,56,2026-09-30 18:00:00,3 days 18:00:00,90,22.69,-164.58,998.0,41.9,98.62278905611824,130.59172826108576,71.81185345234599,60.69129411070476,113.93538881506583,0.0,0.0,0.0,0.0,0.0,0.0,0.0,0.0
2026-09-27,EP152026,56,2026-10-01 00:00:00,4 days 00:00:00,96,22.58,-165.05,1000.2,38.0,119.14423637734858,129.56051429624645,88.88652424417887,71.61363047192991,106.9616078370898,0.0,0.0,0.0,0.0,0.0,0.0,0.0,0.0
2026-09-27,EP152026,56,2026-10-01 06:00:00,4 days 06:00:00,102,22.88,-166.09,998.2,42.3,155.4916198225784,402.66480976648495,300.1528071175255,227.79808586002943,326.6226467963903,0.0,0.0,0.0,0.0,0.0,0.0,0.0,0.0
2026-09-27,EP152026,56,2026-10-01 12:00:00,4 days 12:00:00,108,22.8,-167.04,999.2,36.2,131.0047408282341,131.0047408282341,66.52267389077126,62.55878498166203,71.53601955401042,0.0,0.0,0.0,0.0,0.0,0.0,0.0,0.0
2026-09-27,EP152026,56,2026-10-01 18:00:00,4 days 18:00:00,114,23.57,-167.86,998.9,32.8,114.91485187910354,0.0,0.0,0.0,0.0,0.0,0.0,0.0,0.0,0.0,0.0,0.0,0.0
2026-09-27,EP152026,56,2026-10-02 00:00:00,5 days 00:00:00,120,23.72,-169.08,997.2,41.9,74.50414582997306,294.54018663584947,228.29170154411025,187.6661097830533,255.1365565917065,0.0,0.0,0.0,0.0,0.0,0.0,0.0,0.0
2026-09-27,EP152026,56,2026-10-02 06:00:00,5 days 06:00:00,126,23.98,-170.8,992.1,45.9,145.48557569188273,229.7636231701152,183.02232018644256,141.16330387473647,202.2761350397746,0.0,0.0,0.0,0.0,0.0,0.0,0.0,0.0
2026-09-27,EP152026,56,2026-10-02 12:00:00,5 days 12:00:00,132,23.49,-170.86,992.7,41.1,55.02161154219675,240.70195267872836,155.07826217994003,181.03685246655584,246.2854611716591,0.0,0.0,0.0,0.0,0.0,0.0,0.0,0.0
2026-09-27,EP152026,56,2026-10-02 18:00:00,5 days 18:00:00,138,23.26,-171.53,992.9,40.8,103.09173449198374,185.44017246754856,196.2182213464007,187.93695365460732,181.9828533055147,0.0,0.0,0.0,0.0,0.0,0.0,0.0,0.0
2026-09-27,EP152026,56,2026-10-03 00:00:00,6 days 00:00:00,144,22.97,-172.14,994.7,47.2,76.97334302372415,160.79055209861895,127.12288762367383,99.72491290579865,152.3944788049218,0.0,0.0,0.0,0.0,0.0,0.0,0.0,0.0
2026-09-27,EP152026,56,2026-10-03 06:00:00,6 days 06:00:00,150,22.76,-173.02,996.5,46.9,75.48979410444127,154.01948004381336,88.9773527459111,66.50182286678431,120.39648972066358,0.0,0.0,0.0,0.0,0.0,0.0,0.0,0.0
2026-09-27,EP152026,56,2026-10-03 12:00:00,6 days 12:00:00,156,22.2,-174.41,996.6,43.0,86.43549715598235,269.27035329882403,192.6315450449356,160.4128148217588,245.37694288985256,0.0,0.0,0.0,0.0,0.0,0.0,0.0,0.0
2026-09-27,EP152026,56,2026-10-03 18:00:00,6 days 18:00:00,162,22.09,-176.18,995.8,49.5,61.98620751423135,206.3121737302612,126.37432968597952,79.64458762584106,166.803358520619,0.0,0.0,0.0,0.0,0.0,0.0,0.0,0.0
2026-09-27,EP152026,56,2026-10-04 00:00:00,7 days 00:00:00,168,22.24,-178.43,986.3,63.9,70.5732218692285,226.2784082305808,82.65274444289435,73.24497073186811,185.3421011082551,70.5732218692285,28.55018734858844,19.430586872500715,39.50391837045949,0.0,0.0,0.0,0.0
2026-09-27,EP152026,56,2026-10-04 06:00:00,7 days 06:00:00,174,22.37,179.21,984.6,62.4,29.897673807216652,221.99976434358803,118.1396637623854,100.73109844875508,223.03927153300515,105.70660501265058,68.91758191915115,51.35554579877117,94.11517978075688,0.0,0.0,0.0,0.0
2026-09-27,EP152026,56,2026-10-04 12:00:00,7 days 12:00:00,180,22.32,176.92,988.2,67.4,29.44663107661419,189.48185539675632,123.86764128001732,86.05584411100234,171.8599702475505,80.18835518863094,59.31862947445081,41.37096218665313,61.94048989809828,29.44663107661419,2.5097392856753173,0.8139986421253768,6.374203948773472
2026-09-27,EP152026,56,2026-10-04 18:00:00,7 days 18:00:00,186,22.43,175.33,983.4,69.5,31.09387505056427,148.86799265039673,79.05181551038837,78.33126760451128,154.19177039391263,65.94096858717633,47.46334765803688,34.1313109838795,60.58050067848828,31.09387505056427,13.3749430395434,9.748040765062148,19.20751845338768
2026-09-27,EP152026,56,2026-10-05 00:00:00,8 days 00:00:00,192,22.92,173.45,979.1,72.7,31.77134214133472,232.6326127073317,122.856206062363,89.45846073194554,204.0237993415446,98.93598964160846,62.868720764723065,30.628685336884963,78.84934865297,33.148766890557056,22.3258858037312,12.950585716446936,25.77870407474148
2026-09-27,EP152026,56,2026-10-05 06:00:00,8 days 06:00:00,198,23.78,171.51,989.3,62.1,31.09721808614197,257.5339948283454,129.29236672453038,114.24676702391127,236.88904132182165,119.56939296209627,95.45937942720552,75.98178374672091,108.55261196950902,0.0,0.0,0.0,0.0
2026-09-27,EP152026,56,2026-10-05 12:00:00,8 days 12:00:00,204,24.2,169.44,986.0,58.9,33.44890715787641,228.95165326714724,117.05605965033652,86.59422677986086,195.10945524731204,100.29828298272554,73.5769160904838,47.256699080108135,79.92854587575242,0.0,0.0,0.0,0.0
2026-09-27,EP152026,56,2026-10-05 18:00:00,8 days 18:00:00,210,24.39,167.12,987.2,65.5,17.63612316582902,239.5092604905697,148.7933354208435,105.77171953256004,226.820276546483,111.72652611890884,85.35517947675578,62.65019956911925,97.33298955457748,30.79786930454441,22.75780918154169,14.35679520831752,25.106539717002505
2026-09-27,EP152026,56,2026-10-06 00:00:00,9 days 00:00:00,216,24.33,165.03,987.9,55.2,20.25680471926989,173.6495521689808,106.58870708760072,121.80098531181272,230.4276125426777,99.81209751915276,71.53030173824538,54.78875137921443,85.98572920872766,0.0,0.0,0.0,0.0
2026-09-27,EP152026,56,2026-10-06 06:00:00,9 days 06:00:00,222,24.27,162.79,986.5,53.9,6.884236414051747,259.0695041861688,155.542042846134,97.56835118597506,244.79272914089773,119.55284964921496,74.62395036394429,46.58227845945529,93.84778416072037,0.0,0.0,0.0,0.0
2026-09-27,EP152026,56,2026-10-06 12:00:00,9 days 12:00:00,228,24.29,161.15,990.6,65.4,27.00719846357746,256.97508319359014,167.7865989016903,116.11609873974488,231.41084441038012,122.49386261329552,84.29721439670233,59.41736671912925,101.8211979758789,27.37831611959159,15.25281747008425,10.547971829264716,21.102106850875707
2026-09-27,EP152026,56,2026-10-06 18:00:00,9 days 18:00:00,234,24.33,159.8,989.3,57.4,34.677969914450884,243.4743185402711,155.85679022699617,151.01704866467347,254.2452743070104,141.6090252069571,108.12627933290206,82.349419963464,123.6773145298644,0.0,0.0,0.0,0.0
2026-09-27,EP152026,56,2026-10-07 00:00:00,10 days 00:00:00,240,25.05,158.08,985.7,56.6,34.764944259982215,229.7060033038528,131.0083908677846,78.36979620067206,176.64071697913715,72.75984649857158,45.6330473281531,26.706426503194564,47.79696937397523,0.0,0.0,0.0,0.0
2026-09-27,EP152026,56,2026-10-07 06:00:00,10 days 06:00:00,246,25.44,156.57,990.0,54.9,37.680141090049375,190.18409792907755,97.82133476341612,53.2806066045245,149.65619456422826,37.680141090049375,13.808822849773067,8.255273359818137,16.544672344898046,0.0,0.0,0.0,0.0
2026-09-27,EP152026,56,2026-10-07 12:00:00,10 days 12:00:00,252,25.72,154.36,997.3,48.0,48.67157095053094,235.3950612792497,110.63847420819714,62.4754533678022,180.13227125655095,0.0,0.0,0.0,0.0,0.0,0.0,0.0,0.0
2026-09-27,EP152026,56,2026-10-07 18:00:00,10 days 18:00:00,258,25.69,151.51,999.4,35.2,78.28013488664087,234.79928062343907,180.05548366162662,122.94418810546364,203.67206795754043,0.0,0.0,0.0,0.0,0.0,0.0,0.0,0.0
2026-09-27,EP152026,56,2026-10-08 00:00:00,11 days 00:00:00,264,25.44,149.18,999.2,30.1,104.91108715077158,0.0,0.0,0.0,0.0,0.0,0.0,0.0,0.0,0.0,0.0,0.0,0.0
2026-09-27,EP152026,56,2026-10-08 06:00:00,11 days 06:00:00,270,24.58,147.9,999.2,29.2,111.70666186684085,0.0,0.0,0.0,0.0,0.0,0.0,0.0,0.0,0.0,0.0,0.0,0.0
2026-09-27,EP162026,56,2026-09-27 00:00:00,0 days 00:00:00,0,20.8,-123.6,975.0,76.0,28.0,167.0,167.0,148.0,185.0,93.0,74.0,74.0,93.0,65.0,46.0,37.0,56.0
2026-09-27,EP162026,56,2026-09-27 06:00:00,0 days 06:00:00,6,21.54,-123.53,990.8,64.3,18.85458839723526,121.74200333633009,116.8361485415262,115.9454138789838,112.09671492250618,70.74751109527665,64.00427363020253,55.78472774638272,61.65338981775017,8.381595327558706,18.85458839723526,7.185960677767135,9.742235876969689
2026-09-27,EP162026,56,2026-09-27 12:00:00,0 days 12:00:00,12,22.14,-123.5,998.2,46.2,39.7767084425919,187.47667128483343,153.05067672850527,103.49983046632308,143.16302974486868,0.0,0.0,0.0,0.0,0.0,0.0,0.0,0.0
2026-09-27,EP162026,56,2026-09-27 18:00:00,0 days 18:00:00,18,22.41,-123.4,1000.7,37.4,83.94860764222732,83.94860764222732,0.2432586625481096,0.0,0.0,0.0,0.0,0.0,0.0,0.0,0.0,0.0,0.0
2026-09-27,EP162026,56,2026-09-28 00:00:00,1 days 00:00:00,24,22.55,-123.34,1002.6,35.6,67.45096403800306,67.45096403800306,28.433012607538014,18.00802722263886,33.59503346191275,0.0,0.0,0.0,0.0,0.0,0.0,0.0,0.0
2026-09-27,EP162026,56,2026-09-28 06:00:00,1 days 06:00:00,30,22.84,-123.04,1000.9,31.9,94.51454397875804,0.0,0.0,0.0,0.0,0.0,0.0,0.0,0.0,0.0,0.0,0.0,0.0
2026-09-27,EP162026,56,2026-09-28 12:00:00,1 days 12:00:00,36,22.76,-122.89,1000.2,29.2,99.2567997915807,0.0,0.0,0.0,0.0,0.0,0.0,0.0,0.0,0.0,0.0,0.0,0.0
2026-09-27,EP162026,56,2026-09-28 18:00:00,1 days 18:00:00,42,22.14,-122.88,1003.7,23.7,95.22367493293648,0.0,0.0,0.0,0.0,0.0,0.0,0.0,0.0,0.0,0.0,0.0,0.0
2026-09-27,EP162026,56,2026-09-29 00:00:00,2 days 00:00:00,48,21.57,-122.66,1005.2,22.1,65.83589440622251,0.0,0.0,0.0,0.0,0.0,0.0,0.0,0.0,0.0,0.0,0.0,0.0
2026-09-27,EP162026,56,2026-09-29 06:00:00,2 days 06:00:00,54,20.72,-122.99,1007.4,21.5,141.96360849980056,0.0,0.0,0.0,0.0,0.0,0.0,0.0,0.0,0.0,0.0,0.0,0.0
2026-09-27,EP162026,56,2026-09-29 12:00:00,2 days 12:00:00,60,20.27,-122.84,1008.2,20.4,86.26010731365835,0.0,0.0,0.0,0.0,0.0,0.0,0.0,0.0,0.0,0.0,0.0,0.0
2026-09-27,EP172026,56,2026-09-27 00:00:00,0 days 00:00:00,0,19.0,-112.9,946.0,111.0,28.0,259.0,185.0,167.0,185.0,111.0,111.0,93.0,93.0,65.0,65.0,46.0,56.0
2026-09-27,EP172026,56,2026-09-27 06:00:00,0 days 06:00:00,6,20.01,-113.29,942.3,112.6,28.833302496558236,142.06585341895052,172.94349905764864,112.79519428858798,91.00542022473752,78.70370411301337,77.52530909931711,57.50519201119295,54.581323033691504,60.4921288349825,53.78126663464984,37.89879781889035,47.11293496274212
2026-09-27,EP172026,56,2026-09-27 12:00:00,0 days 12:00:00,12,20.87,-113.96,937.0,124.4,18.21159549459093,197.63341575218547,207.69228967919824,147.6086001514064,148.0377087871569,107.1186323357945,99.65126782704898,82.59548043226927,92.56257967041978,59.82162409435513,54.15858111175048,43.054798746994486,50.69992875935516
2026-09-27,EP172026,56,2026-09-27 18:00:00,0 days 18:00:00,18,21.58,-114.24,944.1,117.0,18.659172732006567,183.29816764566783,167.93263364333677,141.27589871637343,158.2068549421308,99.29625939575136,97.18738118771812,72.34261195606783,80.02048902746975,54.77982288260651,47.84332679145953,37.811321229914896,45.70442252255117
2026-09-27,EP172026,56,2026-09-28 00:00:00,1 days 00:00:00,24,22.6,-114.5,939.9,123.7,27.116398430590365,161.26944887012124,205.91768393464008,137.9599211515579,119.47719307112172,101.96848935715624,103.3389124821958,71.50366087754855,79.02583981703634,63.801026265629694,54.84517078701711,40.756148792821165,49.57244063052224
2026-09-27,EP172026,56,2026-09-28 06:00:00,1 days 06:00:00,30,23.43,-114.53,945.6,112.6,12.071595577801771,167.247260358481,211.95423353162232,150.39935654565977,157.3734596881024,91.41930995547676,91.20197201980368,73.94387576568899,74.04466426417575,61.12011911938706,56.95132472330423,45.7692744940077,48.83732943209501
2026-09-27,EP172026,56,2026-09-28 12:00:00,1 days 12:00:00,36,24.27,-114.4,952.6,104.7,9.418965984057756,187.9275130070268,237.23690267186743,155.32711816859162,99.33435601452064,120.4539395534226,132.96834230010245,101.90304385994769,95.40625314406212,68.57439453908702,64.30653551524591,52.059547136798855,52.46837967914151
2026-09-27,EP172026,56,2026-09-28 18:00:00,1 days 18:00:00,42,24.89,-113.91,961.7,93.1,28.413898928494547,180.53567915729923,165.88435193828184,150.8879717577027,148.0253298629886,102.00398753950152,111.09774150349624,82.13014313274971,83.40219107121135,59.09726283520658,55.68334545245898,44.62264423224275,46.14924779076762
2026-09-27,EP172026,56,2026-09-29 00:00:00,2 days 00:00:00,48,25.84,-113.09,969.3,82.8,29.559653622220655,144.7264962652174,174.82881964718572,116.76373331838916,108.3426077431466,94.865162777746,101.5464523674624,76.45559591244123,69.09850518138316,45.768737143801815,44.52410103201901,36.838064143227335,34.75709796705459
2026-09-27,EP172026,56,2026-09-29 06:00:00,2 days 06:00:00,54,26.76,-112.62,982.2,67.6,0.0,209.6183242100626,203.2721402794628,133.57460463438588,133.08979578945755,93.1494968240606,88.67266194044038,66.18820917968196,74.5799965417471,31.72599423245613,29.467234217749244,24.52801783947384,24.77073813773431
2026-09-27,EP172026,56,2026-09-29 12:00:00,2 days 12:00:00,60,28.15,-111.3,989.8,44.6,80.6746925011285,82.27183095937868,84.79942178088473,56.63059533338915,51.724871497094696,0.0,0.0,0.0,0.0,0.0,0.0,0.0,0.0
2026-09-27,EP172026,56,2026-09-29 18:00:00,2 days 18:00:00,66,30.57,-109.75,994.8,30.0,55.38223184362434,0.0,0.0,0.0,0.0,0.0,0.0,0.0,0.0,0.0,0.0,0.0,0.0
2026-09-27,EP902026,56,2026-09-27 00:00:00,0 days 00:00:00,0,12.0,-98.6,1008.0,25.0,111.0,0.0,0.0,0.0,0.0,0.0,0.0,0.0,0.0,0.0,0.0,0.0,0.0
2026-09-27,EP902026,56,2026-09-27 06:00:00,0 days 06:00:00,6,11.97,-98.8,1007.2,30.7,133.4245360061687,0.0,0.0,0.0,0.0,0.0,0.0,0.0,0.0,0.0,0.0,0.0,0.0
2026-09-27,EP902026,56,2026-09-27 12:00:00,0 days 12:00:00,12,11.88,-98.92,1002.8,34.9,134.5797005707924,134.5797005707924,0.0,0.0,1.332603441129681,0.0,0.0,0.0,0.0,0.0,0.0,0.0,0.0
2026-09-27,EP902026,56,2026-09-27 18:00:00,0 days 18:00:00,18,11.92,-99.17,999.7,34.8,59.24059098888247,59.24059098888247,44.941216179859055,24.13712133637692,33.51055435315709,0.0,0.0,0.0,0.0,0.0,0.0,0.0,0.0
2026-09-27,EP902026,56,2026-09-28 00:00:00,1 days 00:00:00,24,12.49,-99.4,1003.0,39.4,77.9522614593725,187.5018034168047,162.95877712209494,123.7963534748261,140.32823565056344,0.0,0.0,0.0,0.0,0.0,0.0,0.0,0.0
2026-09-27,EP902026,56,2026-09-28 06:00:00,1 days 06:00:00,30,12.55,-100.19,1001.4,41.0,117.49551939897164,133.6445995901342,116.03390097850982,81.34126140182278,106.96948743851485,0.0,0.0,0.0,0.0,0.0,0.0,0.0,0.0
2026-09-27,EP902026,56,2026-09-28 12:00:00,1 days 12:00:00,36,13.16,-100.84,994.8,53.8,70.1704687624856,192.77261090923184,192.2086731086556,112.4683887488618,149.3262357179765,70.1704687624856,5.958638479537171,0.0,3.6307419933503127,0.0,0.0,0.0,0.0
2026-09-27,EP902026,56,2026-09-28 18:00:00,1 days 18:00:00,42,13.45,-101.97,999.9,45.2,54.7612555025287,234.31519748475296,214.56409554582507,155.3506506730477,193.73022825494297,0.0,0.0,0.0,0.0,0.0,0.0,0.0,0.0
2026-09-27,EP902026,56,2026-09-29 00:00:00,2 days 00:00:00,48,14.24,-102.92,996.8,48.2,119.44104993525067,173.70897022472548,152.20961345625585,88.89027577873922,131.32097994484883,0.0,0.0,0.0,0.0,0.0,0.0,0.0,0.0
2026-09-27,EP902026,56,2026-09-29 06:00:00,2 days 06:00:00,54,15.07,-103.8,995.2,48.6,119.25464628334336,241.89809109621444,223.02860451047496,157.96360134459167,186.48563168174724,0.0,0.0,0.0,0.0,0.0,0.0,0.0,0.0
2026-09-27,EP902026,56,2026-09-29 12:00:00,2 days 12:00:00,60,15.94,-105.03,999.2,48.9,88.68031739355179,193.57672908095765,154.25314954808914,80.36541817014472,138.5593279687466,0.0,0.0,0.0,0.0,0.0,0.0,0.0,0.0
2026-09-27,EP902026,56,2026-09-29 18:00:00,2 days 18:00:00,66,16.37,-106.44,992.4,55.4,118.93668897175276,212.50920918431905,199.65705314114695,109.44040013596148,154.28641806222635,118.93668897175276,3.081183647069284,0.0,0.0,0.0,0.0,0.0,0.0
2026-09-27,EP902026,56,2026-09-30 00:00:00,3 days 00:00:00,72,17.04,-107.35,988.5,66.4,38.80217727167356,207.3793005747296,222.74410770365392,153.46705858668048,160.86779366011282,89.19406919379321,75.37611787775336,43.61964016172836,64.18223427554238,38.80217727167356,4.627488708506282,0.4442033897560127,5.904645932466629
2026-09-27,EP902026,56,2026-09-30 06:00:00,3 days 06:00:00,78,17.57,-107.77,982.0,69.8,39.05667807969506,155.59994638063543,180.3785783463925,139.63946237598157,125.24891313505466,67.72518947759616,61.38256563854097,38.95876118602167,47.21647474656187,39.05667807969506,7.473218005642316,2.254467889698365,7.767224598078146
2026-09-27,EP902026,56,2026-09-30 12:00:00,3 days 12:00:00,84,18.22,-108.47,980.3,77.0,44.508046514324434,107.39001071389691,131.19563743142862,80.85185428317203,73.61848882440603,47.98869916776093,41.56021430825331,23.709431184686338,33.0179102219369,44.508046514324434,18.25420274221256,12.1516575153178,16.72441095274675
2026-09-27,EP902026,56,2026-09-30 18:00:00,3 days 18:00:00,90,18.63,-109.17,968.5,89.4,14.765510056300826,134.63260543528247,171.80703621114822,130.36195106133692,111.15649272261734,72.22567079172619,65.32744630381544,47.264577859232446,62.73516156253871,40.55548471160222,32.25666403369432,23.466151493600805,32.09900964265736
2026-09-27,EP902026,56,2026-10-01 00:00:00,4 days 00:00:00,96,18.84,-109.59,971.2,90.5,21.70160415257908,121.78596832431732,131.94858981990933,101.87630816002552,109.03149358004094,61.83044740407763,55.905196174045614,43.907289430189934,55.480202839164576,35.998504213411735,30.667970301348163,21.910027939257134,28.916742406714704
2026-09-27,EP902026,56,2026-10-01 06:00:00,4 days 06:00:00,102,18.92,-110.03,973.0,84.5,28.19408678882423,138.73878243882876,185.3904745445004,159.95666162129743,119.09653025276884,75.29836294721596,73.37491871715754,60.91134778598429,65.86543608812806,45.29707917386949,39.07372521586862,31.250935940456557,37.41337531600615
2026-09-27,EP902026,56,2026-10-01 12:00:00,4 days 12:00:00,108,19.13,-110.6,964.4,90.5,40.34711916105829,154.20274606322369,187.53248194674055,161.13928742165666,116.87104951116146,69.90323916362874,85.1946385879269,79.99513841868625,55.83256810491059,40.34711916105829,38.33531686764421,32.30642965218177,33.636167109000326
2026-09-27,EP902026,56,2026-10-01 18:00:00,4 days 18:00:00,114,19.16,-110.92,960.8,103.2,26.282625517560973,128.2662823467574,165.1194303471757,144.30397175442658,93.14828333240212,83.8894742980292,85.82668257160299,73.4290461670048,68.11088790906047,43.51877032860375,35.08380696261861,28.39567296559824,34.74873092859491
2026-09-27,EP902026,56,2026-10-02 00:00:00,5 days 00:00:00,120,19.57,-111.2,964.4,90.5,39.89090991784781,191.62585668032045,183.93860751955876,153.21215325236352,203.8021730475172,110.11604925712128,95.70580997458566,88.05379573261155,103.79287029961458,73.23931030891055,65.53454607305555,56.4870760096026,66.17227130936695
2026-09-27,EP902026,56,2026-10-02 06:00:00,5 days 06:00:00,126,19.59,-111.36,977.1,71.1,42.781951162911405,206.0022819908447,226.4456127415879,179.88821018831334,189.53508031799373,94.04935994691002,100.39288195251248,84.37975473421244,77.51491319493016,45.59089185046974,43.55211747897259,38.84184156916369,39.78527874687576
2026-09-27,EP902026,56,2026-10-02 12:00:00,5 days 12:00:00,132,19.6,-111.54,974.5,78.3,36.20989307197112,153.99778130429195,158.05533787237425,129.86564805261236,132.6469892712027,72.60395540435786,66.73199039062871,53.331413489574345,59.61315002448163,40.88551670221989,36.13308772305001,29.627381147219356,33.530835334369385
2026-09-27,EP902026,56,2026-10-02 18:00:00,5 days 18:00:00,138,19.61,-111.68,982.0,66.7,49.34983222339156,171.97976870500952,193.516928625756,151.0793158309607,156.33276639969608,91.03622735785711,83.98038017674821,63.85733995991097,72.86232867557851,49.34983222339156,21.985484339911977,17.514789467240206,19.387672129746704
2026-09-27,EP902026,56,2026-10-03 00:00:00,6 days 00:00:00,144,19.84,-111.68,982.1,65.7,29.701945965887976,134.28282208747342,154.19969540003527,150.64362467995286,132.63418814778134,80.86987654632105,87.31186362696712,68.32668164234488,64.89781045558303,17.693745088033644,29.701945965887976,14.56136963548022,14.150631078833298
2026-09-27,EP902026,56,2026-10-03 06:00:00,6 days 06:00:00,150,19.8,-112.1,981.9,62.5,61.13353350138088,214.22531529708243,208.31868576432515,173.56956632695528,199.56241337471704,121.94817504672903,105.99646975062512,77.84075654226555,98.0036788370912,0.0,0.0,0.0,0.0
2026-09-27,EP902026,56,2026-10-03 12:00:00,6 days 12:00:00,156,19.88,-112.39,978.9,67.1,35.83630893604201,165.05075567409955,165.51413244689888,134.60002149338936,146.16021249256465,76.35101930716068,69.17410486537436,53.12406358260986,67.99719949615034,41.66080763287147,34.509673650741505,27.492207951450865,32.936009758606446
2026-09-27,EP902026,56,2026-10-03 18:00:00,6 days 18:00:00,162,19.99,-112.46,985.8,55.2,50.68467984699605,131.66975617754244,138.03159283122355,113.32430097234668,117.05752289835256,60.10161648273083,56.50710161155234,40.80548490269546,47.25999720290814,0.0,0.0,0.0,0.0
2026-09-27,EP902026,56,2026-10-04 00:00:00,7 days 00:00:00,168,19.8,-112.47,989.3,49.8,69.98837267046542,91.0688464642849,108.778946855117,109.86302763005048,89.27211946830403,0.0,0.0,0.0,0.0,0.0,0.0,0.0,0.0
2026-09-27,EP902026,56,2026-10-04 06:00:00,7 days 06:00:00,174,19.86,-112.52,987.5,56.1,45.65360429155294,131.42739752835848,138.3184314112027,121.60778027098088,122.76006249537318,52.3423006437378,49.10978103243329,36.33929366136812,33.277206028212134,0.0,0.0,0.0,0.0
2026-09-27,EP902026,56,2026-10-04 12:00:00,7 days 12:00:00,180,19.93,-112.68,986.7,62.6,38.0555633030295,120.61501334881004,114.38757783757455,114.55372885837389,123.71129511453124,87.33800458751284,70.30553572856172,50.32121951091163,71.7436172701741,0.0,0.0,0.0,0.0
2026-09-27,EP902026,56,2026-10-04 18:00:00,7 days 18:00:00,186,19.96,-112.87,981.4,58.1,30.39830228995448,177.9967383935033,111.91644584577624,142.78383786469522,158.3438575599978,92.44174262468697,80.07267922681345,64.120825990776,79.6755210581968,0.0,0.0,0.0,0.0
2026-09-27,EP902026,56,2026-10-05 00:00:00,8 days 00:00:00,192,20.1,-113.23,985.5,59.3,53.69929636156347,151.95784584201164,111.91886252901487,119.55234132602388,164.99734734681235,72.28141601869973,59.212110791604175,53.84047501761088,74.74610848165847,0.0,0.0,0.0,0.0
2026-09-27,EP902026,56,2026-10-05 06:00:00,8 days 06:00:00,198,20.12,-113.85,989.5,58.4,49.65293555106496,163.0225479642365,125.41064149275532,134.22338547556598,171.11624969993653,80.42903346370296,68.33756084756494,56.08220124070671,66.02264424714474,0.0,0.0,0.0,0.0
2026-09-27,EP902026,56,2026-10-05 12:00:00,8 days 12:00:00,204,19.68,-114.42,974.4,80.4,51.21841335133035,170.91904491125905,148.4449015104891,135.12755264350412,162.60931095821007,71.69128586787758,67.42286027467631,58.87294951963251,64.37231526019468,59.33365244234177,50.2061584135099,43.40970075996989,50.99441777715933
2026-09-27,EP902026,56,2026-10-05 18:00:00,8 days 18:00:00,210,19.81,-115.0,972.9,74.9,48.93394816337654,190.92169311048804,122.61465259115938,130.95581966430785,206.3350431276195,93.0291682957311,76.96359974670251,64.22523108241187,91.35315740671794,48.93394816337654,30.75116812470977,25.79515415022976,34.50554272232741
2026-09-27,EP902026,56,2026-10-06 00:00:00,9 days 00:00:00,216,19.86,-115.57,975.0,84.0,33.774818904736954,180.8990426300697,134.18555093580835,107.14615119717404,150.68958647464842,70.38355740748662,54.50895065432316,38.95538083006648,60.27761955783245,47.11042763709496,35.76767730011306,27.807420629587742,38.86567918045819
2026-09-27,EP902026,56,2026-10-06 06:00:00,9 days 06:00:00,222,19.79,-116.2,963.7,84.1,16.84243722952378,155.9440993578826,178.9710042204492,174.769214877168,139.09069017162753,69.81314750860075,73.54441521129706,70.38118136710298,67.55002288681028,41.65189844375902,35.64250494152087,31.85557761426155,35.29159052320606
2026-09-27,EP902026,56,2026-10-06 12:00:00,9 days 12:00:00,228,19.86,-116.69,970.3,82.8,54.75019928218819,173.48657623348493,148.4943652502722,174.5459886258409,173.2976279506363,87.55632278842,79.6375442647425,77.30942894029315,85.24105446705329,67.25462177716271,58.72023303163356,51.011979683357424,59.527881817826085
2026-09-27,EP902026,56,2026-10-06 18:00:00,9 days 18:00:00,234,20.01,-117.37,970.2,79.1,31.44906598729915,201.64648680432504,166.09319093304674,182.22186265555428,223.4910908791095,117.86433025511884,94.68189501102032,82.4875112254515,114.80484222567426,71.62580895705864,59.61957999679719,49.2310425422088,61.557568918063566
2026-09-27,EP902026,56,2026-10-07 00:00:00,10 days 00:00:00,240,20.34,-118.1,978.7,65.7,41.290167541237096,145.2827210948859,130.61943419300496,129.63899648251606,136.6162073578465,73.60262586871136,68.51712147437988,52.041837222611335,59.21877232982476,41.290167541237096,27.79718294433889,19.3222097022246,28.427792686967656
2026-09-27,EP902026,56,2026-10-07 06:00:00,10 days 06:00:00,246,20.45,-118.63,972.9,77.4,39.55410985580796,212.9303614111417,153.97065545664307,139.78022877189545,204.3827726659806,104.65777719712372,86.0163040373206,66.33295603955139,95.76252126276589,54.44237192520399,42.51457847311862,35.58228174697698,45.52477839538976
2026-09-27,EP902026,56,2026-10-07 12:00:00,10 days 12:00:00,252,20.89,-119.19,977.2,69.9,43.84734621731862,211.6176116991374,179.8835308188839,157.73736794206332,192.8580058884749,112.48175583070018,94.17387211397153,78.28157694855315,103.36730261888246,79.17618051270148,67.43843038765004,55.19601560273554,65.80908777051943
2026-09-27,EP902026,56,2026-10-07 18:00:00,10 days 18:00:00,258,21.06,-119.7,981.9,66.4,49.03552263572198,190.66274001433047,133.22355828873668,114.81081457300483,185.8953510511551,79.27346635801469,64.35665450321994,48.28230616103958,68.64347880490931,49.03552263572198,22.127316951686677,16.52271311031244,25.652681936370456
2026-09-27,EP902026,56,2026-10-08 00:00:00,11 days 00:00:00,264,21.39,-120.42,977.1,67.8,39.0505280882056,196.4616962507176,153.69544352324144,129.2757705648692,195.19412347360787,99.16895469245895,80.3062630550859,58.41272389338504,83.92586555315043,58.74948639541914,48.24440822837383,37.40429430922592,48.68418880084516
2026-09-27,EP902026,56,2026-10-08 06:00:00,11 days 06:00:00,270,21.52,-120.84,982.7,64.4,37.62108203918959,181.36651801495464,162.76928083101026,158.22351298552303,160.61290942852793,94.2774256401054,82.03285017787297,61.33458368758852,78.07868966902905,37.62108203918959,27.958364067151116,22.005717808276408,28.510033468719637
2026-09-27,EP902026,56,2026-10-08 12:00:00,11 days 12:00:00,276,21.66,-121.19,985.9,61.5,27.173999218626143,209.01839722452328,198.97622327720688,192.19114532759767,191.6517697860397,97.91613023957636,84.33595440933422,67.83944660902101,80.43974820680586,0.0,0.0,0.0,0.0
2026-09-27,EP902026,56,2026-10-08 18:00:00,11 days 18:00:00,282,21.99,-121.69,991.0,56.0,55.600818545432375,180.38324812876095,118.3635594121052,132.00438757710748,169.7413530892977,89.23781049586599,73.88872063866111,57.6524649509001,73.0449804495986,0.0,0.0,0.0,0.0
2026-09-27,EP902026,56,2026-10-09 00:00:00,12 days 00:00:00,288,22.27,-122.14,990.7,50.1,33.08419194882596,138.77987672805307,132.363017372847,106.4607010068279,124.39694373457512,33.08419194882596,29.230145405079934,20.84031496009712,26.60733461819413,0.0,0.0,0.0,0.0
2026-09-27,EP902026,56,2026-10-09 06:00:00,12 days 06:00:00,294,22.37,-122.51,999.7,45.8,95.45337201218956,138.75953383407438,111.20612250058156,89.6842243104008,122.73081805824918,0.0,0.0,0.0,0.0,0.0,0.0,0.0,0.0
2026-09-27,EP902026,56,2026-10-09 12:00:00,12 days 12:00:00,300,22.3,-122.69,994.7,44.0,71.96327464458031,239.2938977950036,230.29643648186757,203.83998406417567,224.61869995737868,0.0,0.0,0.0,0.0,0.0,0.0,0.0,0.0
2026-09-27,EP902026,56,2026-10-09 18:00:00,12 days 18:00:00,306,22.69,-123.11,999.1,40.4,44.58859612296283,136.27773503469325,105.16224336845517,90.31695824858662,121.08839284973055,0.0,0.0,0.0,0.0,0.0,0.0,0.0,0.0
2026-09-27,EP902026,56,2026-10-10 00:00:00,13 days 00:00:00,312,22.89,-123.63,1002.2,39.7,50.13722301643588,161.42422839371267,135.41872448683023,97.69617386747052,139.1133617807286,0.0,0.0,0.0,0.0,0.0,0.0,0.0,0.0
2026-09-27,EP902026,56,2026-10-10 06:00:00,13 days 06:00:00,318,22.92,-123.8,1001.0,39.7,130.0508238109404,130.0508238109404,82.8638613964643,67.06349471514606,85.99132097868434,0.0,0.0,0.0,0.0,0.0,0.0,0.0,0.0
2026-09-27,EP902026,56,2026-10-10 12:00:00,13 days 12:00:00,324,22.92,-124.03,1002.6,36.0,97.22539800748288,97.22539800748288,0.0,0.0,8.130699486924918,0.0,0.0,0.0,0.0,0.0,0.0,0.0,0.0
2026-09-27,EP902026,56,2026-10-10 18:00:00,13 days 18:00:00,330,22.83,-124.47,1002.4,34.1,96.66021280345798,3.4880012543126355,96.66021280345798,0.0,0.0,0.0,0.0,0.0,0.0,0.0,0.0,0.0,0.0
2026-09-27,EP902026,56,2026-10-11 00:00:00,14 days 00:00:00,336,22.96,-124.81,1001.7,31.7,71.66525625256574,0.0,0.0,0.0,0.0,0.0,0.0,0.0,0.0,0.0,0.0,0.0,0.0
2026-09-27,EP902026,56,2026-10-11 06:00:00,14 days 06:00:00,342,22.79,-125.11,1004.0,26.8,64.16803052015081,0.0,0.0,0.0,0.0,0.0,0.0,0.0,0.0,0.0,0.0,0.0,0.0
2026-09-27,EP902026,56,2026-10-11 12:00:00,14 days 12:00:00,348,22.94,-125.47,1003.9,23.9,101.51880141009426,0.0,0.0,0.0,0.0,0.0,0.0,0.0,0.0,0.0,0.0,0.0,0.0
2026-09-27,EP902026,56,2026-10-11 18:00:00,14 days 18:00:00,354,23.12,-125.4,1007.2,23.3,77.6512331359865,0.0,0.0,0.0,0.0,0.0,0.0,0.0,0.0,0.0,0.0,0.0,0.0
2026-09-27,EP902026,56,2026-10-12 00:00:00,15 days 00:00:00,360,22.99,-125.67,1006.6,21.8,70.80750474099412,0.0,0.0,0.0,0.0,0.0,0.0,0.0,0.0,0.0,0.0,0.0,0.0
2026-09-27,WP252026,56,2026-09-27 00:00:00,0 days 00:00:00,0,24.6,127.6,964.0,89.0,22.0,102.0,121.0,102.0,93.0,,,,,,,,
2026-09-27,WP252026,56,2026-09-27 06:00:00,0 days 06:00:00,6,25.39,128.19,951.3,97.6,40.19955671255849,130.53514646800377,139.4341866450523,118.12214337965972,84.9431069598331,80.83083460644879,95.49264332479832,80.57760604211319,63.48078946728131,58.63167589530387,61.54374422873336,48.67688480338646,45.12926540827325
2026-09-27,WP252026,56,2026-09-27 12:00:00,0 days 12:00:00,12,25.78,128.69,952.1,103.0,36.16514686926354,110.3316974734937,159.14760077101317,147.25413126731308,95.89708876177866,80.78239753299715,97.23802353784149,75.49095740843242,61.19210980775385,49.16927088639563,52.78408315863389,43.58823280728748,41.56268571636592
2026-09-27,WP252026,56,2026-09-27 18:00:00,0 days 18:00:00,18,26.34,129.78,959.4,98.5,26.240554580260728,140.82137708687185,186.9757428636844,137.37082472687706,104.72579696921623,66.51263471834542,90.30475615024368,76.1693639115989,47.71694036056413,48.35181286379367,53.16994122578878,48.74661028083401,39.13088820336465
2026-09-27,WP252026,56,2026-09-28 00:00:00,1 days 00:00:00,24,26.53,130.64,966.5,86.3,43.16822055399469,195.36970510934103,236.20925973235077,192.9659177179833,140.21561348522857,83.64203585517804,103.72418500255527,84.44405037802933,64.23783742183569,45.04347080644712,50.73657425630128,39.78733110136935,35.85272198235276
2026-09-27,WP252026,56,2026-09-28 06:00:00,1 days 06:00:00,30,27.64,131.64,967.4,83.2,27.8079232394618,192.99421646437344,208.13346935633533,113.75075588548094,141.47884562530237,96.39225452109532,96.00448854914114,61.34831629726547,67.34235102965297,50.32995781834086,48.92223803152467,37.65744920460303,38.96634118813964
2026-09-27,WP252026,56,2026-09-28 12:00:00,1 days 12:00:00,36,27.61,132.59,983.0,66.7,38.0404411080828,143.27389506402417,186.7770419232208,154.38855175584476,107.68176539742424,91.42159252166104,107.10092360820929,85.97895970497058,70.28065506850928,42.41568114397376,42.64425784479898,37.48809753886081,33.47624036069966
2026-09-27,WP252026,56,2026-09-28 18:00:00,1 days 18:00:00,42,28.25,133.21,983.3,64.5,8.203802697584116,160.61734565522215,148.03858617830284,150.47701082907622,146.49204708883798,99.31532414399308,102.846838427649,87.70088207511836,90.54271859195492,58.70023317550073,57.64383123259747,50.80816962450233,48.46462286901493
2026-09-27,WP252026,56,2026-09-29 00:00:00,2 days 00:00:00,48,28.7,134.3,993.0,52.5,43.99317797948561,125.6753074410878,161.33662078476164,113.56722430905144,92.46026513688696,70.9544991983963,76.64248922819218,54.317270357313134,50.23967055707788,0.0,0.0,0.0,0.0
2026-09-27,WP252026,56,2026-09-29 06:00:00,2 days 06:00:00,54,29.16,134.96,993.2,47.9,117.39022017718918,201.1518711727745,204.72701019160164,139.5926159494348,145.7085531098158,0.0,0.0,0.0,0.0,0.0,0.0,0.0,0.0
2026-09-27,WP252026,56,2026-09-29 12:00:00,2 days 12:00:00,60,29.39,136.06,990.7,47.5,79.57393250969764,143.1518984892898,176.11744143784608,147.13378672176265,125.78738748670654,0.0,0.0,0.0,0.0,0.0,0.0,0.0,0.0
2026-09-27,WP252026,56,2026-09-29 18:00:00,2 days 18:00:00,66,29.87,136.92,996.8,41.3,61.25386508266168,169.28629839926003,181.58426067719236,138.26046217638037,123.30633243499426,0.0,0.0,0.0,0.0,0.0,0.0,0.0,0.0
2026-09-27,WP252026,56,2026-09-30 00:00:00,3 days 00:00:00,72,30.29,137.89,998.1,31.1,87.05948663889262,0.0,0.0,0.0,0.0,0.0,0.0,0.0,0.0,0.0,0.0,0.0,0.0
2026-09-27,WP252026,56,2026-09-30 06:00:00,3 days 06:00:00,78,30.95,138.94,998.8,35.4,128.14474672267437,17.39906174535989,128.14474672267437,2.237420918574875,2.7063385036245062,0.0,0.0,0.0,0.0,0.0,0.0,0.0,0.0
2026-09-27,WP252026,56,2026-09-30 12:00:00,3 days 12:00:00,84,31.34,139.73,999.2,29.8,46.50848087768684,0.0,0.0,0.0,0.0,0.0,0.0,0.0,0.0,0.0,0.0,0.0,0.0
2026-09-27,WP252026,56,2026-09-30 18:00:00,3 days 18:00:00,90,31.85,140.67,999.9,35.9,89.00728408697839,56.48796697908445,89.00728408697839,26.396000757219788,25.09528182098612,0.0,0.0,0.0,0.0,0.0,0.0,0.0,0.0
2026-09-27,WP252026,56,2026-10-01 00:00:00,4 days 00:00:00,96,32.65,141.25,998.1,29.5,124.76566045333954,0.0,0.0,0.0,0.0,0.0,0.0,0.0,0.0,0.0,0.0,0.0,0.0
2026-09-27,WP252026,56,2026-10-01 06:00:00,4 days 06:00:00,102,33.39,141.95,1001.7,28.6,135.69120556365488,0.0,0.0,0.0,0.0,0.0,0.0,0.0,0.0,0.0,0.0,0.0,0.0
2026-09-27,WP252026,56,2026-10-01 12:00:00,4 days 12:00:00,108,34.42,143.2,1000.2,29.3,95.18341978863204,0.0,0.0,0.0,0.0,0.0,0.0,0.0,0.0,0.0,0.0,0.0,0.0
2026-09-27,WP252026,56,2026-10-01 18:00:00,4 days 18:00:00,114,36.2,145.8,998.2,27.8,103.83018095449664,0.0,0.0,0.0,0.0,0.0,0.0,0.0,0.0,0.0,0.0,0.0,0.0
2026-09-27,WP252026,56,2026-10-02 00:00:00,5 days 00:00:00,120,37.7,148.87,993.8,39.6,94.1473888136304,50.96271613664334,94.1473888136304,34.24598692896046,18.428940575916783,0.0,0.0,0.0,0.0,0.0,0.0,0.0,0.0
2026-09-27,AL062026,57,2026-09-27 00:00:00,0 days 00:00:00,0,29.8,-43.9,1010.0,29.0,56.0,0.0,0.0,0.0,0.0,0.0,0.0,0.0,0.0,0.0,0.0,0.0,0.0
2026-09-27,AL062026,57,2026-09-27 06:00:00,0 days 06:00:00,6,29.6,-43.99,1012.5,25.7,75.72237434118378,0.0,0.0,0.0,0.0,0.0,0.0,0.0,0.0,0.0,0.0,0.0,0.0
2026-09-27,EP152026,57,2026-09-27 00:00:00,0 days 00:00:00,0,16.7,-156.1,972.0,80.0,37.0,241.0,185.0,185.0,241.0,93.0,74.0,93.0,111.0,56.0,46.0,56.0,56.0
2026-09-27,EP152026,57,2026-09-27 06:00:00,0 days 06:00:00,6,16.48,-156.76,964.3,95.4,31.56893978906085,179.17020148191062,179.27983429893135,157.29601379513008,197.66171056404465,88.43244225096356,70.13886832876251,77.35632844722204,93.50968930290114,65.73228875043732,56.29981221100379,50.79417350958315,60.75281623047005
2026-09-27,EP152026,57,2026-09-27 12:00:00,0 days 12:00:00,12,16.14,-157.59,962.1,96.2,12.839159119108912,211.4031190835736,153.8822119753534,157.44573568723155,208.83025280862975,101.46561761548644,88.20262266234519,81.31015869723714,96.88245353908448,58.57879271218098,50.50980255895101,43.65647878408916,54.437741823904105
2026-09-27,EP152026,57,2026-09-27 18:00:00,0 days 18:00:00,18,15.91,-158.36,954.2,107.2,29.646821310933035,213.39051312951776,144.74195694281934,133.67924015742585,188.25364573206707,91.05660625003496,76.08463544085726,69.97247694309146,88.34667769183329,65.46838812665209,53.79718148075352,44.836838915790224,56.299065217191696
2026-09-27,EP152026,57,2026-09-28 00:00:00,1 days 00:00:00,24,15.84,-159.54,948.2,109.4,23.31256510067948,179.62112806987273,145.7450775047545,115.69278894565127,172.6355224921829,95.47537917403824,78.39147068901825,73.88827461987498,88.93704923047922,49.150175727800814,40.75400378056487,32.35945877234632,43.77428833302864
2026-09-27,EP152026,57,2026-09-28 06:00:00,1 days 06:00:00,30,15.88,-160.36,946.3,111.9,17.11888291138107,163.70815802452734,123.42295050314442,140.30718814571634,173.24792837785532,94.99314294866232,70.58970957649836,68.34112514999754,90.39883120296903,56.55962066392431,47.3127102881158,40.63947110380312,50.875743658008446
2026-09-27,EP152026,57,2026-09-28 12:00:00,1 days 12:00:00,36,16.22,-161.2,939.2,122.3,16.569395204469387,208.43436749443111,127.85745846601804,126.06352952034636,202.3573710532637,104.79353524977552,76.5419584313432,68.8032373556288,103.04234686316252,72.51650236243441,59.03168379701137,48.788859226203925,64.40104858564155
2026-09-27,EP152026,57,2026-09-28 18:00:00,1 days 18:00:00,42,16.71,-162.16,931.6,131.6,17.305159352952813,200.9799460593973,189.41340518355756,136.91101188349376,160.56850202738724,98.23375776235632,81.0309694364577,69.15523220563207,90.44822382552496,65.69336272792472,55.35191529097125,46.53061275792206,58.66990596978667
2026-09-27,EP152026,57,2026-09-29 00:00:00,2 days 00:00:00,48,17.74,-162.8,949.4,113.0,17.951421515318323,242.8614225739504,195.6336868426013,109.56555456824056,165.47987525254428,105.51891489737253,96.49525913938405,64.02029235392646,88.69890239920824,65.20130063450833,54.86314472620529,39.78183533087287,52.20507487913716
2026-09-27,EP152026,57,2026-09-29 06:00:00,2 days 06:00:00,54,18.69,-163.35,955.9,102.0,19.864674072802075,231.55704244056244,170.32792666887758,128.77665200576538,190.54050634493083,114.79815638870934,93.0134130073752,67.06696262764609,97.6964783073624,59.64938107069527,49.11166997078092,36.436296609911,52.31307343177463
2026-09-27,EP152026,57,2026-09-29 12:00:00,2 days 12:00:00,60,19.73,-163.55,964.9,93.3,36.56902356060282,143.8709710251045,129.81017453899923,110.08265449684367,144.67527529391344,98.3920118068771,87.68127497420205,62.89027876475044,84.78810709569754,47.45941349066408,42.39722268767706,30.966590256036177,39.94891604118748
2026-09-27,EP152026,57,2026-09-29 18:00:00,2 days 18:00:00,66,20.83,-163.46,970.6,87.2,45.99868769885538,168.3571392900085,141.06432761204235,103.436965047919,116.45946157206488,90.15691782789644,94.04239826445428,63.07895620603495,68.65304862665022,46.64423682353748,42.67912969468193,30.420468864989687,36.55727108595983
2026-09-27,EP152026,57,2026-09-30 00:00:00,3 days 00:00:00,72,21.76,-163.88,982.6,72.4,41.79222557747675,204.0036056603229,139.17088244665132,106.27667598727896,190.00406725000744,95.84164584801698,73.9185168727751,59.53074951874168,89.50145272882723,51.10750644622228,41.1689681265834,34.00935151476345,44.56409689069309
2026-09-27,EP152026,57,2026-09-30 06:00:00,3 days 06:00:00,78,22.01,-163.68,989.5,53.6,36.81612126768104,215.44514520866463,164.3620568835274,148.1473226583741,218.4881854705964,122.97688486289364,98.74823628831362,80.24263346593148,106.73050813022434,0.0,0.0,0.0,0.0
2026-09-27,EP152026,57,2026-09-30 12:00:00,3 days 12:00:00,84,22.01,-163.84,996.9,47.9,47.63940302905164,178.79861269531114,165.26674923405545,131.57256567923028,180.6208770010218,0.0,0.0,0.0,0.0,0.0,0.0,0.0,0.0
2026-09-27,EP152026,57,2026-09-30 18:00:00,3 days 18:00:00,90,21.54,-163.89,994.3,48.2,113.68631993070382,155.1124924724785,122.82693498220056,123.45718826277766,159.54041290424811,0.0,0.0,0.0,0.0,0.0,0.0,0.0,0.0
2026-09-27,EP152026,57,2026-10-01 00:00:00,4 days 00:00:00,96,21.67,-164.16,1001.0,45.3,61.84913863652862,268.5389535392347,215.84543527032008,149.00383587670336,236.56585723461265,0.0,0.0,0.0,0.0,0.0,0.0,0.0,0.0
2026-09-27,EP152026,57,2026-10-01 06:00:00,4 days 06:00:00,102,21.8,-164.44,994.7,43.9,21.492246742099358,184.85550648657943,119.2105097302324,84.69060732053785,139.5950786886712,0.0,0.0,0.0,0.0,0.0,0.0,0.0,0.0
2026-09-27,EP152026,57,2026-10-01 12:00:00,4 days 12:00:00,108,22.19,-165.23,993.7,50.2,60.480432238872766,156.5316805246897,91.79030987882156,80.92164472888422,138.3840129992222,17.314159683417632,12.954426749214647,10.788404402164556,60.480432238872766,0.0,0.0,0.0,0.0
2026-09-27,EP152026,57,2026-10-01 18:00:00,4 days 18:00:00,114,22.31,-165.94,986.7,57.6,43.57367460347609,212.75905003660137,125.53535142262808,123.893867889562,198.25039941331124,82.38936282267423,67.69216040623041,46.86511989155292,70.91830698361446,0.0,0.0,0.0,0.0
2026-09-27,EP152026,57,2026-10-02 00:00:00,5 days 00:00:00,120,22.82,-166.37,986.1,55.5,66.60230696397048,177.12456614612125,143.76547814305113,127.25449509329393,149.20328397868087,71.32183220982597,63.24317050826851,51.12316258042704,56.29800889345583,0.0,0.0,0.0,0.0
2026-09-27,EP152026,57,2026-10-02 06:00:00,5 days 06:00:00,126,22.92,-166.75,987.8,51.2,91.00216473842806,156.92431360753818,94.50674630871217,60.04685649641294,140.5847583128059,91.00216473842806,0.0,0.0,3.102906204157984,0.0,0.0,0.0,0.0
2026-09-27,EP152026,57,2026-10-02 12:00:00,5 days 12:00:00,132,23.18,-167.07,990.6,51.3,71.87619603310378,169.46869765235232,123.30102783912622,84.39655292701576,138.43414330698369,71.87619603310378,8.85271345411222,8.060605520753104,12.518282645120143,0.0,0.0,0.0,0.0
2026-09-27,EP152026,57,2026-10-02 18:00:00,5 days 18:00:00,138,22.95,-167.67,994.4,47.3,46.27372655127797,280.3462562121225,222.24805311906815,230.62533460285897,268.23806861619937,0.0,0.0,0.0,0.0,0.0,0.0,0.0,0.0
2026-09-27,EP152026,57,2026-10-03 00:00:00,6 days 00:00:00,144,22.65,-168.34,994.6,42.2,89.78775107956872,98.99698411632504,99.09530106916364,88.2921952527224,100.86689366522882,0.0,0.0,0.0,0.0,0.0,0.0,0.0,0.0
2026-09-27,EP152026,57,2026-10-03 06:00:00,6 days 06:00:00,150,22.11,-169.41,992.5,50.8,96.29446262048296,127.04908698433502,83.39006870172956,55.2962551180381,118.41679452669908,7.13628394309627,0.3902435663154531,0.0,96.29446262048296,0.0,0.0,0.0,0.0
2026-09-27,EP152026,57,2026-10-03 12:00:00,6 days 12:00:00,156,21.81,-170.83,990.1,56.1,96.09155751832868,158.01965201314357,80.53256810171249,37.5226397519594,137.632316646134,96.09155751832868,1.6535937954980169,0.3256788719618093,12.947783508799752,0.0,0.0,0.0,0.0
2026-09-27,EP152026,57,2026-10-03 18:00:00,6 days 18:00:00,162,21.37,-172.79,995.5,46.1,60.6145668242069,146.60722699126353,80.32512871634435,40.21197779853532,118.60699466831008,0.0,0.0,0.0,0.0,0.0,0.0,0.0,0.0
2026-09-27,EP152026,57,2026-10-04 00:00:00,7 days 00:00:00,168,21.36,-174.6,994.3,50.1,35.53380957056669,214.96015016903948,119.1085313269615,58.207243128815634,163.0741864991733,35.53380957056669,6.974227223093891,0.0,12.54908079616061,0.0,0.0,0.0,0.0
2026-09-27,EP152026,57,2026-10-04 06:00:00,7 days 06:00:00,174,21.58,-176.25,995.4,45.4,58.1417579176604,301.797747449299,169.16768691331563,108.8226607990878,249.6117232392894,0.0,0.0,0.0,0.0,0.0,0.0,0.0,0.0
2026-09-27,EP152026,57,2026-10-04 12:00:00,7 days 12:00:00,180,22.21,-178.35,985.0,66.3,14.476867364320215,235.8089000101292,130.47600987220977,78.0764227790875,199.6985585954356,97.23204177000696,67.53856878632925,32.51929915931616,75.03153210925751,14.476867364320215,3.488617351250415,0.0,6.086435541852124
2026-09-27,EP152026,57,2026-10-04 18:00:00,7 days 18:00:00,186,22.75,179.65,966.8,85.9,11.205013984960004,208.1721742611836,146.95561798015257,119.21486536893649,183.4510672929441,104.53553001908948,82.04016187132103,56.66003328312043,90.76704332009666,54.42689872835358,43.91040587333717,31.66966486214367,43.7450123408145
2026-09-27,EP152026,57,2026-10-05 00:00:00,8 days 00:00:00,192,23.12,177.81,961.9,95.2,13.623964281338507,213.81966998146936,142.2028876554138,108.32001578388872,213.8940550416568,102.54871376781806,75.19887312780124,53.244302822077096,95.76129764670527,56.22283033248455,44.26320673834009,32.320778332117044,47.90200440566675
2026-09-27,EP152026,57,2026-10-05 06:00:00,8 days 06:00:00,198,23.46,175.86,947.6,108.3,16.844225692838066,247.75198533945863,144.01410612086485,114.42491545570932,237.60236386067865,118.961289571699,91.45324433778362,68.74965856281156,109.05720807447824,70.4726895808445,58.319909145903566,43.40793977844334,59.90198889632756
2026-09-27,EP152026,57,2026-10-05 12:00:00,8 days 12:00:00,204,24.03,173.6,944.4,117.0,34.69891910034045,316.0934944697742,201.9430701848429,173.30121512121616,297.0509045666047,145.2255711070103,111.37507061547792,89.96899263758957,131.90221333592518,87.3365274499854,74.66270995519983,57.53927772522909,75.77482962025073
2026-09-27,EP152026,57,2026-10-05 18:00:00,8 days 18:00:00,210,24.19,171.39,954.9,110.4,25.5924022087076,261.37572598248835,146.16043897179952,90.26615486305845,249.09126641051125,122.03053063623132,81.61377577816495,55.15576115871812,108.44415201866671,72.0437215822285,58.20980937323759,39.54393379276303,60.87501185751137
2026-09-27,EP152026,57,2026-10-06 00:00:00,9 days 00:00:00,216,24.63,168.68,966.4,89.1,18.21882210577812,233.80436676686952,128.4067326479609,84.64573427768852,230.10189534041865,112.24873170230023,82.81850622541413,50.18104392803323,97.31543082956529,55.386516509556856,45.5027024962512,31.34689742920256,45.14303670586281
2026-09-27,EP152026,57,2026-10-06 06:00:00,9 days 06:00:00,222,24.85,166.55,955.0,101.2,18.34345049451359,272.9686446861476,205.67350563621727,137.95538607518515,236.0066331970573,127.99268212422692,102.97106624861748,70.15813352936289,106.21459805445684,74.98918199797924,63.31212797134789,45.94230070749005,61.89958389501362
2026-09-27,EP152026,57,2026-10-06 12:00:00,9 days 12:00:00,228,25.36,163.93,951.3,101.2,19.75005482448995,252.9292731055008,197.8953450045421,154.6351359108166,203.0946209364995,116.8725223916025,97.56075744427132,74.62363497424165,93.64589821647012,67.83991014580508,57.8048632881609,42.04094221776732,55.078829705720494
2026-09-27,EP152026,57,2026-10-06 18:00:00,9 days 18:00:00,234,26.64,161.67,961.2,102.7,27.43852960209024,222.47967654531072,176.22541621498505,130.0534926881099,196.4143023976125,113.67689860680396,88.0949160981892,65.50676915221646,93.68412949432972,65.66022731616039,54.85722672357072,39.882460216112406,55.17835156415748
2026-09-27,EP152026,57,2026-10-07 00:00:00,10 days 00:00:00,240,28.29,159.34,961.6,95.2,5.9527923067082895,272.15260593485,200.12288875094143,140.5009762581035,226.80287051220603,143.08561359267617,128.47618006279697,94.28025375737737,119.47842839795942,81.0811745724755,74.2923884242021,54.34041903841532,66.78404255703697
2026-09-27,EP152026,57,2026-10-07 06:00:00,10 days 06:00:00,246,30.15,157.64,972.9,83.5,3.1943989884996995,258.9321533452708,213.6018642529276,143.10069028877382,187.3163180539172,124.76345647501778,112.48477117243792,72.05482503756457,96.28386522916688,66.03054781120701,59.35273592710753,40.8120251926902,52.94529890477868
2026-09-27,EP152026,57,2026-10-07 12:00:00,10 days 12:00:00,252,32.2,156.46,972.7,75.1,10.527311010806706,260.9351927507994,257.2860119202786,184.1454966232109,208.8125753871035,118.06532026227264,109.0768213558182,69.2283609593251,85.3417952994999,51.542488356821785,46.59976959330706,32.811091726078544,39.10868844910728
2026-09-27,EP152026,57,2026-10-07 18:00:00,10 days 18:00:00,258,34.52,156.14,982.0,67.0,40.16149596176098,216.400973221206,225.9159948996792,171.41038847873222,162.68724690099748,111.64817796229258,106.10858419675525,76.36017735253013,75.65418954790998,16.812046822547735,40.16149596176098,10.215957433542576,10.991724833872905
2026-09-27,EP152026,57,2026-10-08 00:00:00,11 days 00:00:00,264,36.86,156.71,988.9,47.6,33.67540884050808,196.6002591451131,250.8363264060261,197.2728639988037,117.58186514003567,0.0,0.0,0.0,0.0,0.0,0.0,0.0,0.0
2026-09-27,EP152026,57,2026-10-08 06:00:00,11 days 06:00:00,270,39.3,158.88,990.9,52.2,66.58985832697105,190.7063409941686,216.4521447570827,132.8603429671403,119.14097915252256,75.28158274216258,82.67337812874396,59.265253959472105,49.06244148715536,0.0,0.0,0.0,0.0
2026-09-27,EP152026,57,2026-10-08 12:00:00,11 days 12:00:00,276,40.71,162.68,985.6,48.7,56.063897290312575,187.62232788553703,216.2813187263592,176.8798137227015,125.91374147736268,0.0,0.0,0.0,0.0,0.0,0.0,0.0,0.0
2026-09-27,EP152026,57,2026-10-08 18:00:00,11 days 18:00:00,282,41.29,167.98,993.1,50.6,93.12191963276416,135.60520970147263,214.67324564991213,137.37185257005632,43.05572997244468,28.846255036172597,93.12191963276416,41.91502051895591,6.261815232897384,0.0,0.0,0.0,0.0
2026-09-27,EP152026,57,2026-10-09 00:00:00,12 days 00:00:00,288,40.49,173.73,993.7,47.4,110.57064467102668,247.17821800847736,336.5190059482526,265.06594795246,182.76110255289728,0.0,0.0,0.0,0.0,0.0,0.0,0.0,0.0
2026-09-27,EP152026,57,2026-10-09 06:00:00,12 days 06:00:00,294,39.47,179.71,986.2,45.2,173.8924503191268,107.47707652736798,210.88102953835084,186.66313564783368,79.84228617279092,0.0,0.0,0.0,0.0,0.0,0.0,0.0,0.0
2026-09-27,EP162026,57,2026-09-27 00:00:00,0 days 00:00:00,0,20.8,-123.6,975.0,76.0,28.0,167.0,167.0,148.0,185.0,93.0,74.0,74.0,93.0,65.0,46.0,37.0,56.0
2026-09-27,EP162026,57,2026-09-27 06:00:00,0 days 06:00:00,6,21.32,-123.32,993.8,55.4,39.18798479300087,177.43138912847246,171.49114406871047,154.93521624550573,162.97607679268037,74.4050445603778,72.5102827354265,56.28777811375893,67.11955482023288,0.0,0.0,0.0,0.0
2026-09-27,EP162026,57,2026-09-27 12:00:00,0 days 12:00:00,12,22.03,-123.28,995.7,47.2,36.46134363204128,222.2524920676195,165.17518063880806,115.34429323936104,158.88324033620245,0.0,0.0,0.0,0.0,0.0,0.0,0.0,0.0
2026-09-27,EP162026,57,2026-09-27 18:00:00,0 days 18:00:00,18,22.37,-122.98,999.0,41.0,86.97661608913063,86.97661608913063,40.23952306764522,26.60183469344605,44.17928300868891,0.0,0.0,0.0,0.0,0.0,0.0,0.0,0.0
2026-09-27,EP162026,57,2026-09-28 00:00:00,1 days 00:00:00,24,22.61,-123.12,1002.0,35.6,60.92930238792917,162.01057793046073,150.4189773951712,122.00111491431892,137.7935841882803,0.0,0.0,0.0,0.0,0.0,0.0,0.0,0.0
2026-09-27,EP162026,57,2026-09-28 06:00:00,1 days 06:00:00,30,22.68,-122.87,1001.6,29.2,111.50541140120832,0.0,0.0,0.0,0.0,0.0,0.0,0.0,0.0,0.0,0.0,0.0,0.0
2026-09-27,EP162026,57,2026-09-28 12:00:00,1 days 12:00:00,36,22.65,-122.93,1001.2,29.6,82.74740366798389,0.0,0.0,0.0,0.0,0.0,0.0,0.0,0.0,0.0,0.0,0.0,0.0
2026-09-27,EP162026,57,2026-09-28 18:00:00,1 days 18:00:00,42,22.08,-122.58,1002.7,26.7,68.07078898268882,0.0,0.0,0.0,0.0,0.0,0.0,0.0,0.0,0.0,0.0,0.0,0.0
2026-09-27,EP162026,57,2026-09-29 00:00:00,2 days 00:00:00,48,21.66,-122.3,1006.5,20.2,127.7672496481663,0.0,0.0,0.0,0.0,0.0,0.0,0.0,0.0,0.0,0.0,0.0,0.0
2026-09-27,EP162026,57,2026-09-29 06:00:00,2 days 06:00:00,54,20.82,-122.04,1006.0,24.6,84.5911449163757,0.0,0.0,0.0,0.0,0.0,0.0,0.0,0.0,0.0,0.0,0.0,0.0
2026-09-27,EP162026,57,2026-09-29 12:00:00,2 days 12:00:00,60,20.22,-122.18,1008.0,18.9,79.2110836825068,0.0,0.0,0.0,0.0,0.0,0.0,0.0,0.0,0.0,0.0,0.0,0.0
2026-09-27,EP162026,57,2026-09-29 18:00:00,2 days 18:00:00,66,19.26,-122.02,1009.1,17.9,59.50623536900673,0.0,0.0,0.0,0.0,0.0,0.0,0.0,0.0,0.0,0.0,0.0,0.0
2026-09-27,EP172026,57,2026-09-27 00:00:00,0 days 00:00:00,0,19.0,-112.9,946.0,111.0,28.0,259.0,185.0,167.0,185.0,111.0,111.0,93.0,93.0,65.0,65.0,46.0,56.0
2026-09-27,EP172026,57,2026-09-27 06:00:00,0 days 06:00:00,6,19.9,-113.26,942.4,118.5,26.08084386887852,168.2143623834802,136.15691761854563,109.4200989010987,104.98355223901538,79.77583723894674,74.15690295920511,59.481418560458266,68.67319792896257,53.26253743484213,46.44802851038,34.41664114307901,43.25152941728273
2026-09-27,EP172026,57,2026-09-27 12:00:00,0 days 12:00:00,12,20.83,-113.69,939.9,122.9,16.05469560092051,178.908525024364,216.03340559097137,155.4630165248677,132.45523060774232,90.44787458476756,94.38919446033066,72.9317177561309,71.75452985057449,56.22181358392274,53.9969644711297,38.959530179336646,45.92741184474912
2026-09-27,EP172026,57,2026-09-27 18:00:00,0 days 18:00:00,18,21.87,-113.93,944.5,113.2,22.602283668540224,223.7320223975562,242.49248136835175,177.95207775386734,180.3533314111594,125.05039881392284,116.20529119899965,85.84063872935391,99.392450840489,70.51676821879137,61.66608602832941,47.80916145762588,56.887829448517806
2026-09-27,EP172026,57,2026-09-28 00:00:00,1 days 00:00:00,24,22.98,-114.13,946.4,113.9,32.93577843012463,189.73402012928275,175.71000122194528,96.21150619259424,110.80511642409692,94.54391819144077,97.49697833859682,56.9950651088584,64.76552734879806,60.21581614580282,53.45929898039685,36.672489107008005,44.3927711893266
2026-09-27,EP172026,57,2026-09-28 06:00:00,1 days 06:00:00,30,24.05,-114.12,948.1,108.2,21.55426439470238,138.21812753142189,193.27972575387025,165.97386236002524,117.96495352225875,82.39425672717599,98.3831828124821,78.87376303599666,67.88162312520116,48.140426916832304,46.66103354950061,38.78832221305056,40.77722810316956
2026-09-27,EP172026,57,2026-09-28 12:00:00,1 days 12:00:00,36,25.41,-113.81,948.6,108.6,19.094523635594783,193.14302894017143,207.40765588492195,139.94945671150208,119.5638759126839,108.19126404775716,116.16752814402888,80.83740915663338,80.9079314817618,61.50724799223042,56.36308316943416,45.59307647602043,48.40793260734404
2026-09-27,EP172026,57,2026-09-28 18:00:00,1 days 18:00:00,42,26.07,-113.31,951.1,100.8,23.590040156759752,203.22964769572943,204.0757678800374,172.13036951986973,170.8117897648964,106.33915803941852,123.17758104580304,99.96023781358132,91.29047521946926,77.11806504734537,77.14698887218412,66.1157097322382,62.17018485770254
2026-09-27,EP172026,57,2026-09-29 00:00:00,2 days 00:00:00,48,27.04,-112.36,976.3,76.5,9.567056858770062,102.11507143525102,104.58216610066256,83.52659746355542,81.08353871381945,40.58418985660337,51.61555208611471,36.8188417388761,28.045866458729733,33.912980444488646,33.04976368932122,26.4096527490019,26.92539832411374
2026-09-27,EP172026,57,2026-09-29 06:00:00,2 days 06:00:00,54,27.96,-111.41,989.0,52.9,25.185864966761343,144.59806357665713,132.9384860303325,71.40340806519075,97.34841871384452,37.10472226981806,37.34627698279043,21.399756130246743,18.48511492114801,0.0,0.0,0.0,0.0
2026-09-27,EP172026,57,2026-09-29 12:00:00,2 days 12:00:00,60,29.96,-110.07,996.8,33.6,60.36325386686615,0.0,0.0,0.0,0.0,0.0,0.0,0.0,0.0,0.0,0.0,0.0,0.0
2026-09-27,EP902026,57,2026-09-27 00:00:00,0 days 00:00:00,0,12.0,-98.6,1008.0,25.0,111.0,0.0,0.0,0.0,0.0,0.0,0.0,0.0,0.0,0.0,0.0,0.0,0.0
2026-09-27,EP902026,57,2026-09-27 06:00:00,0 days 06:00:00,6,12.09,-98.88,1004.0,30.6,97.12106187746258,0.0,0.0,0.0,0.0,0.0,0.0,0.0,0.0,0.0,0.0,0.0,0.0
2026-09-27,EP902026,57,2026-09-27 12:00:00,0 days 12:00:00,12,11.89,-98.85,1004.3,34.5,112.76213284543252,3.011315909945619,0.0,112.76213284543252,0.0,0.0,0.0,0.0,0.0,0.0,0.0,0.0,0.0
2026-09-27,EP902026,57,2026-09-27 18:00:00,0 days 18:00:00,18,12.27,-99.27,1003.5,34.9,65.56181986327952,65.56181986327952,0.0,0.0,5.413104487615273,0.0,0.0,0.0,0.0,0.0,0.0,0.0,0.0
2026-09-27,EP902026,57,2026-09-28 00:00:00,1 days 00:00:00,24,12.63,-99.84,1003.7,36.8,113.8506489657965,113.8506489657965,22.267303056652768,0.0,11.813326721671032,0.0,0.0,0.0,0.0,0.0,0.0,0.0,0.0
2026-09-27,EP902026,57,2026-09-28 06:00:00,1 days 06:00:00,30,12.64,-100.68,1003.4,33.0,122.02466118964377,0.0,0.0,0.0,0.0,0.0,0.0,0.0,0.0,0.0,0.0,0.0,0.0
2026-09-27,EP902026,57,2026-09-28 12:00:00,1 days 12:00:00,36,12.93,-101.4,1003.0,38.3,130.84830695875482,300.0769341835354,282.69020992228945,251.6078013337921,265.1932407781804,0.0,0.0,0.0,0.0,0.0,0.0,0.0,0.0
2026-09-27,EP902026,57,2026-09-28 18:00:00,1 days 18:00:00,42,13.25,-102.5,997.1,40.3,141.90946110450076,348.5305844202462,328.0857058457483,267.5819151109561,282.6921652773209,0.0,0.0,0.0,0.0,0.0,0.0,0.0,0.0
2026-09-27,EP902026,57,2026-09-29 00:00:00,2 days 00:00:00,48,13.82,-103.69,999.9,43.1,121.00332755070052,203.49319066852576,205.10289640377815,142.511177226623,168.3353281095665,0.0,0.0,0.0,0.0,0.0,0.0,0.0,0.0
2026-09-27,EP902026,57,2026-09-29 06:00:00,2 days 06:00:00,54,14.48,-104.78,994.9,44.9,129.63893730573787,201.6263902949013,202.32001131492572,161.50597216740906,165.0061931959794,0.0,0.0,0.0,0.0,0.0,0.0,0.0,0.0
2026-09-27,EP902026,57,2026-09-29 12:00:00,2 days 12:00:00,60,14.95,-105.77,994.2,51.7,96.2219048487468,205.09685599403983,190.6989127567618,117.89467951669964,154.18916543954285,96.2219048487468,9.595384178237964,5.201460402502454,8.078595572587222,0.0,0.0,0.0,0.0
2026-09-27,EP902026,57,2026-09-29 18:00:00,2 days 18:00:00,66,16.0,-106.87,994.1,59.5,65.67403866057026,183.7232948816784,190.11298482261407,84.29098632005783,139.19054473157402,65.67403866057026,27.985336034931688,10.08313895194661,8.982156467908773,0.0,0.0,0.0,0.0
2026-09-27,EP902026,57,2026-09-30 00:00:00,3 days 00:00:00,72,16.8,-107.55,986.5,60.1,62.907701663087416,155.0855819447674,197.32068639152865,112.6624558899755,115.65580322718196,62.907701663087416,36.1377358239258,13.767759133137796,15.102122252021765,0.0,0.0,0.0,0.0
2026-09-27,EP902026,57,2026-09-30 06:00:00,3 days 06:00:00,78,17.61,-108.37,977.5,71.9,44.16498315046982,291.1459136686715,303.7767849321249,228.19915014949805,244.6166677708544,152.70501903852875,141.89980555826875,106.03056373422925,125.36732475858614,78.57579868962168,72.90410843992645,59.56847304430466,65.12465113178361
2026-09-27,EP902026,57,2026-09-30 12:00:00,3 days 12:00:00,84,18.22,-108.86,976.4,79.5,47.5583468772108,204.99505742683533,241.9982842654113,143.2699480242964,124.6268401645952,80.22073953694006,77.14323394366546,47.20569265887379,52.748200607379175,47.5583468772108,21.73544096049857,14.082024036231788,17.764393041910573
2026-09-27,EP902026,57,2026-09-30 18:00:00,3 days 18:00:00,90,18.97,-109.13,965.8,85.6,51.49633873771001,129.33906599692736,154.41782153261042,108.5220815096318,100.15515642477013,55.36729577662796,60.27753876462942,35.761456172831714,44.56174534576516,51.49633873771001,27.591742894963133,20.058992381003616,25.54494034098127
2026-09-27,EP902026,57,2026-10-01 00:00:00,4 days 00:00:00,96,19.03,-109.7,969.0,82.2,37.75254461465403,186.27021886203212,178.44988217229206,158.5764007679702,138.40993759675615,104.9405187098298,96.0265188166574,78.58121279932277,93.8184633491071,60.07683353916454,50.77064370193358,42.30678194491895,52.61150011718223
2026-09-27,EP902026,57,2026-10-01 06:00:00,4 days 06:00:00,102,19.17,-109.87,977.6,70.2,31.038594079648,152.07709923908854,191.83525963353992,161.72543184032378,138.03255076432606,63.56206868521818,72.16464480435657,66.85400630149476,53.02385010744253,40.09614946851085,38.38912644566287,33.961749575179255,33.2642404525196
2026-09-27,EP902026,57,2026-10-01 12:00:00,4 days 12:00:00,108,19.41,-109.87,979.9,70.1,36.91768722224432,90.6346996699319,134.27544584183704,105.86267122905348,86.09521483486012,65.7054918470092,62.74213893461153,41.20870320707668,45.36065102213186,36.91768722224432,15.16514504445199,10.956218595589789,14.009680132076328
2026-09-27,EP902026,57,2026-10-01 18:00:00,4 days 18:00:00,114,19.28,-109.66,986.6,62.2,42.80817258925265,121.87760371637984,161.66188157695316,153.52907270210486,127.97791416452804,67.02550256242964,69.83748853402562,57.395223750121225,53.098351823550665,0.0,0.0,0.0,0.0
2026-09-27,EP902026,57,2026-10-02 00:00:00,5 days 00:00:00,120,19.42,-109.84,992.9,55.5,52.95795172773717,154.35217423134782,170.3953821648685,158.30006689283414,145.9298543598668,102.30803934295908,96.13279471185784,75.65044772001261,81.48548047213939,0.0,0.0,0.0,0.0
2026-09-27,EP902026,57,2026-10-02 06:00:00,5 days 06:00:00,126,19.41,-109.65,987.7,59.5,42.98949574379415,135.4614122345074,182.18260710055347,154.60401589341762,126.34936704238052,56.50392824846956,57.606272709448575,41.08650576599906,42.0356749475222,0.0,0.0,0.0,0.0
2026-09-27,EP902026,57,2026-10-02 12:00:00,5 days 12:00:00,132,19.6,-109.69,985.2,60.5,30.791248960993528,129.45347665094368,164.3156186104692,166.67999654693187,122.0767492052998,95.6570739497772,103.8969861338718,87.00568232506134,79.37341237901654,0.0,0.0,0.0,0.0
2026-09-27,EP902026,57,2026-10-02 18:00:00,5 days 18:00:00,138,19.99,-110.12,981.8,64.4,58.62156284817733,120.1511818242644,170.29283877594554,144.33423461373735,110.87160078643431,85.91808134620004,80.42867987365278,60.40411928167947,65.6917558934278,58.62156284817733,8.793134098738529,5.527584285935276,8.336641419289117
2026-09-27,EP902026,57,2026-10-03 00:00:00,6 days 00:00:00,144,20.1,-110.68,979.0,77.3,29.947196521899517,160.8146483911446,164.28010079537262,136.98641275507964,149.9460132287868,89.7833831680789,82.28814874436932,65.79598283826357,79.33422469096206,42.37902745402488,35.6385456252969,28.43844892969221,35.33002108627625
2026-09-27,EP902026,57,2026-10-03 06:00:00,6 days 06:00:00,150,20.09,-111.3,984.0,66.4,25.19346174474063,127.65754854921065,118.03122724892457,123.23354407813528,124.23401309400036,60.82625732848557,58.02600565223392,49.53153365885932,54.12346200431404,36.06487223584352,31.430753091245634,26.64639073920185,31.36417903625492
2026-09-27,EP902026,57,2026-10-03 12:00:00,6 days 12:00:00,156,20.14,-111.45,981.3,71.1,13.908069200338277,107.84553596366342,112.41137549165552,131.42689680906452,129.85219792134646,80.80864274474635,79.46708550112052,64.16875896850365,74.90733012785455,21.368994137968247,17.17791589372463,14.579657645706355,18.514665871768813
2026-09-27,EP902026,57,2026-10-03 18:00:00,6 days 18:00:00,162,20.08,-112.08,980.3,67.6,10.312557195333032,116.66643342820676,129.95821645410868,135.89595813205145,116.47588898282808,53.0768263872315,56.44880912265617,50.06305306027578,54.72635058681367,27.778573315017866,22.902790575896127,20.61615243977529,25.84416625981831
2026-09-27,EP902026,57,2026-10-04 00:00:00,7 days 00:00:00,168,20.05,-112.53,977.1,76.1,27.094901125405052,109.38608584872104,131.39834662881032,112.70597784444573,122.14907160742706,68.51377370540985,56.400384643231256,45.81688863477146,60.86748834283828,32.141002118850814,25.480199645410845,21.947208416547426,27.996068672724164
2026-09-27,EP902026,57,2026-10-04 06:00:00,7 days 06:00:00,174,19.86,-112.79,986.0,67.9,26.034259099034493,135.65793910047316,120.72545118788152,84.54481099468937,121.1377357597274,61.85722728454193,52.08780668026883,34.96315048362459,54.17952747400774,26.034259099034493,20.033866293493933,16.81387791091777,20.880273777051386
2026-09-27,EP902026,57,2026-10-04 12:00:00,7 days 12:00:00,180,20.03,-113.46,989.6,64.3,37.799815950733645,79.91813779557384,126.67133914054608,109.8814123846181,82.49550846897611,62.29119547662036,56.616023650172565,43.94833236626844,50.00198006048946,8.67958152058187,6.046846879121911,2.8367068427566524,37.799815950733645
2026-09-27,EP902026,57,2026-10-04 18:00:00,7 days 18:00:00,186,20.04,-114.0,990.3,63.6,23.643318878840205,122.4666446342652,98.94668815651556,120.8642274386838,132.0565195917534,68.58635579261647,62.12530460759543,57.061920410335325,67.68215409304874,0.0,0.0,0.0,0.0
2026-09-27,EP902026,57,2026-10-05 00:00:00,8 days 00:00:00,192,20.3,-114.48,993.6,52.1,44.17871941719942,113.40585537432966,103.80772142919396,110.98268368444572,121.96031255607754,26.759276529091466,27.230202810342654,22.05845389337585,44.17871941719942,0.0,0.0,0.0,0.0
2026-09-27,EP902026,57,2026-10-05 06:00:00,8 days 06:00:00,198,20.57,-115.05,996.4,53.8,25.941199372214825,78.47323405200918,72.79723000516498,120.92740838455012,109.53478703812806,57.198049465679865,53.56215598297894,44.685932240510695,53.97304845128741,0.0,0.0,0.0,0.0
2026-09-27,EP902026,57,2026-10-05 12:00:00,8 days 12:00:00,204,20.59,-116.03,997.4,48.7,43.07027572176386,124.95409460674932,85.69569877945555,73.5430790878093,121.94468474166092,0.0,0.0,0.0,0.0,0.0,0.0,0.0,0.0
2026-09-27,EP902026,57,2026-10-05 18:00:00,8 days 18:00:00,210,20.74,-117.03,993.2,60.1,54.58260848497892,164.683695309884,139.71948421709726,86.56129208203009,147.31852601852336,79.88422543592094,62.28361669876631,36.47012702109405,65.17461672774789,0.0,0.0,0.0,0.0
2026-09-27,EP902026,57,2026-10-06 00:00:00,9 days 00:00:00,216,20.92,-118.0,990.0,64.3,52.3071220784591,128.7452071069937,111.08553528850126,115.64893482643284,133.62815189448077,80.72100972370146,70.87565167633716,56.43722323581483,72.1792659130941,52.3071220784591,21.29764972963006,17.36363839437005,24.24688995827617
2026-09-27,EP902026,57,2026-10-06 06:00:00,9 days 06:00:00,222,20.86,-118.5,978.3,71.8,32.294567572687086,183.54101310807624,121.64178614316504,107.43758615906692,184.14518153992145,96.54900277872623,75.3943786965699,59.169249454708776,88.78215728515734,42.64014753266976,30.416885253872312,23.91205151547181,35.305893485916194
2026-09-27,EP902026,57,2026-10-06 12:00:00,9 days 12:00:00,228,21.05,-119.83,980.6,73.7,16.89466252584782,127.8459827295492,128.96947958457838,106.04287683898508,136.44299975701568,74.43832103611393,67.63345020902497,56.92658749932558,69.12000322533137,38.1842470272361,32.96807958783385,26.123955699791622,33.023170050860095
2026-09-27,EP902026,57,2026-10-06 18:00:00,9 days 18:00:00,234,21.06,-120.55,976.7,74.4,39.818170484588045,175.67678059086944,138.61692690421924,126.72577439215688,194.20006323187917,95.6179329521165,80.73390357562101,62.57062204939797,94.8854436470094,64.1396954065337,52.68097811307943,39.7705635772103,53.3581547739135
2026-09-27,EP902026,57,2026-10-07 00:00:00,10 days 00:00:00,240,20.83,-121.29,977.9,71.0,43.959794470504576,125.89776872662571,107.01623404985432,99.4327536939482,126.45823270752648,67.77803190817693,53.62498487858959,42.86169514902259,60.808206843213895,43.959794470504576,19.43120139988863,14.45823439488194,23.562823324851884
2026-09-27,EP902026,57,2026-10-07 06:00:00,10 days 06:00:00,246,20.69,-122.41,976.1,79.6,24.352478138613225,155.47715268777907,165.56623260074983,125.53530257911817,154.80588386397096,70.11621251575362,55.62943274285311,38.32326779947669,60.37574818788809,38.01322900326525,29.510110012385724,21.56949875881472,31.42680180150483
2026-09-27,EP902026,57,2026-10-07 12:00:00,10 days 12:00:00,252,20.73,-123.3,972.6,86.2,26.489052577924376,159.53321070735953,149.47314305961658,138.50537330083893,159.15038430468692,72.09243974597311,56.69913128737488,50.78669683858095,65.16817386066992,33.35284012359093,23.89851392919964,17.739813413614016,29.309753074031285
2026-09-27,EP902026,57,2026-10-07 18:00:00,10 days 18:00:00,258,20.65,-124.0,975.2,80.2,16.643931319632856,119.84275558448957,105.08618394977152,107.70799273526096,137.68103040778408,58.40665237039877,41.19954050559133,39.068122395668695,63.61075892956126,38.80511820880699,27.35441149742863,21.784284871578198,33.72170366791855
2026-09-27,EP902026,57,2026-10-08 00:00:00,11 days 00:00:00,264,20.8,-124.72,980.0,78.4,36.50652055834007,132.66279625725406,124.36457285503366,119.21040701564992,130.1070497625151,69.32073583529836,59.50371049081468,54.518546472765706,64.88382436471079,54.97868505865483,46.810171057391926,37.2965544496924,45.746212173453614
2026-09-27,EP902026,57,2026-10-08 06:00:00,11 days 06:00:00,270,20.84,-125.38,990.4,66.3,38.777757269199896,145.3047287956393,111.65083387437949,82.4546263203961,138.57865583226192,76.5940423975654,59.05963460671231,38.08938297324884,64.4998415485137,38.777757269199896,6.576301284048974,3.542444976413794,11.021948510273049
2026-09-27,EP902026,57,2026-10-08 12:00:00,11 days 12:00:00,276,21.06,-126.02,991.8,59.3,27.59379775255336,142.9225762498571,105.9116728326422,96.3642455869714,154.52488241073914,90.1509258654168,70.2436439884768,54.33989916542104,85.40219027377573,0.0,0.0,0.0,0.0
2026-09-27,EP902026,57,2026-10-08 18:00:00,11 days 18:00:00,282,21.28,-126.51,988.6,55.9,27.351345572158017,210.1163398321281,152.31439380085533,82.12128435484428,157.11102494273786,64.05786995584508,45.76028074394384,21.542554367341225,43.55396871183389,0.0,0.0,0.0,0.0
2026-09-27,EP902026,57,2026-10-09 00:00:00,12 days 00:00:00,288,21.88,-126.75,993.2,56.3,48.545439769477554,181.4272555073061,136.60587357626963,123.20092643789614,158.27352403028223,48.545439769477554,33.98519292792515,27.10745836890437,36.70605303946645,0.0,0.0,0.0,0.0
2026-09-27,EP902026,57,2026-10-09 06:00:00,12 days 06:00:00,294,22.23,-127.15,994.2,53.2,42.47023357468338,114.73907792616995,85.09256386596013,107.30996857035356,117.86258222745482,66.14375962484878,52.94985485445838,40.77736021223018,52.19268685057059,0.0,0.0,0.0,0.0
2026-09-27,EP902026,57,2026-10-09 12:00:00,12 days 12:00:00,300,22.86,-127.29,995.1,55.4,15.874759047708553,164.79719421826167,140.055958428311,93.83198451929684,124.99934925473406,43.61372080997867,38.9517238523633,25.147017022682206,30.03935832616554,0.0,0.0,0.0,0.0
2026-09-27,EP902026,57,2026-10-09 18:00:00,12 days 18:00:00,306,23.2,-127.22,991.0,57.4,0.0,95.6624931174336,92.9949744160454,93.44835157661365,94.4423473208449,47.35006092697451,40.942928619611216,25.32757609584828,38.64775231821355,0.0,0.0,0.0,0.0
2026-09-27,EP902026,57,2026-10-10 00:00:00,13 days 00:00:00,312,23.38,-127.61,999.6,47.5,35.79474869598656,137.65102587025098,98.76666762927502,70.25151319422204,120.35686608333089,0.0,0.0,0.0,0.0,0.0,0.0,0.0,0.0
2026-09-27,EP902026,57,2026-10-10 06:00:00,13 days 06:00:00,318,23.25,-127.93,1003.2,45.7,46.93797085452295,126.00261166410544,68.05602139388816,43.06232412815184,113.27417221706736,0.0,0.0,0.0,0.0,0.0,0.0,0.0,0.0
2026-09-27,EP902026,57,2026-10-10 12:00:00,13 days 12:00:00,324,23.25,-128.45,1001.7,45.9,25.845302303618297,95.09798806738875,55.78653330908355,55.37412836893287,112.5679814075998,0.0,0.0,0.0,0.0,0.0,0.0,0.0,0.0
2026-09-27,EP902026,57,2026-10-10 18:00:00,13 days 18:00:00,330,23.05,-129.28,999.7,46.6,53.9053729111454,96.19988821559969,34.215474890087,33.9141187864182,105.46811624255146,0.0,0.0,0.0,0.0,0.0,0.0,0.0,0.0
2026-09-27,EP902026,57,2026-10-11 00:00:00,14 days 00:00:00,336,22.74,-130.42,1000.6,44.6,21.46607323220738,159.6123201345922,97.17669268037912,90.30508841700748,156.9574594533338,0.0,0.0,0.0,0.0,0.0,0.0,0.0,0.0
2026-09-27,EP902026,57,2026-10-11 06:00:00,14 days 06:00:00,342,22.76,-131.77,1002.1,39.0,120.36625379982377,65.60135470295914,38.52308283993019,33.872154937728375,120.36625379982377,0.0,0.0,0.0,0.0,0.0,0.0,0.0,0.0
2026-09-27,EP902026,57,2026-10-11 12:00:00,14 days 12:00:00,348,22.54,-133.01,1000.5,46.0,19.90263056301873,129.18953484399103,61.29354806981184,52.19269109568987,124.01460158841785,0.0,0.0,0.0,0.0,0.0,0.0,0.0,0.0
2026-09-27,EP902026,57,2026-10-11 18:00:00,14 days 18:00:00,354,22.27,-134.43,1004.4,35.9,64.6756320756508,95.80485050846062,32.13064579258873,28.84756519843073,111.93825882767185,0.0,0.0,0.0,0.0,0.0,0.0,0.0,0.0
2026-09-27,EP902026,57,2026-10-12 00:00:00,15 days 00:00:00,360,22.23,-135.93,1001.5,37.7,74.26055614961297,74.26055614961297,30.76340924937432,6.905538431754906,52.85297565698704,0.0,0.0,0.0,0.0,0.0,0.0,0.0,0.0
2026-09-27,WP252026,57,2026-09-27 00:00:00,0 days 00:00:00,0,24.6,127.6,964.0,89.0,22.0,102.0,121.0,102.0,93.0,,,,,,,,
2026-09-27,WP252026,57,2026-09-27 06:00:00,0 days 06:00:00,6,25.26,128.26,944.1,110.6,13.538829206125634,156.8502620209533,189.61565378461088,151.84333270534685,134.84114777476802,95.6511312760471,93.24592897075718,68.79908961844757,68.81645048541098,57.73152241468658,56.93567884972595,43.9431146738323,49.66588557816296
2026-09-27,WP252026,57,2026-09-27 12:00:00,0 days 12:00:00,12,26.04,128.66,948.9,110.5,23.894140202805342,156.74592329298773,186.2484845983078,121.87734284175824,120.78278345901386,82.46751454087239,97.11779580103872,75.29788776739431,65.41648115588387,51.17239646090471,52.078097834730514,44.09174982672936,44.58896480166946
2026-09-27,WP252026,57,2026-09-27 18:00:00,0 days 18:00:00,18,26.25,130.12,965.7,87.1,27.880023086170997,168.047392843466,173.79420464368147,137.12709173252787,118.12334173498746,92.29613016375204,112.30640341897518,91.40726285085177,75.67162669975303,68.20303198275175,70.81189181420402,60.86059155358167,56.75430775921035
2026-09-27,WP252026,57,2026-09-28 00:00:00,1 days 00:00:00,24,26.75,130.61,967.0,86.8,14.37083272584647,147.5713947645096,189.9925413365922,159.30141537030184,105.03038220495544,70.76564028226282,90.20390255684087,71.37618288782836,50.68997711541299,47.26117460784961,49.0532081030168,40.213098047903095,36.04019464439548
2026-09-27,WP252026,57,2026-09-28 06:00:00,1 days 06:00:00,30,26.96,131.33,971.7,79.5,35.33871815477914,148.80053923921838,186.0150099584064,150.9045030567303,131.94982544422092,64.64457521489237,72.17872698752046,68.26081701733773,53.646127170233015,46.99190664739359,48.32237198316589,41.84041417169699,40.449574452284
2026-09-27,WP252026,57,2026-09-28 12:00:00,1 days 12:00:00,36,27.44,132.12,980.5,69.7,36.524573005402544,177.6662240129221,199.23010861886831,119.3530330748215,158.1736845837773,99.12041515234938,93.99614504229008,66.30344790209234,70.22931943734946,37.63798922868526,35.228360726949546,27.60928387790051,30.240326065381154
2026-09-27,WP252026,57,2026-09-28 18:00:00,1 days 18:00:00,42,27.77,132.85,982.2,67.1,35.91029841002623,138.35258855392766,158.43991312625394,137.8609247504367,102.66669974625812,95.03345560785051,111.52596539624284,84.36803727251973,70.109574195024,51.50857912196744,53.93453297914087,45.9677948527985,39.724348315704
2026-09-27,WP252026,57,2026-09-29 00:00:00,2 days 00:00:00,48,28.07,133.72,978.1,67.0,23.191413717551967,109.61955720750213,143.25085966489252,144.46051993740497,108.66423332700262,61.23084232976113,64.30493059458172,53.44414588374897,48.97456877031868,2.983053404386343,23.191413717551967,2.898581646124782,2.2609228183963976
2026-09-27,WP252026,57,2026-09-29 06:00:00,2 days 06:00:00,54,28.68,134.57,987.6,55.7,44.85961308215983,133.80011361480885,148.09276189406955,119.28040360609415,109.73740653469258,36.5581050484579,44.85961308215983,23.65954514363516,23.672325516887184,0.0,0.0,0.0,0.0
2026-09-27,WP252026,57,2026-09-29 12:00:00,2 days 12:00:00,60,29.01,135.49,991.0,54.5,15.278687272767938,160.18739991689728,173.73593176509905,172.38937495198155,147.33726956668994,47.66462716825467,54.76627102662217,47.57790294234572,33.36803166744225,0.0,0.0,0.0,0.0
2026-09-27,WP252026,57,2026-09-29 18:00:00,2 days 18:00:00,66,29.43,136.22,989.8,49.8,64.03668103366296,105.9617454267947,129.2784038989231,97.74174254099948,74.22847797753195,0.0,0.0,0.0,0.0,0.0,0.0,0.0,0.0
2026-09-27,WP252026,57,2026-09-30 00:00:00,3 days 00:00:00,72,29.94,136.89,995.2,39.0,36.85410027571147,63.11193400713048,77.51064030342116,49.576029135528366,39.07696149457957,0.0,0.0,0.0,0.0,0.0,0.0,0.0,0.0
2026-09-27,WP252026,57,2026-09-30 06:00:00,3 days 06:00:00,78,30.58,137.65,996.3,38.8,44.28016271071846,139.29172026464653,158.71392199255092,127.51562778432344,106.0297267471026,0.0,0.0,0.0,0.0,0.0,0.0,0.0,0.0
2026-09-27,WP252026,57,2026-09-30 12:00:00,3 days 12:00:00,84,31.23,138.41,1000.9,27.7,132.04936764135337,0.0,0.0,0.0,0.0,0.0,0.0,0.0,0.0,0.0,0.0,0.0,0.0
2026-09-27,WP252026,57,2026-09-30 18:00:00,3 days 18:00:00,90,31.8,139.13,1002.7,26.2,91.06800026057502,0.0,0.0,0.0,0.0,0.0,0.0,0.0,0.0,0.0,0.0,0.0,0.0
2026-09-27,WP252026,57,2026-10-01 00:00:00,4 days 00:00:00,96,32.71,139.89,1001.2,30.0,170.54230643215703,0.0,0.0,0.0,0.0,0.0,0.0,0.0,0.0,0.0,0.0,0.0,0.0
2026-09-27,WP252026,57,2026-10-01 06:00:00,4 days 06:00:00,102,33.55,141.19,1000.0,26.0,104.25271447589594,0.0,0.0,0.0,0.0,0.0,0.0,0.0,0.0,0.0,0.0,0.0,0.0
2026-09-27,WP252026,57,2026-10-01 12:00:00,4 days 12:00:00,108,34.7,143.26,1000.6,32.6,134.72447432055884,0.0,0.0,0.0,0.0,0.0,0.0,0.0,0.0,0.0,0.0,0.0,0.0
2026-09-27,WP252026,57,2026-10-01 18:00:00,4 days 18:00:00,114,37.41,147.43,994.4,39.1,139.1160418594539,6.810053569855022,139.1160418594539,0.6715303210153323,0.0,0.0,0.0,0.0,0.0,0.0,0.0,0.0,0.0
2026-09-27,WP252026,57,2026-10-02 00:00:00,5 days 00:00:00,120,40.06,152.37,992.4,35.2,161.65668809248027,81.06090827823509,161.65668809248027,75.10199190221029,35.71033821818014,0.0,0.0,0.0,0.0,0.0,0.0,0.0,0.0
2026-09-27,WP252026,57,2026-10-02 06:00:00,5 days 06:00:00,126,43.36,158.27,998.8,37.9,52.02204143442905,174.67680375353223,183.21580403369356,100.43854022910944,85.16740716448817,0.0,0.0,0.0,0.0,0.0,0.0,0.0,0.0
2026-09-27,AL062026,58,2026-09-27 00:00:00,0 days 00:00:00,0,29.8,-43.9,1010.0,29.0,56.0,0.0,0.0,0.0,0.0,0.0,0.0,0.0,0.0,0.0,0.0,0.0,0.0
2026-09-27,EP152026,58,2026-09-27 00:00:00,0 days 00:00:00,0,16.7,-156.1,972.0,80.0,37.0,241.0,185.0,185.0,241.0,93.0,74.0,93.0,111.0,56.0,46.0,56.0,56.0
2026-09-27,EP152026,58,2026-09-27 06:00:00,0 days 06:00:00,6,16.42,-156.92,972.5,87.0,33.10785282589815,183.14279783878249,136.54843134817526,144.72407765738242,205.111373118625,98.95371630653976,74.76502357846763,84.00908349829305,107.4006301986132,63.86607901909153,55.92025559190414,52.1923741166793,57.829347924451326
2026-09-27,EP152026,58,2026-09-27 12:00:00,0 days 12:00:00,12,16.33,-157.55,966.6,93.9,31.20304508910541,181.9114233701555,162.77599878234554,166.1468215017889,200.72286385129087,94.26016185527466,80.64076667194641,82.90361806848087,101.23123396210693,53.254169715864336,44.45393425826517,39.86633333216367,49.62026527240134
2026-09-27,EP152026,58,2026-09-27 18:00:00,0 days 18:00:00,18,16.1,-158.6,960.5,100.9,30.20693774319311,199.7131906062201,187.06942230995355,150.87279542362216,186.02139880107887,92.14550151372671,70.93425906434584,65.86816191737755,81.68072117258589,48.80823357476719,38.93456345525977,29.4529590289865,44.06197621065118
2026-09-27,EP152026,58,2026-09-28 00:00:00,1 days 00:00:00,24,16.02,-159.44,959.9,108.0,28.997763703642757,164.0224728327533,188.18254798172973,159.37157607175843,116.46721111988003,85.90811848911815,86.44489757590321,82.46457836512354,76.17393756742948,52.42115725342375,46.00061245809152,42.07884863993034,47.39460013925866
2026-09-27,EP152026,58,2026-09-28 06:00:00,1 days 06:00:00,30,16.14,-160.27,944.3,115.2,20.59530059437475,171.31860649509144,150.81426645211468,175.4102013010015,168.56958892459443,90.93867415302884,73.73528047075706,74.60507277234046,92.88851773875469,53.572039712464175,40.83879299251839,34.08619941153211,47.892070241188776
2026-09-27,EP152026,58,2026-09-28 12:00:00,1 days 12:00:00,36,16.91,-161.24,940.1,124.3,30.747920411677303,144.84526537118268,145.40215770956573,133.3972758327105,138.38314018296686,92.9030417077617,82.36168836681628,70.64286009433025,84.64060933786496,49.49865175784996,40.58556716594603,33.15186419887715,42.163248665583296
2026-09-27,EP152026,58,2026-09-28 18:00:00,1 days 18:00:00,42,17.27,-162.21,946.7,112.4,14.702599609588582,201.3141358766432,131.28049832946058,69.53270247073777,169.66972617294135,108.25282296694232,78.46900794835092,53.00976442231406,86.03336901755429,65.05503142701329,54.116194098117205,38.60697924800824,54.66013788721723
2026-09-27,EP152026,58,2026-09-29 00:00:00,2 days 00:00:00,48,18.13,-162.81,953.7,104.8,18.80676484137709,185.8861687895668,150.34781684309445,112.9961040350464,141.4257443257203,98.57030265895742,75.0877277376149,51.09472510313447,80.37812571406334,55.74287831428504,44.09919802102021,31.29515726340523,46.317193535314686
2026-09-27,EP152026,58,2026-09-29 06:00:00,2 days 06:00:00,54,19.21,-163.07,965.7,91.0,33.226537600598654,212.93434075720228,195.73486878032963,154.36467674011928,187.19180826965828,101.3532767509276,91.89062393413518,64.85965968610859,82.41456923931095,48.13891203304751,42.392659808620834,29.96840204212861,40.44229047280194
2026-09-27,EP152026,58,2026-09-29 12:00:00,2 days 12:00:00,60,20.2,-163.42,973.9,86.5,32.28815618122103,193.56255052300168,183.47267763812,108.81501524778484,142.1879168999878,97.01013520563076,81.70212313783998,58.06189389601923,75.72381154428079,49.61469974316846,43.9628757059262,32.555374861475656,40.67533970195697
2026-09-27,EP152026,58,2026-09-29 18:00:00,2 days 18:00:00,66,20.97,-163.04,979.1,75.5,37.90407209416558,197.85223999482503,162.0420959078721,120.34681331654816,156.86843457511404,97.0758620621652,79.85524852433,53.25162306315958,74.02672670367012,37.90407209416558,8.461775953468889,3.4788537434597084,7.007793655710744
2026-09-27,EP152026,58,2026-09-30 00:00:00,3 days 00:00:00,72,21.81,-162.95,979.7,67.5,65.61528935055867,175.74951233145475,129.18517332648116,98.35162389357627,154.6003959497575,83.9682092402054,67.49367346715917,44.8564630463934,70.61368093725378,65.61528935055867,16.800932461652224,10.94327157685467,16.884677941273594
2026-09-27,EP152026,58,2026-09-30 06:00:00,3 days 06:00:00,78,22.4,-163.12,985.5,69.8,60.70649416750312,207.07030703370788,171.78968858508324,117.4710786650748,182.42736742744825,91.48505811810114,71.53883768430941,52.2328370120149,71.7413240633523,60.70649416750312,18.233466957999497,12.541263428015457,17.980240122183613
2026-09-27,EP152026,58,2026-09-30 12:00:00,3 days 12:00:00,84,22.16,-163.14,991.1,55.2,65.57923611939637,225.8235970926406,175.16118416055713,145.57373938494698,200.11713446439967,88.24183491871989,77.10913595893383,68.30072980521751,78.04193464291437,0.0,0.0,0.0,0.0
2026-09-27,EP152026,58,2026-09-30 18:00:00,3 days 18:00:00,90,21.87,-163.18,995.8,48.8,39.10471406925805,115.73159993297249,114.24537400183816,90.70587141580228,115.98531442212492,0.0,0.0,0.0,0.0,0.0,0.0,0.0,0.0
2026-09-27,EP152026,58,2026-10-01 00:00:00,4 days 00:00:00,96,21.96,-163.45,996.9,46.7,84.32278154954943,163.092306158719,88.4517757215483,72.00535372722949,154.13650899919958,0.0,0.0,0.0,0.0,0.0,0.0,0.0,0.0
2026-09-27,EP152026,58,2026-10-01 06:00:00,4 days 06:00:00,102,21.76,-163.59,995.3,45.5,57.35160375955596,352.1145254265816,265.2195620283618,225.06631602524567,304.5993578122018,0.0,0.0,0.0,0.0,0.0,0.0,0.0,0.0
2026-09-27,EP152026,58,2026-10-01 12:00:00,4 days 12:00:00,108,22.18,-163.83,998.6,41.0,107.16849000176444,132.09042402615978,75.63245248867402,45.92578629197751,104.93851486903785,0.0,0.0,0.0,0.0,0.0,0.0,0.0,0.0
2026-09-27,EP152026,58,2026-10-01 18:00:00,4 days 18:00:00,114,22.15,-164.39,999.9,45.7,54.19276661057911,172.7822707209233,102.7654242950856,92.40477487956916,147.96725014840337,0.0,0.0,0.0,0.0,0.0,0.0,0.0,0.0
2026-09-27,EP152026,58,2026-10-02 00:00:00,5 days 00:00:00,120,22.43,-165.26,994.5,45.2,72.61665827317995,89.86127978100444,56.75340682851561,51.19017826143238,71.26791669556042,0.0,0.0,0.0,0.0,0.0,0.0,0.0,0.0
2026-09-27,EP152026,58,2026-10-02 06:00:00,5 days 06:00:00,126,22.71,-165.75,989.3,49.0,63.14663242285839,186.78176941885272,84.40973084788533,77.37635528718329,162.27618176537092,0.0,0.0,0.0,0.0,0.0,0.0,0.0,0.0
2026-09-27,EP152026,58,2026-10-02 12:00:00,5 days 12:00:00,132,22.58,-166.29,992.6,51.0,32.100737853742416,163.30750512995235,110.36086608482869,129.07580895256194,172.2263126725729,79.50947067411798,66.06318832642877,56.32718300954231,71.48064303189423,0.0,0.0,0.0,0.0
2026-09-27,EP152026,58,2026-10-02 18:00:00,5 days 18:00:00,138,22.36,-166.58,989.4,56.3,52.833634716820455,244.7426213360449,173.139653873974,144.83469029329768,234.4134497864273,102.44997648506325,70.75007144738197,48.5286483689296,87.98204583680145,0.0,0.0,0.0,0.0
2026-09-27,EP152026,58,2026-10-03 00:00:00,6 days 00:00:00,144,22.21,-167.2,983.3,62.1,25.54459015376112,166.75932579011842,135.39807799983055,103.8336491949521,163.43898115966778,45.09116111091541,33.86821553662426,22.20924709310445,31.812519312942708,0.0,0.0,0.0,0.0
2026-09-27,EP152026,58,2026-10-03 06:00:00,6 days 06:00:00,150,21.94,-167.85,979.6,70.4,33.37454900073705,137.49882156094412,100.27767904921237,117.22154761770464,171.46730978483333,78.19070816910845,62.73920953237004,64.61789517248694,85.72291906914207,59.10300892440743,51.841314132285696,45.201156311541126,52.975378557496335
2026-09-27,EP152026,58,2026-10-03 12:00:00,6 days 12:00:00,156,21.82,-168.85,974.4,82.2,38.24864668848022,162.49021756909497,124.27369059338888,118.25643365831638,164.88324387019384,88.14464710488392,71.82172216309664,60.215001629987455,76.80829852265924,49.71971186234532,41.88448704342045,34.35606480169099,43.90294531253312
2026-09-27,EP152026,58,2026-10-03 18:00:00,6 days 18:00:00,162,21.33,-170.1,969.9,81.6,30.270767066704284,228.60528194540743,147.63879360228515,109.56647932855093,228.04723954806715,114.48210618489392,84.168006756453,62.8108094380638,105.6619737867963,64.00007416699805,51.10640724745059,38.54586326360153,52.583286333582
2026-09-27,EP152026,58,2026-10-04 00:00:00,7 days 00:00:00,168,21.09,-171.63,958.3,99.4,20.605570904309616,192.48264010605735,159.6479096408714,126.30356108413676,196.70911652879693,91.16944148549952,70.97002714840019,62.42105577538861,82.29123436202913,50.2428829216379,40.95717390190122,32.98664701933296,43.75010117926964
2026-09-27,EP152026,58,2026-10-04 06:00:00,7 days 06:00:00,174,20.95,-173.43,956.4,97.2,31.8494107735016,221.18563302367488,147.9599082315916,110.06697432928534,196.1527930264367,96.9722750294298,72.12562640161295,57.09848375317541,84.19187587317656,53.78257851159592,43.351874286944366,30.19079329924976,44.5710710568641
2026-09-27,EP152026,58,2026-10-04 12:00:00,7 days 12:00:00,180,21.14,-175.2,962.2,92.1,34.899074754188035,212.6088552888507,143.61841567701185,123.57113063890132,199.2218721191566,95.0985835472536,72.23737092803594,57.45302242371324,87.97942069556365,47.177360446053456,37.072189835993214,28.34154480649204,40.31892950011036
2026-09-27,EP152026,58,2026-10-04 18:00:00,7 days 18:00:00,186,21.46,-176.98,955.8,107.9,22.33799745594746,298.14516128491823,211.11702057782213,169.06578906739696,287.2232475657215,153.93092974415947,113.37441611912784,86.63768901236477,133.00689043195382,71.7251978900913,58.35565965060019,41.93827484215376,61.46939203229306
2026-09-27,EP152026,58,2026-10-05 00:00:00,8 days 00:00:00,192,22.01,-178.81,954.8,103.6,25.84663063994887,242.8020095582429,164.4399997638265,149.20188198381632,229.25201174246595,132.11641566188496,104.65981796513496,79.52550303158696,112.0513579214754,75.49898402628253,65.62224305714133,47.71239389207713,63.790851607782834
2026-09-27,EP152026,58,2026-10-05 06:00:00,8 days 06:00:00,198,22.74,179.61,954.6,103.5,41.10199651997908,217.44822807108665,171.4726376294376,150.50108721954524,203.64140437314987,126.21068791316404,117.33369490057498,90.86565705212088,112.28696874648573,67.43371892699643,60.32871879246192,43.5930621924835,58.6144737114084
2026-09-27,EP152026,58,2026-10-05 12:00:00,8 days 12:00:00,204,23.33,177.27,959.0,96.5,17.778623953302432,237.3109972388144,151.79254848169876,111.34488936848048,205.5035777244052,111.31718433339,86.65456366870814,55.83746794237888,93.03081856540302,53.29901488019623,45.08543830114486,30.19806621438244,44.540432730221895
2026-09-27,EP152026,58,2026-10-05 18:00:00,8 days 18:00:00,210,23.81,175.58,955.5,111.4,6.256372137165396,255.16333920813992,169.13957287184445,137.36659059299168,243.40091490146773,132.6950820295117,96.09357426840204,69.57194642340278,121.401256000874,78.06215827841476,62.82049892783857,46.81182307883877,66.75486062549726
2026-09-27,EP152026,58,2026-10-06 00:00:00,9 days 00:00:00,216,24.51,173.58,953.7,98.1,25.047685853064923,253.60580402772223,210.54717479235256,144.08327003461358,229.57581071756616,141.98692893013305,118.42727820779926,78.40944632870001,107.47522227152731,77.54481269577613,67.00627519334233,47.08272477836802,61.93350767280395
2026-09-27,EP152026,58,2026-10-06 06:00:00,9 days 06:00:00,222,25.11,171.73,959.1,101.2,33.117482645231405,232.59171423282447,181.3293993815438,138.60306794090283,211.98257170339036,129.0628518499217,108.70389211036095,70.91722416415584,104.44458524783798,70.66599448852254,62.20512505192481,42.65085147153072,58.03351505406207
2026-09-27,EP152026,58,2026-10-06 12:00:00,9 days 12:00:00,228,25.17,169.78,965.4,90.5,35.41012386005571,276.16242593916644,176.4753306663445,141.11733019210274,258.04922541922053,141.82884631455158,100.15881076000105,73.04684622105859,118.88120157390526,76.53470422439798,62.898060575520354,43.85632951101033,63.17833595704553
2026-09-27,EP152026,58,2026-10-06 18:00:00,9 days 18:00:00,234,25.29,168.29,958.4,93.2,34.80499646030614,218.27081122550192,171.63807603369622,125.37235980235316,205.68514828706557,121.0911082976059,92.9397017676933,63.19289999787148,98.4287876404638,65.98351838012455,55.407586612504616,38.3152891433736,54.997813708842585
2026-09-27,EP152026,58,2026-10-07 00:00:00,10 days 00:00:00,240,25.5,166.25,957.5,103.3,11.108950001489106,231.2923357302857,156.0256364812392,150.54833579622124,245.86863936419604,115.12710275305876,92.83582711114292,79.37418028745435,111.59808317222834,91.81354073848186,83.19406284922837,61.224543527980046,77.61854214773217
2026-09-27,EP152026,58,2026-10-07 06:00:00,10 days 06:00:00,246,25.0,164.36,963.9,97.7,16.59692439925675,218.3986793690368,189.69167939893,114.75791772537292,183.87040832446064,105.26845735419192,82.02633061554457,62.34764088254156,92.191684595241,56.49438357877759,45.02386298187005,35.313496524247284,50.22134801380656
2026-09-27,EP152026,58,2026-10-07 12:00:00,10 days 12:00:00,252,25.18,162.16,968.2,89.8,24.602062126189463,244.7008303956863,164.2648921640715,105.40057854180968,207.8906168672336,117.86451088121186,80.8617603737324,59.52111149506331,97.65311691862716,58.53006842250391,47.203130923263245,33.357030918152894,48.698185935806784
2026-09-27,EP152026,58,2026-10-07 18:00:00,10 days 18:00:00,258,25.25,160.52,966.4,89.7,26.42168175855547,211.15334619949851,160.32809985601773,123.76392809234414,180.3426187958397,118.60938549034132,89.26957290377793,62.03621841577501,101.00334898696931,70.01377793292349,58.99992269241525,40.63689011700721,58.17658651929078
2026-09-27,EP152026,58,2026-10-08 00:00:00,11 days 00:00:00,264,25.73,158.72,974.8,82.7,15.817071082714987,185.72950849849025,149.46982569762503,109.14598302065984,172.6988712986797,93.59652399186211,77.31179736893861,51.52620437810612,75.61977906792917,50.36689468726607,40.08707547961437,29.161040868110145,40.24337803021595
2026-09-27,EP152026,58,2026-10-08 06:00:00,11 days 06:00:00,270,26.04,156.82,969.1,78.7,14.994004385859805,188.8712467498945,134.35149521443105,90.79141937241508,178.47792945462902,113.49659897107298,79.12324474325582,61.60186595180098,94.26568499355145,63.76436519058088,52.17164058374361,39.79296392867453,54.55211973623763
2026-09-27,EP152026,58,2026-10-08 12:00:00,11 days 12:00:00,276,26.68,154.74,968.4,87.7,19.01004866687529,183.38436644941316,158.5003357292,100.8774501697037,170.79022559841965,113.01945062670238,86.6761942904217,61.16846423835853,93.41804050359528,51.304340037135695,41.01457051632372,28.939645018405496,42.5641249408316
2026-09-27,EP152026,58,2026-10-08 18:00:00,11 days 18:00:00,282,27.64,152.99,969.2,88.4,13.561555066624711,169.3506055190996,143.65332747010285,97.2948696626565,106.29749378046424,95.37103099816372,81.00177013532738,51.29172369968672,69.969282930976,48.238626310681376,42.22350965723895,28.09682639221606,37.100344895877576
2026-09-27,EP152026,58,2026-10-09 00:00:00,12 days 00:00:00,288,28.86,152.06,975.5,77.6,16.302910664024466,220.22392704556117,177.08909142264883,98.82589233802128,168.82933401251853,107.71179746457432,85.43114084291003,48.094703328635205,75.94682298519572,42.29907571344749,32.711464069497026,20.46101871005039,31.66897561393582
2026-09-27,EP152026,58,2026-10-09 06:00:00,12 days 06:00:00,294,30.65,151.83,978.0,74.3,0.0,207.77885051888575,226.81693320952272,190.9075319222437,163.98752357303687,135.08845950763822,131.9655405755395,95.36398360661984,98.66997171607612,49.72168537286905,48.14969140026743,35.64799357574909,38.37153450038458
2026-09-27,EP152026,58,2026-10-09 12:00:00,12 days 12:00:00,300,32.4,152.44,979.9,65.3,22.669697733754333,235.0773872526004,267.0206082153604,211.61277785839135,149.4165050702137,122.40556233782104,141.5858841335762,107.07638998006746,87.12480671520404,61.052244933539896,66.48442568793604,50.44182985872146,47.37441181885293
2026-09-27,EP152026,58,2026-10-09 18:00:00,12 days 18:00:00,306,34.59,154.09,982.4,58.0,27.07441586703092,210.01119433998545,253.50880542212536,190.2631213041848,137.58675171774317,125.12605005175531,138.5342257752459,99.70233263538368,83.42876653450202,0.0,0.0,0.0,0.0
2026-09-27,EP152026,58,2026-10-10 00:00:00,13 days 00:00:00,312,36.95,156.97,983.7,54.7,30.04030160265797,157.72455456776896,232.3495436235616,188.71093059200533,95.99999080430236,92.4466953088066,118.6270628213865,91.27253914472196,59.35072429100902,0.0,0.0,0.0,0.0
2026-09-27,EP152026,58,2026-10-10 06:00:00,13 days 06:00:00,318,39.09,160.86,977.8,51.9,44.70596098935725,195.55538666696248,291.5563633487354,296.90384461448843,141.00113930126344,104.23822459376612,146.05037555350836,117.75872325380104,70.42917175206763,0.0,0.0,0.0,0.0
2026-09-27,EP152026,58,2026-10-10 12:00:00,13 days 12:00:00,324,40.88,165.23,986.9,49.4,35.49208873421071,200.8095914870937,270.5262974897571,209.3762000255706,106.49301924804688,0.0,0.0,0.0,0.0,0.0,0.0,0.0,0.0
2026-09-27,EP152026,58,2026-10-10 18:00:00,13 days 18:00:00,330,41.55,169.19,993.1,35.3,116.12392341910405,247.5635537525523,333.1510931784944,288.89009298750614,208.49443312270807,0.0,0.0,0.0,0.0,0.0,0.0,0.0,0.0
2026-09-27,EP152026,58,2026-10-11 00:00:00,14 days 00:00:00,336,41.32,173.28,994.9,41.3,103.01718743462234,184.7054175667875,283.1946871492639,257.0983504990369,188.1776587810092,0.0,0.0,0.0,0.0,0.0,0.0,0.0,0.0
2026-09-27,EP152026,58,2026-10-11 06:00:00,14 days 06:00:00,342,41.12,176.04,1001.7,33.9,109.05629694953082,0.0,0.0,0.0,0.0,0.0,0.0,0.0,0.0,0.0,0.0,0.0,0.0
2026-09-27,EP152026,58,2026-10-11 12:00:00,14 days 12:00:00,348,39.65,178.98,999.0,34.7,137.18428192338212,51.90516642576874,137.18428192338212,52.09400997892764,41.59711868871388,0.0,0.0,0.0,0.0,0.0,0.0,0.0,0.0
2026-09-27,EP152026,58,2026-10-11 18:00:00,14 days 18:00:00,354,39.11,-179.79,1003.7,29.5,177.97153598442765,0.0,0.0,0.0,0.0,0.0,0.0,0.0,0.0,0.0,0.0,0.0,0.0
2026-09-27,EP152026,58,2026-10-12 00:00:00,15 days 00:00:00,360,38.46,-178.6,1003.3,28.8,135.62169085240964,0.0,0.0,0.0,0.0,0.0,0.0,0.0,0.0,0.0,0.0,0.0,0.0
2026-09-27,EP162026,58,2026-09-27 00:00:00,0 days 00:00:00,0,20.8,-123.6,975.0,76.0,28.0,167.0,167.0,148.0,185.0,93.0,74.0,74.0,93.0,65.0,46.0,37.0,56.0
2026-09-27,EP162026,58,2026-09-27 06:00:00,0 days 06:00:00,6,21.5,-123.5,988.5,65.3,30.543145346603183,183.63616766616636,138.7991458366473,120.4005119267315,173.2080757575959,64.05374977550537,47.83604591813105,36.17990380725598,57.422247021631165,30.543145346603183,0.0,0.0,0.0
2026-09-27,EP162026,58,2026-09-27 12:00:00,0 days 12:00:00,12,22.19,-123.2,1000.0,42.7,47.19628706488288,86.59167134090922,84.23657584244762,64.98162259270828,58.8691664876771,0.0,0.0,0.0,0.0,0.0,0.0,0.0,0.0
2026-09-27,EP162026,58,2026-09-27 18:00:00,0 days 18:00:00,18,22.37,-123.43,998.9,42.3,81.42350009260014,184.05937507357768,168.79674491911985,164.6762394916668,171.6882649660095,0.0,0.0,0.0,0.0,0.0,0.0,0.0,0.0
2026-09-27,EP162026,58,2026-09-28 00:00:00,1 days 00:00:00,24,22.57,-123.26,1003.9,34.3,63.33505347155671,73.43168846862022,70.60400501786181,58.88284593313407,66.12189349374346,0.0,0.0,0.0,0.0,0.0,0.0,0.0,0.0
2026-09-27,EP162026,58,2026-09-28 06:00:00,1 days 06:00:00,30,22.65,-122.87,1004.5,26.2,62.366351835373976,0.0,0.0,0.0,0.0,0.0,0.0,0.0,0.0,0.0,0.0,0.0,0.0
2026-09-27,EP162026,58,2026-09-28 12:00:00,1 days 12:00:00,36,22.58,-122.59,1003.6,26.8,143.968228590281,0.0,0.0,0.0,0.0,0.0,0.0,0.0,0.0,0.0,0.0,0.0,0.0
2026-09-27,EP162026,58,2026-09-28 18:00:00,1 days 18:00:00,42,22.06,-122.48,1004.8,24.6,51.08430841909671,0.0,0.0,0.0,0.0,0.0,0.0,0.0,0.0,0.0,0.0,0.0,0.0
2026-09-27,EP162026,58,2026-09-29 00:00:00,2 days 00:00:00,48,21.8,-122.02,1008.2,16.3,110.5290849338784,0.0,0.0,0.0,0.0,0.0,0.0,0.0,0.0,0.0,0.0,0.0,0.0
2026-09-27,EP162026,58,2026-09-29 06:00:00,2 days 06:00:00,54,21.05,-121.69,1005.8,22.4,60.8315683636021,0.0,0.0,0.0,0.0,0.0,0.0,0.0,0.0,0.0,0.0,0.0,0.0
2026-09-27,EP162026,58,2026-09-29 12:00:00,2 days 12:00:00,60,19.75,-121.08,1007.5,20.6,78.06824806843002,0.0,0.0,0.0,0.0,0.0,0.0,0.0,0.0,0.0,0.0,0.0,0.0
2026-09-27,EP162026,58,2026-09-29 18:00:00,2 days 18:00:00,66,19.48,-121.24,1006.5,17.9,128.97615866853766,0.0,0.0,0.0,0.0,0.0,0.0,0.0,0.0,0.0,0.0,0.0,0.0
2026-09-27,EP172026,58,2026-09-27 00:00:00,0 days 00:00:00,0,19.0,-112.9,946.0,111.0,28.0,259.0,185.0,167.0,185.0,111.0,111.0,93.0,93.0,65.0,65.0,46.0,56.0
2026-09-27,EP172026,58,2026-09-27 06:00:00,0 days 06:00:00,6,19.68,-113.06,943.4,114.0,15.549439210950595,197.6619656145293,240.17878241484016,177.03744780652232,148.6934656339173,106.77294382048092,106.99053357902852,78.46050266486543,85.2675578731891,56.44002244603962,50.65735954552787,41.15233190332404,48.06683112456341
2026-09-27,EP172026,58,2026-09-27 12:00:00,0 days 12:00:00,12,20.97,-113.68,946.1,115.9,26.06748154661532,231.94790702461063,260.4906616895251,169.9999721898909,172.6421379689718,134.53548821446276,135.72711748671182,93.1802409499947,104.24760354343258,70.57577668301369,65.32189795648586,48.18351332239037,55.68648284372818
2026-09-27,EP172026,58,2026-09-27 18:00:00,0 days 18:00:00,18,21.6,-113.78,962.6,97.4,23.854743695200117,166.56656304039643,210.757806237908,151.97367884256255,121.56186943750254,95.16588379819405,103.01135027927468,79.13909122403084,76.76705731815173,60.15543493551377,54.23032119500749,43.28374542959182,48.37375093209357
2026-09-27,EP172026,58,2026-09-28 00:00:00,1 days 00:00:00,24,22.8,-113.81,949.1,111.6,26.52573912782689,226.20866748694908,236.1120893797627,143.02095963063044,160.4944611677749,118.5496037219586,113.99429526929688,74.01118551188144,80.74959428345818,74.67381865162513,67.19579559262056,49.0211768980735,56.95365038747306
2026-09-27,EP172026,58,2026-09-28 06:00:00,1 days 06:00:00,30,23.5,-113.83,944.6,101.2,25.97549534361912,112.26902946405204,162.3326944914828,117.47969904416266,88.77740623001222,76.66187968899573,87.11729309898146,63.316925657419375,57.73890315690375,52.00701291577573,47.488622340813606,36.83984807195319,39.8726079287693
2026-09-27,EP172026,58,2026-09-28 12:00:00,1 days 12:00:00,36,24.51,-113.54,953.3,109.6,44.84927602258267,144.62698135251776,161.26648383630527,86.87790281437265,92.88315892809806,69.71933837772849,73.91489560302034,44.97173488053886,46.30492490458346,48.166408401420085,45.35207595551856,33.85871673926204,35.92910288416533
2026-09-27,EP172026,58,2026-09-28 18:00:00,1 days 18:00:00,42,25.22,-112.65,957.0,99.8,29.180212943472725,179.92694447468966,177.6529076337465,144.754621748325,141.8509823520726,88.23225531294884,92.08799974343128,65.47416577662807,59.222529202852456,52.13131470518056,52.3707094128913,40.29906248171756,39.769442304968834
2026-09-27,EP172026,58,2026-09-29 00:00:00,2 days 00:00:00,48,26.54,-111.82,963.2,95.1,4.713472975103056,172.64179165165098,178.86658617691313,122.87996983014033,120.73485123362371,89.42106155851717,93.34778579351224,64.6181816331557,64.64543029810521,60.517817628497696,55.41764748854588,43.135160576250286,43.40438315729271
2026-09-27,EP172026,58,2026-09-29 06:00:00,2 days 06:00:00,54,27.56,-110.37,962.4,86.1,36.68528676148175,189.8395867459264,201.0514076517149,143.19641019496294,130.62242619943498,94.40423124390504,102.23182684936668,81.46961874860102,69.62213472800366,52.44928770415336,54.36583637481744,43.70976628902597,40.281263819914464
2026-09-27,EP172026,58,2026-09-29 12:00:00,2 days 12:00:00,60,28.68,-109.01,987.7,46.8,96.68113617939878,121.10795250538364,86.36288968383224,43.16764806935527,81.48749442177643,0.0,0.0,0.0,0.0,0.0,0.0,0.0,0.0
2026-09-27,EP902026,58,2026-09-27 00:00:00,0 days 00:00:00,0,12.0,-98.6,1008.0,25.0,111.0,0.0,0.0,0.0,0.0,0.0,0.0,0.0,0.0,0.0,0.0,0.0,0.0
2026-09-27,EP902026,58,2026-09-27 06:00:00,0 days 06:00:00,6,12.06,-98.68,1005.7,28.1,115.29259076026366,0.0,0.0,0.0,0.0,0.0,0.0,0.0,0.0,0.0,0.0,0.0,0.0
2026-09-27,EP902026,58,2026-09-27 12:00:00,0 days 12:00:00,12,12.08,-98.79,1003.3,39.7,107.74268156138066,10.417505337250438,107.74268156138066,0.0,0.0,0.0,0.0,0.0,0.0,0.0,0.0,0.0,0.0
2026-09-27,EP902026,58,2026-09-27 18:00:00,0 days 18:00:00,18,12.27,-98.85,1001.2,34.0,72.73510268791608,72.73510268791608,7.387805339234742,0.0,0.1026930730748176,0.0,0.0,0.0,0.0,0.0,0.0,0.0,0.0
2026-09-27,EP902026,58,2026-09-28 00:00:00,1 days 00:00:00,24,12.47,-99.3,1001.8,36.2,102.76811586326454,1.745655289039071,102.76811586326454,0.0,0.0,0.0,0.0,0.0,0.0,0.0,0.0,0.0,0.0
2026-09-27,EP902026,58,2026-09-28 06:00:00,1 days 06:00:00,30,12.56,-99.91,999.5,37.3,71.80977029390243,174.37800990130847,179.12361657108588,145.67416937812604,140.18579159043006,0.0,0.0,0.0,0.0,0.0,0.0,0.0,0.0
2026-09-27,EP902026,58,2026-09-28 12:00:00,1 days 12:00:00,36,13.31,-100.61,999.5,44.1,104.26414841317136,269.37557934932613,254.2527759770296,198.5530683365751,210.30775637270887,0.0,0.0,0.0,0.0,0.0,0.0,0.0,0.0
2026-09-27,EP902026,58,2026-09-28 18:00:00,1 days 18:00:00,42,14.15,-101.61,995.9,44.0,162.3822049674988,213.1051208520516,199.11471949178485,129.36800804141075,163.0489874521312,0.0,0.0,0.0,0.0,0.0,0.0,0.0,0.0
2026-09-27,EP902026,58,2026-09-29 00:00:00,2 days 00:00:00,48,14.7,-102.98,996.4,44.5,115.4690380033207,124.8248541199062,118.71426737401087,73.67502078647152,104.26237240935032,0.0,0.0,0.0,0.0,0.0,0.0,0.0,0.0
2026-09-27,EP902026,58,2026-09-29 06:00:00,2 days 06:00:00,54,14.73,-104.04,996.5,47.4,60.291537550457576,147.5128861841322,120.83230481978671,64.54832109479497,106.65810895352848,0.0,0.0,0.0,0.0,0.0,0.0,0.0,0.0
2026-09-27,EP902026,58,2026-09-29 12:00:00,2 days 12:00:00,60,14.96,-105.16,988.5,56.4,86.62234897708822,180.9514943071084,169.96916461680863,101.83158993743255,132.827217898434,86.62234897708822,21.717996881649725,13.559351550871906,15.74951064876646,0.0,0.0,0.0,0.0
2026-09-27,EP902026,58,2026-09-29 18:00:00,2 days 18:00:00,66,15.87,-106.29,984.4,61.7,69.25849110756401,164.26688030513387,155.6537660200431,95.88022159457677,121.42627002513596,72.53385666086632,65.1018724850905,43.29985419342612,53.72749061247852,0.0,0.0,0.0,0.0
2026-09-27,EP902026,58,2026-09-30 00:00:00,3 days 00:00:00,72,16.74,-106.8,984.1,64.8,31.560083518393355,206.8570093713463,208.2934114403855,125.01691496372972,149.91742584533853,89.94788522288115,76.54301406379193,41.92077214972443,57.9431909492219,31.560083518393355,8.579093816852176,1.9473920355482937,7.667814618398507
2026-09-27,EP902026,58,2026-09-30 06:00:00,3 days 06:00:00,78,17.25,-107.9,981.8,74.3,61.29998904111356,177.01096270096204,252.22187704283044,215.71222576098887,147.03677824609713,119.78842605737252,119.17465726862912,92.91315301407457,90.27414814519727,61.29998904111356,33.22507596121393,27.38732664467805,28.409519467289645
2026-09-27,EP902026,58,2026-09-30 12:00:00,3 days 12:00:00,84,17.61,-108.36,975.9,85.0,35.46163568358952,140.3693780154997,160.94512405918522,102.6148153822719,106.2710532964336,67.67896625591129,59.40027117623276,34.43120141733834,54.41120176669756,47.80188688176463,38.344794360106334,26.58936359672674,37.85111286529855
2026-09-27,EP902026,58,2026-09-30 18:00:00,3 days 18:00:00,90,18.25,-108.98,971.9,86.9,58.1038455886009,170.08093379433612,198.06756838042648,122.82547429051552,117.82566253759842,73.39252644639699,62.234986500221154,35.11062497612391,44.38188566131715,58.1038455886009,23.916815844436844,14.453544615041848,21.80969737269253
2026-09-27,EP902026,58,2026-10-01 00:00:00,4 days 00:00:00,96,18.68,-109.5,961.4,94.0,40.28811686686223,188.69486745406888,233.0325927311461,192.3319803626698,147.37721460334808,106.05403512918338,104.14545799599252,79.3911434402728,86.10213990625388,64.92441775207273,59.30130735951802,45.19526199735935,52.06027491578902
2026-09-27,EP902026,58,2026-10-01 06:00:00,4 days 06:00:00,102,18.77,-109.94,971.8,90.6,18.001284179402447,152.1938897048205,182.53505548435336,157.03812860359247,126.6913532728082,94.53857294268826,94.87670425502384,76.88389320637489,80.33860871563417,47.84147114910386,40.83007290761496,34.70918394441689,37.91721105875792
2026-09-27,EP902026,58,2026-10-01 12:00:00,4 days 12:00:00,108,18.68,-110.41,972.8,81.4,36.465541075418685,100.10517384259596,150.0569928560522,133.49864358147562,101.67471575389789,54.57930541524679,53.42971837614438,49.08413690539354,44.64147246185749,36.465541075418685,30.80135981074832,25.641122670745787,29.17826337160217
2026-09-27,EP902026,58,2026-10-01 18:00:00,4 days 18:00:00,114,18.58,-110.52,988.1,58.1,41.423790029673626,119.71009930686384,134.9795084957633,135.49625899404782,133.61828245981042,69.74078679125459,62.88498605842058,53.60254145958635,55.590001772370734,0.0,0.0,0.0,0.0
2026-09-27,EP902026,58,2026-10-02 00:00:00,5 days 00:00:00,120,18.77,-110.5,991.9,51.3,59.07118754930399,138.78158301703886,146.29902888295734,133.9441965376023,136.74527233052564,59.07118754930399,36.99569486361007,28.906636197166844,28.174650781746383,0.0,0.0,0.0,0.0
2026-09-27,EP902026,58,2026-10-02 06:00:00,5 days 06:00:00,126,18.93,-110.57,994.6,41.9,54.18975442452098,211.8002517937172,223.93552857946557,206.20899478429345,198.46095934756704,0.0,0.0,0.0,0.0,0.0,0.0,0.0,0.0
2026-09-27,EP902026,58,2026-10-02 12:00:00,5 days 12:00:00,132,18.87,-110.71,997.2,38.6,53.8352797210904,72.80532560459234,93.13576477862613,86.04579981087028,73.31022467390595,0.0,0.0,0.0,0.0,0.0,0.0,0.0,0.0
2026-09-27,EP902026,58,2026-10-02 18:00:00,5 days 18:00:00,138,18.81,-111.0,996.9,39.2,77.5833391060587,100.49816214310704,93.34738059877418,95.99645024281926,91.97725090850145,0.0,0.0,0.0,0.0,0.0,0.0,0.0,0.0
2026-09-27,EP902026,58,2026-10-03 00:00:00,6 days 00:00:00,144,18.91,-111.34,999.0,36.7,72.62114051960542,44.97649943876048,72.62114051960542,49.73366204691735,33.27401650094703,0.0,0.0,0.0,0.0,0.0,0.0,0.0,0.0
2026-09-27,EP902026,58,2026-10-03 06:00:00,6 days 06:00:00,150,19.0,-111.81,1000.8,38.0,62.770900583743,32.60036913805466,62.770900583743,23.376938523090114,22.72213069369277,0.0,0.0,0.0,0.0,0.0,0.0,0.0,0.0
2026-09-27,EP902026,58,2026-10-03 12:00:00,6 days 12:00:00,156,18.84,-112.17,1001.9,33.2,69.416342895985,0.0,0.0,0.0,0.0,0.0,0.0,0.0,0.0,0.0,0.0,0.0,0.0
2026-09-27,EP902026,58,2026-10-03 18:00:00,6 days 18:00:00,162,18.88,-112.56,996.4,45.3,76.04220670483731,93.07652601980784,103.6209379736966,101.73502029788628,91.3410834482206,0.0,0.0,0.0,0.0,0.0,0.0,0.0,0.0
2026-09-27,EP902026,58,2026-10-04 00:00:00,7 days 00:00:00,168,18.81,-113.08,1000.1,39.1,73.4827320311935,133.2658917703202,132.8019830810282,113.56399095996358,114.10054154356936,0.0,0.0,0.0,0.0,0.0,0.0,0.0,0.0
2026-09-27,EP902026,58,2026-10-04 06:00:00,7 days 06:00:00,174,18.84,-113.21,998.9,42.1,57.35281419513505,66.82991613945302,63.43314254978935,45.765285321558906,54.278455341482285,0.0,0.0,0.0,0.0,0.0,0.0,0.0,0.0
2026-09-27,EP902026,58,2026-10-04 12:00:00,7 days 12:00:00,180,18.71,-113.88,1000.9,36.1,49.67584279249536,80.51452838483726,74.50653207164345,72.02429001709612,72.71161404875131,0.0,0.0,0.0,0.0,0.0,0.0,0.0,0.0
2026-09-27,EP902026,58,2026-10-04 18:00:00,7 days 18:00:00,186,18.48,-114.27,998.6,38.8,77.65819285942929,77.65819285942929,48.05657004745935,36.56811455910221,52.12685732048893,0.0,0.0,0.0,0.0,0.0,0.0,0.0,0.0
2026-09-27,EP902026,58,2026-10-05 00:00:00,8 days 00:00:00,192,18.38,-114.65,994.7,49.7,43.41025435396816,76.98038432864297,65.37703413910043,61.81098625573017,71.23999688467481,0.0,0.0,0.0,0.0,0.0,0.0,0.0,0.0
2026-09-27,EP902026,58,2026-10-05 06:00:00,8 days 06:00:00,198,17.79,-115.25,987.4,64.5,57.329086792285125,104.9206073134784,134.37526583334778,115.64383656611184,82.79742774015466,43.59246682154509,57.329086792285125,37.91443721571409,27.357003876156647,5.161496963937042,57.329086792285125,3.565933507432697,3.18730632728259
2026-09-27,EP902026,58,2026-10-05 12:00:00,8 days 12:00:00,204,17.56,-115.65,977.0,79.2,23.43043956847425,64.39669779740714,76.45814133868858,116.43227182004556,97.04691143760986,47.77614452254058,52.442094146317146,52.32614898993449,51.65681465785725,37.351617120769546,34.52213827974601,30.9910968250064,32.95959585385306
2026-09-27,EP902026,58,2026-10-05 18:00:00,8 days 18:00:00,210,17.31,-115.91,977.7,76.4,17.578173710300206,102.4671372604846,118.27659217067048,104.61005654944438,97.85905418469014,54.5437316293937,56.10251663648336,45.24403828671038,50.03676166810831,36.7513386465412,31.75630586647995,26.09678405612968,28.907832829606846
2026-09-27,EP902026,58,2026-10-06 00:00:00,9 days 00:00:00,216,17.15,-116.0,980.2,75.7,40.04318920742245,184.6613083190019,177.03220848636343,153.8842713951247,155.6837979926268,73.70443717660478,68.03224152067926,58.09694530443452,66.87148850370899,40.04318920742245,30.73433633031494,24.236700736666243,30.10214109251788
2026-09-27,EP902026,58,2026-10-06 06:00:00,9 days 06:00:00,222,17.31,-116.22,976.3,77.2,41.19001529472712,136.499757925651,128.96188435580734,102.43832141650728,126.7241979327091,54.97101334456488,46.15971511014504,32.000719429084484,43.100594484925296,41.19001529472712,33.38236680483146,26.375853893070257,32.6439833389303
2026-09-27,EP902026,58,2026-10-06 12:00:00,9 days 12:00:00,228,17.26,-116.55,970.7,85.9,38.28941826278759,110.60619866535929,133.7296112604907,159.68207110391182,127.96201973872785,74.11423338354777,69.15176996970106,67.8126268472099,74.29060124939284,44.04201425243072,36.97924751551395,31.6485132273778,37.50740612448756
2026-09-27,EP902026,58,2026-10-06 18:00:00,9 days 18:00:00,234,17.15,-116.93,967.8,91.2,23.98509724120032,127.35806741891147,170.894365305258,137.7034072939135,125.6942794531901,56.36102620653858,63.30126944215734,47.01578343976436,40.76327220329145,28.027192870523685,24.492117418657543,20.42125437272348,23.881201226587255
2026-09-27,EP902026,58,2026-10-07 00:00:00,10 days 00:00:00,240,17.43,-117.15,970.2,88.8,17.69843476460437,159.63424726926314,201.68586375026464,146.2757782751978,148.70608236463522,83.54336936487744,77.79842853206719,61.479204638390456,65.6507455322635,44.00154506721174,38.32332147594343,30.70713537135134,35.16565802058449
2026-09-27,EP902026,58,2026-10-07 06:00:00,10 days 06:00:00,246,17.36,-117.58,967.5,91.9,23.57165398693086,166.81400751445148,152.27609592627505,142.74050770392577,161.47084325214644,68.7076750239992,50.22484732610613,47.77220266294716,69.13386130393052,50.39672763202779,38.41505559554076,31.614512155793125,43.98069399420204
2026-09-27,EP902026,58,2026-10-07 12:00:00,10 days 12:00:00,252,17.39,-118.31,971.7,85.3,36.22471454442103,158.26643991123257,143.41682668328352,120.04797984641816,149.95417833827872,69.03949256611487,61.24407006640265,51.28601664669199,59.97126085452999,52.175312001007896,46.24360528651796,39.250922234372254,45.17229706597727
2026-09-27,EP902026,58,2026-10-07 18:00:00,10 days 18:00:00,258,17.73,-118.58,963.1,94.2,39.84104338569796,176.61497007272555,124.41505658036476,144.46318345776308,188.13125433644015,97.43602655763245,78.65634735422645,69.53886908669847,100.4712507156255,68.75818480763155,56.44429544663944,46.1109737831448,55.1195903589778
2026-09-27,EP902026,58,2026-10-08 00:00:00,11 days 00:00:00,264,17.96,-119.12,962.2,93.3,32.8341660441861,203.126663718848,183.8997685051776,138.17315612365906,180.65623672090285,91.15895464470518,79.88162612594105,61.68509125337876,82.82868663930442,68.7190232898449,55.92527729988862,42.54247655543757,56.19868461978863
2026-09-27,EP902026,58,2026-10-08 06:00:00,11 days 06:00:00,270,18.48,-119.83,955.9,96.0,30.194064166104127,221.30658388871888,214.9506158590024,209.5175938006996,206.88638070664703,115.43320601568144,104.39514199956857,87.23691120074585,103.76234319990655,66.46481599192386,55.28781490064596,43.09367779246206,57.84613716701952
2026-09-27,EP902026,58,2026-10-08 12:00:00,11 days 12:00:00,276,18.87,-120.78,951.8,92.5,24.68142138987232,214.62171324631748,200.1586234346892,154.43865003840023,176.19111452020945,104.04743036018276,95.79287808560946,77.88623013703034,87.05931856731866,52.1998750163724,45.17282354691626,35.7857886252617,44.71568146547084
2026-09-27,EP902026,58,2026-10-08 18:00:00,11 days 18:00:00,282,19.12,-121.51,955.9,99.4,44.182681792479485,188.2307339277413,181.2930863476051,187.519228077305,199.5542603672184,101.10547987504546,91.44839193540608,89.4388790413332,101.47279056873924,61.13278045335392,53.70289880057766,47.19222337179629,57.53491434506572
2026-09-27,EP902026,58,2026-10-09 00:00:00,12 days 00:00:00,288,19.43,-122.36,962.0,86.9,42.38563511591589,249.1837427619808,199.2493102942115,200.82081438367703,251.09784606976189,132.40326688366588,111.56083165274666,98.69909377119995,126.41332252929378,71.32766599458317,58.970082994341695,50.28363007754241,63.03516486000724
2026-09-27,EP902026,58,2026-10-09 06:00:00,12 days 06:00:00,294,19.36,-123.09,965.5,83.2,48.91155049926344,238.64556455715223,190.8632093158058,174.5836134558473,245.4283115860308,124.68034142448973,95.84942138533322,98.74801595689748,118.2632787677757,72.59829914646753,64.26185511402063,61.9939881553751,67.28477672682595
2026-09-27,EP902026,58,2026-10-09 12:00:00,12 days 12:00:00,300,19.01,-123.6,974.1,77.6,42.213500176137785,244.18844455272645,240.92838743705005,214.333844951578,241.58050347613133,126.17307686435583,114.02231847320164,104.88387326666329,120.29200295509636,82.99136122140231,70.60689514360884,63.517447436903375,72.84919504533056
2026-09-27,EP902026,58,2026-10-09 18:00:00,12 days 18:00:00,306,19.12,-124.32,982.9,63.2,55.5289461352556,238.7123996786391,165.76358601869657,165.7282973111847,256.67022330050213,120.71734254984564,91.57700514153908,78.16210532021475,108.9187735478971,0.0,0.0,0.0,0.0
2026-09-27,EP902026,58,2026-10-10 00:00:00,13 days 00:00:00,312,19.08,-124.74,986.7,64.6,34.15347224176803,215.03749192839493,187.1086212811188,166.1153995438611,232.2423058167575,120.9737082069958,98.17493085102063,75.27495497732255,101.70658976443129,34.15347224176803,13.196669168320932,8.114483067253964,14.4296702960192
2026-09-27,EP902026,58,2026-10-10 06:00:00,13 days 06:00:00,318,18.94,-125.05,990.7,63.4,29.83119708325401,163.71834987257716,128.0807764376881,137.1569708775569,179.4949578164551,97.96936235743726,90.14949594283333,70.39383216374435,89.30750937839792,0.0,0.0,0.0,0.0
2026-09-27,EP902026,58,2026-10-10 12:00:00,13 days 12:00:00,324,18.88,-125.56,988.9,61.6,34.81791211890902,135.2736117634373,125.88901120349188,152.68519788270913,172.0987907036881,88.4483411519359,75.81973484124094,71.56842836062971,85.68342852605808,0.0,0.0,0.0,0.0
2026-09-27,EP902026,58,2026-10-10 18:00:00,13 days 18:00:00,330,18.8,-125.88,991.8,56.0,30.11712031132848,133.77498821693086,88.7463334311565,124.20079870350732,176.57404936642558,66.34770319641616,54.439912672050326,47.27809815293072,67.72008615371476,0.0,0.0,0.0,0.0
2026-09-27,EP902026,58,2026-10-11 00:00:00,14 days 00:00:00,336,18.79,-126.47,989.3,66.8,31.91590438074333,171.1740566618327,127.51591355175312,113.06609274688958,190.2916216908173,73.23604450512407,51.95657632552835,38.31894607066047,68.81977102413566,31.91590438074333,16.616201931664673,13.248569253910564,19.955524405628047
2026-09-27,EP902026,58,2026-10-11 06:00:00,14 days 06:00:00,342,18.6,-127.0,982.4,70.7,22.56072229541001,164.9020279287526,151.10649349145234,135.19688876266878,180.4096277770105,86.46867669905227,72.55601371029356,61.83944427725126,81.54088530884357,45.02166926778732,35.64224166901329,31.730880994371194,37.071630357335536
2026-09-27,EP902026,58,2026-10-11 12:00:00,14 days 12:00:00,348,18.46,-127.44,980.5,68.0,40.2400134745252,138.35553094043524,115.42481310265067,108.88963705877508,152.12784146423795,64.64185501544446,52.89233860786825,39.95068567880952,59.80972840401154,40.2400134745252,23.529384687019625,19.67482640230088,24.722958462401564
2026-09-27,EP902026,58,2026-10-11 18:00:00,14 days 18:00:00,354,18.53,-127.71,989.0,56.8,32.71483619652172,114.16897389907363,97.93725795990828,102.9962230540392,131.95764886041871,62.437175495221226,51.62054200602672,39.53969595067572,51.26013254705367,0.0,0.0,0.0,0.0
2026-09-27,EP902026,58,2026-10-12 00:00:00,15 days 00:00:00,360,18.85,-127.92,991.8,53.6,42.58087920683414,125.4443907336644,107.91774623953523,85.96340900388256,114.61653284265677,65.80054125988325,55.90511811941658,36.85033781970964,48.277594348706046,0.0,0.0,0.0,0.0
2026-09-27,WP252026,58,2026-09-27 00:00:00,0 days 00:00:00,0,24.6,127.6,964.0,89.0,22.0,102.0,121.0,102.0,93.0,,,,,,,,
2026-09-27,WP252026,58,2026-09-27 06:00:00,0 days 06:00:00,6,25.3,127.97,947.8,102.2,34.94561034843554,162.121961562197,184.8802224978894,118.8083731650586,96.22403836074125,97.78929783078496,101.8729280022205,78.05630032547458,77.38204814695749,61.90532723196755,60.48115093643682,49.32190831530792,51.65315402869419
2026-09-27,WP252026,58,2026-09-27 12:00:00,0 days 12:00:00,12,25.77,128.75,949.9,103.2,21.4352489046226,164.74654368455003,219.5792135923053,195.33675060513207,148.13965219143927,89.78730300678717,107.21007338264434,80.75135998902414,65.35723496872413,45.72888351028675,49.201371573413496,39.74894046445053,39.01782919909641
2026-09-27,WP252026,58,2026-09-27 18:00:00,0 days 18:00:00,18,26.27,129.84,958.6,92.0,14.5374254108729,138.49015634125328,179.24800985792663,138.32527359779505,77.02963452325284,74.97382651405884,98.2909515859739,76.2125294500217,40.600366496804014,39.136195890168686,45.03088308406869,36.29596981063384,30.539061610441063
2026-09-27,WP252026,58,2026-09-28 00:00:00,1 days 00:00:00,24,26.89,130.67,959.6,91.3,18.48286055357811,102.1806518377868,142.13951491390668,132.38416360520475,72.54945379900825,49.018444671195,72.54107745787113,58.94675693353808,34.9592106529282,38.03213545747987,41.339117343928166,35.744708730320696,30.426292307401805
2026-09-27,WP252026,58,2026-09-28 06:00:00,1 days 06:00:00,30,27.23,131.61,979.6,73.6,26.956322493131893,138.0738048569201,154.98684757933768,161.04492964380677,114.17627040950153,73.74585829945588,101.53375965529852,81.48149075096268,53.83854551130028,54.66452527652359,61.941528765682,53.09371908754218,43.53974009783887
2026-09-27,WP252026,58,2026-09-28 12:00:00,1 days 12:00:00,36,27.73,132.06,967.0,77.5,39.509947569745805,203.92402106307333,230.9845189230615,177.5059697723744,133.4858561748798,68.86425575814593,84.7719068356952,72.27221804181512,47.46443090202496,21.68163585683945,39.509947569745805,20.411116910812872,15.715672952481828
2026-09-27,WP252026,58,2026-09-28 18:00:00,1 days 18:00:00,42,27.88,132.68,980.4,67.2,42.038560501599456,102.02051500555264,121.94965319587686,105.2156284687665,92.41908796524952,66.12828138520504,65.92542992604206,46.00063516290416,48.88322072762476,17.004998394103545,42.038560501599456,12.685249306063191,12.57627818895597
2026-09-27,WP252026,58,2026-09-29 00:00:00,2 days 00:00:00,48,28.26,133.57,988.7,54.8,44.58642775789485,149.21651485876012,157.00939900591223,126.48151057814238,112.05812309743683,47.73446189933178,47.657009049655535,36.30781565713202,32.49081786063083,0.0,0.0,0.0,0.0
2026-09-27,WP252026,58,2026-09-29 06:00:00,2 days 06:00:00,54,28.6,134.26,994.5,44.2,84.29873647829038,153.42155619209495,173.605581011168,153.23206436820047,137.4653793823362,0.0,0.0,0.0,0.0,0.0,0.0,0.0,0.0
2026-09-27,WP252026,58,2026-09-29 12:00:00,2 days 12:00:00,60,29.1,135.01,996.6,38.4,94.5378844720906,94.5378844720906,35.2282630592998,25.442049721883308,18.064471078212303,0.0,0.0,0.0,0.0,0.0,0.0,0.0,0.0
2026-09-27,WP252026,58,2026-09-29 18:00:00,2 days 18:00:00,66,29.41,135.89,996.6,37.2,47.50835971063901,70.76989021337472,90.95024257953828,49.875066990394856,45.62530452406968,0.0,0.0,0.0,0.0,0.0,0.0,0.0,0.0
2026-09-27,WP252026,58,2026-09-30 00:00:00,3 days 00:00:00,72,30.09,136.66,1001.0,31.9,67.43569602540623,0.0,0.0,0.0,0.0,0.0,0.0,0.0,0.0,0.0,0.0,0.0,0.0
2026-09-27,WP252026,58,2026-09-30 06:00:00,3 days 06:00:00,78,30.4,137.49,998.9,32.0,111.4023907102125,0.0,0.0,0.0,0.0,0.0,0.0,0.0,0.0,0.0,0.0,0.0,0.0
2026-09-27,WP252026,58,2026-09-30 12:00:00,3 days 12:00:00,84,31.16,138.08,997.9,31.5,91.76429324105496,0.0,0.0,0.0,0.0,0.0,0.0,0.0,0.0,0.0,0.0,0.0,0.0
2026-09-27,WP252026,58,2026-09-30 18:00:00,3 days 18:00:00,90,31.79,138.69,999.9,29.6,84.08413385982863,0.0,0.0,0.0,0.0,0.0,0.0,0.0,0.0,0.0,0.0,0.0,0.0
2026-09-27,WP252026,58,2026-10-01 00:00:00,4 days 00:00:00,96,32.71,139.26,1000.1,28.6,204.45759585820343,0.0,0.0,0.0,0.0,0.0,0.0,0.0,0.0,0.0,0.0,0.0,0.0
2026-09-27,WP252026,58,2026-10-01 06:00:00,4 days 06:00:00,102,33.19,140.24,1002.9,26.5,109.08745902520796,0.0,0.0,0.0,0.0,0.0,0.0,0.0,0.0,0.0,0.0,0.0,0.0
2026-09-27,WP252026,58,2026-10-01 12:00:00,4 days 12:00:00,108,34.42,141.38,999.2,27.7,149.28584453666116,0.0,0.0,0.0,0.0,0.0,0.0,0.0,0.0,0.0,0.0,0.0,0.0
2026-09-27,WP252026,58,2026-10-01 18:00:00,4 days 18:00:00,114,36.25,144.8,1003.6,21.9,57.664976774337006,0.0,0.0,0.0,0.0,0.0,0.0,0.0,0.0,0.0,0.0,0.0,0.0
2026-09-27,AL062026,59,2026-09-27 00:00:00,0 days 00:00:00,0,29.8,-43.9,1010.0,29.0,56.0,0.0,0.0,0.0,0.0,0.0,0.0,0.0,0.0,0.0,0.0,0.0,0.0
2026-09-27,EP152026,59,2026-09-27 00:00:00,0 days 00:00:00,0,16.7,-156.1,972.0,80.0,37.0,241.0,185.0,185.0,241.0,93.0,74.0,93.0,111.0,56.0,46.0,56.0,56.0
2026-09-27,EP152026,59,2026-09-27 06:00:00,0 days 06:00:00,6,16.65,-156.78,964.8,96.4,34.7238271298595,155.30269318144616,119.77973510695912,137.2327293220169,194.7830940977653,84.82129962845411,65.67005404261317,69.30637243241117,93.34855784591755,76.9589463724891,65.67005404261317,59.16384663880184,70.17190812891155
2026-09-27,EP152026,59,2026-09-27 12:00:00,0 days 12:00:00,12,16.34,-157.89,953.0,110.1,17.64755663737114,175.04869980671754,121.06056929936416,96.507673102078,188.84362807463708,97.85831780652244,61.616315937939646,55.79251447862973,87.50857831602752,62.10587004181596,47.75568744951846,37.8571433534363,55.20984147622107
2026-09-27,EP152026,59,2026-09-27 18:00:00,0 days 18:00:00,18,16.2,-158.73,946.6,117.7,23.99726773173501,154.6369888937758,147.90720782305553,115.35311379581042,146.08295176354386,87.823456634296,65.95444501016095,64.72703559401553,87.35727477528555,54.00321836628632,40.85323555410624,34.37148851089441,47.07591792234737
2026-09-27,EP152026,59,2026-09-28 00:00:00,1 days 00:00:00,24,15.97,-159.73,949.7,114.0,40.79964273142674,179.8315454399414,178.10866204643685,150.89394394090502,148.86123219748757,105.71900751164983,81.7546688687865,74.52853445981907,97.97350973890656,66.05152268993896,55.24278824859395,42.46139375718676,57.2773457476924
2026-09-27,EP152026,59,2026-09-28 06:00:00,1 days 06:00:00,30,16.16,-160.63,948.8,112.9,17.09064542058733,169.1747480180092,134.4785528521047,117.60970058066022,177.07910971180792,98.89574191273888,70.63881980731558,64.70800714743032,94.45848358821355,63.75885405006751,49.82748743282759,40.07903158060874,55.57201488406863
2026-09-27,EP152026,59,2026-09-28 12:00:00,1 days 12:00:00,36,16.51,-161.79,947.5,114.4,21.64471793994113,178.52333948323806,152.40028328971937,118.05380609960515,155.56776500600316,102.3425320550639,75.68071634079013,58.18701384379178,84.68411998710025,61.84920727641048,49.49000683571475,36.41242641593415,51.65563049538408
2026-09-27,EP152026,59,2026-09-28 18:00:00,1 days 18:00:00,42,17.09,-162.67,953.0,110.3,23.37044495302814,192.82273416553608,158.88855828606074,119.17404420442948,138.6963151976836,93.0932427099433,78.14546516321002,61.345606144313024,77.86430504571808,46.8923052981562,37.30951185768095,27.6857951682299,39.369352919876064
2026-09-27,EP152026,59,2026-09-29 00:00:00,2 days 00:00:00,48,18.01,-163.41,953.0,110.9,31.180929929433415,222.8637597601862,186.23156664261523,107.24570636876578,170.49281786321814,122.3481524003837,85.31692134734192,58.22958220257272,90.87294183667235,60.42453744127779,48.67263805068083,34.07344671374395,48.83512739388337
2026-09-27,EP152026,59,2026-09-29 06:00:00,2 days 06:00:00,54,18.78,-163.72,955.6,107.2,22.85045854844887,203.0183945560813,206.39549936422964,136.0394100770561,177.3598691340227,99.88228165532075,85.28489229505632,62.84729219630883,89.9101694451225,55.47439399828845,44.549287831194434,33.49875595435771,46.466377926368494
2026-09-27,EP152026,59,2026-09-29 12:00:00,2 days 12:00:00,60,19.42,-164.28,970.2,86.8,30.734175290211557,197.34055786124023,168.29683973494332,121.23953534826548,170.58779918695154,73.20306790866485,62.745331656027446,43.301179242654726,63.56749429642994,51.2389972538866,43.27821989493441,32.07924396909637,42.477173653070594
2026-09-27,EP152026,59,2026-09-29 18:00:00,2 days 18:00:00,66,20.33,-164.04,975.8,82.4,43.170999160393535,150.75268546305165,133.44737045370425,98.76181096602028,112.60078537448214,77.38895650545066,72.64176411931408,52.15383300718676,71.75975327105294,43.170999160393535,27.853767615340416,19.222677696089377,27.045937983390573
2026-09-27,EP152026,59,2026-09-30 00:00:00,3 days 00:00:00,72,21.35,-163.86,979.4,79.6,46.30627678611906,184.14109548555484,135.16688330617885,107.72060159145369,171.63269729600478,88.34533693128019,76.33461004366848,60.002914673658,88.32018664006668,70.39631520228963,63.53272374242145,51.9407916449392,62.0740491850194
2026-09-27,EP152026,59,2026-09-30 06:00:00,3 days 06:00:00,78,21.45,-163.65,983.0,67.7,8.367993186418175,124.54687222047336,138.6935906416105,97.99576660464912,157.14619731427808,54.23157526062352,38.70409113949949,34.784084069567854,55.93004387415044,30.844492262216903,28.36488859825286,21.48869241085727,26.782075105695007
2026-09-27,EP152026,59,2026-09-30 12:00:00,3 days 12:00:00,84,21.81,-163.34,989.9,61.2,23.666192758580586,188.20246709731595,161.7522968953021,148.5013284795672,190.14527190391044,108.964345295516,93.86866971964328,79.1113909302626,90.2958423340363,0.0,0.0,0.0,0.0
2026-09-27,EP152026,59,2026-09-30 18:00:00,3 days 18:00:00,90,21.8,-163.17,998.4,51.5,37.36212795782497,176.11151001592842,131.99116219057368,142.0315214681621,165.0520507912483,53.07095059254174,43.7942708277245,40.55489087017628,49.81399509224184,0.0,0.0,0.0,0.0
2026-09-27,EP152026,59,2026-10-01 00:00:00,4 days 00:00:00,96,21.96,-163.52,994.3,48.5,59.00102885011584,162.50099756997673,101.83349981089304,82.02983659984375,154.26645665877527,0.0,0.0,0.0,0.0,0.0,0.0,0.0,0.0
2026-09-27,EP152026,59,2026-10-01 06:00:00,4 days 06:00:00,102,21.42,-164.09,996.0,44.7,53.930255965272586,162.7699070574826,103.10090444881445,90.79792538158289,163.07604572385966,0.0,0.0,0.0,0.0,0.0,0.0,0.0,0.0
2026-09-27,EP152026,59,2026-10-01 12:00:00,4 days 12:00:00,108,21.32,-165.15,998.1,39.5,117.82371913825286,228.14577715672868,187.3086778869139,156.75491633736098,198.8497173157141,0.0,0.0,0.0,0.0,0.0,0.0,0.0,0.0
2026-09-27,EP152026,59,2026-10-01 18:00:00,4 days 18:00:00,114,21.46,-166.22,1002.3,34.4,57.25107018447136,57.25107018447136,0.0,10.9229268814924,28.49959611354643,0.0,0.0,0.0,0.0,0.0,0.0,0.0,0.0
2026-09-27,EP152026,59,2026-10-02 00:00:00,5 days 00:00:00,120,21.74,-166.92,997.8,38.8,125.90844000526188,269.0898866079759,187.50487920318156,160.48910235412342,229.2666446856716,0.0,0.0,0.0,0.0,0.0,0.0,0.0,0.0
2026-09-27,EP152026,59,2026-10-02 06:00:00,5 days 06:00:00,126,22.01,-167.89,997.3,40.9,95.27738505544836,198.9326317343514,173.90986051814548,145.36736154057053,171.31246113467023,0.0,0.0,0.0,0.0,0.0,0.0,0.0,0.0
2026-09-27,EP152026,59,2026-10-02 12:00:00,5 days 12:00:00,132,21.88,-168.68,1001.1,40.6,65.77132196018245,245.4478936145996,171.99078343487412,125.5283962510596,208.77239414296923,0.0,0.0,0.0,0.0,0.0,0.0,0.0,0.0
2026-09-27,EP152026,59,2026-10-02 18:00:00,5 days 18:00:00,138,21.81,-169.16,997.1,36.4,61.974024224373935,84.28257425554524,86.27561443220519,93.78203448197291,94.13757925400196,0.0,0.0,0.0,0.0,0.0,0.0,0.0,0.0
2026-09-27,EP152026,59,2026-10-03 00:00:00,6 days 00:00:00,144,21.73,-169.38,999.0,40.4,131.1007262765389,131.1007262765389,79.92584172222072,55.31571566589666,89.33951209565441,0.0,0.0,0.0,0.0,0.0,0.0,0.0,0.0
2026-09-27,EP152026,59,2026-10-03 06:00:00,6 days 06:00:00,150,21.62,-169.96,996.8,41.7,107.05650391234308,107.05650391234308,27.29361511529997,12.24868102501886,55.59542357378747,0.0,0.0,0.0,0.0,0.0,0.0,0.0,0.0
2026-09-27,EP152026,59,2026-10-03 12:00:00,6 days 12:00:00,156,21.25,-170.9,997.9,44.9,79.14290554902155,147.55310213323497,89.05365373604718,75.72621632266473,138.16428756945083,0.0,0.0,0.0,0.0,0.0,0.0,0.0,0.0
2026-09-27,EP152026,59,2026-10-03 18:00:00,6 days 18:00:00,162,20.88,-172.26,1001.2,39.6,88.25458019895711,285.5038859313004,218.4983836948861,161.61693438743737,239.6178318754014,0.0,0.0,0.0,0.0,0.0,0.0,0.0,0.0
2026-09-27,EP152026,59,2026-10-04 00:00:00,7 days 00:00:00,168,20.87,-173.08,1000.7,38.5,91.20259284350212,91.20259284350212,34.49229220246859,19.48242142867673,69.00871224506767,0.0,0.0,0.0,0.0,0.0,0.0,0.0,0.0
2026-09-27,EP152026,59,2026-10-04 06:00:00,7 days 06:00:00,174,21.21,-174.6,1003.1,39.1,50.70407952304231,57.921344753214726,18.382449538128185,0.0,38.821765845556,0.0,0.0,0.0,0.0,0.0,0.0,0.0,0.0
2026-09-27,EP152026,59,2026-10-04 12:00:00,7 days 12:00:00,180,21.15,-176.16,1001.4,40.0,63.89513936960645,223.33449998881497,145.0922510298139,109.06689911396796,181.74725373387773,0.0,0.0,0.0,0.0,0.0,0.0,0.0,0.0
2026-09-27,EP152026,59,2026-10-04 18:00:00,7 days 18:00:00,186,21.47,-177.6,1003.3,35.1,73.05026897610577,73.05026897610577,6.906987735406688,0.5351828214664636,41.90719207299502,0.0,0.0,0.0,0.0,0.0,0.0,0.0,0.0
2026-09-27,EP152026,59,2026-10-05 00:00:00,8 days 00:00:00,192,21.97,-179.22,1003.1,30.5,83.13303707196962,0.0,0.0,0.0,0.0,0.0,0.0,0.0,0.0,0.0,0.0,0.0,0.0
2026-09-27,EP152026,59,2026-10-05 06:00:00,8 days 06:00:00,198,22.3,179.3,998.8,39.6,78.73559580643888,179.4872979066712,123.8149322927739,65.05723159041065,137.88922493470278,0.0,0.0,0.0,0.0,0.0,0.0,0.0,0.0
2026-09-27,EP152026,59,2026-10-05 12:00:00,8 days 12:00:00,204,22.58,177.9,999.9,37.2,101.15257757090524,183.0824595746228,128.88427738724067,83.35339891056458,144.73114511460608,0.0,0.0,0.0,0.0,0.0,0.0,0.0,0.0
2026-09-27,EP152026,59,2026-10-05 18:00:00,8 days 18:00:00,210,23.05,176.47,1000.2,36.4,70.81580973755868,64.63871436739367,0.0,7.769283496893578,70.81580973755868,0.0,0.0,0.0,0.0,0.0,0.0,0.0,0.0
2026-09-27,EP152026,59,2026-10-06 00:00:00,9 days 00:00:00,216,23.49,175.05,1002.3,33.1,88.37979959142648,0.0,0.0,0.0,0.0,0.0,0.0,0.0,0.0,0.0,0.0,0.0,0.0
2026-09-27,EP152026,59,2026-10-06 06:00:00,9 days 06:00:00,222,23.94,173.17,1000.8,33.5,98.06940055158351,0.0,0.0,0.0,0.0,0.0,0.0,0.0,0.0,0.0,0.0,0.0,0.0
2026-09-27,EP152026,59,2026-10-06 12:00:00,9 days 12:00:00,228,24.66,171.27,1002.9,36.3,88.12047368148444,92.9726344787277,32.575140112671065,12.979543959824843,71.64941830025418,0.0,0.0,0.0,0.0,0.0,0.0,0.0,0.0
2026-09-27,EP152026,59,2026-10-06 18:00:00,9 days 18:00:00,234,25.59,168.87,1002.5,40.6,81.53052828237507,392.0049471926324,299.9909501802683,208.48032655002336,320.8062020367454,0.0,0.0,0.0,0.0,0.0,0.0,0.0,0.0
2026-09-27,EP152026,59,2026-10-07 00:00:00,10 days 00:00:00,240,26.72,166.98,998.7,44.3,59.26786227202436,221.71979489387317,121.31347248751293,96.52671994207776,198.83599059569812,0.0,0.0,0.0,0.0,0.0,0.0,0.0,0.0
2026-09-27,EP152026,59,2026-10-07 06:00:00,10 days 06:00:00,246,27.91,164.69,1000.8,47.5,35.95255400286429,220.6941718264213,90.84095052986368,41.57196216582291,160.80565571158783,0.0,0.0,0.0,0.0,0.0,0.0,0.0,0.0
2026-09-27,EP152026,59,2026-10-07 12:00:00,10 days 12:00:00,252,28.88,162.45,1002.5,38.3,61.773058222604135,154.18410258055798,39.8510270420688,3.594905207397783,98.9732705686958,0.0,0.0,0.0,0.0,0.0,0.0,0.0,0.0
2026-09-27,EP152026,59,2026-10-07 18:00:00,10 days 18:00:00,258,30.31,160.73,1000.0,43.5,32.44011151845289,219.87179684814535,128.6900066586144,90.07854226317916,175.60555515289832,0.0,0.0,0.0,0.0,0.0,0.0,0.0,0.0
2026-09-27,EP152026,59,2026-10-08 00:00:00,11 days 00:00:00,264,31.55,158.97,1004.8,37.0,45.71165145688399,132.5153905529565,68.7868089445532,28.92557370009868,88.89641755371981,0.0,0.0,0.0,0.0,0.0,0.0,0.0,0.0
2026-09-27,EP152026,59,2026-10-08 06:00:00,11 days 06:00:00,270,32.77,158.23,1003.3,34.7,37.80294343995615,48.27331735301247,8.963449816119578,0.0,24.72344585640972,0.0,0.0,0.0,0.0,0.0,0.0,0.0,0.0
2026-09-27,EP152026,59,2026-10-08 12:00:00,11 days 12:00:00,276,33.73,157.9,1002.4,33.1,34.7384513712927,0.0,0.0,0.0,0.0,0.0,0.0,0.0,0.0,0.0,0.0,0.0,0.0
2026-09-27,EP152026,59,2026-10-08 18:00:00,11 days 18:00:00,282,34.4,158.57,1005.8,28.6,39.31471351208758,0.0,0.0,0.0,0.0,0.0,0.0,0.0,0.0,0.0,0.0,0.0,0.0
2026-09-27,EP152026,59,2026-10-09 00:00:00,12 days 00:00:00,288,34.67,160.19,1002.3,26.1,44.2211322312408,0.0,0.0,0.0,0.0,0.0,0.0,0.0,0.0,0.0,0.0,0.0,0.0
2026-09-27,EP152026,59,2026-10-09 06:00:00,12 days 06:00:00,294,35.01,161.73,1001.9,29.5,52.24084994916993,0.0,0.0,0.0,0.0,0.0,0.0,0.0,0.0,0.0,0.0,0.0,0.0
2026-09-27,EP152026,59,2026-10-09 12:00:00,12 days 12:00:00,300,35.21,164.38,1003.4,27.5,77.7233759884175,0.0,0.0,0.0,0.0,0.0,0.0,0.0,0.0,0.0,0.0,0.0,0.0
2026-09-27,EP152026,59,2026-10-09 18:00:00,12 days 18:00:00,306,35.83,167.09,1004.4,30.6,88.22897426529852,0.0,0.0,0.0,0.0,0.0,0.0,0.0,0.0,0.0,0.0,0.0,0.0
2026-09-27,EP152026,59,2026-10-10 00:00:00,13 days 00:00:00,312,36.18,170.75,998.4,28.2,92.0317319519488,0.0,0.0,0.0,0.0,0.0,0.0,0.0,0.0,0.0,0.0,0.0,0.0
2026-09-27,EP162026,59,2026-09-27 00:00:00,0 days 00:00:00,0,20.8,-123.6,975.0,76.0,28.0,167.0,167.0,148.0,185.0,93.0,74.0,74.0,93.0,65.0,46.0,37.0,56.0
2026-09-27,EP162026,59,2026-09-27 06:00:00,0 days 06:00:00,6,21.45,-123.36,992.1,59.9,46.10997778676216,166.7118157312399,152.21770648064594,118.87763119260084,149.0012978773729,69.2528941503713,66.45856261215427,47.43116747963532,61.7561354304771,0.0,0.0,0.0,0.0
2026-09-27,EP162026,59,2026-09-27 12:00:00,0 days 12:00:00,12,22.04,-123.28,996.9,46.3,73.1521216405184,181.3636397348588,156.63240125766907,118.82543053660048,144.51434145958547,0.0,0.0,0.0,0.0,0.0,0.0,0.0,0.0
2026-09-27,EP162026,59,2026-09-27 18:00:00,0 days 18:00:00,18,22.4,-123.0,1001.7,35.9,41.38903867676589,40.22943985256222,29.33817238326334,24.20773650321045,41.75290051811047,0.0,0.0,0.0,0.0,0.0,0.0,0.0,0.0
2026-09-27,EP162026,59,2026-09-28 00:00:00,1 days 00:00:00,24,22.27,-123.13,1002.2,34.6,73.9775207930528,73.9775207930528,4.825552998359298,5.704828946208074,19.378233743997164,0.0,0.0,0.0,0.0,0.0,0.0,0.0,0.0
2026-09-27,EP162026,59,2026-09-28 06:00:00,1 days 06:00:00,30,22.12,-122.75,1006.5,25.1,93.6746025858274,0.0,0.0,0.0,0.0,0.0,0.0,0.0,0.0,0.0,0.0,0.0,0.0
2026-09-27,EP162026,59,2026-09-28 12:00:00,1 days 12:00:00,36,22.14,-122.6,1006.5,24.7,53.63857618517576,0.0,0.0,0.0,0.0,0.0,0.0,0.0,0.0,0.0,0.0,0.0,0.0
2026-09-27,EP162026,59,2026-09-28 18:00:00,1 days 18:00:00,42,21.56,-122.28,1006.1,22.2,75.50461603308769,0.0,0.0,0.0,0.0,0.0,0.0,0.0,0.0,0.0,0.0,0.0,0.0
2026-09-27,EP162026,59,2026-09-29 00:00:00,2 days 00:00:00,48,21.32,-122.1,1006.2,25.4,114.57271037449632,0.0,0.0,0.0,0.0,0.0,0.0,0.0,0.0,0.0,0.0,0.0,0.0
2026-09-27,EP162026,59,2026-09-29 06:00:00,2 days 06:00:00,54,20.7,-121.85,1008.2,21.9,117.59976558454817,0.0,0.0,0.0,0.0,0.0,0.0,0.0,0.0,0.0,0.0,0.0,0.0
2026-09-27,EP162026,59,2026-09-29 12:00:00,2 days 12:00:00,60,20.4,-122.13,1008.8,19.1,73.19768232424667,0.0,0.0,0.0,0.0,0.0,0.0,0.0,0.0,0.0,0.0,0.0,0.0
2026-09-27,EP162026,59,2026-09-29 18:00:00,2 days 18:00:00,66,19.68,-122.34,1006.9,23.5,106.11896447304326,0.0,0.0,0.0,0.0,0.0,0.0,0.0,0.0,0.0,0.0,0.0,0.0
2026-09-27,EP162026,59,2026-09-30 00:00:00,3 days 00:00:00,72,19.33,-122.59,1007.4,23.1,134.70308284931642,0.0,0.0,0.0,0.0,0.0,0.0,0.0,0.0,0.0,0.0,0.0,0.0
2026-09-27,EP162026,59,2026-09-30 06:00:00,3 days 06:00:00,78,19.41,-123.05,1007.6,18.1,47.436334679925366,0.0,0.0,0.0,0.0,0.0,0.0,0.0,0.0,0.0,0.0,0.0,0.0
2026-09-27,EP172026,59,2026-09-27 00:00:00,0 days 00:00:00,0,19.0,-112.9,946.0,111.0,28.0,259.0,185.0,167.0,185.0,111.0,111.0,93.0,93.0,65.0,65.0,46.0,56.0
2026-09-27,EP172026,59,2026-09-27 06:00:00,0 days 06:00:00,6,20.1,-113.23,947.0,114.6,52.269695636535104,167.8521004003577,201.22727692813527,132.30249746424758,89.48875570248846,89.11174006418048,85.66515617373638,58.36642454266466,71.20753300195872,58.14566460820191,52.90049456998989,37.280171405237176,44.3154036393673
2026-09-27,EP172026,59,2026-09-27 12:00:00,0 days 12:00:00,12,20.97,-113.65,948.2,108.7,17.30436061078241,178.02114348705564,200.76208549537867,151.39472526813992,157.28157983571327,106.63539669254824,108.62093647893984,76.36495964022124,87.00061244067258,63.57173083433207,56.81761353150043,42.40676947262091,51.27042444255058
2026-09-27,EP172026,59,2026-09-27 18:00:00,0 days 18:00:00,18,21.9,-113.91,953.1,109.4,23.098331756284505,203.2225039378561,195.7570952707493,138.23877169516834,143.91649515233908,101.20111864850256,95.65496006168874,64.87614734842933,81.73815701557928,59.80375367711329,51.355613232547,36.57992550971782,47.53024598916559
2026-09-27,EP172026,59,2026-09-28 00:00:00,1 days 00:00:00,24,22.95,-114.24,956.9,108.2,28.7824648244456,140.01420573171015,153.730509083338,87.55271740557632,91.0226770486401,63.60465262037606,65.96203080940393,40.43215789353688,48.79818207001912,48.190681119114856,42.0099610975394,29.844126328734,37.95805962117162
2026-09-27,EP172026,59,2026-09-28 06:00:00,1 days 06:00:00,30,23.9,-114.1,954.8,102.3,27.16857461703861,159.54133909390708,207.41399962072543,155.87802884395387,135.88055180441393,77.34893824286438,81.61861573085908,71.08099203853801,65.6093145141526,43.17202145585782,41.17809557487548,32.81978902855219,34.806122487954624
2026-09-27,EP172026,59,2026-09-28 12:00:00,1 days 12:00:00,36,24.61,-113.63,959.6,99.1,12.564969878451103,156.61557122372875,199.02171814486127,116.52717072295928,108.95580816594688,99.86084840573034,103.2803444854667,73.58921889055677,78.46832568712932,54.42620547626795,50.42097030186295,39.59910255767494,42.92522414581576
2026-09-27,EP172026,59,2026-09-28 18:00:00,1 days 18:00:00,42,25.27,-112.87,963.3,93.8,42.02412754273,104.4664369692381,140.59718426343878,107.0462711209075,52.07282010887751,54.79720719310261,64.83185671116156,45.540813104373065,35.18259748977263,42.53217425339097,40.64684583668659,30.903950719516292,33.42967814646536
2026-09-27,EP172026,59,2026-09-29 00:00:00,2 days 00:00:00,48,26.12,-111.9,973.9,79.7,36.31462708981648,184.929470959028,191.55443600963355,144.1481155682858,134.83131241921734,77.34829925820213,97.8770868257798,76.63031272537225,67.73699363499881,47.23591639214705,48.11430957489903,40.584289944554925,37.36647327245602
2026-09-27,EP172026,59,2026-09-29 06:00:00,2 days 06:00:00,54,27.77,-111.06,977.1,68.3,11.117437648367734,138.80459896145172,168.7342873128529,111.57272793566192,112.08285076091694,79.01642333249929,86.9335836226259,58.15291034509215,63.18000658285548,22.320796363018736,20.12729970050361,14.751905448062583,17.37419282698521
2026-09-27,EP172026,59,2026-09-29 12:00:00,2 days 12:00:00,60,29.08,-109.77,991.9,47.2,94.7667889939114,94.7667889939114,47.71533665788357,3.094966517254264,15.76240918841117,0.0,0.0,0.0,0.0,0.0,0.0,0.0,0.0
2026-09-27,EP902026,59,2026-09-27 00:00:00,0 days 00:00:00,0,12.0,-98.6,1008.0,25.0,111.0,0.0,0.0,0.0,0.0,0.0,0.0,0.0,0.0,0.0,0.0,0.0,0.0
2026-09-27,EP902026,59,2026-09-27 06:00:00,0 days 06:00:00,6,12.14,-98.47,1005.8,30.9,110.1379602308706,0.0,0.0,0.0,0.0,0.0,0.0,0.0,0.0,0.0,0.0,0.0,0.0
2026-09-27,EP902026,59,2026-09-27 12:00:00,0 days 12:00:00,12,11.99,-98.71,1004.4,33.3,114.49706602870634,0.0,0.0,0.0,0.0,0.0,0.0,0.0,0.0,0.0,0.0,0.0,0.0
2026-09-27,EP902026,59,2026-09-27 18:00:00,0 days 18:00:00,18,12.27,-99.13,1003.9,32.8,55.04977876096717,0.0,0.0,0.0,0.0,0.0,0.0,0.0,0.0,0.0,0.0,0.0,0.0
2026-09-27,EP902026,59,2026-09-28 00:00:00,1 days 00:00:00,24,12.13,-99.71,1000.1,44.6,93.07868347232156,82.74919654164496,93.07868347232156,69.3290775439536,65.40199360531693,0.0,0.0,0.0,0.0,0.0,0.0,0.0,0.0
2026-09-27,EP902026,59,2026-09-28 06:00:00,1 days 06:00:00,30,12.73,-100.45,1003.7,47.7,47.29241289142641,197.59192367968512,164.9207842973476,111.57809998893606,154.5366892717799,0.0,0.0,0.0,0.0,0.0,0.0,0.0,0.0
2026-09-27,EP902026,59,2026-09-28 12:00:00,1 days 12:00:00,36,13.23,-101.08,1001.2,46.0,56.600759951636434,200.06378269327223,173.1402229741588,108.1296943633819,160.63808606503588,0.0,0.0,0.0,0.0,0.0,0.0,0.0,0.0
2026-09-27,EP902026,59,2026-09-28 18:00:00,1 days 18:00:00,42,13.78,-102.58,997.3,50.2,74.24080635672642,181.44110538215995,155.14307174965,100.62471585028496,142.31679218530672,0.0,74.24080635672642,0.0,0.0,0.0,0.0,0.0,0.0
2026-09-27,EP902026,59,2026-09-29 00:00:00,2 days 00:00:00,48,14.18,-103.63,998.0,48.2,72.17903832968011,179.56467798766363,161.09457640887274,122.36596871066176,151.02801904441657,0.0,0.0,0.0,0.0,0.0,0.0,0.0,0.0
2026-09-27,EP902026,59,2026-09-29 06:00:00,2 days 06:00:00,54,14.75,-104.5,995.8,49.2,64.32374888286462,195.73030285386037,168.94517489604056,93.84025998091522,148.81447126201022,0.0,0.0,0.0,0.0,0.0,0.0,0.0,0.0
2026-09-27,EP902026,59,2026-09-29 12:00:00,2 days 12:00:00,60,15.19,-105.48,994.1,51.0,60.60458862831749,186.15642449620395,158.40940706341163,109.83559728752957,146.826564891775,60.60458862831749,11.611970296891023,2.47427140303211,5.836470772624098,0.0,0.0,0.0,0.0
2026-09-27,EP902026,59,2026-09-29 18:00:00,2 days 18:00:00,66,16.18,-106.12,992.1,52.3,72.51151719175115,179.5642589785336,190.06656180293535,119.0919834705216,129.07764635260725,72.51151719175115,6.39733968529733,0.0,1.218610835908934,0.0,0.0,0.0,0.0
2026-09-27,EP902026,59,2026-09-30 00:00:00,3 days 00:00:00,72,16.85,-106.74,996.0,55.1,47.473388366430406,208.40797521139123,187.25480226195168,110.32819520938656,157.0518274664714,47.473388366430406,39.53574522047204,18.0606368314407,22.00395069863125,0.0,0.0,0.0,0.0
2026-09-27,EP902026,59,2026-09-30 06:00:00,3 days 06:00:00,78,17.55,-107.39,989.1,56.7,49.60074663263959,281.58404240645484,269.4430180623492,201.0718846387191,226.30875896127296,124.9114156188591,107.21441340645704,68.6642094750283,88.69749620788606,0.0,0.0,0.0,0.0
2026-09-27,EP902026,59,2026-09-30 12:00:00,3 days 12:00:00,84,17.83,-108.03,989.4,65.4,41.84306765027358,117.3370466921089,152.59092934838264,138.0417544702231,98.53206931637123,53.84773199052656,49.57496353489172,29.58422855010987,39.199950519421016,41.84306765027358,5.816009636044662,1.3811689625960724,5.549961671444669
2026-09-27,EP902026,59,2026-09-30 18:00:00,3 days 18:00:00,90,18.05,-108.6,975.7,83.5,20.21301305650489,134.57810483293062,96.22057821318788,80.04792831097457,111.31599991174303,62.469774948167526,57.120067797393645,31.59957906552343,49.15493659566974,33.57104460158981,26.63011525041532,17.9574220856968,25.868622852535328
2026-09-27,EP902026,59,2026-10-01 00:00:00,4 days 00:00:00,96,18.05,-108.95,956.0,105.7,12.96836121220567,126.18953541854924,134.0917752852717,105.29018338416012,87.83819534332423,64.29295763815968,58.17694191201332,45.280208677837024,51.31809456309449,43.60148006625309,37.15150668803626,27.980701545420786,35.44688307528756
2026-09-27,EP902026,59,2026-10-01 06:00:00,4 days 06:00:00,102,18.14,-109.06,948.6,112.2,21.0084447562562,112.61043871703517,137.24745696582295,126.01950493048476,109.63561500420388,46.107443162236365,50.82924802684185,47.34980411011065,42.47540967023161,31.22183198261638,28.29500549252245,24.478350461169395,28.996060866063
2026-09-27,EP902026,59,2026-10-01 12:00:00,4 days 12:00:00,108,18.17,-109.34,971.3,86.4,28.784565520446904,99.64754612715932,123.41615143618492,159.09626011746695,113.67651752481127,64.3501673307785,72.77714819205653,73.80136730040272,66.25207164100993,57.29312036853048,54.453989052467136,47.475450571498754,48.77413422172231
2026-09-27,EP902026,59,2026-10-01 18:00:00,4 days 18:00:00,114,18.41,-109.29,977.9,74.6,46.54568045150052,117.3489796844908,154.48957228049323,203.1737852875184,105.32089108729562,78.68044435022628,99.2361949440297,100.90743757912662,74.75331283764498,57.11266776675053,57.91306126426798,52.712426662564894,47.6606592421621
2026-09-27,EP902026,59,2026-10-02 00:00:00,5 days 00:00:00,120,18.99,-109.31,985.6,63.5,32.10180199487232,158.5320234890652,225.19084768021455,198.8883494657968,134.85674436903582,101.90151675910757,108.929912097602,82.8248447560884,76.29994969180461,0.0,0.0,0.0,0.0
2026-09-27,EP902026,59,2026-10-02 06:00:00,5 days 06:00:00,126,19.57,-109.23,990.6,55.2,48.22795178577172,156.67146466780662,177.7674458938078,129.54688006740554,122.41934514603196,64.82315808712258,57.74682935459458,37.967730340128725,41.44857155603833,0.0,0.0,0.0,0.0
2026-09-27,EP902026,59,2026-10-02 12:00:00,5 days 12:00:00,132,19.71,-109.31,990.2,46.3,89.75220728205088,220.31587169722656,227.30127080536155,186.8108670548618,183.9925120031208,0.0,0.0,0.0,0.0,0.0,0.0,0.0,0.0
2026-09-27,EP902026,59,2026-10-02 18:00:00,5 days 18:00:00,138,20.17,-109.44,993.4,44.7,69.28821222586564,206.73792206424287,229.0389234346987,199.30568838694808,171.93097193068513,0.0,0.0,0.0,0.0,0.0,0.0,0.0,0.0
2026-09-27,EP902026,59,2026-10-03 00:00:00,6 days 00:00:00,144,20.3,-109.55,995.5,42.2,94.4787757910646,85.82023821011853,100.31429907019871,88.14916417064549,65.0848367643828,0.0,0.0,0.0,0.0,0.0,0.0,0.0,0.0
2026-09-27,EP902026,59,2026-10-03 06:00:00,6 days 06:00:00,150,20.44,-109.57,997.9,38.7,68.74531536002294,100.03837441267652,112.43873285024328,96.78993885460496,85.770590755517,0.0,0.0,0.0,0.0,0.0,0.0,0.0,0.0
2026-09-27,EP902026,59,2026-10-03 12:00:00,6 days 12:00:00,156,20.46,-109.43,992.5,43.7,91.0142943404076,78.18512075984626,102.17044299565774,96.5541349628555,65.60147173501724,0.0,0.0,0.0,0.0,0.0,0.0,0.0,0.0
2026-09-27,EP902026,59,2026-10-03 18:00:00,6 days 18:00:00,162,20.47,-109.65,997.9,42.4,56.46328150778254,124.88570115300718,127.71296044249176,115.60836074797952,101.14214223704585,0.0,0.0,0.0,0.0,0.0,0.0,0.0,0.0
2026-09-27,EP902026,59,2026-10-04 00:00:00,7 days 00:00:00,168,20.1,-109.65,993.8,43.7,153.03076112001787,60.49836663950116,67.6756402873794,153.03076112001787,58.6623959578142,0.0,0.0,0.0,0.0,0.0,0.0,0.0,0.0
2026-09-27,EP902026,59,2026-10-04 06:00:00,7 days 06:00:00,174,20.17,-109.76,998.7,39.9,66.68801099825139,13.73638036837605,66.68801099825139,10.6364722128041,0.0,0.0,0.0,0.0,0.0,0.0,0.0,0.0,0.0
2026-09-27,EP902026,59,2026-10-04 12:00:00,7 days 12:00:00,180,19.86,-110.23,998.0,46.8,59.41485352309074,29.297258343708805,59.41485352309074,34.60581731863,20.11509130128724,0.0,0.0,0.0,0.0,0.0,0.0,0.0,0.0
2026-09-27,EP902026,59,2026-10-04 18:00:00,7 days 18:00:00,186,19.53,-110.05,994.5,43.6,48.78191071882503,48.78191071882503,41.23394027927435,28.84524245637165,26.28523814628346,0.0,0.0,0.0,0.0,0.0,0.0,0.0,0.0
2026-09-27,EP902026,59,2026-10-05 00:00:00,8 days 00:00:00,192,19.16,-110.81,999.2,38.3,60.997057766101605,14.50500581249798,9.47332372148994,8.836647546377801,60.997057766101605,0.0,0.0,0.0,0.0,0.0,0.0,0.0,0.0
2026-09-27,EP902026,59,2026-10-05 06:00:00,8 days 06:00:00,198,18.76,-111.16,999.1,41.4,40.045901389524666,104.30612216204,111.98180609872963,72.8931641281436,105.12662950949536,0.0,0.0,0.0,0.0,0.0,0.0,0.0,0.0
2026-09-27,EP902026,59,2026-10-05 12:00:00,8 days 12:00:00,204,18.63,-111.63,1000.4,40.6,43.83630963381229,66.70107734892814,60.09859037537841,76.36076958023179,79.2055670839166,0.0,0.0,0.0,0.0,0.0,0.0,0.0,0.0
2026-09-27,EP902026,59,2026-10-05 18:00:00,8 days 18:00:00,210,17.99,-112.31,996.5,46.9,18.659837060828806,41.91288271524496,43.16615008773712,60.44023405683282,62.250596801804704,0.0,0.0,0.0,0.0,0.0,0.0,0.0,0.0
2026-09-27,EP902026,59,2026-10-06 00:00:00,9 days 00:00:00,216,17.46,-112.67,996.3,42.6,47.52032788128284,55.8806970256023,54.42767325572058,52.79386813929595,57.36408786933876,0.0,0.0,0.0,0.0,0.0,0.0,0.0,0.0
2026-09-27,EP902026,59,2026-10-06 06:00:00,9 days 06:00:00,222,17.29,-112.81,1000.1,51.0,27.95350409085644,54.399592512621055,41.35222438073448,69.71196478906896,83.03954321717235,5.232250635202604,7.681568421671039,5.47839964200002,27.95350409085644,0.0,0.0,0.0,0.0
2026-09-27,EP902026,59,2026-10-06 12:00:00,9 days 12:00:00,228,17.07,-112.96,993.1,51.6,37.70822278465556,93.55169578842457,89.99969814017342,63.84527216939495,83.39213151802065,37.70822278465556,4.770415317099879,0.0,3.556323004979676,0.0,0.0,0.0,0.0
2026-09-27,EP902026,59,2026-10-06 18:00:00,9 days 18:00:00,234,17.35,-113.35,984.3,66.3,28.469133666076715,69.99864764258547,69.63795241747324,73.61106147133208,77.75822386874131,36.691758502837736,29.69411167177125,33.28428289481435,40.85252639104892,28.469133666076715,8.749179916614889,8.171824361782907,12.195023502705524
2026-09-27,EP902026,59,2026-10-07 00:00:00,10 days 00:00:00,240,17.4,-113.47,983.7,70.7,9.698722751359073,96.55651059147463,102.12726678892244,70.76210622776523,81.60441414348733,38.64004343764815,37.89869644598086,27.37777707520388,23.893374150113345,21.81218750426325,18.91835370800618,13.713768106005183,17.354071514725888
2026-09-27,EP902026,59,2026-10-07 06:00:00,10 days 06:00:00,246,17.56,-113.56,977.5,77.5,17.349234743920327,89.24181542650254,100.2878055923304,96.3256429190746,79.11941904895275,54.10168172979559,53.55576156030189,45.64662085659138,49.832569715631294,33.409756727606684,29.80347847087121,24.35963694175529,26.99691213028415
2026-09-27,EP902026,59,2026-10-07 12:00:00,10 days 12:00:00,252,18.26,-113.73,976.9,76.8,19.66828135717533,43.92478716960211,43.56497107447686,78.85213457229595,64.67860556897482,38.72129566214645,33.69681546375346,32.93781493994758,35.90482169009425,18.783380421501192,19.66828135717533,15.364586908653578,16.995022569399318
2026-09-27,EP902026,59,2026-10-07 18:00:00,10 days 18:00:00,258,18.52,-114.0,989.0,65.8,42.194689802045374,84.04543190048739,68.2948075173727,103.58316315564434,89.04990305451406,57.35347897506565,49.33883280238326,41.22010996603396,49.759419672140346,6.195465972107402,4.024625339219894,0.0,42.194689802045374
2026-09-27,EP902026,59,2026-10-08 00:00:00,11 days 00:00:00,264,19.04,-114.43,973.8,76.2,11.931947743636783,69.07979206126583,75.13567634924084,82.98507402229416,65.30678093633287,35.76343752857963,36.30711150248533,33.13078165603247,31.76633158673724,28.13757366289019,25.132935297096765,18.88837611640224,23.030993435807545
2026-09-27,EP902026,59,2026-10-08 06:00:00,11 days 06:00:00,270,19.61,-115.12,984.8,68.8,40.47148886734976,107.51310753571336,54.20373389345512,55.6669348160592,100.76022623212356,60.63965650511677,47.80655060400258,30.632456477431177,51.89338415370153,40.47148886734976,23.869579652382622,15.530199464389003,23.761554361924222
2026-09-27,EP902026,59,2026-10-08 12:00:00,11 days 12:00:00,276,19.97,-115.47,979.0,79.1,18.560376920152198,89.19931745921376,41.391091998770136,94.6257953748137,92.91977878163932,36.47770410740833,23.482003990652004,33.56674842171015,53.17333960570019,30.561087950358758,23.482003990652004,19.773151840350945,28.57433855801692
2026-09-27,EP902026,59,2026-10-08 18:00:00,11 days 18:00:00,282,20.29,-116.34,975.7,89.7,6.055911883566569,44.707436174972045,25.995659101183385,44.027259322646486,61.68425530865825,32.690324119638674,25.995659101183385,26.310582973873267,29.65796540534579,32.690324119638674,25.995659101183385,21.21085417823636,28.014632573038085
2026-09-27,EP902026,59,2026-10-09 00:00:00,12 days 00:00:00,288,20.52,-117.02,973.5,85.2,29.364762255376064,110.52991050845895,95.70742956868116,86.43987786810843,102.5506557535638,43.02160389121185,32.636041478066296,29.32702918493615,42.22968340244749,34.148804575521794,24.259958985438644,16.877874124409608,27.68218839223864
2026-09-27,EP902026,59,2026-10-09 06:00:00,12 days 06:00:00,294,20.7,-117.33,972.6,93.2,32.70105739627586,34.23286054844361,25.64725018881649,46.13603560357987,23.245113153261,32.70105739627586,16.739573574808663,15.195468581043636,18.730666342212466,32.70105739627586,16.739573574808663,13.129531046646411,18.730666342212466
2026-09-27,EP902026,59,2026-10-09 12:00:00,12 days 12:00:00,300,20.67,-117.67,971.8,88.6,12.840075049152148,113.65028370595368,67.58625552472185,66.82812938549894,110.94025907234835,54.67163582548952,31.488506339087603,26.26580757894818,56.75865230470497,31.53416354623615,21.275703638648224,17.12919387052193,28.08200232354806
2026-09-27,EP902026,59,2026-10-09 18:00:00,12 days 18:00:00,306,20.83,-118.13,975.4,82.0,22.538840947607014,78.69164123177381,79.26362275701001,100.90940545509966,101.43048827489928,31.14564974801459,28.411225420679894,37.04964093797503,30.806428228645984,15.61664603553551,11.983039821304814,10.986534690730366,22.538840947607014
2026-09-27,EP902026,59,2026-10-10 00:00:00,13 days 00:00:00,312,20.7,-118.21,975.0,84.7,17.128349815610477,103.95350783195522,80.15242447818491,82.81367716916111,113.14061160652068,35.07558823358033,30.11105519176033,23.68670369272036,37.05694106635679,35.07558823358033,30.11105519176033,23.031059222928945,29.56594439469211
2026-09-27,EP902026,59,2026-10-10 06:00:00,13 days 06:00:00,318,20.41,-118.79,975.3,80.4,25.966202251249463,92.75408259521828,51.60362406075869,79.69470917449809,132.39971506206655,62.70792058016925,51.53224979964236,50.85048376876952,66.79485681747569,31.92609378170732,26.108497741336144,24.072498762157977,29.83804406684666
2026-09-27,EP902026,59,2026-10-10 12:00:00,13 days 12:00:00,324,20.13,-119.64,977.7,81.2,25.253534948257684,91.10371136068451,85.89362367229745,94.37207141964907,105.30581616672164,49.70291275974773,44.14754402863159,49.3705708704409,59.41042534053109,42.06231922421736,35.14314671726306,31.26229884300921,37.84792651087305
2026-09-27,EP902026,59,2026-10-10 18:00:00,13 days 18:00:00,330,19.89,-120.38,966.1,96.6,14.39006514193284,76.16722951748685,57.52733335966559,77.61137163200924,103.09615714512972,42.45941059269241,37.02562874095429,42.92678641718796,52.922742271870526,33.92110055373657,25.94482067293576,22.35232800927865,29.929038884703363
2026-09-27,EP902026,59,2026-10-11 00:00:00,14 days 00:00:00,336,19.58,-121.38,964.7,93.5,22.2029371531452,98.34696488069828,111.88723633461888,123.40283659181928,99.02217195917493,42.90662868129061,37.85973473570926,43.62237735352447,49.13506392330618,31.4419829926708,24.08806435322498,21.211088304630778,27.848342182274244
2026-09-27,EP902026,59,2026-10-11 06:00:00,14 days 06:00:00,342,19.1,-122.21,979.6,75.5,12.157808025015662,86.91231338729888,82.77078235352799,95.22773066052578,114.26011138796422,58.22135711726053,50.14775191963143,47.72530738905605,62.85570323066294,43.52096209708532,34.70192395730547,30.495408038381584,38.17146772844653
2026-09-27,EP902026,59,2026-10-11 12:00:00,14 days 12:00:00,348,18.63,-123.21,976.3,83.1,12.601362023136438,56.63859742125335,51.23688261652849,76.67259865225351,81.36742642612508,42.50851499665141,37.51919458804642,33.62270434509451,47.29764259291139,28.48550132278292,21.736706124279586,17.118275157441772,24.663406877507427
2026-09-27,EP902026,59,2026-10-11 18:00:00,14 days 18:00:00,354,18.3,-124.11,979.2,72.8,15.464930950635557,83.24774566447415,60.77405767047224,79.90022139377211,80.79750653145301,30.757682619691,24.46998183433819,24.93905888610021,35.9695634459346,24.36670313966148,17.71460651441585,13.371882024881984,19.743853645615413
2026-09-27,EP902026,59,2026-10-12 00:00:00,15 days 00:00:00,360,17.93,-125.28,989.1,68.8,22.047019719670583,48.58890338431611,35.23289011052009,71.38332374355247,73.38747593462323,42.6785820908408,33.336024069277045,29.18152973676416,44.58854144254658,22.047019719670583,8.57683409765345,4.213136260046669,11.301813334452092
2026-09-27,WP252026,59,2026-09-27 00:00:00,0 days 00:00:00,0,24.6,127.6,964.0,89.0,22.0,102.0,121.0,102.0,93.0,,,,,,,,
2026-09-27,WP252026,59,2026-09-27 06:00:00,0 days 06:00:00,6,25.36,128.29,953.2,97.1,14.874893567723117,147.0893125657015,201.6587050032649,151.9049736302901,103.06349217370604,68.24582442482705,85.78190339768122,65.07377959513013,41.39973614027678,41.548101126500754,43.13998445747683,35.963205631287,31.68933240754415
2026-09-27,WP252026,59,2026-09-27 12:00:00,0 days 12:00:00,12,25.87,128.87,954.4,105.4,25.253733374341948,139.12106520464602,164.2964567560706,123.59166014488346,107.52335084417462,65.14118757682672,80.49280622357423,58.927036614106726,47.28282180342576,37.31588488265518,38.748395995072826,32.340222576548825,29.03126205355765
2026-09-27,WP252026,59,2026-09-27 18:00:00,0 days 18:00:00,18,26.25,129.53,962.2,89.2,30.867006702370052,159.48280881997545,185.87615839103609,118.54713358742102,104.61282167541336,85.651108706612,93.7709578782077,64.88631918769076,48.77395663549302,46.28147379601342,46.799164144893616,38.3973512838133,37.38677155079368
2026-09-27,WP252026,59,2026-09-28 00:00:00,1 days 00:00:00,24,26.74,130.63,959.9,88.4,20.901632542375296,122.35002686629788,168.77785494216414,118.08913024213048,79.98728160294797,62.88426387068404,79.39479445669718,55.60993386509497,42.87608300319965,42.57161637463042,42.09534533733566,34.01864605270407,32.346833077764984
2026-09-27,WP252026,59,2026-09-28 06:00:00,1 days 06:00:00,30,27.2,131.85,979.4,70.3,25.2693990767368,130.15471537044124,162.30556986964393,143.5399193147049,85.59646536444066,89.76725449377372,111.52571313593792,92.82656418601736,64.11452098449297,26.271508599088083,33.17732699100844,28.70933914158815,19.37478095138057
2026-09-27,WP252026,59,2026-09-28 12:00:00,1 days 12:00:00,36,27.77,132.72,974.1,75.3,27.8214613317792,120.581310279456,154.91859784122065,101.20013688182075,83.31075772013214,66.97911988832955,68.9340580121731,49.42444396531481,44.67286348334016,38.35446743715566,35.33285487025907,30.33129449769506,27.925712097052667
2026-09-27,WP252026,59,2026-09-28 18:00:00,1 days 18:00:00,42,28.05,133.42,988.6,58.8,52.4527468252611,146.44309193032836,172.9790310362161,153.4448912989876,127.2541560950404,90.81075541318997,91.41828544026166,70.15190302314204,68.3390755408328,0.0,0.0,0.0,0.0
2026-09-27,WP252026,59,2026-09-29 00:00:00,2 days 00:00:00,48,28.55,134.14,992.3,52.1,39.56038062757028,172.66955160141245,167.13782812463143,116.88267720335458,138.73561715040984,62.12593486268477,52.95348473436583,41.44538608355075,44.81614158514771,0.0,0.0,0.0,0.0
2026-09-27,WP252026,59,2026-09-29 06:00:00,2 days 06:00:00,54,28.9,135.06,989.7,47.7,49.321351849269725,138.30288951089528,179.36664880175073,137.7820100220561,114.56138466472704,0.0,0.0,0.0,0.0,0.0,0.0,0.0,0.0
2026-09-27,WP252026,59,2026-09-29 12:00:00,2 days 12:00:00,60,29.44,136.13,990.8,52.8,48.90121109976654,131.6617355170081,185.6388091290456,134.5655257752623,114.25544234489335,76.55145336031066,81.21348796825488,58.36623119243961,53.4942609056887,0.0,0.0,0.0,0.0
2026-09-27,WP252026,59,2026-09-29 18:00:00,2 days 18:00:00,66,29.93,137.28,992.1,46.9,79.69677072501422,177.3018579189389,200.4013313013513,143.64117731080026,124.97341554319765,0.0,0.0,0.0,0.0,0.0,0.0,0.0,0.0
2026-09-27,WP252026,59,2026-09-30 00:00:00,3 days 00:00:00,72,30.37,138.48,989.4,45.8,92.27863444859588,124.34585756547658,138.44167670335156,73.4382043324261,99.53188544597464,0.0,0.0,0.0,0.0,0.0,0.0,0.0,0.0
2026-09-27,WP252026,59,2026-09-30 06:00:00,3 days 06:00:00,78,30.97,139.82,991.1,46.7,111.87198078867344,206.08333326665823,250.0337228124688,190.62704858132065,161.31160368563118,0.0,0.0,0.0,0.0,0.0,0.0,0.0,0.0
2026-09-27,WP252026,59,2026-09-30 12:00:00,3 days 12:00:00,84,31.66,141.17,990.9,44.0,96.40510014161984,106.03963532857468,122.77951517228976,99.60711932722766,79.84362622906674,0.0,0.0,0.0,0.0,0.0,0.0,0.0,0.0
2026-09-27,WP252026,59,2026-09-30 18:00:00,3 days 18:00:00,90,32.56,141.84,992.4,39.4,152.6157927117847,119.14074375539803,152.6157927117847,103.8260649380934,82.6593821085039,0.0,0.0,0.0,0.0,0.0,0.0,0.0,0.0
2026-09-27,WP252026,59,2026-10-01 00:00:00,4 days 00:00:00,96,33.59,142.6,995.0,33.5,84.16843374711311,0.0,0.0,0.0,0.0,0.0,0.0,0.0,0.0,0.0,0.0,0.0,0.0
2026-09-27,WP252026,59,2026-10-01 06:00:00,4 days 06:00:00,102,34.86,144.26,994.1,38.9,128.71517138314448,107.1117113455839,128.71517138314448,75.24429155549296,68.22745516962459,0.0,0.0,0.0,0.0,0.0,0.0,0.0,0.0
2026-09-27,WP252026,59,2026-10-01 12:00:00,4 days 12:00:00,108,36.99,146.49,997.6,33.3,59.40489194430802,0.0,0.0,0.0,0.0,0.0,0.0,0.0,0.0,0.0,0.0,0.0,0.0
2026-09-27,WP252026,59,2026-10-01 18:00:00,4 days 18:00:00,114,38.6,150.43,994.6,36.9,61.63894403180291,122.74930058916328,145.87175013886997,74.54052071083026,51.73647169020615,0.0,0.0,0.0,0.0,0.0,0.0,0.0,0.0
2026-09-27,WP252026,59,2026-10-02 00:00:00,5 days 00:00:00,120,42.25,155.39,990.9,31.9,83.3233367804522,0.0,0.0,0.0,0.0,0.0,0.0,0.0,0.0,0.0,0.0,0.0,0.0
2026-09-27,WP252026,59,2026-10-02 06:00:00,5 days 06:00:00,126,45.47,160.6,985.5,40.3,55.50903983132214,176.95679835597576,279.7704019137198,169.21011288615097,84.56330421555506,0.0,0.0,0.0,0.0,0.0,0.0,0.0,0.0
2026-09-27,AL062026,6,2026-09-27 00:00:00,0 days 00:00:00,0,29.8,-43.9,1010.0,29.0,56.0,0.0,0.0,0.0,0.0,0.0,0.0,0.0,0.0,0.0,0.0,0.0,0.0
2026-09-27,AL062026,6,2026-09-27 06:00:00,0 days 06:00:00,6,29.83,-43.91,1011.8,28.4,39.42654306695295,0.0,0.0,0.0,0.0,0.0,0.0,0.0,0.0,0.0,0.0,0.0,0.0
2026-09-27,EP152026,6,2026-09-27 00:00:00,0 days 00:00:00,0,16.7,-156.1,972.0,80.0,37.0,241.0,185.0,185.0,241.0,93.0,74.0,93.0,111.0,56.0,46.0,56.0,56.0
2026-09-27,EP152026,6,2026-09-27 06:00:00,0 days 06:00:00,6,16.63,-156.87,968.7,90.9,35.370432011832776,175.87903162701457,145.8956941116195,151.44837265565718,186.41180047891544,84.91513734622468,70.4493150344488,67.24908625671304,87.61023769805868,60.230576296218686,50.31852716352003,43.64943315601165,53.33383409683842
2026-09-27,EP152026,6,2026-09-27 12:00:00,0 days 12:00:00,12,16.79,-157.71,971.3,86.5,36.628801885787055,225.0210539522757,168.60470464826864,126.0622922591998,212.87095324179973,94.95407531797736,79.87163161861316,63.56296021408274,79.61811165372706,50.85901568654481,44.220827642344815,38.54195213616349,42.803689957989576
2026-09-27,EP152026,6,2026-09-27 18:00:00,0 days 18:00:00,18,16.43,-158.7,963.7,99.9,18.246569884186734,169.8521675265587,141.05612947526126,114.68380875845638,161.99308315683743,91.83341166512112,74.24781804853518,57.57350474548015,83.5586849006657,44.81200496519351,37.52944578433639,30.958449750239765,40.65362548870032
2026-09-27,EP152026,6,2026-09-28 00:00:00,1 days 00:00:00,24,16.61,-159.66,956.0,110.5,17.426443069938216,134.2618716502916,110.0620816844289,92.73850954916144,118.0328476718298,57.93102912690148,42.95676011924883,36.83798148831528,55.89065416634435,32.99494921212096,23.660724238809166,19.86425431478071,30.36564500002788
2026-09-27,EP152026,6,2026-09-28 06:00:00,1 days 06:00:00,30,16.58,-160.51,951.5,105.3,0.5898385139043008,164.60730122752318,160.78207123334528,104.7885065541298,147.14502407878146,65.33449079755346,43.72028789051838,37.97691001027417,58.156335791936215,40.71454961711443,33.61983788330535,27.90650391905026,36.49183191546247
2026-09-27,EP152026,6,2026-09-28 12:00:00,1 days 12:00:00,36,17.07,-161.45,960.4,100.7,23.785697256393465,207.26319695957736,149.7891582345379,96.58791214142629,167.53780836403504,101.28634193172545,62.35281425108421,42.910896624852725,84.70050143904908,57.92098092904349,42.70955273725692,33.07604617067686,49.40844907466018
2026-09-27,EP152026,6,2026-09-28 18:00:00,1 days 18:00:00,42,17.65,-161.78,964.2,96.1,11.14270698690802,179.60633710511007,142.14992286535,100.01903024369244,137.46587835259098,81.2882246531898,61.67922073984396,42.03127924275735,65.23047922441955,42.8121775977644,33.06616286656299,25.00811471878196,36.65697065616987
2026-09-27,EP152026,6,2026-09-29 00:00:00,2 days 00:00:00,48,18.78,-162.78,969.6,97.3,10.66186256040652,174.48590604299557,160.8255435465993,92.90862234979336,179.133063487571,77.69036505357138,57.62863591066929,36.496086154933465,60.2640383210458,49.99729759475733,39.25934610556988,28.39572077372057,39.82945767438713
2026-09-27,EP152026,6,2026-09-29 06:00:00,2 days 06:00:00,54,19.79,-163.06,967.7,97.0,18.85082104907345,158.07566744353886,108.7663093633636,111.06638643581584,152.4659515837742,101.81948020530815,84.48239707332604,63.46953651143652,88.19939743567616,59.32354922194763,52.53679029213539,40.23151408640205,50.79740375575479
2026-09-27,EP152026,6,2026-09-29 12:00:00,2 days 12:00:00,60,21.01,-163.32,966.5,96.7,20.491774022030995,171.34950872748982,176.04852737092028,78.68264900402937,137.87439895866328,93.69688747446024,83.93398470194381,58.14097739416218,78.03315892716398,56.39636745322724,48.128378009432765,36.201205120979125,44.10631888747548
2026-09-27,EP152026,6,2026-09-29 18:00:00,2 days 18:00:00,66,21.85,-163.4,977.7,79.4,11.55122499681562,166.44561790752448,135.99332453275997,65.61212927152698,139.3423763209246,86.92709328232377,63.42916735515445,42.57003522751805,71.82113117707172,38.46022478467847,33.08149295821738,23.824598359763822,31.64029400767808
2026-09-27,EP152026,6,2026-09-30 00:00:00,3 days 00:00:00,72,22.33,-163.63,981.9,62.8,47.652795855586895,185.87252838616303,129.50747121126707,69.52871211894974,158.2024193187878,103.15346300640395,74.92842313925202,51.89330782860492,78.47229496917065,0.0,0.0,0.0,0.0
2026-09-27,EP152026,6,2026-09-30 06:00:00,3 days 06:00:00,78,22.29,-163.6,988.3,57.0,55.32413615148821,180.9934537092085,157.48369719851493,136.89477923916388,189.9007390120105,103.55119290579064,92.7833555866604,70.10185928317179,88.53216738498892,0.0,0.0,0.0,0.0
2026-09-27,EP152026,6,2026-09-30 12:00:00,3 days 12:00:00,84,21.96,-163.4,987.9,49.1,89.78694669509719,230.6945032316452,238.78288824973765,224.6350105677324,245.0602804120836,0.0,0.0,0.0,0.0,0.0,0.0,0.0,0.0
2026-09-27,EP152026,6,2026-09-30 18:00:00,3 days 18:00:00,90,22.03,-163.34,992.9,50.4,59.85531267451086,195.743374899495,153.90406812211077,145.98252225008207,199.3763765732369,59.85531267451086,8.597777874544303,6.112439942584573,9.124405727490666,0.0,0.0,0.0,0.0
2026-09-27,EP152026,6,2026-10-01 00:00:00,4 days 00:00:00,96,21.87,-162.98,996.1,51.1,49.94012367086265,175.4787680677066,133.49284461247385,125.94666660549728,169.46999106925,51.860922246331086,42.34975789892911,31.626538183029997,42.46744464810629,0.0,0.0,0.0,0.0
2026-09-27,EP152026,6,2026-10-01 06:00:00,4 days 06:00:00,102,21.66,-162.87,991.0,52.1,73.11684963647707,191.81286987802247,166.45487406877174,157.45280060947846,170.7965039725795,73.11684963647707,34.34617079028194,24.92427753447759,29.952537476660225,0.0,0.0,0.0,0.0
2026-09-27,EP152026,6,2026-10-01 12:00:00,4 days 12:00:00,108,21.89,-163.18,990.4,44.8,57.64433091346272,241.85098412194415,209.62020385197675,165.6145470200434,211.28499336258835,0.0,0.0,0.0,0.0,0.0,0.0,0.0,0.0
2026-09-27,EP152026,6,2026-10-01 18:00:00,4 days 18:00:00,114,21.86,-163.52,988.1,47.9,50.74817683913569,184.4579041495748,155.20173404176904,130.6123727908446,160.9016255917964,0.0,0.0,0.0,0.0,0.0,0.0,0.0,0.0
2026-09-27,EP152026,6,2026-10-02 00:00:00,5 days 00:00:00,120,22.2,-163.86,996.0,48.6,91.072914934123,225.97571529950784,199.7784876971045,155.9206800582876,180.20560287984745,0.0,0.0,0.0,0.0,0.0,0.0,0.0,0.0
2026-09-27,EP152026,6,2026-10-02 06:00:00,5 days 06:00:00,126,22.62,-164.21,995.7,45.2,79.9276249939431,253.01192639006624,182.87718528419455,163.42763832537304,218.8307037330013,0.0,0.0,0.0,0.0,0.0,0.0,0.0,0.0
2026-09-27,EP152026,6,2026-10-02 12:00:00,5 days 12:00:00,132,23.01,-164.87,992.1,43.7,103.82608110648818,130.5672934664012,80.95610433152142,61.8640811542086,104.51610342580982,0.0,0.0,0.0,0.0,0.0,0.0,0.0,0.0
2026-09-27,EP152026,6,2026-10-02 18:00:00,5 days 18:00:00,138,22.9,-165.31,988.5,50.2,154.2738110977516,339.2816095092221,284.9629645633395,244.73485566470845,306.2864858265257,154.2738110977516,0.0,0.0,1.979500461763536,0.0,0.0,0.0,0.0
2026-09-27,EP152026,6,2026-10-03 00:00:00,6 days 00:00:00,144,23.18,-166.0,992.6,46.7,77.85043691517329,189.91240396247943,174.18360383389165,129.56177627099498,175.8681576798396,0.0,0.0,0.0,0.0,0.0,0.0,0.0,0.0
2026-09-27,EP152026,6,2026-10-03 06:00:00,6 days 06:00:00,150,22.84,-167.18,991.5,48.3,71.22887401351409,204.44798632439893,148.07187426482642,96.76818089183048,178.72123134383196,0.0,0.0,0.0,0.0,0.0,0.0,0.0,0.0
2026-09-27,EP152026,6,2026-10-03 12:00:00,6 days 12:00:00,156,22.57,-168.96,990.6,58.3,52.17652712324047,251.30857821127296,150.01551689875188,103.88416911677658,235.57803635785973,95.63143038875162,70.41199805782152,48.55850894583514,80.25020567683038,0.0,0.0,0.0,0.0
2026-09-27,EP152026,6,2026-10-03 18:00:00,6 days 18:00:00,162,22.08,-170.75,983.6,73.1,11.919578409544648,172.40129289274697,101.8456158591572,85.2070965130554,176.23586957727906,82.27363941819517,60.02759979315326,42.26137056593331,71.09474211759158,11.919578409544648,2.774742573001899,0.3260589742645718,6.681203226639311
2026-09-27,EP152026,6,2026-10-04 00:00:00,7 days 00:00:00,168,21.93,-172.87,968.4,82.8,21.761906908199467,200.1308258332504,160.4927624660307,98.23121225795934,164.59038304326407,84.02808772137163,57.436198101121626,36.14932284423144,57.373192299618566,21.761906908199467,14.323616680683504,10.315829397834388,17.58818082325267
2026-09-27,EP152026,6,2026-10-04 06:00:00,7 days 06:00:00,174,21.91,-174.77,977.0,75.2,25.916076532935502,226.97834555820333,155.52777156821065,122.8246340784406,200.2043943670749,98.10702706388832,72.80843737607675,49.25293103559012,88.86705678271119,53.469646430613096,41.993981716373256,32.0812107404764,45.29940754930201
2026-09-27,EP152026,6,2026-10-04 12:00:00,7 days 12:00:00,180,21.96,-176.49,979.9,80.7,22.06008276258864,175.37470478165594,131.26227245752855,89.9851524441037,175.49912631185182,94.40900814187084,62.01299438352471,43.27515607797494,74.98032920651316,35.71289913157654,19.062188533728943,15.786271329093209,30.040911454222456
2026-09-27,EP152026,6,2026-10-04 18:00:00,7 days 18:00:00,186,22.4,-178.49,975.2,78.6,24.929872934924788,269.6992803607718,178.84981682433863,135.7769130145316,260.6561026102281,108.7841798273439,64.11020951623505,47.14136218115891,88.6497408143623,39.80324072753865,27.22911771251529,21.035135234884365,33.59700681842514
2026-09-27,EP152026,6,2026-10-05 00:00:00,8 days 00:00:00,192,22.93,179.75,964.4,96.0,6.323754064731382,216.06664456455408,143.17535793215848,118.84306349302834,197.39551050422983,113.47750238105203,79.75078667852816,55.643028028815166,94.88567335561429,51.88487092084531,38.48941030907476,28.0596011210551,43.54143089929315
2026-09-27,EP152026,6,2026-10-05 06:00:00,8 days 06:00:00,198,23.63,178.2,954.9,104.6,18.39806740939144,260.325935582477,191.1457103430271,125.72572284890164,204.93464235694412,126.43956588776244,92.4848713952669,62.1622959745206,103.4868675129122,67.83758891523954,55.83351054387864,41.31703109495568,59.21898492196566
2026-09-27,EP152026,6,2026-10-05 12:00:00,8 days 12:00:00,204,24.33,176.58,965.6,90.6,8.649338505459095,246.48511994959665,218.73532478619464,163.07114939847412,199.4920434683511,116.36044986631366,94.56579680628948,63.07978349666643,92.69896770279402,61.18249327343955,49.65842213400169,36.67949179863163,51.90803078944683
2026-09-27,EP152026,6,2026-10-05 18:00:00,8 days 18:00:00,210,24.72,174.84,968.2,92.0,26.590466456172976,295.6929715612946,225.1524063843076,186.6842155905981,251.33121476624456,131.9267543714309,103.01543160715312,73.6363253615732,111.39183185853904,68.08152480761521,55.76332676657324,43.108293859419575,59.18719913588768
2026-09-27,EP152026,6,2026-10-06 00:00:00,9 days 00:00:00,216,24.86,173.57,970.0,85.0,6.974517341208113,221.14284574866767,143.07700745502538,152.82520112673143,190.75640499568183,112.77761684547043,84.05393045995038,63.7327620568831,101.3055191729559,66.13002809332127,56.119242770364245,41.5727834286905,59.024512663183074
2026-09-27,EP152026,6,2026-10-06 06:00:00,9 days 06:00:00,222,24.86,172.09,946.4,109.5,25.70534194909472,205.58348775056032,139.0601970892862,150.76449194418078,222.64034689515196,128.86083514983255,100.363388092327,78.46592202675888,118.34708718893606,76.47230837010855,60.70365090230257,48.18621205583092,69.39117232835058
2026-09-27,EP152026,6,2026-10-06 12:00:00,9 days 12:00:00,228,24.99,170.57,955.8,103.3,0.0,241.0910320894984,193.9840574385767,145.38278152597962,179.26697581226503,139.71009960387522,103.552025654429,69.9325364957589,111.1890783742264,66.49819771085191,51.597934651409616,40.2009363786414,58.889051074889394
2026-09-27,EP152026,6,2026-10-06 18:00:00,9 days 18:00:00,234,25.16,168.66,966.0,96.1,33.05407868789593,266.2924322408501,199.41601549143328,149.84136986408345,221.4662622989964,135.0611768673649,104.04558501901786,70.92609930402543,108.89221620515764,71.2426405127108,59.98648729067702,46.46121613847362,60.95384232922324
2026-09-27,EP152026,6,2026-10-07 00:00:00,10 days 00:00:00,240,25.46,166.43,961.0,97.8,30.036414236526397,266.5983028212401,195.57015791077305,154.69763292332175,244.23925924359855,142.2512577669636,101.29688705719258,71.08475932885352,118.0213431964965,78.23406340854068,60.89633881832612,47.19951845122591,66.15670524263045
2026-09-27,EP152026,6,2026-10-07 06:00:00,10 days 06:00:00,246,26.09,164.41,966.8,96.7,23.224578722559308,272.82445233018234,234.894749577527,140.259430968999,203.32683891390943,144.57809833590122,109.488600801653,75.12426460857358,112.64601221946508,71.44557613233326,57.64167936123519,44.74936424444368,60.08493959322728
2026-09-27,EP152026,6,2026-10-07 12:00:00,10 days 12:00:00,252,26.77,162.53,973.6,86.0,22.616657217163265,258.9742350888946,220.0856227735967,118.32517977217184,188.02191450119608,126.944536439868,100.07156890849956,61.76975587202082,102.02051404123269,71.92501153988042,58.42721118380314,45.89922792726202,60.30317188361323
2026-09-27,EP152026,6,2026-10-07 18:00:00,10 days 18:00:00,258,27.8,161.05,970.1,84.8,34.59212767887898,294.2138765583325,246.9858848023433,129.26780642379418,202.92435543213816,148.36351014611063,110.82874688872715,68.6603804136254,118.00946057232694,82.05136680485522,66.03446750990864,48.622637157504094,68.14024258452122
2026-09-27,EP152026,6,2026-10-08 00:00:00,11 days 00:00:00,264,29.38,159.64,978.7,79.3,13.202445774395374,277.4128292201559,216.3153736432206,156.60492240119356,227.6294829897548,135.4030987344477,107.26212623491762,73.35578331132723,108.56822193386373,77.57508881680363,65.68808118856182,50.332595144282685,64.5414453686511
2026-09-27,EP152026,6,2026-10-08 06:00:00,11 days 06:00:00,270,31.15,158.97,975.4,78.8,27.074819389270036,245.83619284640224,206.5468604903856,137.30893757721896,185.7818703671701,118.8872921605572,100.76565830697734,66.2371385601889,88.82035864583452,67.04119750656241,59.91354235835453,44.289770162126985,54.35784780822127
2026-09-27,EP152026,6,2026-10-08 12:00:00,11 days 12:00:00,276,33.0,159.19,979.8,68.6,54.48804256368621,198.77298475537293,200.48763870323663,167.88164354359702,142.50814065624644,114.32122986059449,111.7463515594882,76.51725353651074,81.22320773030654,62.03090697797313,57.45364631707282,44.17164883592548,49.336819063738645
2026-09-27,EP152026,6,2026-10-08 18:00:00,11 days 18:00:00,282,35.07,160.2,985.4,59.0,2.384040817331225,200.39462064223343,248.80770205818573,129.06006062041303,112.35967469868208,125.90993147010386,120.1910732374391,72.60241094541101,77.98211977416597,0.0,0.0,0.0,0.0
2026-09-27,EP152026,6,2026-10-09 00:00:00,12 days 00:00:00,288,37.44,162.0,983.5,53.8,67.48823295054558,156.0358441098973,228.78423770687647,147.03677140971467,74.0709930351598,130.14692313955675,138.46795525329895,87.73501456651707,74.0709930351598,0.0,0.0,0.0,0.0
2026-09-27,EP152026,6,2026-10-09 06:00:00,12 days 06:00:00,294,39.66,164.14,987.3,48.7,54.3258461653093,178.79083684536425,225.48320043986945,158.1886607090088,83.67152585514481,0.0,0.0,0.0,0.0,0.0,0.0,0.0,0.0
2026-09-27,EP152026,6,2026-10-09 12:00:00,12 days 12:00:00,300,42.26,166.7,980.9,46.5,78.41264705052576,273.9591883414976,354.5559265545876,287.4786849072029,164.7630127217643,0.0,0.0,0.0,0.0,0.0,0.0,0.0,0.0
2026-09-27,EP152026,6,2026-10-09 18:00:00,12 days 18:00:00,306,45.47,166.11,977.0,54.0,133.95406591264324,142.48263584744006,264.19864956795016,169.2105310972031,103.36493265944335,4.171479616969139,133.95406591264324,0.0,0.0,0.0,0.0,0.0,0.0
2026-09-27,EP162026,6,2026-09-27 00:00:00,0 days 00:00:00,0,20.8,-123.6,975.0,76.0,28.0,167.0,167.0,148.0,185.0,93.0,74.0,74.0,93.0,65.0,46.0,37.0,56.0
2026-09-27,EP162026,6,2026-09-27 06:00:00,0 days 06:00:00,6,21.26,-123.29,992.4,55.7,38.52797008498169,132.77007137626754,163.78317665381903,118.31399108710292,130.1502215225446,38.52797008498169,28.64397756509841,11.1184899864379,22.353923753207116,0.0,0.0,0.0,0.0
2026-09-27,EP162026,6,2026-09-27 12:00:00,0 days 12:00:00,12,22.02,-123.12,998.4,44.7,44.78013738390922,124.04236435416578,116.29678307432292,62.600448350292666,91.39098946233428,0.0,0.0,0.0,0.0,0.0,0.0,0.0,0.0
2026-09-27,EP162026,6,2026-09-27 18:00:00,0 days 18:00:00,18,22.34,-123.14,1000.3,41.6,98.5790061644024,16.12889352055494,98.5790061644024,17.0706954501954,15.491104404436824,0.0,0.0,0.0,0.0,0.0,0.0,0.0,0.0
2026-09-27,EP162026,6,2026-09-28 00:00:00,1 days 00:00:00,24,22.49,-122.7,1000.6,33.3,103.73947612706178,0.0,0.0,0.0,0.0,0.0,0.0,0.0,0.0,0.0,0.0,0.0,0.0
2026-09-27,EP162026,6,2026-09-28 06:00:00,1 days 06:00:00,30,22.43,-122.86,1002.5,30.1,30.47494801327181,0.0,0.0,0.0,0.0,0.0,0.0,0.0,0.0,0.0,0.0,0.0,0.0
2026-09-27,EP162026,6,2026-09-28 12:00:00,1 days 12:00:00,36,22.4,-122.68,1004.8,23.9,91.45171741945492,0.0,0.0,0.0,0.0,0.0,0.0,0.0,0.0,0.0,0.0,0.0,0.0
2026-09-27,EP162026,6,2026-09-28 18:00:00,1 days 18:00:00,42,21.91,-122.48,1003.4,30.3,87.11191121982947,0.0,0.0,0.0,0.0,0.0,0.0,0.0,0.0,0.0,0.0,0.0,0.0
2026-09-27,EP162026,6,2026-09-29 00:00:00,2 days 00:00:00,48,21.4,-122.49,1002.0,26.5,90.6647027210426,0.0,0.0,0.0,0.0,0.0,0.0,0.0,0.0,0.0,0.0,0.0,0.0
2026-09-27,EP162026,6,2026-09-29 06:00:00,2 days 06:00:00,54,20.83,-122.39,1004.3,27.0,113.90028163700003,0.0,0.0,0.0,0.0,0.0,0.0,0.0,0.0,0.0,0.0,0.0,0.0
2026-09-27,EP162026,6,2026-09-29 12:00:00,2 days 12:00:00,60,20.38,-122.65,1003.8,24.9,72.26768678438384,0.0,0.0,0.0,0.0,0.0,0.0,0.0,0.0,0.0,0.0,0.0,0.0
2026-09-27,EP162026,6,2026-09-29 18:00:00,2 days 18:00:00,66,19.87,-122.77,1007.8,26.2,126.94885654280073,0.0,0.0,0.0,0.0,0.0,0.0,0.0,0.0,0.0,0.0,0.0,0.0
2026-09-27,EP162026,6,2026-09-30 00:00:00,3 days 00:00:00,72,19.7,-123.55,1007.4,16.8,116.52716139494274,0.0,0.0,0.0,0.0,0.0,0.0,0.0,0.0,0.0,0.0,0.0,0.0
2026-09-27,EP172026,6,2026-09-27 00:00:00,0 days 00:00:00,0,19.0,-112.9,946.0,111.0,28.0,259.0,185.0,167.0,185.0,111.0,111.0,93.0,93.0,65.0,65.0,46.0,56.0
2026-09-27,EP172026,6,2026-09-27 06:00:00,0 days 06:00:00,6,19.62,-113.36,941.7,120.3,24.36500261038485,235.95506750602885,248.9563727715453,179.1905182973362,181.60259336514355,122.63816959213756,109.6161316199827,81.9101664249159,97.52504789649656,62.613901954694896,52.818070165346455,42.17787088648932,52.515146680823335
2026-09-27,EP172026,6,2026-09-27 12:00:00,0 days 12:00:00,12,20.58,-113.81,950.9,109.9,25.599416432293918,194.7330152707948,191.614365121914,171.9478478711779,146.1048767548083,111.699067835937,101.85128397132384,80.13638661041867,89.43379322657569,64.36588732108801,56.66894892424467,45.09431894195484,53.10866767628618
2026-09-27,EP172026,6,2026-09-27 18:00:00,0 days 18:00:00,18,21.38,-114.17,943.5,116.9,2.548993249589412,219.46628248118049,211.92224183841475,149.4632622132194,162.77401389187327,74.75436450210138,61.59311684736919,40.13583624602119,51.89593991446168,44.19502423333064,36.94821688032526,28.467994434516346,35.949710068486795
2026-09-27,EP172026,6,2026-09-28 00:00:00,1 days 00:00:00,24,22.38,-114.39,950.8,109.1,14.05985693675863,203.3882944651536,220.06413660634828,107.47143937343392,121.84225262779464,67.61871427787875,58.82777232880305,32.58801506346642,36.56065388890952,25.879783042606014,23.65582869514387,17.314426358922173,20.73786823304676
2026-09-27,EP172026,6,2026-09-28 06:00:00,1 days 06:00:00,30,23.16,-114.12,951.9,109.2,20.378595615836858,160.02784481403887,194.8427856576833,146.00585001057107,106.3867844629197,63.451474626590944,73.51222501993333,56.345277241974266,48.92407415787447,38.97864659973623,38.276302886293614,31.279718798731874,30.54909904188508
2026-09-27,EP172026,6,2026-09-28 12:00:00,1 days 12:00:00,36,24.11,-113.96,963.9,97.9,27.059941131178967,173.9826192953132,214.23932955404135,162.53371037999108,142.93112542783237,118.2964223751597,125.38120295004038,98.48093569042912,88.23755090339633,76.08535721153791,77.15372834492553,61.47845864666993,63.512528121368064
2026-09-27,EP172026,6,2026-09-28 18:00:00,1 days 18:00:00,42,24.78,-113.36,972.8,80.7,15.412568205712724,161.1351526937676,150.1405519981032,153.859131189185,152.1521003115605,90.69761807072904,99.0133704405965,76.5809346190517,72.50883909366755,56.90060839262642,58.38128364716967,47.43266750849091,46.72621885972232
2026-09-27,EP172026,6,2026-09-29 00:00:00,2 days 00:00:00,48,25.45,-112.55,961.9,90.8,32.047545872225825,199.4761963991745,219.30312541829403,151.0101474064706,149.0173055241103,97.8242450042003,95.641828531634,62.31620115593718,70.92543012676379,50.711297453018645,48.20040394279124,36.88886232587369,42.158925969243
2026-09-27,EP172026,6,2026-09-29 06:00:00,2 days 06:00:00,54,26.18,-111.55,976.6,77.2,30.87946046152991,173.8691673594215,193.25066681483983,145.6809760013663,140.66741953921638,86.55786592497564,108.1313949055868,87.40673958511564,59.65511424915265,53.845878680889726,57.80044225818009,46.37113805096543,45.69735970358182
2026-09-27,EP172026,6,2026-09-29 12:00:00,2 days 12:00:00,60,27.71,-110.82,980.1,58.7,15.980356463490068,182.26046603528448,192.1961450844035,71.781391486806,118.71608721231767,65.36752645170719,61.45165010986239,29.934577738961707,38.11034586605575,0.0,0.0,0.0,0.0
2026-09-27,EP172026,6,2026-09-29 18:00:00,2 days 18:00:00,66,30.1,-109.48,995.0,38.5,30.641935879980597,44.94544572624624,64.0796728249261,41.37262293777581,19.589485290986204,0.0,0.0,0.0,0.0,0.0,0.0,0.0,0.0
2026-09-27,EP902026,6,2026-09-27 00:00:00,0 days 00:00:00,0,12.0,-98.6,1008.0,25.0,111.0,0.0,0.0,0.0,0.0,0.0,0.0,0.0,0.0,0.0,0.0,0.0,0.0
2026-09-27,EP902026,6,2026-09-27 06:00:00,0 days 06:00:00,6,11.67,-98.39,1003.8,25.2,65.52088277276688,0.0,0.0,0.0,0.0,0.0,0.0,0.0,0.0,0.0,0.0,0.0,0.0
2026-09-27,EP902026,6,2026-09-27 12:00:00,0 days 12:00:00,12,12.0,-98.5,1004.4,34.4,102.12027071916084,102.12027071916084,18.78150209923257,0.0,25.48354230992397,0.0,0.0,0.0,0.0,0.0,0.0,0.0,0.0
2026-09-27,EP902026,6,2026-09-27 18:00:00,0 days 18:00:00,18,12.04,-98.68,1001.1,40.5,73.12458761170411,73.12458761170411,44.5371749962644,19.90219494433732,23.1616806172853,0.0,0.0,0.0,0.0,0.0,0.0,0.0,0.0
2026-09-27,EP902026,6,2026-09-28 00:00:00,1 days 00:00:00,24,12.22,-99.27,999.3,50.9,76.06420043893894,144.86468558833397,140.64977487676487,83.99768636108504,105.34143095678024,76.06420043893894,11.40216476522562,3.517171665768503,5.482497485702988,0.0,0.0,0.0,0.0
2026-09-27,EP902026,6,2026-09-28 06:00:00,1 days 06:00:00,30,12.45,-99.8,991.6,54.4,22.380320409654967,101.88406357315812,94.33600195573736,69.69283098942601,107.0992756192909,22.380320409654967,0.0,0.0,0.0,0.0,0.0,0.0,0.0
2026-09-27,EP902026,6,2026-09-28 12:00:00,1 days 12:00:00,36,12.72,-100.6,992.8,57.5,49.816337558218,111.3092908361458,101.67123485479487,60.64339627053755,82.30491125281105,50.22619622076765,44.85273794328094,29.653396241488693,36.16770538129919,0.0,0.0,0.0,0.0
2026-09-27,EP902026,6,2026-09-28 18:00:00,1 days 18:00:00,42,13.3,-101.66,992.8,53.6,94.91032556496152,158.4623721510716,120.31457688861956,64.58526191766,114.42885624752668,94.91032556496152,9.38811729739249,5.464086347364426,8.481278359187435,0.0,0.0,0.0,0.0
2026-09-27,EP902026,6,2026-09-29 00:00:00,2 days 00:00:00,48,13.49,-102.52,996.3,52.0,83.91975621428082,266.7665323021752,273.3287390545047,187.99362597604704,203.9318056412112,83.91975621428082,42.76803662271732,24.674761090693124,34.13230166486113,0.0,0.0,0.0,0.0
2026-09-27,EP902026,6,2026-09-29 06:00:00,2 days 06:00:00,54,14.16,-103.33,996.0,50.0,57.62487161567994,233.0256291984991,215.38716361311097,148.2508427835582,178.74784296066602,0.0,0.0,0.0,0.0,0.0,0.0,0.0,0.0
2026-09-27,EP902026,6,2026-09-29 12:00:00,2 days 12:00:00,60,14.56,-104.48,992.0,55.9,66.00699867114645,233.8125494255686,214.5671005844349,138.62853890333926,175.06857699385034,66.00699867114645,41.14075165341393,24.837478163450537,34.461691203532524,0.0,0.0,0.0,0.0
2026-09-27,EP902026,6,2026-09-29 18:00:00,2 days 18:00:00,66,15.09,-104.97,991.1,57.7,56.90322272672892,216.27627483533328,208.29531696573025,135.9313706377951,156.1189663154375,58.14362792571434,50.82088168670408,29.199994372773123,37.67869671111334,0.0,0.0,0.0,0.0
2026-09-27,EP902026,6,2026-09-30 00:00:00,3 days 00:00:00,72,15.47,-105.74,991.6,56.0,46.91317971109673,233.3597001907989,225.57106061343,158.3810207295188,207.83182091141745,127.5047243093902,112.1889687550119,83.65661908733912,108.88979706536053,0.0,0.0,0.0,0.0
2026-09-27,EP902026,6,2026-09-30 06:00:00,3 days 06:00:00,78,15.88,-106.51,985.9,58.6,69.30831194446284,272.3381506476103,235.40325964281053,218.57890415385464,268.892240951213,157.3773672301948,136.72654077428086,100.96363432448382,128.6312188073608,0.0,0.0,0.0,0.0
2026-09-27,EP902026,6,2026-09-30 12:00:00,3 days 12:00:00,84,16.22,-107.17,982.5,65.7,29.273871083016303,186.08762038904035,192.8420660276371,190.6503044036056,166.23781829346808,106.35479926750986,93.89020953846932,74.2183102976756,85.5031842353103,29.273871083016303,18.93417800970917,14.0079885209051,19.175152885969677
2026-09-27,EP902026,6,2026-09-30 18:00:00,3 days 18:00:00,90,16.15,-108.02,974.9,73.7,37.766976570024326,203.68671919949497,181.20005519449435,167.55427524986135,197.47367014709695,100.11580683683816,79.13045649686,66.19112315987218,83.63614152307434,37.766976570024326,27.86177500828313,22.91991461403856,28.850347547786043
2026-09-27,EP902026,6,2026-10-01 00:00:00,4 days 00:00:00,96,16.43,-108.84,975.5,79.6,42.94509428658898,164.8067300855764,165.89462789734253,130.49625656346038,149.17775525823734,72.90644274969438,64.7089780300714,50.68794025991214,59.93158216247328,42.94509428658898,24.53429713920125,18.87217043298993,24.258964198578383
2026-09-27,EP902026,6,2026-10-01 06:00:00,4 days 06:00:00,102,16.48,-109.4,974.2,81.2,39.53188996576234,207.0758982847981,200.92141615506944,181.57690074728748,190.8954187261589,79.1154733271248,72.74767977654568,64.19389693805266,71.6527645043985,53.75893570054924,48.66943671475173,41.75022671269224,46.50691346278328
2026-09-27,EP902026,6,2026-10-01 12:00:00,4 days 12:00:00,108,16.27,-109.74,976.1,81.3,32.185431309236535,152.09378894842376,156.44988605083842,161.43000647307252,153.27396270340603,82.58620973209736,71.97331558639621,62.09225167966743,74.74077543069987,52.03473641994477,45.61354681737059,38.40283690004138,45.81435225416848
2026-09-27,EP902026,6,2026-10-01 18:00:00,4 days 18:00:00,114,16.61,-109.99,982.9,72.5,33.35474535388039,166.28549333999035,178.03176169639664,172.46971956968264,166.30277285695774,77.39013533774232,70.1700299539616,63.25074400130188,70.28944275448794,40.63144243351735,36.43139544581391,31.384172444147,34.23857415606426
2026-09-27,EP902026,6,2026-10-02 00:00:00,5 days 00:00:00,120,16.78,-110.38,975.9,72.0,25.566199918937947,146.85071306716603,156.06325892702353,115.0617065796126,132.5459488974996,58.563625540839766,46.36188805975681,36.3917898034624,45.022829684082126,25.566199918937947,6.34691788541953,4.598849613707394,6.174436548495978
2026-09-27,EP902026,6,2026-10-02 06:00:00,5 days 06:00:00,126,17.01,-110.3,984.2,66.6,33.63951386251598,125.47253052434591,156.04518885135832,139.1186227352851,120.13715892855537,61.73738478031405,65.30454477278221,54.38007900579613,55.41792118880866,33.63951386251598,26.12102350372972,20.784379831553775,22.957804698920512
2026-09-27,EP902026,6,2026-10-02 12:00:00,5 days 12:00:00,132,17.04,-110.56,983.9,67.2,24.2215962944695,135.7049025236662,171.1085322627083,142.99181805817318,153.79272701376206,74.9739295502527,72.00131226604778,62.20950742611467,67.03446587238366,32.28307267948357,29.53286843980073,25.116000381512364,28.394874480177997
2026-09-27,EP902026,6,2026-10-02 18:00:00,5 days 18:00:00,138,17.32,-110.45,984.9,61.6,45.816125381812085,128.6709473393822,166.17188926874684,127.05431153375022,124.20299813479896,60.33080136480116,56.960289861869285,38.33093546253582,44.24908252015212,0.0,0.0,0.0,0.0
2026-09-27,EP902026,6,2026-10-03 00:00:00,6 days 00:00:00,144,17.8,-110.31,983.4,60.4,52.03378903690096,167.5526504178491,204.56133178516836,156.34431649199234,140.0597103456444,89.25492737431348,83.06014384763803,58.248244814582605,62.63493502634527,0.0,0.0,0.0,0.0
2026-09-27,EP902026,6,2026-10-03 06:00:00,6 days 06:00:00,150,17.96,-110.41,979.4,67.7,52.46783141429752,183.2729031233235,226.5224228065644,172.69633067676213,140.54716724259237,86.4897087169542,86.94353686863141,67.71200390411182,69.23011745714061,52.46783141429752,41.11066683564325,33.92980867307315,37.78060056323869
2026-09-27,EP902026,6,2026-10-03 12:00:00,6 days 12:00:00,156,18.47,-109.73,984.0,62.6,35.313498989744026,151.41112079130082,190.63496885734716,154.30447708145107,158.25995950899446,72.10086909432607,73.36890133932326,59.121785311965525,54.94509688392455,0.0,0.0,0.0,0.0
2026-09-27,EP902026,6,2026-10-03 18:00:00,6 days 18:00:00,162,19.04,-109.07,983.1,63.0,44.33724597163929,219.36162858957792,267.70560600260507,190.3006970350227,168.34883690456255,130.43283188484455,133.23758260149373,92.94399856647364,97.14822185962991,0.0,0.0,0.0,0.0
2026-09-27,EP902026,6,2026-10-04 00:00:00,7 days 00:00:00,168,19.97,-109.26,977.2,63.0,33.07053471479716,181.9798944654804,239.11314542976777,148.88484608277778,100.1944197721848,94.36018009666138,90.76036328464748,54.14298798679553,64.06123118503369,0.0,0.0,0.0,0.0
2026-09-27,EP902026,6,2026-10-04 06:00:00,7 days 06:00:00,174,20.62,-109.12,977.1,69.8,56.25415592096648,224.04856344548645,253.50552471478196,200.91956589610697,185.5971684791432,111.86209459257384,114.1145200497826,85.01503517379342,85.78930179964776,56.25415592096648,35.06410984158617,28.85307868650183,29.822928843739355
2026-09-27,EP902026,6,2026-10-04 12:00:00,7 days 12:00:00,180,21.11,-108.75,974.8,75.2,34.68952093619902,236.07995401307252,259.2480594976977,173.29594921799173,181.16463513399864,118.87008287233978,107.92325693259684,77.89471770682461,86.79870235246337,55.66621493295548,52.86926869041536,41.75055354119917,44.87631555953246
2026-09-27,EP902026,6,2026-10-04 18:00:00,7 days 18:00:00,186,21.92,-108.64,971.8,75.7,19.778507655418977,316.4848536876996,343.5032552009743,223.1475949501995,258.7043976628353,143.03014075990762,133.79477483985957,92.84086601787942,115.4347173618914,54.95343381375429,46.484127292521,35.22344681787335,40.6433611745648
2026-09-27,EP902026,6,2026-10-05 00:00:00,8 days 00:00:00,192,22.52,-109.05,961.0,85.8,16.00153070134995,288.71956956643095,269.1850485323707,193.55942064183148,230.80820140561792,132.6910187012954,115.01896896527876,86.15224808238166,103.02900451402454,85.19953582023213,77.38270094410385,60.17836650957702,69.62303459917949
2026-09-27,EP902026,6,2026-10-05 06:00:00,8 days 06:00:00,198,22.92,-109.19,958.0,85.3,22.770717448029156,293.1067652743491,305.5948268483604,215.95844371800007,252.82150848545348,171.0316411711376,150.56397284966258,106.99023551437278,136.9544040187206,103.79185197484168,92.98228496946652,73.82552231419122,86.07051095326528
2026-09-27,EP902026,6,2026-10-05 12:00:00,8 days 12:00:00,204,23.87,-109.97,970.4,87.8,23.80514085357683,303.9263652977385,273.0650538637424,206.57206424613952,215.12053568232287,112.13363075180668,107.85817232146908,98.46006146584072,92.88516244361507,62.607186930359966,63.613379313429206,54.65963420902263,54.87707493935642
2026-09-27,EP902026,6,2026-10-05 18:00:00,8 days 18:00:00,210,24.14,-110.52,976.5,69.9,33.11852845690007,236.3518265913749,205.7150246574977,191.47872487001564,207.0822986605212,135.18891816005458,109.73749520200607,89.32239501700113,117.36451056320632,68.34776564990503,56.88280609645487,44.84843232160309,57.19559565098567
2026-09-27,EP902026,6,2026-10-06 00:00:00,9 days 00:00:00,216,24.89,-111.06,984.4,53.7,50.84978324094598,326.21942887827936,282.47082800161843,184.46343329710635,253.4135469861544,144.54331818974686,116.04085033246388,87.97526804735924,113.79907646105278,0.0,0.0,0.0,0.0
2026-09-27,EP902026,6,2026-10-06 06:00:00,9 days 06:00:00,222,25.32,-111.6,984.9,58.8,29.292767600212517,324.3833824344456,221.04527558119727,175.2664155880401,260.41676181704577,185.70193460881453,141.132612692454,106.18490200462192,149.38571719605545,0.0,0.0,0.0,0.0
2026-09-27,EP902026,6,2026-10-06 12:00:00,9 days 12:00:00,228,25.76,-112.49,992.2,50.1,51.25137104966755,348.1801752632029,300.1419704430417,260.70344918042724,307.2640426057347,51.25137104966755,0.0,0.0,2.2579348442242164,0.0,0.0,0.0,0.0
2026-09-27,EP902026,6,2026-10-06 18:00:00,9 days 18:00:00,234,26.43,-112.98,992.4,45.0,73.71459667145194,143.3972151723824,133.9052151953897,109.27349571628304,116.00696195875764,0.0,0.0,0.0,0.0,0.0,0.0,0.0,0.0
2026-09-27,EP902026,6,2026-10-07 00:00:00,10 days 00:00:00,240,26.54,-114.29,995.9,40.6,95.4843893274974,191.2628747351856,142.67481944629054,92.1557619659319,152.0781240371573,0.0,0.0,0.0,0.0,0.0,0.0,0.0,0.0
2026-09-27,EP902026,6,2026-10-07 06:00:00,10 days 06:00:00,246,26.13,-115.16,1002.1,33.1,113.36875649990644,0.0,0.0,0.0,0.0,0.0,0.0,0.0,0.0,0.0,0.0,0.0,0.0
2026-09-27,EP902026,6,2026-10-07 12:00:00,10 days 12:00:00,252,26.13,-115.97,999.6,36.7,115.8525398264739,115.8525398264739,0.0,0.0,0.0,0.0,0.0,0.0,0.0,0.0,0.0,0.0,0.0
2026-09-27,EP902026,6,2026-10-07 18:00:00,10 days 18:00:00,258,25.74,-117.0,1003.4,28.7,110.44048163529884,0.0,0.0,0.0,0.0,0.0,0.0,0.0,0.0,0.0,0.0,0.0,0.0
2026-09-27,EP902026,6,2026-10-08 00:00:00,11 days 00:00:00,264,25.43,-118.03,1004.2,25.7,91.42049270293674,0.0,0.0,0.0,0.0,0.0,0.0,0.0,0.0,0.0,0.0,0.0,0.0
2026-09-27,EP902026,6,2026-10-08 06:00:00,11 days 06:00:00,270,24.64,-119.54,1006.0,22.7,79.90814622491627,0.0,0.0,0.0,0.0,0.0,0.0,0.0,0.0,0.0,0.0,0.0,0.0
2026-09-27,EP902026,6,2026-10-08 12:00:00,11 days 12:00:00,276,24.97,-120.86,1010.0,25.3,124.67246723841949,0.0,0.0,0.0,0.0,0.0,0.0,0.0,0.0,0.0,0.0,0.0,0.0
2026-09-27,EP902026,6,2026-10-08 18:00:00,11 days 18:00:00,282,24.49,-122.2,1008.5,20.3,102.75413880306324,0.0,0.0,0.0,0.0,0.0,0.0,0.0,0.0,0.0,0.0,0.0,0.0
2026-09-27,EP902026,6,2026-10-09 00:00:00,12 days 00:00:00,288,24.43,-123.33,1008.5,18.6,100.91988059828572,0.0,0.0,0.0,0.0,0.0,0.0,0.0,0.0,0.0,0.0,0.0,0.0
2026-09-27,EP902026,6,2026-10-09 06:00:00,12 days 06:00:00,294,24.46,-124.37,1011.0,17.9,101.31046972975376,0.0,0.0,0.0,0.0,0.0,0.0,0.0,0.0,0.0,0.0,0.0,0.0
2026-09-27,EP902026,6,2026-10-09 12:00:00,12 days 12:00:00,300,24.24,-125.1,1009.1,22.7,172.01724980210068,0.0,0.0,0.0,0.0,0.0,0.0,0.0,0.0,0.0,0.0,0.0,0.0
2026-09-27,EP902026,6,2026-10-09 18:00:00,12 days 18:00:00,306,24.16,-125.99,1008.9,17.7,142.56013598242268,0.0,0.0,0.0,0.0,0.0,0.0,0.0,0.0,0.0,0.0,0.0,0.0
2026-09-27,WP252026,6,2026-09-27 00:00:00,0 days 00:00:00,0,24.6,127.6,964.0,89.0,22.0,102.0,121.0,102.0,93.0,,,,,,,,
2026-09-27,WP252026,6,2026-09-27 06:00:00,0 days 06:00:00,6,25.41,128.2,944.3,114.6,23.98054556522092,183.83206886819465,226.55835933915927,155.37513567208117,149.3053717913794,68.46877860362036,79.57879808594883,57.84984472949306,46.92075704598032,51.61723727346916,50.581815367941545,43.14853006650733,42.1507984905373
2026-09-27,WP252026,6,2026-09-27 12:00:00,0 days 12:00:00,12,26.14,129.12,937.4,114.6,20.01147141773065,137.29302293569256,195.99690354269137,145.66969698383804,109.83061103019014,68.48860304068057,84.23040159534412,66.29616946631123,56.24488021813662,43.3579115018683,43.77989095390318,38.1154055496057,36.56035426213889
2026-09-27,WP252026,6,2026-09-27 18:00:00,0 days 18:00:00,18,26.76,130.0,961.0,95.5,39.70426384289443,100.52985867418428,159.5772762989444,112.41147825516704,81.28321604901681,67.64495297392048,84.20779984235556,58.63135533751269,49.62555521020104,37.76147459088487,39.70426384289443,29.606988324239488,29.454221541461266
2026-09-27,WP252026,6,2026-09-28 00:00:00,1 days 00:00:00,24,27.35,131.17,971.2,80.5,36.59276568850713,124.96386574751448,168.56145942758346,116.75233876883306,90.90450400905584,69.66602880042578,80.44783604202784,57.003189459014656,52.90778243490712,36.59276568850713,27.0263547224374,18.709552714431297,20.758174921025663
2026-09-27,WP252026,6,2026-09-28 06:00:00,1 days 06:00:00,30,28.02,132.07,976.1,74.9,8.583784858239666,146.80374212093133,206.4821175683345,140.46359317475094,102.72412820599928,63.10647564367335,81.33031075894276,63.37953339209172,52.7270897366182,29.55081007915444,33.24196973522608,29.14912461676708,23.87233916620586
2026-09-27,WP252026,6,2026-09-28 12:00:00,1 days 12:00:00,36,28.32,133.33,980.6,62.5,29.70181144124074,88.29019373975015,135.499984831681,104.35697060170337,75.40769062687542,48.71437822995361,58.07563629470191,43.85289070393706,36.583463803221335,0.0,0.0,0.0,0.0
2026-09-27,WP252026,6,2026-09-28 18:00:00,1 days 18:00:00,42,28.6,133.94,991.6,48.4,50.48617849519606,126.85878239178524,161.9175558281146,128.1571336008144,103.56581343509518,0.0,0.0,0.0,0.0,0.0,0.0,0.0,0.0
2026-09-27,WP252026,6,2026-09-29 00:00:00,2 days 00:00:00,48,29.64,135.13,995.7,44.4,47.754434987768434,154.9834105099199,172.72806224642494,124.07470593485834,105.94648611099008,0.0,0.0,0.0,0.0,0.0,0.0,0.0,0.0
2026-09-27,WP252026,6,2026-09-29 06:00:00,2 days 06:00:00,54,30.39,136.39,995.8,42.8,101.67462958957094,138.6475991575785,165.97765619107304,111.0657110790662,106.28353117479172,0.0,0.0,0.0,0.0,0.0,0.0,0.0,0.0
2026-09-27,WP252026,6,2026-09-29 12:00:00,2 days 12:00:00,60,31.0,138.07,1000.1,35.4,91.8834283183699,57.93810062857423,91.8834283183699,29.00683474990605,24.708915293590707,0.0,0.0,0.0,0.0,0.0,0.0,0.0,0.0
2026-09-27,WP252026,6,2026-09-29 18:00:00,2 days 18:00:00,66,32.07,139.66,999.7,30.8,65.3214469277801,0.0,0.0,0.0,0.0,0.0,0.0,0.0,0.0,0.0,0.0,0.0,0.0
2026-09-27,WP252026,6,2026-09-30 00:00:00,3 days 00:00:00,72,32.66,141.25,1001.5,36.8,84.6608137209857,84.6608137209857,45.82985042885127,0.0,36.62326573887401,0.0,0.0,0.0,0.0,0.0,0.0,0.0,0.0
2026-09-27,WP252026,6,2026-09-30 06:00:00,3 days 06:00:00,78,33.45,143.26,995.4,36.6,194.15424108765345,114.567181096461,194.15424108765345,116.98302560863056,96.3356972546198,0.0,0.0,0.0,0.0,0.0,0.0,0.0,0.0
2026-09-27,WP252026,6,2026-09-30 12:00:00,3 days 12:00:00,84,33.77,145.07,1000.7,36.9,119.09200060104456,128.38029260294988,142.3009066528943,90.37407088841866,99.67131938158028,0.0,0.0,0.0,0.0,0.0,0.0,0.0,0.0
2026-09-27,WP252026,6,2026-09-30 18:00:00,3 days 18:00:00,90,34.95,146.57,998.9,29.5,114.23623281349865,0.0,0.0,0.0,0.0,0.0,0.0,0.0,0.0,0.0,0.0,0.0,0.0
2026-09-27,WP252026,6,2026-10-01 00:00:00,4 days 00:00:00,96,35.7,148.81,1005.4,30.0,74.87029689373932,0.0,0.0,0.0,0.0,0.0,0.0,0.0,0.0,0.0,0.0,0.0,0.0
2026-09-27,WP252026,6,2026-10-01 06:00:00,4 days 06:00:00,102,37.0,149.95,1003.9,29.2,77.57537005262964,0.0,0.0,0.0,0.0,0.0,0.0,0.0,0.0,0.0,0.0,0.0,0.0
2026-09-27,WP252026,6,2026-10-01 12:00:00,4 days 12:00:00,108,38.86,152.38,1001.3,28.0,140.20603207245205,0.0,0.0,0.0,0.0,0.0,0.0,0.0,0.0,0.0,0.0,0.0,0.0
2026-09-27,WP252026,6,2026-10-01 18:00:00,4 days 18:00:00,114,40.94,155.44,1003.7,31.3,167.57084839719028,0.0,0.0,0.0,0.0,0.0,0.0,0.0,0.0,0.0,0.0,0.0,0.0
2026-09-27,WP252026,6,2026-10-02 00:00:00,5 days 00:00:00,120,42.36,159.0,997.5,40.0,100.19000494730932,45.684036891933545,100.19000494730932,46.246633465752126,0.0,0.0,0.0,0.0,0.0,0.0,0.0,0.0,0.0
2026-09-27,AL062026,60,2026-09-27 00:00:00,0 days 00:00:00,0,29.8,-43.9,1010.0,29.0,56.0,0.0,0.0,0.0,0.0,0.0,0.0,0.0,0.0,0.0,0.0,0.0,0.0
2026-09-27,AL062026,60,2026-09-27 06:00:00,0 days 06:00:00,6,29.56,-44.12,1014.6,25.8,105.37171399453663,0.0,0.0,0.0,0.0,0.0,0.0,0.0,0.0,0.0,0.0,0.0,0.0
2026-09-27,AL062026,60,2026-09-27 12:00:00,0 days 12:00:00,12,29.46,-44.09,1007.0,30.4,90.217304305617,0.0,0.0,0.0,0.0,0.0,0.0,0.0,0.0,0.0,0.0,0.0,0.0
2026-09-27,AL062026,60,2026-09-27 18:00:00,0 days 18:00:00,18,28.63,-44.12,1011.7,24.6,44.40608678812245,0.0,0.0,0.0,0.0,0.0,0.0,0.0,0.0,0.0,0.0,0.0,0.0
2026-09-27,AL062026,60,2026-09-28 00:00:00,1 days 00:00:00,24,28.7,-44.0,1009.9,23.9,112.90115362240452,0.0,0.0,0.0,0.0,0.0,0.0,0.0,0.0,0.0,0.0,0.0,0.0
2026-09-27,EP152026,60,2026-09-27 00:00:00,0 days 00:00:00,0,16.7,-156.1,972.0,80.0,37.0,241.0,185.0,185.0,241.0,93.0,74.0,93.0,111.0,56.0,46.0,56.0,56.0
2026-09-27,EP152026,60,2026-09-27 06:00:00,0 days 06:00:00,6,16.39,-156.9,973.9,86.3,26.352268727866036,143.06514051029012,127.85495766444978,165.1004503945469,158.94350255583936,87.3185505996446,81.44996310762076,96.39599952140304,97.19812389595052,76.77470639111459,74.2088281731775,70.02998987387946,70.83041208222312
2026-09-27,EP152026,60,2026-09-27 12:00:00,0 days 12:00:00,12,16.23,-157.71,963.4,96.0,27.188916717034232,175.73670709274825,155.78915296238995,140.19993017989805,201.670181419031,95.1005241652731,75.07493879063429,73.62108447378165,95.17553091249384,64.31548287896578,52.27094524086755,47.13444394975426,56.5752012953094
2026-09-27,EP152026,60,2026-09-27 18:00:00,0 days 18:00:00,18,16.0,-158.5,955.2,106.5,32.82086881519648,193.34888654481745,117.10796620415496,121.67354048478342,180.50077590045657,76.93481989204848,50.95797418346467,42.54951577839465,76.21189136523756,56.97429660393082,44.41867402589702,35.44488404304553,51.28082678988267
2026-09-27,EP152026,60,2026-09-28 00:00:00,1 days 00:00:00,24,16.41,-159.63,958.3,103.6,33.55074474192709,207.67949571404245,175.70546571986165,138.3630627873172,186.26164353366897,109.92852730277016,86.30871074014728,73.40405066225281,99.5677225261268,61.35391678212052,49.742740898527785,40.22943455486388,54.04967751465365
2026-09-27,EP152026,60,2026-09-28 06:00:00,1 days 06:00:00,30,16.64,-161.01,945.2,115.4,4.44645326651829,198.2372270433525,159.83241089906494,130.82110683812317,197.12447471944483,103.62241564120347,80.7041833367108,73.99215876055598,93.16325099727356,56.95006226303576,48.091793689892114,39.91010028268201,51.38218797802136
2026-09-27,EP152026,60,2026-09-28 12:00:00,1 days 12:00:00,36,16.99,-161.91,942.7,121.3,14.9793699576403,185.99955591946625,157.72186511146782,113.75211661719166,166.54602072402844,100.21400805320366,77.58696200591876,61.94785828978206,92.04837999334528,57.62231299142323,45.617810568152,33.763369233585195,48.42543911315883
2026-09-27,EP152026,60,2026-09-28 18:00:00,1 days 18:00:00,42,17.66,-162.68,946.3,113.6,15.579136275400373,209.1012035529451,174.4219047449002,131.25854001944788,172.76617764692617,105.38543422964624,81.8838617971256,60.34683367450185,87.5962160995553,59.102892569595966,47.29136471153744,33.34731444521919,49.25239288686086
2026-09-27,EP152026,60,2026-09-29 00:00:00,2 days 00:00:00,48,18.41,-163.16,956.4,105.2,36.07271287781949,227.94603944704977,173.0185134375177,106.38455498522448,177.9659502743268,119.57242734947062,91.43288421182795,59.28350330003202,96.74385995475828,65.46994706606995,54.2327124593239,37.52794905598301,54.91973149621731
2026-09-27,EP152026,60,2026-09-29 06:00:00,2 days 06:00:00,54,19.57,-163.71,954.3,98.1,20.90574053905921,221.16365446013856,198.638204220216,121.73339920033176,162.94307465701343,100.9900117486435,84.55881309640705,53.55138673809125,82.38529978281574,58.985384229690894,48.61673860388032,35.084869053922205,47.722560517799536
2026-09-27,EP152026,60,2026-09-29 12:00:00,2 days 12:00:00,60,20.51,-163.81,964.6,90.1,54.0327117816027,207.24181329013493,174.54118747241216,119.10747894029991,146.93696096058974,109.5811864419927,93.8274333548482,62.614360200214506,87.6218805725236,55.84204226699032,46.86615247152631,32.105148383216765,44.670959843507006
2026-09-27,EP152026,60,2026-09-29 18:00:00,2 days 18:00:00,66,21.46,-163.94,980.8,75.4,28.521115347993497,215.2134129227653,183.4111347815135,157.5029308278042,211.47248466719785,97.10471582978144,91.78665384248598,74.73870955139125,93.68723863404652,57.04404319566338,50.98687508444735,43.41902412467644,49.3961693193966
2026-09-27,EP152026,60,2026-09-30 00:00:00,3 days 00:00:00,72,22.15,-164.1,983.0,72.1,39.47515611253339,268.8368918530347,213.17101973432,172.37760234230348,269.72271495343733,149.01213368972697,120.84373184964794,97.69059962261704,137.0432623791173,111.7930660593993,98.693325093843,82.82319464590852,98.7980110511154
2026-09-27,EP152026,60,2026-09-30 06:00:00,3 days 06:00:00,78,22.95,-164.16,975.1,64.7,37.60622513895285,219.3224670656531,184.00393718047783,163.98382776129077,187.27633029390813,85.65726756696185,86.14562792586,85.44864371240092,83.19200596554424,37.60622513895285,35.18267649450996,32.542947584309864,33.43878078952511
2026-09-27,EP152026,60,2026-09-30 12:00:00,3 days 12:00:00,84,22.97,-164.11,989.3,63.9,31.402483609891867,230.28192524418068,160.40056953519755,168.5079014239322,229.0784503343885,92.00907526370298,72.30257932004073,62.050532758382566,85.15114303085431,0.0,0.0,0.0,0.0
2026-09-27,EP152026,60,2026-09-30 18:00:00,3 days 18:00:00,90,22.89,-164.56,991.6,52.8,72.91698797773478,245.54632459276309,176.79367928852275,149.27368481816757,234.79941273590703,72.91698797773478,39.07060946990913,32.495707299587764,44.09348568215046,0.0,0.0,0.0,0.0
2026-09-27,EP152026,60,2026-10-01 00:00:00,4 days 00:00:00,96,23.23,-165.4,992.2,52.3,88.09014716433012,291.6258330019191,166.50180846441071,127.90473414422011,273.0719130085781,16.100487170730048,3.237723965163241,5.844407769403915,88.09014716433012,0.0,0.0,0.0,0.0
2026-09-27,EP152026,60,2026-10-01 06:00:00,4 days 06:00:00,102,23.13,-166.59,991.7,46.5,74.4629769942123,368.9142467680296,222.659117955381,180.92075317721827,311.9897767356209,0.0,0.0,0.0,0.0,0.0,0.0,0.0,0.0
2026-09-27,EP152026,60,2026-10-01 12:00:00,4 days 12:00:00,108,22.99,-167.72,989.5,51.0,63.8314408121598,294.3081153242065,215.54836799598357,179.27545174465104,259.7572966313983,133.68766980089515,109.85715568882809,95.10167454886964,121.14673552467092,0.0,0.0,0.0,0.0
2026-09-27,EP152026,60,2026-10-01 18:00:00,4 days 18:00:00,114,22.9,-168.46,991.0,50.1,95.58403369208358,274.07620408151246,203.9388651670641,174.71055460366907,252.7243389128376,95.58403369208358,15.763888040604437,8.31038132745027,20.822795161259865,0.0,0.0,0.0,0.0
2026-09-27,EP152026,60,2026-10-02 00:00:00,5 days 00:00:00,120,23.1,-169.06,990.8,52.5,77.499389897837,203.5185682437965,168.86456361490633,128.73597279534505,177.96712273446838,77.499389897837,4.867984790254697,0.2860067241947739,5.547933933935537,0.0,0.0,0.0,0.0
2026-09-27,EP152026,60,2026-10-02 06:00:00,5 days 06:00:00,126,23.18,-169.4,990.7,49.9,52.99210949675131,191.62652997185432,130.13360636532502,101.84611278333227,182.10176217270828,0.0,0.0,0.0,0.0,0.0,0.0,0.0,0.0
2026-09-27,EP152026,60,2026-10-02 12:00:00,5 days 12:00:00,132,23.48,-169.82,992.9,52.4,67.99952767093947,278.1411920790071,162.34839179137066,142.39781215341344,272.72662612142346,67.99952767093947,19.661916379944664,14.05949484765553,31.925141481452748,0.0,0.0,0.0,0.0
2026-09-27,EP152026,60,2026-10-02 18:00:00,5 days 18:00:00,138,23.89,-171.22,988.1,49.6,80.57673139377198,282.5665181989653,221.07560356012343,175.4127987718093,239.5733285871854,0.0,0.0,0.0,0.0,0.0,0.0,0.0,0.0
2026-09-27,EP152026,60,2026-10-03 00:00:00,6 days 00:00:00,144,23.87,-172.47,987.1,54.6,38.78956625916635,228.6685217917402,118.98106479460876,97.82754134533116,227.3445379776749,68.54200896595194,42.132868148157286,22.827013380905328,55.81270237765057,0.0,0.0,0.0,0.0
2026-09-27,EP152026,60,2026-10-03 06:00:00,6 days 06:00:00,150,23.96,-174.23,987.6,60.1,22.36181607440725,223.85446355030464,124.09239715898757,92.71221218535102,214.37512908024547,108.34947046110663,73.98915824270946,48.17059363874119,88.27406750352917,0.0,0.0,0.0,0.0
2026-09-27,EP152026,60,2026-10-03 12:00:00,6 days 12:00:00,156,24.2,-176.02,972.3,76.0,7.707432417949558,225.72256594184864,158.9672322239929,100.37664906374415,192.2932656388664,105.1369131878267,79.19290532633585,52.95857196320743,88.66583741780741,48.02205996432211,37.04802444338736,28.09338300339314,42.50241550151944
2026-09-27,EP152026,60,2026-10-03 18:00:00,6 days 18:00:00,162,24.56,-177.82,967.5,81.7,11.595558803714994,258.46891887738275,152.3405239386866,112.99148918295214,234.23209644957024,109.48654989942406,87.35727512298308,64.79020789067317,94.64439788579602,60.01255581557098,50.581202955239405,36.455751732410135,50.30411129116419
2026-09-27,EP152026,60,2026-10-04 00:00:00,7 days 00:00:00,168,25.09,-179.63,961.5,99.0,27.251450243463115,249.49057702444597,204.9360058106452,180.89521929998733,227.4551938937972,120.10633096834972,106.9181330645975,88.16217871850395,107.88231947978734,77.12598105156903,70.26979928558933,54.6282905832593,66.51872838408387
2026-09-27,EP152026,60,2026-10-04 06:00:00,7 days 06:00:00,174,25.99,178.76,954.3,102.3,20.898673384812625,290.78758672455854,225.6135138810529,188.94542458047025,246.0645027257446,143.62124112205674,121.61454258249016,96.26173075267972,124.75372101153717,78.33334960217856,67.8606757786257,50.234525555270665,66.43837687140419
2026-09-27,EP152026,60,2026-10-04 12:00:00,7 days 12:00:00,180,26.81,177.4,957.5,103.5,35.77807811908972,233.49277339241655,224.51227373447867,168.13186657986523,213.8778056565851,137.96386758840214,115.1926289890851,92.88884494835771,121.08400239542236,77.05545823974632,68.03865364598617,52.06250210248582,67.54582250786795
2026-09-27,EP152026,60,2026-10-04 18:00:00,7 days 18:00:00,186,27.66,176.22,955.9,96.1,31.515049537560166,249.98981345051791,229.2056650014725,170.89136525453023,216.7683083216845,128.90636337303485,117.77917992192988,97.49600741697992,113.44770454130231,69.99047783236817,64.49465446509552,46.89275239973538,58.00726842122113
2026-09-27,EP152026,60,2026-10-05 00:00:00,8 days 00:00:00,192,28.75,175.71,960.4,91.0,54.89578160562383,267.40008129164084,231.06470160780327,182.16733495240453,236.2983413859056,150.98841617918896,129.77414249924178,90.06250380558859,125.01898414506675,82.19756586255875,73.37624343795852,54.41037077951609,69.36849602470005
2026-09-27,EP152026,60,2026-10-05 06:00:00,8 days 06:00:00,198,29.47,174.96,965.4,84.9,33.06757352996493,261.1443817079779,230.99315088911,172.77896350652338,229.4555899618029,129.4796232408414,109.6641491325756,80.10687537871165,109.43585172137766,71.21648576424991,61.98410624087676,47.9516231675712,59.80749296623324
2026-09-27,EP152026,60,2026-10-05 12:00:00,8 days 12:00:00,204,29.8,174.65,972.2,77.8,37.75368355981669,269.8947283226331,231.53942426429404,164.75739326156145,249.635215893328,148.03830662025166,119.76921399093428,88.76951196320496,125.1202038435687,86.3100376094433,74.63453611814998,59.381387916854734,72.5460347031806
2026-09-27,EP152026,60,2026-10-05 18:00:00,8 days 18:00:00,210,29.99,174.39,971.8,74.6,59.59563992360168,198.76481088110336,155.4041138021712,214.6325739635888,204.77674954453343,115.10815279960023,113.66498572424632,110.9456867432491,117.8940520755168,60.901345615031005,58.87359501583538,50.95286216636694,53.32692391960819
2026-09-27,EP152026,60,2026-10-06 00:00:00,9 days 00:00:00,216,29.97,174.35,972.5,71.8,48.81228132696367,226.69718294299537,187.45285668147395,183.8139178944581,236.76233921360887,113.44962726401828,105.40625239765616,89.90698774548106,109.84549806527151,63.77243330049388,60.87149563254487,48.24188370865014,54.24590309152909
2026-09-27,EP152026,60,2026-10-06 06:00:00,9 days 06:00:00,222,29.61,173.79,986.1,63.4,27.52243513478341,218.73083335233028,183.608205447872,191.67239129893628,251.9479355409024,140.07138907665114,112.82267006132008,93.75901157727658,123.38717817976024,0.0,0.0,0.0,0.0
2026-09-27,EP152026,60,2026-10-06 12:00:00,9 days 12:00:00,228,29.38,173.9,988.0,57.8,55.39938099926056,258.64583568017,214.10435741060303,196.55160457121497,268.0596003545511,113.97231443095497,94.6275166690698,69.96309509611106,96.48414845726644,0.0,0.0,0.0,0.0
2026-09-27,EP152026,60,2026-10-06 18:00:00,9 days 18:00:00,234,29.29,173.31,989.1,68.2,63.29837685735987,191.21408337681623,135.84528020988773,159.4176699115637,247.26984066231265,115.93473871573453,83.63358437749116,64.13507814482068,104.0985184513264,63.29837685735987,8.988850454458436,5.167810117083647,11.890123060449284
2026-09-27,EP152026,60,2026-10-07 00:00:00,10 days 00:00:00,240,28.82,171.8,985.8,72.3,29.770344634323305,256.2157620310669,162.08547983832335,134.29083123152245,243.63936005246072,123.71031660953106,87.9753341014007,60.92798924448045,101.78268817692935,29.770344634323305,18.2462569023741,11.043577672163195,20.493253569345
2026-09-27,EP152026,60,2026-10-07 06:00:00,10 days 06:00:00,246,28.11,170.04,991.0,57.7,21.677987731640336,166.87598736302238,120.0340090987648,88.39880531290568,159.79556241133238,67.79743450643952,51.01278606831704,39.64801008127925,54.74765073994678,0.0,0.0,0.0,0.0
2026-09-27,EP152026,60,2026-10-07 12:00:00,10 days 12:00:00,252,27.65,167.65,995.6,48.6,40.9998255029841,230.30481228351317,147.14995577691133,126.6040373583063,229.09096833393411,0.0,0.0,0.0,0.0,0.0,0.0,0.0,0.0
2026-09-27,EP152026,60,2026-10-07 18:00:00,10 days 18:00:00,258,27.09,165.65,997.7,44.3,42.28403689874142,101.88509684494552,56.29588023863947,17.70130508231127,90.8633628703569,0.0,0.0,0.0,0.0,0.0,0.0,0.0,0.0
2026-09-27,EP152026,60,2026-10-08 00:00:00,11 days 00:00:00,264,27.75,162.95,1004.2,35.0,60.05505347156861,60.05505347156861,0.4227830721587189,15.45653483440342,43.61918730932011,0.0,0.0,0.0,0.0,0.0,0.0,0.0,0.0
2026-09-27,EP152026,60,2026-10-08 06:00:00,11 days 06:00:00,270,28.46,160.1,1004.2,32.9,99.45159456366252,0.0,0.0,0.0,0.0,0.0,0.0,0.0,0.0,0.0,0.0,0.0,0.0
2026-09-27,EP152026,60,2026-10-08 12:00:00,11 days 12:00:00,276,29.82,157.62,1008.1,26.8,120.57821454546752,0.0,0.0,0.0,0.0,0.0,0.0,0.0,0.0,0.0,0.0,0.0,0.0
2026-09-27,EP162026,60,2026-09-27 00:00:00,0 days 00:00:00,0,20.8,-123.6,975.0,76.0,28.0,167.0,167.0,148.0,185.0,93.0,74.0,74.0,93.0,65.0,46.0,37.0,56.0
2026-09-27,EP162026,60,2026-09-27 06:00:00,0 days 06:00:00,6,21.55,-123.63,988.3,58.9,59.22157172026769,231.89140738268736,184.9447225751489,148.19910564517124,181.3932345230116,21.193569455242347,15.570585493339683,10.967359432426216,59.22157172026769,0.0,0.0,0.0,0.0
2026-09-27,EP162026,60,2026-09-27 12:00:00,0 days 12:00:00,12,21.97,-123.37,997.0,47.8,89.92579078029394,157.5033767339554,134.6289723415713,99.98470763456444,121.94998620059684,0.0,0.0,0.0,0.0,0.0,0.0,0.0,0.0
2026-09-27,EP162026,60,2026-09-27 18:00:00,0 days 18:00:00,18,22.42,-123.58,1002.3,36.8,66.86010827409581,66.86010827409581,24.4449441406654,23.58902880592683,28.593501536798613,0.0,0.0,0.0,0.0,0.0,0.0,0.0,0.0
2026-09-27,EP162026,60,2026-09-28 00:00:00,1 days 00:00:00,24,22.83,-123.61,1001.0,32.5,50.33908958679527,0.0,0.0,0.0,0.0,0.0,0.0,0.0,0.0,0.0,0.0,0.0,0.0
2026-09-27,EP162026,60,2026-09-28 06:00:00,1 days 06:00:00,30,22.96,-123.39,1002.5,30.5,70.88170926560139,0.0,0.0,0.0,0.0,0.0,0.0,0.0,0.0,0.0,0.0,0.0,0.0
2026-09-27,EP162026,60,2026-09-28 12:00:00,1 days 12:00:00,36,23.05,-123.48,1003.6,23.7,74.15969150787092,0.0,0.0,0.0,0.0,0.0,0.0,0.0,0.0,0.0,0.0,0.0,0.0
2026-09-27,EP162026,60,2026-09-28 18:00:00,1 days 18:00:00,42,22.46,-123.57,1002.4,25.3,151.64083459771427,0.0,0.0,0.0,0.0,0.0,0.0,0.0,0.0,0.0,0.0,0.0,0.0
2026-09-27,EP162026,60,2026-09-29 00:00:00,2 days 00:00:00,48,22.07,-123.68,1004.4,28.6,99.62065972663169,0.0,0.0,0.0,0.0,0.0,0.0,0.0,0.0,0.0,0.0,0.0,0.0
2026-09-27,EP162026,60,2026-09-29 06:00:00,2 days 06:00:00,54,21.34,-123.68,1007.3,23.3,91.0032340792833,0.0,0.0,0.0,0.0,0.0,0.0,0.0,0.0,0.0,0.0,0.0,0.0
2026-09-27,EP162026,60,2026-09-29 12:00:00,2 days 12:00:00,60,20.73,-124.16,1006.1,19.1,96.34858236156606,0.0,0.0,0.0,0.0,0.0,0.0,0.0,0.0,0.0,0.0,0.0,0.0
2026-09-27,EP162026,60,2026-09-29 18:00:00,2 days 18:00:00,66,20.44,-124.32,1006.2,20.6,64.1403382098154,0.0,0.0,0.0,0.0,0.0,0.0,0.0,0.0,0.0,0.0,0.0,0.0
2026-09-27,EP172026,60,2026-09-27 00:00:00,0 days 00:00:00,0,19.0,-112.9,946.0,111.0,28.0,259.0,185.0,167.0,185.0,111.0,111.0,93.0,93.0,65.0,65.0,46.0,56.0
2026-09-27,EP172026,60,2026-09-27 06:00:00,0 days 06:00:00,6,19.94,-113.34,946.4,117.7,15.845068686450515,159.54052967700574,198.09361269840684,135.70630178704008,111.9263709830139,78.18584163343644,79.71179768912589,58.53385806133919,65.18858376306,58.27202257113238,52.53359390707374,40.80199539923056,47.4003370405421
2026-09-27,EP172026,60,2026-09-27 12:00:00,0 days 12:00:00,12,20.82,-113.71,945.7,121.8,18.032862567941685,187.89620298863167,193.4529862851981,141.53244247774495,138.00007136660216,89.14199628910782,99.51581811204834,83.61824840697292,79.56346472071364,58.99260379632842,51.67017551330943,41.40579588350367,48.69528264745742
2026-09-27,EP172026,60,2026-09-27 18:00:00,0 days 18:00:00,18,21.77,-114.1,953.2,106.8,5.447462528084202,157.285825681583,155.88274187611933,113.68940905292573,114.30237772973965,74.84792348134192,79.84760124657248,54.94011851586234,60.22026895097076,52.65168356525831,47.74573242203266,34.17566013864118,40.20391395003048
2026-09-27,EP172026,60,2026-09-28 00:00:00,1 days 00:00:00,24,22.73,-114.11,951.7,110.9,36.45631841973756,162.85099538365307,159.3467633720245,108.65130116270154,105.46422000272833,77.91018594959917,84.31389408270854,55.03044470954672,62.35956322341292,53.3642746625348,49.93626418559859,39.14335885649336,44.29562681819948
2026-09-27,EP172026,60,2026-09-28 06:00:00,1 days 06:00:00,30,23.64,-113.85,955.7,100.9,34.30872226056766,135.21071309380068,155.72830852812314,121.74863793656738,90.23712986255364,62.71149565836673,70.26775939167342,57.24122461435928,52.56137078892411,46.16925465907895,43.40505089825882,34.262200207883026,38.2730357994854
2026-09-27,EP172026,60,2026-09-28 12:00:00,1 days 12:00:00,36,24.48,-113.71,963.5,89.3,41.07101977535068,153.99557438814878,167.22643278533397,135.04314523958286,142.9000914919475,96.251971471112,103.7792864137798,82.08138991657619,77.75984228843123,66.69812792109066,64.21704218623546,50.73017024589274,53.001647827554976
2026-09-27,EP172026,60,2026-09-28 18:00:00,1 days 18:00:00,42,25.15,-113.25,970.6,87.2,38.86802734527402,175.73152946285643,159.18125837748588,101.33930997860163,131.7148018799069,76.97284383561316,79.60499548483344,57.06085843957694,64.77488766916892,43.10191701893343,41.416452969671205,33.409126922703166,34.57050698076046
2026-09-27,EP172026,60,2026-09-29 00:00:00,2 days 00:00:00,48,25.56,-112.62,973.1,75.0,36.234559961633344,120.61285671203352,130.06375369379444,106.30521234047636,80.35714239343181,59.30133670271301,72.92069957024961,61.39764597929622,47.78313565907519,50.85826873010629,50.77579102202656,41.75645202524567,42.05215403127068
2026-09-27,EP172026,60,2026-09-29 06:00:00,2 days 06:00:00,54,26.61,-111.48,987.2,56.1,0.0,131.6421276695817,150.04994739553393,122.515268933347,112.97619250910262,43.35188666923203,45.79367056951943,32.04899746807173,33.349405992881984,0.0,0.0,0.0,0.0
2026-09-27,EP172026,60,2026-09-29 12:00:00,2 days 12:00:00,60,28.22,-110.57,984.7,50.2,30.02462783092125,80.33529986605235,88.63116842630222,28.48739789637649,38.31140002129069,22.14270901493451,30.02462783092125,4.332754185051761,7.395299450540626,0.0,0.0,0.0,0.0
2026-09-27,EP902026,60,2026-09-27 00:00:00,0 days 00:00:00,0,12.0,-98.6,1008.0,25.0,111.0,0.0,0.0,0.0,0.0,0.0,0.0,0.0,0.0,0.0,0.0,0.0,0.0
2026-09-27,EP902026,60,2026-09-27 06:00:00,0 days 06:00:00,6,12.13,-98.67,1005.3,27.2,112.6767968518001,0.0,0.0,0.0,0.0,0.0,0.0,0.0,0.0,0.0,0.0,0.0,0.0
2026-09-27,EP902026,60,2026-09-27 12:00:00,0 days 12:00:00,12,12.1,-98.55,1004.4,35.6,93.74618662648504,7.718304694971689,93.74618662648504,0.0,0.0,0.0,0.0,0.0,0.0,0.0,0.0,0.0,0.0
2026-09-27,EP902026,60,2026-09-27 18:00:00,0 days 18:00:00,18,12.29,-98.95,1002.3,41.3,62.32897427940201,144.25527895775284,146.90882161345056,85.33436843368843,113.95470853915612,0.0,0.0,0.0,0.0,0.0,0.0,0.0,0.0
2026-09-27,EP902026,60,2026-09-28 00:00:00,1 days 00:00:00,24,12.68,-99.43,1001.5,40.1,125.000091099962,114.51177812156988,130.21407410219797,86.01204550008933,80.19094135337639,0.0,0.0,0.0,0.0,0.0,0.0,0.0,0.0
2026-09-27,EP902026,60,2026-09-28 06:00:00,1 days 06:00:00,30,13.09,-99.98,998.9,44.7,137.05236436240534,81.51779299789399,137.05236436240534,46.42540190469505,43.29342732687582,0.0,0.0,0.0,0.0,0.0,0.0,0.0,0.0
2026-09-27,EP902026,60,2026-09-28 12:00:00,1 days 12:00:00,36,13.32,-100.93,994.1,52.3,82.48047088750647,170.13761342424328,156.587360786791,86.90498064410325,132.44588283866057,82.48047088750647,2.7023728237474858,0.1184048645429971,2.5090507722660043,0.0,0.0,0.0,0.0
2026-09-27,EP902026,60,2026-09-28 18:00:00,1 days 18:00:00,42,13.87,-102.29,995.6,48.6,45.77913316789292,175.49223498101048,156.50955103198504,101.80373471150824,160.87160319068943,0.0,0.0,0.0,0.0,0.0,0.0,0.0,0.0
2026-09-27,EP902026,60,2026-09-29 00:00:00,2 days 00:00:00,48,14.14,-103.32,997.5,48.0,85.81860879310187,286.9177983958683,242.3880708230751,170.75817939953663,237.24230362913687,0.0,0.0,0.0,0.0,0.0,0.0,0.0,0.0
2026-09-27,EP902026,60,2026-09-29 06:00:00,2 days 06:00:00,54,14.4,-104.43,991.7,54.7,66.75926893333167,185.6182792480156,181.80704389905463,148.33821772588885,167.93350337538504,66.75926893333167,37.31325208150111,25.03393956333653,29.956598987813265,0.0,0.0,0.0,0.0
2026-09-27,EP902026,60,2026-09-29 12:00:00,2 days 12:00:00,60,14.81,-105.41,993.2,54.5,76.34510352986047,208.13899588519047,222.40718370946905,182.05196807046585,184.9437449822382,7.35479247256303,76.34510352986047,4.150236873160124,2.5527772858439475,0.0,0.0,0.0,0.0
2026-09-27,EP902026,60,2026-09-29 18:00:00,2 days 18:00:00,66,15.59,-106.39,983.7,65.2,33.85007509533848,143.85363309166547,162.44306746381034,146.50296095822037,119.4485790146444,83.08223063836527,86.88752173062562,61.16150442677821,64.46239108922711,33.85007509533848,18.41406948931617,11.891612653536749,15.988527163914767
2026-09-27,EP902026,60,2026-09-30 00:00:00,3 days 00:00:00,72,16.43,-107.22,984.1,71.1,34.614444776002884,196.49420782445884,187.7762635335073,133.2558385812344,172.31888673738763,96.42987052410402,74.96730121087182,47.663647647938205,72.69509513808333,34.614444776002884,19.86882945594765,13.62047989145526,21.118296063625888
2026-09-27,EP902026,60,2026-09-30 06:00:00,3 days 06:00:00,78,16.98,-107.84,984.9,66.8,49.34572884139796,132.41387994604037,166.57363748180887,107.99533736405716,97.96611293489276,58.60832190252483,53.00107500930565,32.45213621036031,38.55458422662785,2.8342269979006423,49.34572884139796,0.0,1.271509966110867
2026-09-27,EP902026,60,2026-09-30 12:00:00,3 days 12:00:00,84,17.48,-108.92,978.7,80.1,27.97836582289756,153.28842633025585,167.2053143453292,141.57348440485586,126.4424036917725,74.15550566500627,71.51353639254162,52.38200010998428,61.62484471549176,40.35625018018976,32.570091966857525,24.60446918208208,31.07814053354187
2026-09-27,EP902026,60,2026-09-30 18:00:00,3 days 18:00:00,90,18.08,-109.14,971.3,85.5,41.32244068373251,160.17903103177082,202.86335314108305,128.00870606534534,106.01909167291431,75.2953036989793,71.9387633045119,43.8981370914268,53.29517707670391,44.79673250948747,39.32041180899228,29.666662831230862,35.01271790223956
2026-09-27,EP902026,60,2026-10-01 00:00:00,4 days 00:00:00,96,18.52,-109.53,969.0,86.0,29.77246123684251,157.57806732829945,184.51365947596705,150.95286470723948,117.74186537092454,62.72801750694944,71.21452913414535,51.27206005138337,47.33053371438376,38.14075581439733,34.04941298182273,26.171887686522705,29.95976505095245
2026-09-27,EP902026,60,2026-10-01 06:00:00,4 days 06:00:00,102,18.85,-109.98,969.5,88.3,17.162676508131753,136.0938206341724,174.60160232354036,140.82813739255118,131.70442173606477,76.54845836970205,77.33905548699742,58.70879188660217,64.46605717463387,35.58941530396151,31.998562783314988,24.84071750244873,29.02240926524899
2026-09-27,EP902026,60,2026-10-01 12:00:00,4 days 12:00:00,108,18.94,-110.42,962.7,94.7,26.662957044431806,110.47661056118172,116.71199352714233,98.10416513133266,89.77048633173987,51.17192321291627,55.27884552512964,44.2720875119863,38.20264494728073,31.2592930052268,28.58480217917145,21.42209106959198,23.69632989693852
2026-09-27,EP902026,60,2026-10-01 18:00:00,4 days 18:00:00,114,18.97,-110.88,971.2,79.4,21.4085303055258,102.2438524969557,136.26650564247393,153.69408710708922,106.68169007424422,55.27002476247753,68.35016082298353,73.7106854784397,58.11659560891985,35.84315478401686,33.22057373850521,30.862176745364422,31.79692453765233
2026-09-27,EP902026,60,2026-10-02 00:00:00,5 days 00:00:00,120,19.32,-111.13,977.2,71.6,41.89289123792118,118.4803457588672,158.39082678600363,168.46261784648394,129.43056828030703,71.48804532827955,77.58702395619088,69.96998919947129,63.04947249254843,51.14790946799179,45.27703905755632,37.926888597471766,41.01453127731904
2026-09-27,EP902026,60,2026-10-02 06:00:00,5 days 06:00:00,126,19.6,-111.53,983.6,66.5,36.120214497765545,163.2953267395673,176.4663686060142,166.6680118801484,161.9106577453607,93.99938734401718,78.99532936447609,65.1843119560595,76.4878766423482,36.120214497765545,15.879602904003852,12.857105471660333,16.4478860515695
2026-09-27,EP902026,60,2026-10-02 12:00:00,5 days 12:00:00,132,19.9,-111.72,990.9,56.9,44.57456927754325,169.0608554020921,180.4342296932965,156.455463728499,162.00792398961124,116.44177873224982,106.22035003421676,83.31752865606151,97.82029310775786,0.0,0.0,0.0,0.0
2026-09-27,EP902026,60,2026-10-02 18:00:00,5 days 18:00:00,138,19.87,-111.93,988.6,54.9,62.36934558330543,158.88679043996927,129.43079760643468,102.79366776642875,132.04163912736624,62.36934558330543,19.87331774320915,12.908617648316191,24.739747015203257,0.0,0.0,0.0,0.0
2026-09-27,EP902026,60,2026-10-03 00:00:00,6 days 00:00:00,144,19.94,-112.09,987.1,59.5,36.80599230519982,111.71930266341116,108.58809996508852,73.55161845022684,90.58355721389732,36.80599230519982,26.727278469256827,10.867526340095282,18.85737114553929,0.0,0.0,0.0,0.0
2026-09-27,EP902026,60,2026-10-03 06:00:00,6 days 06:00:00,150,19.91,-112.48,987.9,60.5,33.143794211158905,139.1630422709476,138.65431314118325,97.84674337787732,125.89983511202944,61.161047047154966,48.61203820743359,30.337858217269822,54.01032666151269,0.0,0.0,0.0,0.0
2026-09-27,EP902026,60,2026-10-03 12:00:00,6 days 12:00:00,156,19.85,-112.73,994.7,51.5,51.24861842913431,194.7529280442565,161.52151489083985,122.92261441521704,180.16916220282792,51.24861842913431,21.130523551712237,13.116578238931384,17.799750023547006,0.0,0.0,0.0,0.0
2026-09-27,EP902026,60,2026-10-03 18:00:00,6 days 18:00:00,162,19.69,-112.77,985.0,65.8,38.18098820910687,99.77620594593743,84.95790588432428,70.6851682905455,90.92998941910167,42.5496755304589,38.83322533518803,23.045444479089408,36.47563980669747,38.18098820910687,8.159186682724112,4.6792513978119015,8.100178533784444
2026-09-27,EP902026,60,2026-10-04 00:00:00,7 days 00:00:00,168,19.73,-113.33,984.4,65.9,25.150518401991825,116.40191034958616,90.61649258593708,92.7717958154936,119.849294884149,50.36963187105182,36.04653822502412,30.754854001992456,55.21778068842522,26.433804208678477,18.631790987437267,16.20556981919885,23.418437780772
2026-09-27,EP902026,60,2026-10-04 06:00:00,7 days 06:00:00,174,19.6,-113.85,984.5,67.5,29.751895992258333,97.76929933698568,118.21397783543028,103.9224628058375,117.62029471185843,43.31775240186543,41.16654405791769,32.5795882165796,36.02472666049105,29.751895992258333,16.38440971032243,14.684539147254965,17.021830387326197
2026-09-27,EP902026,60,2026-10-04 12:00:00,7 days 12:00:00,180,19.38,-114.23,976.4,74.3,21.73573547842822,108.68319339192703,112.09004875426908,108.54639065329228,109.8002198832722,68.3508750645311,62.928998620780725,53.43751725716602,56.61735471047304,31.175381949058306,28.48048826506308,24.12699955013463,27.75408717386293
2026-09-27,EP902026,60,2026-10-04 18:00:00,7 days 18:00:00,186,19.23,-114.52,976.6,68.7,18.652638658886527,96.2418586164761,105.05300441019912,107.58735636185568,102.98458112706484,48.977542552842266,40.78307890068847,35.58243270043342,43.642729123447495,30.47469669635846,23.44662596076697,20.326343240261664,27.412060977024822
2026-09-27,EP902026,60,2026-10-05 00:00:00,8 days 00:00:00,192,19.02,-115.23,979.4,69.3,46.33156587024717,140.22125963245418,119.6681955137649,117.80720447583576,157.61583215582482,82.54629571871766,71.8680138871878,56.04804664244118,77.97577689447678,46.33156587024717,26.546733825045987,21.031608971944717,28.6659883767192
2026-09-27,EP902026,60,2026-10-05 06:00:00,8 days 06:00:00,198,18.78,-115.84,978.5,79.3,19.74322745114769,136.9958567409167,144.24536899941606,114.4380152630782,135.74381759415093,66.29751845544561,53.9392926107624,35.128072124879296,53.42353951654222,43.154942402930544,32.19435234417078,25.82614857002862,35.820963070246414
2026-09-27,EP902026,60,2026-10-05 12:00:00,8 days 12:00:00,204,19.01,-116.26,973.8,79.2,26.63109582950857,186.2922224944168,148.52712805882305,135.93000724590405,178.67960339968374,98.85541049821616,72.60207971346045,54.16909757510679,88.49973429551608,47.2463488873948,34.27293857862032,27.56679988971625,40.20868115922181
2026-09-27,EP902026,60,2026-10-05 18:00:00,8 days 18:00:00,210,18.97,-116.81,967.2,86.0,30.446487459452783,175.2088997537685,163.19347005820418,168.00762970182586,154.79177026045,77.18965680913334,73.25156581790634,64.39782853964425,68.32846242528103,50.08522362326266,44.271147166973606,35.35534307822718,43.624743409522125
2026-09-27,EP902026,60,2026-10-06 00:00:00,9 days 00:00:00,216,19.33,-117.22,972.9,81.7,35.36363200995932,143.20316152365243,130.00057544081835,157.90850467022082,169.68045266570135,89.76120358675365,80.31901196058104,74.11015673806237,88.27039971736386,66.0610165416456,57.77832339009615,47.03800388965769,57.23350862675886
2026-09-27,EP902026,60,2026-10-06 06:00:00,9 days 06:00:00,222,19.6,-117.73,975.8,72.8,41.69837679143502,180.8990355174841,133.78733661125338,129.42602834981528,161.88905988737076,77.52550211899525,64.16842180001026,51.81904168988844,68.98953730707953,41.69837679143502,29.345139593967325,22.28836806146611,31.976226808576207
2026-09-27,EP902026,60,2026-10-06 12:00:00,9 days 12:00:00,228,20.26,-118.36,969.9,82.9,42.06870676246794,163.9597391221841,159.24050645622458,117.29407240242304,146.36212761799993,72.93625662227987,61.60789199931224,40.4706562799973,58.744599487567626,42.06870676246794,31.93184437545611,22.767659700464407,33.333373493767056
2026-09-27,EP902026,60,2026-10-06 18:00:00,9 days 18:00:00,234,21.13,-119.13,973.7,72.1,36.636634498796354,163.79864409821852,135.7185617700906,78.71138464756311,128.5871949250966,67.19761465082874,52.58228632951318,30.16233847820793,50.91078099420183,48.48987372916536,39.58985642143932,26.972387470450705,38.2456328145477
2026-09-27,EP902026,60,2026-10-07 00:00:00,10 days 00:00:00,240,21.76,-119.86,966.4,81.3,32.77862566907897,216.80203774196133,204.8912627323614,123.58200489519606,130.56215753964878,86.09151305954137,80.14362022709898,51.95866711662725,68.55223082961683,48.08784018012268,39.61971414153664,27.94970645849817,38.23443091367816
2026-09-27,EP902026,60,2026-10-07 06:00:00,10 days 06:00:00,246,22.68,-120.69,982.3,74.5,36.29427222811739,181.67397220881597,162.7020455573811,126.53508215568286,153.71404626960975,93.81769012770292,91.92404148338188,70.90892737902914,81.66947264976352,53.69302961392668,49.401171278963375,38.590319536570064,44.792588824924906
2026-09-27,EP902026,60,2026-10-07 12:00:00,10 days 12:00:00,252,23.48,-121.24,980.7,70.3,31.22606157653909,140.75828666304614,148.52815631652425,104.96154619790414,107.8967149182561,75.5275956732604,77.1767954552479,48.68363409555409,57.68544715266006,31.22606157653909,23.242615313234506,15.70687548099613,21.10763263162729
2026-09-27,EP902026,60,2026-10-07 18:00:00,10 days 18:00:00,258,24.72,-121.89,985.1,56.0,66.10142997662393,167.7989738937373,135.15762583592308,96.46275675615682,134.96118067253607,66.10142997662393,60.56341265667278,42.00547682244678,47.85074209562646,0.0,0.0,0.0,0.0
2026-09-27,EP902026,60,2026-10-08 00:00:00,11 days 00:00:00,264,25.83,-122.68,986.0,53.5,97.86800123806744,137.78798782197802,118.93042914359204,44.04982717493262,89.4964646499615,97.86800123806744,8.48565300332136,2.8555523893864074,7.348063696514711,0.0,0.0,0.0,0.0
2026-09-27,EP902026,60,2026-10-08 06:00:00,11 days 06:00:00,270,27.29,-123.37,993.4,52.8,72.11976398531743,253.82784810462655,202.08623157895957,101.45353581658536,167.32704349041703,72.11976398531743,56.74194810253641,37.03966015389733,44.14415100111739,0.0,0.0,0.0,0.0
2026-09-27,EP902026,60,2026-10-08 12:00:00,11 days 12:00:00,276,28.4,-123.89,994.8,38.1,125.32457964412548,125.32457964412548,69.27973118764896,30.4487448028962,49.90370911125018,0.0,0.0,0.0,0.0,0.0,0.0,0.0,0.0
2026-09-27,EP902026,60,2026-10-08 18:00:00,11 days 18:00:00,282,29.82,-124.19,1001.6,30.5,84.93689805121349,0.0,0.0,0.0,0.0,0.0,0.0,0.0,0.0,0.0,0.0,0.0,0.0
2026-09-27,EP902026,60,2026-10-09 00:00:00,12 days 00:00:00,288,31.49,-124.6,1003.2,29.6,132.03911577651402,0.0,0.0,0.0,0.0,0.0,0.0,0.0,0.0,0.0,0.0,0.0,0.0
2026-09-27,EP902026,60,2026-10-09 06:00:00,12 days 06:00:00,294,32.89,-125.08,1004.4,26.3,86.74161222177543,0.0,0.0,0.0,0.0,0.0,0.0,0.0,0.0,0.0,0.0,0.0,0.0
2026-09-27,EP902026,60,2026-10-09 12:00:00,12 days 12:00:00,300,33.88,-125.66,1002.6,23.2,125.3223659249445,0.0,0.0,0.0,0.0,0.0,0.0,0.0,0.0,0.0,0.0,0.0,0.0
2026-09-27,WP252026,60,2026-09-27 00:00:00,0 days 00:00:00,0,24.6,127.6,964.0,89.0,22.0,102.0,121.0,102.0,93.0,,,,,,,,
2026-09-27,WP252026,60,2026-09-27 06:00:00,0 days 06:00:00,6,25.44,128.38,949.1,105.9,18.063362919191924,126.43416866104572,173.0973121431073,120.66972927703053,69.60462678740363,86.3087391265733,98.19717219219918,73.80625946262518,64.52374649239681,46.393427797141314,46.22908554756983,36.67766452765253,36.15836475606788
2026-09-27,WP252026,60,2026-09-27 12:00:00,0 days 12:00:00,12,26.17,128.98,952.6,101.3,20.504092509463995,113.97237883408977,160.65596540790523,152.94586642689922,80.83687701031194,57.87469413814617,82.6268288793577,77.62486609490217,43.05099068406578,53.74494925623964,60.45728246914289,51.46780566193192,43.05099068406578
2026-09-27,WP252026,60,2026-09-27 18:00:00,0 days 18:00:00,18,26.55,130.03,955.6,103.6,7.590332965692731,114.7046313595322,154.94040897925203,134.7325413029094,92.70127584464444,77.63122581636617,98.63029120089034,75.93252228175108,56.77853976387836,54.70667047626277,58.35746437552929,49.22184887170037,42.53299380877581
2026-09-27,WP252026,60,2026-09-28 00:00:00,1 days 00:00:00,24,27.28,130.76,969.7,83.6,20.02271773658501,180.8809405277496,184.11633166362168,151.72376629745958,140.06284292642616,94.68345701682674,125.75695585207464,98.89760021288782,69.84614247990332,60.01847584674225,66.34707355135352,54.8050453817671,46.52771712875938
2026-09-27,WP252026,60,2026-09-28 06:00:00,1 days 06:00:00,30,27.75,131.85,979.1,73.3,23.119635256906008,138.8550322725979,206.07581928275653,151.75913622768255,75.15334378206788,76.65740602015097,112.73111498401612,88.98098624670288,48.4187604628618,57.3343405712068,64.72739981905711,55.33341806067135,44.01357440165916
2026-09-27,WP252026,60,2026-09-28 12:00:00,1 days 12:00:00,36,28.0,132.92,978.8,68.7,26.49498500610629,144.58740239458575,156.25829306304576,125.71265550687204,116.5486137193398,75.68158539455632,84.60093248301746,64.29836803386823,58.47018714213306,28.427150564880066,28.207374150085517,24.652235466949755,21.47037621298629
2026-09-27,WP252026,60,2026-09-28 18:00:00,1 days 18:00:00,42,28.71,133.69,990.3,53.1,69.39176044055982,149.3578731866084,164.24249818789488,115.60524243183318,110.21675146670832,69.39176044055982,46.181258347604775,29.25595591473628,32.612628734413306,0.0,0.0,0.0,0.0
2026-09-27,WP252026,60,2026-09-29 00:00:00,2 days 00:00:00,48,29.17,134.65,988.8,54.7,35.84056432473403,102.49882372573757,114.22409580682697,85.22812079164527,81.84464602336868,36.81161698955765,39.53772540685121,27.837411817476763,25.18537571701465,0.0,0.0,0.0,0.0
2026-09-27,WP252026,60,2026-09-29 06:00:00,2 days 06:00:00,54,29.98,135.82,993.7,44.3,36.84440803888526,106.17068040207806,125.37273080292287,98.68979374691304,88.34729368282052,0.0,0.0,0.0,0.0,0.0,0.0,0.0,0.0
2026-09-27,WP252026,60,2026-09-29 12:00:00,2 days 12:00:00,60,30.85,137.06,1000.1,37.5,57.14627008998991,136.1524666005212,161.16737561912623,120.28149953480072,108.56273427074068,0.0,0.0,0.0,0.0,0.0,0.0,0.0,0.0
2026-09-27,WP252026,60,2026-09-29 18:00:00,2 days 18:00:00,66,31.86,138.9,995.7,39.0,94.78841743629216,55.11454152872304,94.78841743629216,39.83829554723337,18.534037934808048,0.0,0.0,0.0,0.0,0.0,0.0,0.0,0.0
2026-09-27,WP252026,60,2026-09-30 00:00:00,3 days 00:00:00,72,32.63,140.86,994.0,38.3,117.55823470870236,288.14572250952324,306.078412158893,222.92633222827047,220.86602732964053,0.0,0.0,0.0,0.0,0.0,0.0,0.0,0.0
2026-09-27,WP252026,60,2026-09-30 06:00:00,3 days 06:00:00,78,33.93,143.48,998.7,38.3,106.1112220146515,100.57024861761964,144.7462716708651,87.0028708716709,50.2845454737635,0.0,0.0,0.0,0.0,0.0,0.0,0.0,0.0
2026-09-27,WP252026,60,2026-09-30 12:00:00,3 days 12:00:00,84,34.44,145.33,996.2,37.4,69.0837186002679,78.46152974990947,112.9583432819445,106.308849649744,72.29133454488853,0.0,0.0,0.0,0.0,0.0,0.0,0.0,0.0
2026-09-27,WP252026,60,2026-09-30 18:00:00,3 days 18:00:00,90,35.63,147.4,994.3,37.8,102.77216653789722,98.59991147322545,115.36060862701662,41.69783251105065,55.08875824414229,0.0,0.0,0.0,0.0,0.0,0.0,0.0,0.0
2026-09-27,WP252026,60,2026-10-01 00:00:00,4 days 00:00:00,96,36.48,148.97,1003.4,28.8,113.6408616422422,0.0,0.0,0.0,0.0,0.0,0.0,0.0,0.0,0.0,0.0,0.0,0.0
2026-09-27,WP252026,60,2026-10-01 06:00:00,4 days 06:00:00,102,37.79,151.42,997.3,31.5,129.15256589851984,0.0,0.0,0.0,0.0,0.0,0.0,0.0,0.0,0.0,0.0,0.0,0.0
2026-09-27,WP252026,60,2026-10-01 12:00:00,4 days 12:00:00,108,39.07,153.76,999.0,22.7,124.52359009492876,0.0,0.0,0.0,0.0,0.0,0.0,0.0,0.0,0.0,0.0,0.0,0.0
2026-09-27,WP252026,60,2026-10-01 18:00:00,4 days 18:00:00,114,39.74,156.32,997.4,32.6,170.62575321569722,0.0,0.0,0.0,0.0,0.0,0.0,0.0,0.0,0.0,0.0,0.0,0.0
2026-09-27,WP252026,60,2026-10-02 00:00:00,5 days 00:00:00,120,41.59,159.39,997.2,33.6,128.68147254386815,0.0,0.0,0.0,0.0,0.0,0.0,0.0,0.0,0.0,0.0,0.0,0.0
2026-09-27,WP252026,60,2026-10-02 06:00:00,5 days 06:00:00,126,42.26,164.43,997.9,35.1,188.58147489212087,39.94300502801428,188.58147489212087,45.33675988660372,24.145659020696723,0.0,0.0,0.0,0.0,0.0,0.0,0.0,0.0
2026-09-27,AL062026,61,2026-09-27 00:00:00,0 days 00:00:00,0,29.8,-43.9,1010.0,29.0,56.0,0.0,0.0,0.0,0.0,0.0,0.0,0.0,0.0,0.0,0.0,0.0,0.0
2026-09-27,AL062026,61,2026-09-27 06:00:00,0 days 06:00:00,6,29.64,-44.26,1009.1,26.7,94.60193819071284,0.0,0.0,0.0,0.0,0.0,0.0,0.0,0.0,0.0,0.0,0.0,0.0
2026-09-27,EP152026,61,2026-09-27 00:00:00,0 days 00:00:00,0,16.7,-156.1,972.0,80.0,37.0,241.0,185.0,185.0,241.0,93.0,74.0,93.0,111.0,56.0,46.0,56.0,56.0
2026-09-27,EP152026,61,2026-09-27 06:00:00,0 days 06:00:00,6,16.52,-156.97,966.9,90.8,44.44058573643164,206.5956914285367,166.5707403393631,142.41904792442807,203.77205970504133,95.7994365221609,70.53903303801812,61.71184991136976,91.64928337136254,73.70418117218784,59.70499737351355,49.49358843075978,63.11326847096329
2026-09-27,EP152026,61,2026-09-27 12:00:00,0 days 12:00:00,12,16.04,-157.8,958.4,102.1,18.82601239345505,198.4904284805457,178.4525819882984,162.81927532295893,213.6787926386004,106.5515888956684,88.77526232418887,75.70939190437167,94.5557486153522,60.45887883891457,50.11474644368764,43.118453167655474,54.88417745091582
2026-09-27,EP152026,61,2026-09-27 18:00:00,0 days 18:00:00,18,15.99,-158.55,952.9,108.1,5.2927141639776565,184.00223146998107,148.75844830913684,139.57341154983772,203.01570198150816,94.36203958693336,68.08188370585981,65.88934066993343,98.36180480488488,55.9574261101875,42.10993585832385,34.44482636932209,49.58004194607318
2026-09-27,EP152026,61,2026-09-28 00:00:00,1 days 00:00:00,24,15.92,-159.43,951.4,108.3,21.165394143169955,234.8926024209156,183.2682995415177,150.49185562344604,204.96715971682545,114.99669159255794,86.84811619137363,74.13534796347285,106.15967139218088,64.81094186276765,51.223716511381554,41.33531362340212,56.313773697195785
2026-09-27,EP152026,61,2026-09-28 06:00:00,1 days 06:00:00,30,16.23,-160.58,953.4,106.7,16.755191611550686,168.86587159915553,125.32973277091378,112.04426943566044,158.91606632625735,93.71196104070124,65.6036431691357,55.91951576878125,87.85301869066484,57.71699028695309,45.59610158357032,36.37888348343665,49.56658237281522
2026-09-27,EP152026,61,2026-09-28 12:00:00,1 days 12:00:00,36,16.47,-161.46,938.9,119.2,27.37973195139128,152.78715986463754,119.10067494447074,108.23668084684212,124.12952349263642,85.58559873846981,65.35530461916574,59.26317653249819,80.97654865496114,51.30477039136241,40.74521766503623,34.00236909708385,45.7604858737445
2026-09-27,EP152026,61,2026-09-28 18:00:00,1 days 18:00:00,42,16.95,-162.23,933.5,127.2,10.86767694609158,179.02888577743744,176.96890288499884,117.25570258984226,141.5005059003187,98.64856298942156,80.99047722565525,63.14787934894654,88.62708767031039,62.09675679508434,48.90127205529656,36.24359636060176,52.17806323992755
2026-09-27,EP152026,61,2026-09-29 00:00:00,2 days 00:00:00,48,17.72,-162.65,945.2,118.4,36.64195076799199,188.47217801902184,167.1171792840568,101.09222461372326,137.02121806577026,107.009959141324,92.63720583161604,65.62807207370679,84.1980046813083,63.52936830427832,54.95290802487477,39.45136163576696,50.475894304154224
2026-09-27,EP152026,61,2026-09-29 06:00:00,2 days 06:00:00,54,18.87,-163.13,954.8,110.4,37.54212567504463,226.1397790022704,189.01794031536025,126.60968257391194,166.57485693856597,116.64162389199046,108.21449107231568,72.97842089254212,90.52169157065644,63.41313573978683,58.4328309028626,42.40698346537942,48.95992474109177
2026-09-27,EP152026,61,2026-09-29 12:00:00,2 days 12:00:00,60,19.68,-163.18,975.6,83.5,47.25595062134205,191.21831790677533,146.41226732267916,101.64276033452887,191.42870704866465,87.82482926620656,65.08736744828636,39.45913305819545,76.05207255134553,47.25595062134205,35.928249884292235,26.42658346709443,38.26834997350192
2026-09-27,EP152026,61,2026-09-29 18:00:00,2 days 18:00:00,66,20.58,-163.55,985.7,66.4,54.14050129840904,149.12131802710667,140.45260423741442,90.12028701012528,108.74425555531128,78.25831467252301,69.6109205609858,49.84411726671252,66.36064681777087,54.14050129840904,10.875487170486746,8.364082094804738,11.655319431834982
2026-09-27,EP152026,61,2026-09-30 00:00:00,3 days 00:00:00,72,21.52,-163.44,985.8,68.1,36.967225150296166,202.8037815076948,154.96264101764154,134.61338851730164,204.9716032718973,99.34815310078388,86.7208805371796,65.50623863280424,84.1527396581493,59.82206956591397,51.06251312295984,40.22120437495088,48.87422070542588
2026-09-27,EP152026,61,2026-09-30 06:00:00,3 days 06:00:00,78,22.2,-163.29,978.1,69.7,15.228725536836972,250.83311923065415,196.51216467917104,162.2522247930854,230.69249754340595,103.88645784278478,87.43624376997127,68.7201613167943,91.20468887289748,46.307379375829306,39.17068224425911,30.63220053500882,37.677161267960805
2026-09-27,EP152026,61,2026-09-30 12:00:00,3 days 12:00:00,84,22.3,-163.3,994.7,58.1,44.81260330344887,266.9750782075432,228.17333949698585,198.4182283703725,256.9627345198892,141.8009912318459,126.23785537956611,105.9669649982599,123.4563947817947,0.0,0.0,0.0,0.0
2026-09-27,EP152026,61,2026-09-30 18:00:00,3 days 18:00:00,90,22.77,-163.08,994.0,48.9,62.8246109501045,216.9933451929943,121.74247221217672,114.5828009245974,204.30523422304668,0.0,0.0,0.0,0.0,0.0,0.0,0.0,0.0
2026-09-27,EP152026,61,2026-10-01 00:00:00,4 days 00:00:00,96,22.83,-163.23,990.0,53.4,70.94372263446404,272.7525577377588,198.0381907747418,160.09891324680365,237.8330283891912,70.94372263446404,46.84125860090684,38.12547143627131,51.74844692418766,0.0,0.0,0.0,0.0
2026-09-27,EP152026,61,2026-10-01 06:00:00,4 days 06:00:00,102,23.15,-163.81,989.4,54.7,61.90659572234471,277.4548280962606,177.54391196385234,153.91219714604432,245.0989004866081,29.222016627255364,14.466291454218558,11.385926065739936,61.90659572234471,0.0,0.0,0.0,0.0
2026-09-27,EP152026,61,2026-10-01 12:00:00,4 days 12:00:00,108,23.41,-164.6,994.2,45.7,83.49341638261544,358.167524078,275.4380701229168,236.31773205497524,316.3544358247388,0.0,0.0,0.0,0.0,0.0,0.0,0.0,0.0
2026-09-27,EP152026,61,2026-10-01 18:00:00,4 days 18:00:00,114,23.82,-165.52,994.5,40.4,133.79866187497356,197.10075727662013,153.90609433095818,121.54506347937846,166.77894150613292,0.0,0.0,0.0,0.0,0.0,0.0,0.0,0.0
2026-09-27,EP152026,61,2026-10-02 00:00:00,5 days 00:00:00,120,24.73,-166.66,990.3,38.3,126.5991114054676,203.0819759319712,134.63619038789128,116.84765165779972,160.43655075662795,0.0,0.0,0.0,0.0,0.0,0.0,0.0,0.0
2026-09-27,EP152026,61,2026-10-02 06:00:00,5 days 06:00:00,126,24.78,-167.63,991.8,47.0,80.72140253584017,149.6309668472582,111.80177752233568,71.28498394445168,136.0069564134689,0.0,0.0,0.0,0.0,0.0,0.0,0.0,0.0
2026-09-27,EP152026,61,2026-10-02 12:00:00,5 days 12:00:00,132,25.02,-168.3,992.1,47.8,69.64598143534904,231.8101894473137,206.1762349310261,156.5210631117478,199.2700998743543,0.0,0.0,0.0,0.0,0.0,0.0,0.0,0.0
2026-09-27,EP152026,61,2026-10-02 18:00:00,5 days 18:00:00,138,25.06,-168.88,993.8,42.3,104.7706319465256,104.7706319465256,62.64514353138823,36.96652003765757,91.53102511061124,0.0,0.0,0.0,0.0,0.0,0.0,0.0,0.0
2026-09-27,EP152026,61,2026-10-03 00:00:00,6 days 00:00:00,144,25.07,-169.46,998.3,48.1,51.08697593087653,82.29517038611878,55.26043432933135,59.233425333160376,90.30224134664392,0.0,0.0,0.0,0.0,0.0,0.0,0.0,0.0
2026-09-27,EP152026,61,2026-10-03 06:00:00,6 days 06:00:00,150,24.4,-170.47,996.3,41.5,82.22826990082856,76.32320792042347,66.02739265193023,61.04815693191993,85.37873645739312,0.0,0.0,0.0,0.0,0.0,0.0,0.0,0.0
2026-09-27,EP152026,61,2026-10-03 12:00:00,6 days 12:00:00,156,24.07,-171.61,1004.2,40.1,106.96268828283354,106.96268828283354,59.95661455715604,53.98474508428256,85.73709100180406,0.0,0.0,0.0,0.0,0.0,0.0,0.0,0.0
2026-09-27,EP152026,61,2026-10-03 18:00:00,6 days 18:00:00,162,23.47,-172.89,997.6,37.9,66.10702536981206,66.10702536981206,34.83710480016148,18.560445367205286,50.92119785732592,0.0,0.0,0.0,0.0,0.0,0.0,0.0,0.0
2026-09-27,EP152026,61,2026-10-04 00:00:00,7 days 00:00:00,168,23.25,-174.55,997.3,40.6,65.31882945792995,65.31882945792995,20.66391612170824,20.11665729284212,42.67292916542232,0.0,0.0,0.0,0.0,0.0,0.0,0.0,0.0
2026-09-27,EP152026,61,2026-10-04 06:00:00,7 days 06:00:00,174,22.98,-176.72,1006.4,33.7,47.37481237149322,0.0,0.0,0.0,0.0,0.0,0.0,0.0,0.0,0.0,0.0,0.0,0.0
2026-09-27,EP152026,61,2026-10-04 12:00:00,7 days 12:00:00,180,22.95,-178.82,1001.2,45.0,69.18794810230298,98.73609576227352,28.232850654737927,4.1263249351098725,88.24529211099252,0.0,0.0,0.0,0.0,0.0,0.0,0.0,0.0
2026-09-27,EP152026,61,2026-10-04 18:00:00,7 days 18:00:00,186,23.18,179.25,1000.0,42.7,49.70864950893217,123.46042296575251,59.278399688608246,14.682681815079086,102.5676431856862,0.0,0.0,0.0,0.0,0.0,0.0,0.0,0.0
2026-09-27,EP152026,61,2026-10-05 00:00:00,8 days 00:00:00,192,23.3,177.07,1000.5,37.1,34.61864380401874,171.33796345747484,83.2626122401275,55.23542579409126,130.37519151726167,0.0,0.0,0.0,0.0,0.0,0.0,0.0,0.0
2026-09-27,EP152026,61,2026-10-05 06:00:00,8 days 06:00:00,198,23.96,175.18,999.1,43.4,26.682996029669688,153.3742093495626,93.54925821938328,52.620304605993965,124.99807228696685,0.0,0.0,0.0,0.0,0.0,0.0,0.0,0.0
2026-09-27,EP152026,61,2026-10-05 12:00:00,8 days 12:00:00,204,24.3,173.21,1001.2,38.2,37.65343646154069,130.0395570444855,62.44004585877821,23.967289107269853,102.16603384743756,0.0,0.0,0.0,0.0,0.0,0.0,0.0,0.0
2026-09-27,EP152026,61,2026-10-05 18:00:00,8 days 18:00:00,210,24.92,171.17,999.4,42.9,18.639120590957987,127.13615042495304,47.036428066625945,19.975484242041603,108.48735385738225,0.0,0.0,0.0,0.0,0.0,0.0,0.0,0.0
2026-09-27,EP152026,61,2026-10-06 00:00:00,9 days 00:00:00,216,24.83,168.33,1003.0,37.6,33.14960620381284,144.53336631417895,75.88737294999842,32.30637605050939,100.620844246904,0.0,0.0,0.0,0.0,0.0,0.0,0.0,0.0
2026-09-27,EP152026,61,2026-10-06 06:00:00,9 days 06:00:00,222,25.48,166.08,998.0,44.7,53.36582920451201,196.2017616698793,130.59392076726377,88.25243411809444,166.25546188420554,0.0,0.0,0.0,0.0,0.0,0.0,0.0,0.0
2026-09-27,EP152026,61,2026-10-06 12:00:00,9 days 12:00:00,228,26.07,163.7,1001.5,38.6,53.28635335286603,297.09415197120666,217.4742619344654,168.56935658915245,254.38913019941867,0.0,0.0,0.0,0.0,0.0,0.0,0.0,0.0
2026-09-27,EP152026,61,2026-10-06 18:00:00,9 days 18:00:00,234,26.96,161.31,1004.8,38.8,25.0647786944441,161.6300996752015,96.30855397749266,65.05059306896237,92.6277885638381,0.0,0.0,0.0,0.0,0.0,0.0,0.0,0.0
2026-09-27,EP152026,61,2026-10-07 00:00:00,10 days 00:00:00,240,28.03,159.82,1003.5,40.7,85.20755603728142,230.7114866105003,185.67690542349203,123.23432964365112,164.2908988072793,0.0,0.0,0.0,0.0,0.0,0.0,0.0,0.0
2026-09-27,EP152026,61,2026-10-07 06:00:00,10 days 06:00:00,246,29.03,159.2,1004.4,33.0,41.72007898413427,0.0,0.0,0.0,0.0,0.0,0.0,0.0,0.0,0.0,0.0,0.0,0.0
2026-09-27,EP152026,61,2026-10-07 12:00:00,10 days 12:00:00,252,30.39,158.95,1003.4,29.5,37.58358729013853,0.0,0.0,0.0,0.0,0.0,0.0,0.0,0.0,0.0,0.0,0.0,0.0
2026-09-27,EP152026,61,2026-10-07 18:00:00,10 days 18:00:00,258,31.44,159.45,1002.9,30.2,118.63292642407583,0.0,0.0,0.0,0.0,0.0,0.0,0.0,0.0,0.0,0.0,0.0,0.0
2026-09-27,EP152026,61,2026-10-08 00:00:00,11 days 00:00:00,264,32.51,160.05,1005.4,25.7,75.43084389584527,0.0,0.0,0.0,0.0,0.0,0.0,0.0,0.0,0.0,0.0,0.0,0.0
2026-09-27,EP152026,61,2026-10-08 06:00:00,11 days 06:00:00,270,33.11,160.89,1008.8,21.3,47.0350158114139,0.0,0.0,0.0,0.0,0.0,0.0,0.0,0.0,0.0,0.0,0.0,0.0
2026-09-27,EP152026,61,2026-10-08 12:00:00,11 days 12:00:00,276,33.55,161.54,1003.8,23.7,21.12653450968618,0.0,0.0,0.0,0.0,0.0,0.0,0.0,0.0,0.0,0.0,0.0,0.0
2026-09-27,EP152026,61,2026-10-08 18:00:00,11 days 18:00:00,282,33.89,162.43,1008.2,25.0,38.38716419429207,0.0,0.0,0.0,0.0,0.0,0.0,0.0,0.0,0.0,0.0,0.0,0.0
2026-09-27,EP152026,61,2026-10-09 00:00:00,12 days 00:00:00,288,34.08,162.98,1007.4,23.0,98.82074117800056,0.0,0.0,0.0,0.0,0.0,0.0,0.0,0.0,0.0,0.0,0.0,0.0
2026-09-27,EP152026,61,2026-10-09 06:00:00,12 days 06:00:00,294,33.58,163.76,1006.7,24.4,46.4972110143712,0.0,0.0,0.0,0.0,0.0,0.0,0.0,0.0,0.0,0.0,0.0,0.0
2026-09-27,EP152026,61,2026-10-09 12:00:00,12 days 12:00:00,300,33.32,164.21,1008.4,23.5,56.13926007391603,0.0,0.0,0.0,0.0,0.0,0.0,0.0,0.0,0.0,0.0,0.0,0.0
2026-09-27,EP152026,61,2026-10-09 18:00:00,12 days 18:00:00,306,33.23,164.75,1009.5,19.6,103.18674234201092,0.0,0.0,0.0,0.0,0.0,0.0,0.0,0.0,0.0,0.0,0.0,0.0
2026-09-27,EP152026,61,2026-10-10 00:00:00,13 days 00:00:00,312,33.42,165.05,1010.4,21.9,138.1523903125321,0.0,0.0,0.0,0.0,0.0,0.0,0.0,0.0,0.0,0.0,0.0,0.0
2026-09-27,EP162026,61,2026-09-27 00:00:00,0 days 00:00:00,0,20.8,-123.6,975.0,76.0,28.0,167.0,167.0,148.0,185.0,93.0,74.0,74.0,93.0,65.0,46.0,37.0,56.0
2026-09-27,EP162026,61,2026-09-27 06:00:00,0 days 06:00:00,6,21.58,-123.54,988.1,64.5,42.58669213370752,141.12557988367416,143.4892896776944,109.00977453711324,127.17934082530758,68.78972743409128,56.59075544259173,37.5443440996566,54.38131190895456,42.58669213370752,2.664535311601448,0.0,2.5605645235309424
2026-09-27,EP162026,61,2026-09-27 12:00:00,0 days 12:00:00,12,22.02,-123.5,1001.4,37.8,38.06541428401047,189.84415871566205,184.00786923376816,170.2442371512802,163.25746634264323,0.0,0.0,0.0,0.0,0.0,0.0,0.0,0.0
2026-09-27,EP162026,61,2026-09-27 18:00:00,0 days 18:00:00,18,22.48,-123.27,1000.3,43.6,51.894630163306005,220.8305146775988,216.06956516830348,160.86051939217555,179.3683580170955,0.0,0.0,0.0,0.0,0.0,0.0,0.0,0.0
2026-09-27,EP162026,61,2026-09-28 00:00:00,1 days 00:00:00,24,22.72,-122.91,1001.5,35.8,117.27892237801645,117.27892237801645,27.30520392994751,15.055844408478698,39.422362476438494,0.0,0.0,0.0,0.0,0.0,0.0,0.0,0.0
2026-09-27,EP162026,61,2026-09-28 06:00:00,1 days 06:00:00,30,22.77,-122.7,1001.7,31.9,122.25113976289047,0.0,0.0,0.0,0.0,0.0,0.0,0.0,0.0,0.0,0.0,0.0,0.0
2026-09-27,EP162026,61,2026-09-28 12:00:00,1 days 12:00:00,36,22.63,-122.62,1002.8,29.6,129.1441250220978,0.0,0.0,0.0,0.0,0.0,0.0,0.0,0.0,0.0,0.0,0.0,0.0
2026-09-27,EP162026,61,2026-09-28 18:00:00,1 days 18:00:00,42,22.27,-122.47,1002.6,23.9,64.08462228255814,0.0,0.0,0.0,0.0,0.0,0.0,0.0,0.0,0.0,0.0,0.0,0.0
2026-09-27,EP162026,61,2026-09-29 00:00:00,2 days 00:00:00,48,21.89,-122.54,1003.4,20.3,98.95191444643083,0.0,0.0,0.0,0.0,0.0,0.0,0.0,0.0,0.0,0.0,0.0,0.0
2026-09-27,EP162026,61,2026-09-29 06:00:00,2 days 06:00:00,54,21.01,-122.52,1006.1,17.3,181.79995948024967,0.0,0.0,0.0,0.0,0.0,0.0,0.0,0.0,0.0,0.0,0.0,0.0
2026-09-27,EP162026,61,2026-09-29 12:00:00,2 days 12:00:00,60,21.0,-122.71,1007.7,20.9,93.67547906775556,0.0,0.0,0.0,0.0,0.0,0.0,0.0,0.0,0.0,0.0,0.0,0.0
2026-09-27,EP162026,61,2026-09-29 18:00:00,2 days 18:00:00,66,20.36,-123.35,1005.7,24.3,125.43535988399262,0.0,0.0,0.0,0.0,0.0,0.0,0.0,0.0,0.0,0.0,0.0,0.0
2026-09-27,EP172026,61,2026-09-27 00:00:00,0 days 00:00:00,0,19.0,-112.9,946.0,111.0,28.0,259.0,185.0,167.0,185.0,111.0,111.0,93.0,93.0,65.0,65.0,46.0,56.0
2026-09-27,EP172026,61,2026-09-27 06:00:00,0 days 06:00:00,6,19.93,-113.26,942.7,118.0,21.605610537677325,155.980548877377,184.6250544107889,108.57660467777303,113.53573073245806,92.69423258469284,82.68217209978079,57.51409395207045,71.63113733140995,73.00801337519658,61.98219155178103,45.90001009678635,56.9629311647005
2026-09-27,EP172026,61,2026-09-27 12:00:00,0 days 12:00:00,12,20.73,-113.53,950.7,107.8,14.598042200264732,239.771345465916,270.4128722447706,196.44305235731247,163.93668583945404,105.18203463461016,116.4310107647918,88.92791574709341,73.05749109562647,47.05344677683516,48.57751394243053,37.91680145385818,38.72672264601159
2026-09-27,EP172026,61,2026-09-27 18:00:00,0 days 18:00:00,18,21.65,-113.67,952.0,115.5,33.56774624285222,144.09665070854365,168.48429934323875,121.94722734916095,97.88148796654816,69.52102625060618,77.68288476942226,60.2139799329216,54.55761594053932,48.40875712561737,44.46895734500771,36.52137395087723,40.51078060287648
2026-09-27,EP172026,61,2026-09-28 00:00:00,1 days 00:00:00,24,22.63,-113.72,945.3,114.3,24.864116599178605,190.7843265946292,226.3248733108294,169.00421391056005,141.5921547869678,107.27460494082518,123.26626096226796,99.57998587600773,92.9511404576229,76.0508082303408,72.28535694517197,58.69802265748372,64.575301129268
2026-09-27,EP172026,61,2026-09-28 06:00:00,1 days 06:00:00,30,23.78,-113.72,961.2,97.2,28.893305899505,108.97573788681734,125.5347707884452,91.36589036682234,44.59695016666531,59.508998390528006,74.40282882451817,53.44220045720494,41.97891754213373,41.81110428201831,41.65909108957292,32.078094003754344,32.72257463320393
2026-09-27,EP172026,61,2026-09-28 12:00:00,1 days 12:00:00,36,24.57,-113.23,963.9,93.2,37.12533403555891,157.3325004554748,173.56035624738388,128.7071671762642,127.02716266981756,89.96659646537104,89.41945777795593,63.75681941405957,74.27537333624255,63.09386968546262,58.13887242348621,44.04941020388594,50.04085495113412
2026-09-27,EP172026,61,2026-09-28 18:00:00,1 days 18:00:00,42,25.69,-112.59,965.5,90.5,25.349385266788502,141.03707740304355,132.62712272471956,90.2495097418624,93.50324820886156,70.2751552779083,67.42688622186292,46.11941437466896,55.957605705254906,50.001453572492814,45.02150053864466,33.27060676084915,40.03347352714509
2026-09-27,EP172026,61,2026-09-29 00:00:00,2 days 00:00:00,48,26.57,-112.09,977.3,67.3,15.939511580706096,130.28129531661125,136.64734768996277,108.50711247081176,87.61130746621495,57.24545219959077,66.48319837436486,47.8674480759347,46.962671366183486,33.114249970892786,29.58521127175652,21.84067317022167,24.90286193672577
2026-09-27,EP172026,61,2026-09-29 06:00:00,2 days 06:00:00,54,27.74,-111.53,987.3,46.8,42.68725803871237,71.76845311825326,94.47601932674638,50.80375960067657,35.646504166019255,0.0,0.0,0.0,0.0,0.0,0.0,0.0,0.0
2026-09-27,EP172026,61,2026-09-29 12:00:00,2 days 12:00:00,60,29.12,-110.47,999.8,29.8,81.79721284249452,0.0,0.0,0.0,0.0,0.0,0.0,0.0,0.0,0.0,0.0,0.0,0.0
2026-09-27,EP902026,61,2026-09-27 00:00:00,0 days 00:00:00,0,12.0,-98.6,1008.0,25.0,111.0,0.0,0.0,0.0,0.0,0.0,0.0,0.0,0.0,0.0,0.0,0.0,0.0
2026-09-27,EP902026,61,2026-09-27 06:00:00,0 days 06:00:00,6,12.14,-98.75,1006.3,35.2,93.16328170062806,93.16328170062806,16.25587270312368,0.0,8.47260918585038,0.0,0.0,0.0,0.0,0.0,0.0,0.0,0.0
2026-09-27,EP902026,61,2026-09-27 12:00:00,0 days 12:00:00,12,12.16,-98.77,1005.3,31.1,129.04147127866705,0.0,0.0,0.0,0.0,0.0,0.0,0.0,0.0,0.0,0.0,0.0,0.0
2026-09-27,EP902026,61,2026-09-27 18:00:00,0 days 18:00:00,18,12.25,-99.3,1005.3,30.3,79.6370645465374,0.0,0.0,0.0,0.0,0.0,0.0,0.0,0.0,0.0,0.0,0.0,0.0
2026-09-27,EP902026,61,2026-09-28 00:00:00,1 days 00:00:00,24,12.36,-100.0,1001.6,37.9,100.35060430266309,173.47258240637763,180.69084878379664,140.79534869894775,142.0563190824783,0.0,0.0,0.0,0.0,0.0,0.0,0.0,0.0
2026-09-27,EP902026,61,2026-09-28 06:00:00,1 days 06:00:00,30,12.62,-100.66,1000.0,42.2,135.28090814818762,180.88213114365263,197.9423921729665,157.87789218100974,138.63125520059444,0.0,0.0,0.0,0.0,0.0,0.0,0.0,0.0
2026-09-27,EP902026,61,2026-09-28 12:00:00,1 days 12:00:00,36,12.73,-101.38,997.6,47.7,72.26535706283471,199.3041837475007,202.29472218527417,138.55513733190492,154.12540376891275,0.0,0.0,0.0,0.0,0.0,0.0,0.0,0.0
2026-09-27,EP902026,61,2026-09-28 18:00:00,1 days 18:00:00,42,13.33,-102.52,1002.2,46.8,56.7348328661576,210.25243679224604,193.93346019435864,132.52493915396985,185.54070782071403,0.0,0.0,0.0,0.0,0.0,0.0,0.0,0.0
2026-09-27,EP902026,61,2026-09-29 00:00:00,2 days 00:00:00,48,13.76,-103.24,1004.6,43.9,87.48101690605586,185.37834333066556,170.64789158509825,86.9077745439904,136.98293684429927,0.0,0.0,0.0,0.0,0.0,0.0,0.0,0.0
2026-09-27,EP902026,61,2026-09-29 06:00:00,2 days 06:00:00,54,14.21,-104.9,998.4,43.4,106.64667461908564,166.8488232518839,162.87271105232503,119.00403289559296,139.4204353844542,0.0,0.0,0.0,0.0,0.0,0.0,0.0,0.0
2026-09-27,EP902026,61,2026-09-29 12:00:00,2 days 12:00:00,60,14.84,-105.66,996.0,51.0,78.88464286607368,171.13393688341532,157.7223678795508,103.7721557673094,130.89818910564375,78.88464286607368,0.0,0.0,0.0,0.0,0.0,0.0,0.0
2026-09-27,EP902026,61,2026-09-29 18:00:00,2 days 18:00:00,66,15.84,-106.68,991.6,50.1,86.49263548369551,176.2829319354829,182.0015428429762,129.14959242985412,131.23370407662082,86.49263548369551,0.0,0.0,0.0,0.0,0.0,0.0,0.0
2026-09-27,EP902026,61,2026-09-30 00:00:00,3 days 00:00:00,72,16.52,-107.28,994.8,47.0,85.5118892020187,191.99480298985577,198.49539956545175,142.42548214184598,161.62393399137034,0.0,0.0,0.0,0.0,0.0,0.0,0.0,0.0
2026-09-27,EP902026,61,2026-09-30 06:00:00,3 days 06:00:00,78,16.64,-107.64,993.0,50.7,72.6881127320346,168.8407309417898,159.6967921549205,119.80298455085712,138.47828654657246,72.6881127320346,23.05586995736952,17.77996475362075,22.31785911799367,0.0,0.0,0.0,0.0
2026-09-27,EP902026,61,2026-09-30 12:00:00,3 days 12:00:00,84,17.15,-108.26,985.4,63.7,35.89182867919571,134.0254955191742,137.41154282354182,87.33058739731895,88.20907979952167,48.822307209956925,41.50955326651319,20.321785522846177,29.023541090760304,0.0,0.0,0.0,0.0
2026-09-27,EP902026,61,2026-09-30 18:00:00,3 days 18:00:00,90,17.81,-108.74,989.1,62.5,47.03868172605454,144.0130199597708,174.940143027785,102.82769641706552,86.28734028376176,47.03868172605454,44.55133990699815,22.218748583037492,25.51621649861273,0.0,0.0,0.0,0.0
2026-09-27,EP902026,61,2026-10-01 00:00:00,4 days 00:00:00,96,18.02,-109.21,987.7,59.4,55.41021503995942,113.9656988107039,130.69027911859922,113.40054504093928,112.83816187073026,58.11703487299793,54.47915598581285,38.85036590829843,47.93470711261341,0.0,0.0,0.0,0.0
2026-09-27,EP902026,61,2026-10-01 06:00:00,4 days 06:00:00,102,18.11,-109.82,983.1,74.6,36.49446606318543,109.18616266341904,119.49027621673032,92.15852010633988,99.81274290888632,46.908938983642656,39.68185482066201,26.23627508651589,40.51853445484812,36.49446606318543,18.810778895380736,13.5097846520855,19.061940605850964
2026-09-27,EP902026,61,2026-10-01 12:00:00,4 days 12:00:00,108,17.97,-110.52,989.5,57.7,31.861723531392933,99.95454763677836,103.41671381359036,93.70156920761508,110.50788378775574,41.84661070633797,38.56754695285663,24.13053659755895,30.398660677076208,0.0,0.0,0.0,0.0
2026-09-27,EP902026,61,2026-10-01 18:00:00,4 days 18:00:00,114,17.69,-110.93,982.2,67.8,52.57302885273744,148.14164833623198,113.08533257217884,113.2403972040276,139.60886616893538,52.57302885273744,47.67076366306651,43.75066883668692,50.40123957303472,52.57302885273744,25.78523517039222,22.78061611121146,25.704678769990892
2026-09-27,EP902026,61,2026-10-02 00:00:00,5 days 00:00:00,120,17.7,-111.25,979.2,69.4,26.29631540703707,55.39811796044161,112.22407404395216,139.07582560903873,73.5494768435342,33.43997787878338,48.12507964878536,52.70265333721953,34.774635603437524,29.441239606020947,27.381192890217587,26.6406308940434,25.464946102364507
2026-09-27,EP902026,61,2026-10-02 06:00:00,5 days 06:00:00,126,17.73,-111.23,977.6,66.3,40.169745527518174,90.14396606722649,139.2090513087378,119.26425737770148,95.30118081072044,40.169745527518174,39.75308451499476,34.8283595481529,34.61777887825133,40.169745527518174,8.00075435598427,5.765980196434703,6.260413944939166
2026-09-27,EP902026,61,2026-10-02 12:00:00,5 days 12:00:00,132,17.69,-111.24,987.9,54.9,68.22177867441381,99.72420647969084,136.56298751021757,80.15816544096654,68.18157956910615,68.22177867441381,11.840176661513915,5.6652422243253335,5.250089055369408,0.0,0.0,0.0,0.0
2026-09-27,EP902026,61,2026-10-02 18:00:00,5 days 18:00:00,138,17.85,-111.3,994.4,46.4,94.49596847499564,170.26699016256356,173.57550764469076,159.3047475893965,159.69345355863894,0.0,0.0,0.0,0.0,0.0,0.0,0.0,0.0
2026-09-27,EP902026,61,2026-10-03 00:00:00,6 days 00:00:00,144,18.19,-111.22,998.0,45.3,48.33554600803683,151.3226714391985,142.17442856213486,106.25671896547014,134.22496645963594,0.0,0.0,0.0,0.0,0.0,0.0,0.0,0.0
2026-09-27,EP902026,61,2026-10-03 06:00:00,6 days 06:00:00,150,18.31,-111.24,998.6,42.2,65.50034020779192,255.26683581241005,247.08734413668705,232.69939342097516,220.17174445200752,0.0,0.0,0.0,0.0,0.0,0.0,0.0,0.0
2026-09-27,EP902026,61,2026-10-03 12:00:00,6 days 12:00:00,156,18.32,-111.14,994.9,44.3,69.09689285230415,220.879505407524,217.92708596612675,180.0583004504902,194.7096985472021,0.0,0.0,0.0,0.0,0.0,0.0,0.0,0.0
2026-09-27,EP902026,61,2026-10-03 18:00:00,6 days 18:00:00,162,18.56,-111.02,993.5,49.7,49.891802457251046,143.44381333860017,133.12773305845224,81.99675127763587,107.6802601417052,0.0,0.0,0.0,0.0,0.0,0.0,0.0,0.0
2026-09-27,EP902026,61,2026-10-04 00:00:00,7 days 00:00:00,168,18.97,-110.91,987.3,52.6,63.47318466928755,151.15711958024986,154.73868222967212,106.68824340235004,110.5485231915536,30.19483034062614,63.47318466928755,19.32558167801108,18.02476531789398,0.0,0.0,0.0,0.0
2026-09-27,EP902026,61,2026-10-04 06:00:00,7 days 06:00:00,174,19.3,-110.9,987.9,62.0,50.57084042127781,127.24499787470222,163.00301529979447,110.0044525424754,91.64203511936284,67.83438899164656,64.40546133596968,43.87745684246028,43.31988328041962,0.0,0.0,0.0,0.0
2026-09-27,EP902026,61,2026-10-04 12:00:00,7 days 12:00:00,180,19.69,-110.96,981.6,73.7,30.73867076709625,140.7400758741701,163.16385866416476,92.10983517196756,83.70665093333128,55.98181154025674,52.5599117391688,29.18204717302441,31.076702576486348,30.73867076709625,23.01548800481894,15.276265119601302,20.287333069849684
2026-09-27,EP902026,61,2026-10-04 18:00:00,7 days 18:00:00,186,19.88,-111.36,980.0,68.9,25.58077812934775,137.77886105882385,153.11899024944486,103.65873823300028,92.89711437055932,53.28148183500303,50.55528098288353,31.547860983896754,40.04254468312409,28.91911745111372,24.32282301930537,17.565227967611534,21.21026555917216
2026-09-27,EP902026,61,2026-10-05 00:00:00,8 days 00:00:00,192,20.39,-111.98,982.8,65.8,34.18323958545683,149.10875518941933,122.16084907049428,80.6941953457212,124.40127822415594,58.83722885085183,46.593125088730375,29.26235476290949,42.81892606042978,34.18323958545683,12.317883246469918,8.335527318496844,14.042175371901644
2026-09-27,EP902026,61,2026-10-05 06:00:00,8 days 06:00:00,198,20.29,-112.19,974.8,76.8,42.82257813780189,180.8977542773828,182.90016361696507,131.6071950593814,135.87332903365223,85.92732892127151,70.62329809034145,52.15719708376628,72.35268286069277,42.82257813780189,33.815648816319936,27.26581821355626,34.76903868728414
2026-09-27,EP902026,61,2026-10-05 12:00:00,8 days 12:00:00,204,20.4,-112.63,979.4,73.5,33.18244440057535,139.25322824451175,131.44583302411377,93.86472981711069,114.24890591340407,60.25053779594545,53.80994844582045,34.42142301906412,49.14654572120716,35.2123922574975,28.41595235645059,21.68330715429787,28.11879397709894
2026-09-27,EP902026,61,2026-10-05 18:00:00,8 days 18:00:00,210,20.64,-113.29,967.5,77.4,56.10486497310244,163.04556858676224,155.20276923114318,107.23511162186276,128.58956258221593,58.958108557992006,48.92781839192016,32.88763749872098,44.33583618622844,56.10486497310244,30.20241106618198,22.43414501624269,28.032433171015064
2026-09-27,EP902026,61,2026-10-06 00:00:00,9 days 00:00:00,216,20.94,-113.83,972.1,73.8,13.429450290863798,215.08985900082732,158.99391745513384,158.17655193110392,223.72319907570105,97.95829685470852,69.98940577423579,62.85121922800815,93.97511027754491,53.01918199902136,42.84050132963702,31.678358563247755,44.63260677830206
2026-09-27,EP902026,61,2026-10-06 06:00:00,9 days 06:00:00,222,21.21,-114.64,984.3,65.3,50.68252257039421,238.1376296277449,207.9409360686259,139.73324805896482,197.11766804037325,133.4024175349914,105.49018110858742,67.92639521789533,102.5446325729099,50.68252257039421,18.34912329392773,11.056034770432234,20.71987022519352
2026-09-27,EP902026,61,2026-10-06 12:00:00,9 days 12:00:00,228,21.43,-115.33,975.2,74.3,30.70673038925424,194.4144307334459,145.019890690634,104.68277556357648,156.3104869038752,69.54672385827169,51.421381966356094,38.56942224272733,62.32013602254721,37.34741960664138,29.213399341014725,21.32727347387296,33.70125477711109
2026-09-27,EP902026,61,2026-10-06 18:00:00,9 days 18:00:00,234,21.47,-115.99,989.8,58.3,31.485130627947267,219.15353230138223,168.59325212956037,159.15725130451324,209.586632742648,87.98130658623379,71.96285355874113,56.35078347673516,73.42682755544965,0.0,0.0,0.0,0.0
2026-09-27,EP902026,61,2026-10-07 00:00:00,10 days 00:00:00,240,21.56,-116.43,994.2,53.5,32.78603585210291,211.08640140399743,155.04695527762118,154.33522235211012,200.12680196897384,50.71611915876071,41.0214623605779,40.587886135111226,51.50283545403507,0.0,0.0,0.0,0.0
2026-09-27,EP902026,61,2026-10-07 06:00:00,10 days 06:00:00,246,21.86,-117.17,990.0,52.7,63.58712918961731,270.457096307586,205.2331636166076,155.46756959247506,235.57522191543657,63.58712918961731,29.70381816158483,15.907615626738542,31.60325080514701,0.0,0.0,0.0,0.0
2026-09-27,EP902026,61,2026-10-07 12:00:00,10 days 12:00:00,252,22.38,-117.95,992.2,52.1,49.18301711579179,201.3678032828304,135.85623470092696,112.54326486023076,178.68442723667,52.08292643414256,37.345725612163335,25.827932181255772,37.92317304433289,0.0,0.0,0.0,0.0
2026-09-27,EP902026,61,2026-10-07 18:00:00,10 days 18:00:00,258,22.32,-118.82,992.5,57.2,42.55597145071541,212.8454827252756,149.8253468858642,119.82795821038988,193.24484866598848,58.93797127814325,44.499600709389725,30.926742848367997,46.60964085018416,0.0,0.0,0.0,0.0
2026-09-27,EP902026,61,2026-10-08 00:00:00,11 days 00:00:00,264,22.34,-119.67,987.8,50.3,89.72179421967223,284.8085290901249,235.58482807011364,187.83640762906475,254.786876960183,89.72179421967223,6.366269943819191,2.840841018246412,9.676352364150912,0.0,0.0,0.0,0.0
2026-09-27,EP902026,61,2026-10-08 06:00:00,11 days 06:00:00,270,22.33,-120.35,988.9,54.0,58.98171088406478,248.7186599209728,218.06235698610493,143.748816111674,212.6834332179071,62.36981848696186,43.507909555158136,25.664067059010208,47.27084275723443,0.0,0.0,0.0,0.0
2026-09-27,EP902026,61,2026-10-08 12:00:00,11 days 12:00:00,276,22.57,-120.6,992.0,50.9,60.79409486228512,163.74202744470975,153.9742878035615,125.06998200539408,144.9270458171016,60.79409486228512,28.7004052254812,19.439996637434756,25.057003147828148,0.0,0.0,0.0,0.0
2026-09-27,EP902026,61,2026-10-08 18:00:00,11 days 18:00:00,282,22.93,-120.68,988.0,52.8,45.220147929292416,202.61945499862188,145.52567168419765,110.0280126315166,159.48862839065217,51.92512688809603,39.256453142441934,25.64452223068823,41.20012110040374,0.0,0.0,0.0,0.0
2026-09-27,EP902026,61,2026-10-09 00:00:00,12 days 00:00:00,288,23.37,-120.35,991.6,51.3,67.7717052990016,263.8337680740313,250.81225454549968,209.70392090798896,210.1048450700849,46.07623373148688,67.7717052990016,38.92053988115936,41.04031918788709,0.0,0.0,0.0,0.0
2026-09-27,EP902026,61,2026-10-09 06:00:00,12 days 06:00:00,294,24.02,-120.0,992.6,47.0,66.63906940656435,224.56670244178397,203.5132522886447,146.47625936828194,165.00392655730047,0.0,0.0,0.0,0.0,0.0,0.0,0.0,0.0
2026-09-27,EP902026,61,2026-10-09 12:00:00,12 days 12:00:00,300,24.89,-119.35,995.9,48.1,52.98327176499359,185.60493062036545,185.24165443201068,110.70019979725248,138.91019239512258,0.0,0.0,0.0,0.0,0.0,0.0,0.0,0.0
2026-09-27,EP902026,61,2026-10-09 18:00:00,12 days 18:00:00,306,25.73,-118.64,995.1,48.5,42.640474179152335,258.7093267213295,232.36797477860569,153.19232116167785,183.6025393656852,0.0,0.0,0.0,0.0,0.0,0.0,0.0,0.0
2026-09-27,EP902026,61,2026-10-10 00:00:00,13 days 00:00:00,312,26.07,-117.98,994.6,47.8,59.90458734272706,132.17919185938493,140.46631957668674,101.22035710896992,103.31612118026456,0.0,0.0,0.0,0.0,0.0,0.0,0.0,0.0
2026-09-27,EP902026,61,2026-10-10 06:00:00,13 days 06:00:00,318,26.62,-117.34,994.3,42.0,77.50250695683637,133.1048549831587,138.49256912564715,96.550725983008,126.51815568664142,0.0,0.0,0.0,0.0,0.0,0.0,0.0,0.0
2026-09-27,EP902026,61,2026-10-10 12:00:00,13 days 12:00:00,324,26.77,-116.33,996.5,42.3,98.99750119227124,156.16340639532223,163.45126106775348,114.28302666792013,125.7346442349732,0.0,0.0,0.0,0.0,0.0,0.0,0.0,0.0
2026-09-27,EP902026,61,2026-10-10 18:00:00,13 days 18:00:00,330,27.1,-115.96,1000.9,40.4,63.19802456211178,93.8536803261834,80.55526796403245,51.8634583155658,74.76501800232799,0.0,0.0,0.0,0.0,0.0,0.0,0.0,0.0
2026-09-27,EP902026,61,2026-10-11 00:00:00,14 days 00:00:00,336,26.93,-116.23,998.7,30.0,78.52668242205282,0.0,0.0,0.0,0.0,0.0,0.0,0.0,0.0,0.0,0.0,0.0,0.0
2026-09-27,EP902026,61,2026-10-11 06:00:00,14 days 06:00:00,342,26.48,-115.99,1002.6,26.2,182.66934906656604,0.0,0.0,0.0,0.0,0.0,0.0,0.0,0.0,0.0,0.0,0.0,0.0
2026-09-27,EP902026,61,2026-10-11 12:00:00,14 days 12:00:00,348,26.33,-116.05,1004.7,21.0,144.13186036786715,0.0,0.0,0.0,0.0,0.0,0.0,0.0,0.0,0.0,0.0,0.0,0.0
2026-09-27,EP902026,61,2026-10-11 18:00:00,14 days 18:00:00,354,26.05,-116.3,1005.9,24.1,99.74669308714806,0.0,0.0,0.0,0.0,0.0,0.0,0.0,0.0,0.0,0.0,0.0,0.0
2026-09-27,EP902026,61,2026-10-12 00:00:00,15 days 00:00:00,360,26.21,-116.38,1006.5,22.8,154.33528056424137,0.0,0.0,0.0,0.0,0.0,0.0,0.0,0.0,0.0,0.0,0.0,0.0
2026-09-27,WP252026,61,2026-09-27 00:00:00,0 days 00:00:00,0,24.6,127.6,964.0,89.0,22.0,102.0,121.0,102.0,93.0,,,,,,,,
2026-09-27,WP252026,61,2026-09-27 06:00:00,0 days 06:00:00,6,25.31,128.25,943.3,113.0,2.021093992221584,120.84865212621906,148.7618441157678,119.58678766204784,67.8147899272787,72.9829326462564,79.84006645707967,74.43861773799675,61.57781618146929,48.78732260238532,49.58848227463175,42.199915705192296,41.51493584848235
2026-09-27,WP252026,61,2026-09-27 12:00:00,0 days 12:00:00,12,25.89,128.7,954.2,100.9,29.62742377450743,160.91556078938396,184.3957558231162,147.1242042476983,140.79196786956305,88.49224379152925,106.04445603773894,79.48883280409004,68.94895123911112,53.74687731478888,56.23794538892298,47.31724764088084,46.57190614229357
2026-09-27,WP252026,61,2026-09-27 18:00:00,0 days 18:00:00,18,26.42,129.6,966.3,88.8,17.220045505627112,135.6631949634829,182.30066342329755,148.93456900348156,117.2151510595014,65.01439799379054,80.49151443143853,65.34079357331066,48.8928878140447,40.57754547945211,42.38860282156617,36.86983055427464,31.79488107084181
2026-09-27,WP252026,61,2026-09-28 00:00:00,1 days 00:00:00,24,26.89,130.58,964.5,87.4,34.188994894231364,183.8165052703118,232.6199385094482,181.65754441174929,131.35849076424614,69.65967535037768,96.78826709848408,72.09959491589981,45.198046771636,45.12764221059416,48.13451569690981,38.45025012032864,34.30794133895457
2026-09-27,WP252026,61,2026-09-28 06:00:00,1 days 06:00:00,30,27.11,131.31,978.0,76.6,38.79889906086603,178.10525551180731,220.5241094773368,146.23682272528697,114.65445844820596,92.49745778005531,100.1616882115104,76.26518260052458,62.7756558148367,43.61710019519208,43.97507550884377,36.51433617914,34.6124771618578
2026-09-27,WP252026,61,2026-09-28 12:00:00,1 days 12:00:00,36,27.57,132.31,978.0,76.8,21.948327477826066,166.2678971067529,183.85661950924,116.42791465840172,132.0592715204279,64.51368210909015,74.17430310874138,56.153422957972026,53.509231903718536,39.05488554035091,39.69713859553772,32.68079636354993,30.078957911720394
2026-09-27,WP252026,61,2026-09-28 18:00:00,1 days 18:00:00,42,28.29,133.0,982.5,70.5,20.86476744497206,144.46669278787166,136.45130111818077,104.71267197746724,105.65288605536372,90.16475658114526,88.62989895840042,71.68280151645993,75.39057694850877,39.14182444324203,34.81785550319885,29.733480010167277,31.3683423633547
2026-09-27,WP252026,61,2026-09-29 00:00:00,2 days 00:00:00,48,28.65,133.91,987.8,57.9,13.027777016241384,155.76517536141935,146.2153074643182,121.00700434269116,115.95982280420046,39.23854082604083,43.67404701551217,38.63358498567778,32.68634060798023,0.0,0.0,0.0,0.0
2026-09-27,WP252026,61,2026-09-29 06:00:00,2 days 06:00:00,54,29.0,135.08,990.1,56.6,20.69110065078181,118.25422238336311,141.9061463412597,154.43427605935895,131.028043659961,63.07063442846277,67.5229259992551,58.15385602937357,51.603068156455365,0.0,0.0,0.0,0.0
2026-09-27,WP252026,61,2026-09-29 12:00:00,2 days 12:00:00,60,29.12,136.02,991.7,46.6,73.74642721157275,177.3880066443895,214.47500757190107,191.0431063668056,158.795622417681,0.0,0.0,0.0,0.0,0.0,0.0,0.0,0.0
2026-09-27,WP252026,61,2026-09-29 18:00:00,2 days 18:00:00,66,29.36,137.06,993.8,45.3,52.92643139891157,137.8521638135253,168.33218656188035,147.09361689648802,127.5953773693624,0.0,0.0,0.0,0.0,0.0,0.0,0.0,0.0
2026-09-27,WP252026,61,2026-09-30 00:00:00,3 days 00:00:00,72,29.57,138.16,995.0,42.8,124.11913625721444,62.258577141280895,124.11913625721444,74.32902061604194,43.814790980766375,0.0,0.0,0.0,0.0,0.0,0.0,0.0,0.0
2026-09-27,WP252026,61,2026-09-30 06:00:00,3 days 06:00:00,78,29.94,138.75,997.4,36.8,87.58687494412737,94.89820451085583,122.4974811697056,110.63274572819064,87.69587694064971,0.0,0.0,0.0,0.0,0.0,0.0,0.0,0.0
2026-09-27,WP252026,61,2026-09-30 12:00:00,3 days 12:00:00,84,30.51,139.38,1000.0,31.1,123.93951447754807,0.0,0.0,0.0,0.0,0.0,0.0,0.0,0.0,0.0,0.0,0.0,0.0
2026-09-27,WP252026,61,2026-09-30 18:00:00,3 days 18:00:00,90,30.9,139.65,1000.9,28.1,141.41561504044512,0.0,0.0,0.0,0.0,0.0,0.0,0.0,0.0,0.0,0.0,0.0,0.0
2026-09-27,WP252026,61,2026-10-01 00:00:00,4 days 00:00:00,96,31.56,140.1,1001.7,26.6,168.23611066708594,0.0,0.0,0.0,0.0,0.0,0.0,0.0,0.0,0.0,0.0,0.0,0.0
2026-09-27,WP252026,61,2026-10-01 06:00:00,4 days 06:00:00,102,32.64,140.28,1003.3,25.3,78.56249510273972,0.0,0.0,0.0,0.0,0.0,0.0,0.0,0.0,0.0,0.0,0.0,0.0
2026-09-27,WP252026,61,2026-10-01 12:00:00,4 days 12:00:00,108,32.95,141.17,1001.6,25.2,65.15730112092683,0.0,0.0,0.0,0.0,0.0,0.0,0.0,0.0,0.0,0.0,0.0,0.0
2026-09-27,WP252026,61,2026-10-01 18:00:00,4 days 18:00:00,114,33.75,142.48,1000.8,27.2,119.58080938071498,0.0,0.0,0.0,0.0,0.0,0.0,0.0,0.0,0.0,0.0,0.0,0.0
2026-09-27,WP252026,61,2026-10-02 00:00:00,5 days 00:00:00,120,34.41,144.37,995.1,30.7,33.67057350115368,0.0,0.0,0.0,0.0,0.0,0.0,0.0,0.0,0.0,0.0,0.0,0.0
2026-09-27,WP252026,61,2026-10-02 06:00:00,5 days 06:00:00,126,34.88,147.0,1000.6,26.9,61.63109854159404,0.0,0.0,0.0,0.0,0.0,0.0,0.0,0.0,0.0,0.0,0.0,0.0
2026-09-27,AL062026,62,2026-09-27 00:00:00,0 days 00:00:00,0,29.8,-43.9,1010.0,29.0,56.0,0.0,0.0,0.0,0.0,0.0,0.0,0.0,0.0,0.0,0.0,0.0,0.0
2026-09-27,EP152026,62,2026-09-27 00:00:00,0 days 00:00:00,0,16.7,-156.1,972.0,80.0,37.0,241.0,185.0,185.0,241.0,93.0,74.0,93.0,111.0,56.0,46.0,56.0,56.0
2026-09-27,EP152026,62,2026-09-27 06:00:00,0 days 06:00:00,6,16.5,-156.83,968.1,91.9,33.49933567802955,157.0709768592946,142.04425455418829,116.15838418574968,177.6190714603699,81.9934111450201,58.8653108426048,60.037711118593776,84.90890266345627,60.14559798214086,48.28772470866784,43.867221233268886,54.84223524915226
2026-09-27,EP152026,62,2026-09-27 12:00:00,0 days 12:00:00,12,16.37,-157.61,960.4,98.8,21.417240189617043,168.61122012734808,124.69447644730909,135.68814345543277,199.42614628996455,93.23968690032464,70.09768390716974,68.29787243173418,95.2790002828258,50.58628416389493,37.86986569008688,33.48848368600432,47.16846164420071
2026-09-27,EP152026,62,2026-09-27 18:00:00,0 days 18:00:00,18,16.4,-158.74,956.3,105.0,13.48913392413823,174.41662070880045,147.1315230030648,128.52486228256595,151.27606021234442,75.73031440154932,61.81125197469322,63.46191045374383,76.5580324742628,44.44357027091618,33.99677958490676,31.477187061860747,40.68106310153621
2026-09-27,EP152026,62,2026-09-28 00:00:00,1 days 00:00:00,24,16.26,-159.88,943.4,120.9,20.216444069603085,141.8294741330625,122.3595744462537,140.45056831611157,176.16435505291645,89.48086965679673,76.07546999740897,74.54125553181052,89.20371010814794,55.18480768819411,44.56940612021417,41.23157849112832,51.56365270798055
2026-09-27,EP152026,62,2026-09-28 06:00:00,1 days 06:00:00,30,16.44,-161.05,943.4,120.9,19.17372142047018,155.8527457620053,143.93000359183245,135.30685473619232,151.74077922008257,91.20590109747675,76.18972363380374,73.69607531889054,90.2282131340487,54.14776269038709,43.31180593007066,35.838747273494526,47.69611563104392
2026-09-27,EP152026,62,2026-09-28 12:00:00,1 days 12:00:00,36,16.86,-161.86,947.3,117.5,19.46304789336835,208.7073831529126,152.78495178063912,121.6271806267092,191.48599208481969,102.90197987928876,74.38563615139286,64.87423250714997,97.19975997128024,67.09989696797982,52.83225749133514,41.31163745782587,58.39815494000245
2026-09-27,EP152026,62,2026-09-28 18:00:00,1 days 18:00:00,42,17.44,-162.88,941.4,122.3,20.71859304192172,142.50745841025082,125.46436655808716,103.67167010190894,134.89070634464994,91.73543633967536,74.80057769191404,63.20595609453261,85.27219775790735,55.85585821677287,45.32430143688356,35.772101083158134,49.09117716432388
2026-09-27,EP152026,62,2026-09-29 00:00:00,2 days 00:00:00,48,18.51,-163.46,952.9,107.7,30.39102396146781,216.14386158976677,189.7679748329776,115.88957008410354,150.60626417062227,100.4029544301708,77.06743877795782,46.83421225674559,72.85552118468235,54.1505454826684,43.86404821187024,26.56837373155773,42.4096145708221
2026-09-27,EP152026,62,2026-09-29 06:00:00,2 days 06:00:00,54,19.5,-163.95,961.4,98.0,41.93785003511186,230.2333902822932,201.60600228282985,143.71690389317274,186.2991511341827,113.99726075815845,94.50727039483024,66.12390007758317,96.66462145349692,54.46942502259343,44.80789553138428,31.47538804289144,45.51851385693378
2026-09-27,EP152026,62,2026-09-29 12:00:00,2 days 12:00:00,60,20.46,-164.03,975.9,80.2,21.181538190552097,172.45265775259912,165.44474512428883,110.25328100380544,141.68428578949616,85.89813418146989,77.55532694683815,56.385940050004,78.48084631641134,60.68613597400231,53.01764645393341,40.95545661773765,52.4599960946006
2026-09-27,EP152026,62,2026-09-29 18:00:00,2 days 18:00:00,66,21.06,-164.48,982.8,74.8,16.103431549497223,186.51058191497484,139.6648050895104,138.8051539730752,203.24628340948027,98.85694825368452,79.49834700424252,71.55365471496562,96.93225840132187,52.81514997935229,43.16069947999046,33.98797113540655,45.756549675119885
2026-09-27,EP152026,62,2026-09-30 00:00:00,3 days 00:00:00,72,21.86,-164.87,980.9,65.8,35.314382227186684,199.7856301720909,169.23938769392527,118.08624522520633,156.1564804161446,117.80342244835408,98.19025443360516,60.67024658579689,91.6939149977733,35.314382227186684,26.390927726172848,14.811362208782109,22.499802188397737
2026-09-27,EP152026,62,2026-09-30 06:00:00,3 days 06:00:00,78,22.25,-164.76,983.4,59.5,11.92456126389746,191.2844901526721,159.79638441341757,127.48124842183312,200.6120295560654,105.74928664205255,89.38709830751532,71.9271881090398,90.74011990135465,0.0,0.0,0.0,0.0
2026-09-27,EP152026,62,2026-09-30 12:00:00,3 days 12:00:00,84,22.27,-164.83,991.5,62.1,67.03903104628496,243.57589568119565,207.02687144997435,193.2870548651341,232.7611022693873,126.12125733376638,107.36314190215828,84.77701927551047,106.77665904355436,0.0,0.0,0.0,0.0
2026-09-27,EP152026,62,2026-09-30 18:00:00,3 days 18:00:00,90,22.42,-165.06,988.1,55.1,106.08193541459612,197.37027023028304,156.4135110946367,125.41490167977469,196.8552830267032,106.08193541459612,40.83029474604602,32.51020335022773,46.39144979924299,0.0,0.0,0.0,0.0
2026-09-27,EP152026,62,2026-10-01 00:00:00,4 days 00:00:00,96,22.72,-165.72,990.1,54.9,48.83217017926768,316.51419882952257,193.01530123307725,124.34563355098484,267.5502269419168,48.83217017926768,24.6282806919332,10.1490829241381,37.37996668396094,0.0,0.0,0.0,0.0
2026-09-27,EP152026,62,2026-10-01 06:00:00,4 days 06:00:00,102,22.84,-166.17,996.3,48.0,143.3405341073476,324.5864525656193,239.73343777936145,189.6696710460647,283.2366714191648,0.0,0.0,0.0,0.0,0.0,0.0,0.0,0.0
2026-09-27,EP152026,62,2026-10-01 12:00:00,4 days 12:00:00,108,23.42,-166.9,997.2,39.8,69.5696243498652,293.13126255451533,221.4408392848019,158.19620774632114,247.45164654184524,0.0,0.0,0.0,0.0,0.0,0.0,0.0,0.0
2026-09-27,EP152026,62,2026-10-01 18:00:00,4 days 18:00:00,114,24.29,-168.07,994.8,46.3,133.229611923415,223.0574127760752,188.55032876878803,139.02222006894084,186.76805911094127,0.0,0.0,0.0,0.0,0.0,0.0,0.0,0.0
2026-09-27,EP152026,62,2026-10-02 00:00:00,5 days 00:00:00,120,25.11,-169.51,994.7,43.9,113.1668334439268,163.9499951912909,97.27484607549697,63.92190214603423,128.63112759777752,0.0,0.0,0.0,0.0,0.0,0.0,0.0,0.0
2026-09-27,EP152026,62,2026-10-02 06:00:00,5 days 06:00:00,126,24.69,-170.54,992.8,44.2,47.11353644439055,155.5984493592798,121.53052789773972,104.50532429499792,148.03120717401464,0.0,0.0,0.0,0.0,0.0,0.0,0.0,0.0
2026-09-27,EP152026,62,2026-10-02 12:00:00,5 days 12:00:00,132,24.1,-171.33,995.9,45.3,122.61543016320502,212.666986467666,222.8319895507593,204.53263082611372,194.24063488910903,0.0,0.0,0.0,0.0,0.0,0.0,0.0,0.0
2026-09-27,EP152026,62,2026-10-02 18:00:00,5 days 18:00:00,138,23.83,-171.47,991.7,49.0,113.75165931270918,253.0021391125777,230.8568133318176,196.6877754866073,246.19091560955692,0.0,0.0,0.0,0.0,0.0,0.0,0.0,0.0
2026-09-27,EP152026,62,2026-10-03 00:00:00,6 days 00:00:00,144,23.56,-171.97,995.9,43.3,107.3527220104024,76.01955201576763,59.29998541677817,55.61402393431443,107.3527220104024,0.0,0.0,0.0,0.0,0.0,0.0,0.0,0.0
2026-09-27,EP152026,62,2026-10-03 06:00:00,6 days 06:00:00,150,23.14,-172.6,994.8,40.0,106.73662591968692,137.17744794469186,97.55535000512629,94.14054232623644,130.96553737972897,0.0,0.0,0.0,0.0,0.0,0.0,0.0,0.0
2026-09-27,EP152026,62,2026-10-03 12:00:00,6 days 12:00:00,156,22.46,-174.37,997.4,40.3,84.98611217425986,84.98611217425986,56.942059220448265,46.92671553572566,79.84544066464785,0.0,0.0,0.0,0.0,0.0,0.0,0.0,0.0
2026-09-27,EP152026,62,2026-10-03 18:00:00,6 days 18:00:00,162,22.07,-175.62,999.3,44.7,38.62608474057566,174.61491438308303,126.23017135793152,106.18001115806204,167.16299262379923,0.0,0.0,0.0,0.0,0.0,0.0,0.0,0.0
2026-09-27,EP152026,62,2026-10-04 00:00:00,7 days 00:00:00,168,21.73,-177.68,997.1,45.5,53.1007640609775,151.9475856219227,94.41692125449292,80.96951846731201,138.23276559107558,0.0,0.0,0.0,0.0,0.0,0.0,0.0,0.0
2026-09-27,EP152026,62,2026-10-04 06:00:00,7 days 06:00:00,174,21.5,-179.6,993.5,60.6,22.370123435014563,163.09768024815455,91.87587194666968,54.8173080779809,115.37885064367762,72.03909688573401,53.60376127742549,32.80971002440506,52.8773546915109,0.0,0.0,0.0,0.0
2026-09-27,EP152026,62,2026-10-04 12:00:00,7 days 12:00:00,180,21.56,178.68,993.0,59.2,36.31605649247891,210.50578346990005,130.20752989133638,66.55649869382347,184.23807513992483,46.24355360278439,29.511984914119395,10.115706646142373,29.863327190574687,0.0,0.0,0.0,0.0
2026-09-27,EP152026,62,2026-10-04 18:00:00,7 days 18:00:00,186,21.6,176.51,985.3,69.3,15.685830473387457,198.3634097297802,134.71311796890018,74.95979156370572,164.90673315045206,72.0471509283766,50.04291139505688,28.27804565796663,54.3213578600728,15.685830473387457,0.0,0.0,3.4836408424778824
2026-09-27,EP152026,62,2026-10-05 00:00:00,8 days 00:00:00,192,22.03,174.54,982.0,77.9,21.3028474951805,180.954860634211,128.04784934243196,77.20365995058157,144.0816400396791,79.0369621385056,54.80359655807908,28.47038712795046,61.10051703399341,32.218844828092145,23.057800653026447,14.072275060945085,24.882647570768206
2026-09-27,EP152026,62,2026-10-05 06:00:00,8 days 06:00:00,198,22.77,172.19,959.5,99.0,13.52449436167982,202.7435093908888,132.960792209369,92.30245159127654,167.23811441980345,100.88583907539746,74.13535897689204,53.268438244287005,85.64987089991072,46.13158416850796,37.15079888295127,29.57849720586061,40.04621501560311
2026-09-27,EP152026,62,2026-10-05 12:00:00,8 days 12:00:00,204,23.23,170.01,950.8,110.3,7.380568831807793,210.80486103552624,181.964435411914,103.87502878922966,158.0435769287996,83.21904360306354,61.57349812044573,45.92798215245209,64.42145597826503,42.68470495925873,36.05380225498367,24.4691007230336,34.04916668839101
2026-09-27,EP152026,62,2026-10-05 18:00:00,8 days 18:00:00,210,23.88,167.77,953.1,106.9,7.033025860399718,195.0241369411978,138.6331215969558,98.0686010968084,159.44683320895967,87.82546039699344,69.61303892308715,51.77667718189835,71.58211294658662,61.05670142527555,53.77300485851889,39.1392751236001,50.97707687497993
2026-09-27,EP152026,62,2026-10-06 00:00:00,9 days 00:00:00,216,24.96,165.13,960.2,101.2,0.4727692055415389,164.39155233011235,117.67716585550328,87.24140057254286,143.73305446683605,78.12103634105983,59.874452045436,45.15626627252656,66.72342860309381,47.38199019505898,37.8281076035645,28.31575291982042,38.58828005378826
2026-09-27,EP152026,62,2026-10-06 06:00:00,9 days 06:00:00,222,25.84,163.4,940.0,118.3,5.730297459098004,222.1205053691915,192.5212774390193,152.52195164397693,198.3240043750927,124.69176014177096,115.15066992952556,91.59684979603348,101.24343949422811,68.33115371742416,63.61389670177749,49.73150772908576,57.082837148263785
2026-09-27,EP152026,62,2026-10-06 12:00:00,9 days 12:00:00,228,27.1,161.44,947.4,112.5,12.279357875067058,185.6004338105777,127.5327916321096,109.8843787538208,177.7546720713213,102.98590505819736,91.51939566420828,69.84787818949204,85.76119540455889,68.78541721964815,60.95876235470754,48.33063306164628,57.603745327018345
2026-09-27,EP152026,62,2026-10-06 18:00:00,9 days 18:00:00,234,28.45,159.35,951.8,110.1,14.710371402623425,201.6240138515996,161.50104727913913,119.73779986877572,185.4154704807752,119.69804755867062,108.17535738950936,83.86770146885056,101.31279800052424,69.59280170559987,63.95405647441044,48.27730170997961,58.00662461579668
2026-09-27,EP152026,62,2026-10-07 00:00:00,10 days 00:00:00,240,30.05,157.86,959.5,99.8,15.878252171035598,206.61021311533693,155.1561565808246,123.0309674329767,183.58694456145145,113.51530064707164,95.64025430743914,68.07675791434144,94.0343095639186,70.10250667353097,61.05073845903237,44.0807314668277,56.927326197117
2026-09-27,EP152026,62,2026-10-07 06:00:00,10 days 06:00:00,246,31.87,156.58,964.9,90.7,1.3587935873615606,210.05356147992347,203.6430363350937,168.47202828566742,161.39998225907857,117.9354382131976,128.64374726694973,95.60149565667882,92.89473087200828,63.609191850752495,63.14562579192028,44.72378968320237,48.62400192312157
2026-09-27,EP152026,62,2026-10-07 12:00:00,10 days 12:00:00,252,33.7,156.09,976.5,79.7,24.01055184822667,158.19158593407826,168.2853229348915,109.85198419357177,98.81492785504474,82.32620197303618,90.83206197747312,62.03637297578808,63.27977092395099,59.038783738181365,55.48672978753635,43.5715753411356,47.00655736986715
2026-09-27,EP152026,62,2026-10-07 18:00:00,10 days 18:00:00,258,34.93,156.62,987.6,65.6,31.40127187368941,215.80755175360423,196.13003395998064,128.34056037066668,162.9019040808584,121.69187104811635,121.66812930047156,74.804782525333,93.18852322251038,47.60446851550138,43.8455329071909,31.614829261402875,37.64437852463704
2026-09-27,EP152026,62,2026-10-08 00:00:00,11 days 00:00:00,264,36.48,158.29,987.4,59.8,64.00938368404864,87.5170779094688,148.12087369667057,132.3870199199315,57.9941609622632,87.5170779094688,111.65260055361252,85.91082975062454,57.9941609622632,0.0,0.0,0.0,0.0
2026-09-27,EP152026,62,2026-10-08 06:00:00,11 days 06:00:00,270,37.28,160.62,988.9,54.3,59.93058063879417,157.94307601282674,220.41594899924235,138.76772098249876,94.0194605790416,63.36201232291359,78.24365883105736,51.86708010554327,41.60731839052556,0.0,0.0,0.0,0.0
2026-09-27,EP152026,62,2026-10-08 12:00:00,11 days 12:00:00,276,37.44,163.6,992.4,57.6,54.658892159461146,152.0741673750934,187.114521531922,173.06300986862112,128.00104201337186,92.08856780344291,105.9257598606263,87.7405379224601,75.02388015181799,0.0,0.0,0.0,0.0
2026-09-27,EP152026,62,2026-10-08 18:00:00,11 days 18:00:00,282,36.65,165.94,994.2,59.0,32.35016532051938,170.89857748945485,223.82453447239533,218.2270823124221,163.4904846749861,83.45453670558044,104.14903623905045,93.3356327532446,66.85787507632685,0.0,0.0,0.0,0.0
2026-09-27,EP152026,62,2026-10-09 00:00:00,12 days 00:00:00,288,35.67,168.23,990.8,51.6,63.86582330367246,188.38579532949487,242.4138484095273,252.73976840162376,189.19312301471803,82.13089097092384,97.48048607512249,87.17245088790911,68.96230448060211,0.0,0.0,0.0,0.0
2026-09-27,EP152026,62,2026-10-09 06:00:00,12 days 06:00:00,294,34.98,169.65,992.1,43.7,105.75842791083846,117.58454885064695,170.66457337279255,189.2699968917509,152.54985944808757,0.0,0.0,0.0,0.0,0.0,0.0,0.0,0.0
2026-09-27,EP152026,62,2026-10-09 12:00:00,12 days 12:00:00,300,33.74,170.78,998.7,39.2,98.87435176010734,77.91850360111039,72.7634527170066,64.19452837840437,98.87435176010734,0.0,0.0,0.0,0.0,0.0,0.0,0.0,0.0
2026-09-27,EP152026,62,2026-10-09 18:00:00,12 days 18:00:00,306,32.87,171.56,1000.9,30.7,109.48779820158754,0.0,0.0,0.0,0.0,0.0,0.0,0.0,0.0,0.0,0.0,0.0,0.0
2026-09-27,EP152026,62,2026-10-10 00:00:00,13 days 00:00:00,312,31.88,171.66,1005.4,27.1,144.37984730555854,0.0,0.0,0.0,0.0,0.0,0.0,0.0,0.0,0.0,0.0,0.0,0.0
2026-09-27,EP152026,62,2026-10-10 06:00:00,13 days 06:00:00,318,31.53,171.38,1006.5,21.1,101.93092806896053,0.0,0.0,0.0,0.0,0.0,0.0,0.0,0.0,0.0,0.0,0.0,0.0
2026-09-27,EP152026,62,2026-10-10 12:00:00,13 days 12:00:00,324,31.31,171.45,1008.3,16.8,77.44578020268057,0.0,0.0,0.0,0.0,0.0,0.0,0.0,0.0,0.0,0.0,0.0,0.0
2026-09-27,EP152026,62,2026-10-10 18:00:00,13 days 18:00:00,330,31.58,171.38,1007.3,20.3,74.58545214812929,0.0,0.0,0.0,0.0,0.0,0.0,0.0,0.0,0.0,0.0,0.0,0.0
2026-09-27,EP162026,62,2026-09-27 00:00:00,0 days 00:00:00,0,20.8,-123.6,975.0,76.0,28.0,167.0,167.0,148.0,185.0,93.0,74.0,74.0,93.0,65.0,46.0,37.0,56.0
2026-09-27,EP162026,62,2026-09-27 06:00:00,0 days 06:00:00,6,21.71,-123.25,984.3,62.8,27.36632936529839,174.7987339952537,140.63631333669022,133.1040053811788,139.5455760067078,75.99025599392598,67.43287492351266,47.2884002262285,62.59833317823343,0.0,0.0,0.0,0.0
2026-09-27,EP162026,62,2026-09-27 12:00:00,0 days 12:00:00,12,22.32,-123.16,997.7,48.6,33.63473202378977,198.35138759876176,162.90921758007542,109.41897973528827,156.59210229518345,0.0,0.0,0.0,0.0,0.0,0.0,0.0,0.0
2026-09-27,EP162026,62,2026-09-27 18:00:00,0 days 18:00:00,18,22.57,-122.69,1000.3,40.0,61.21232736420162,184.5111948450428,166.1763174223206,120.58782083515104,151.6577174079581,0.0,0.0,0.0,0.0,0.0,0.0,0.0,0.0
2026-09-27,EP162026,62,2026-09-28 00:00:00,1 days 00:00:00,24,22.85,-122.64,999.6,33.9,109.46022093420008,0.0,0.0,0.0,0.0,0.0,0.0,0.0,0.0,0.0,0.0,0.0,0.0
2026-09-27,EP162026,62,2026-09-28 06:00:00,1 days 06:00:00,30,22.85,-122.47,1002.4,29.2,79.87889905315114,0.0,0.0,0.0,0.0,0.0,0.0,0.0,0.0,0.0,0.0,0.0,0.0
2026-09-27,EP162026,62,2026-09-28 12:00:00,1 days 12:00:00,36,22.67,-122.47,1001.4,27.4,58.95806740396381,0.0,0.0,0.0,0.0,0.0,0.0,0.0,0.0,0.0,0.0,0.0,0.0
2026-09-27,EP162026,62,2026-09-28 18:00:00,1 days 18:00:00,42,22.16,-122.07,1007.5,26.1,108.27838265786406,0.0,0.0,0.0,0.0,0.0,0.0,0.0,0.0,0.0,0.0,0.0,0.0
2026-09-27,EP162026,62,2026-09-29 00:00:00,2 days 00:00:00,48,21.59,-122.26,1005.9,25.3,95.51336203121866,0.0,0.0,0.0,0.0,0.0,0.0,0.0,0.0,0.0,0.0,0.0,0.0
2026-09-27,EP162026,62,2026-09-29 06:00:00,2 days 06:00:00,54,20.87,-121.83,1008.9,22.9,99.50514441170289,0.0,0.0,0.0,0.0,0.0,0.0,0.0,0.0,0.0,0.0,0.0,0.0
2026-09-27,EP172026,62,2026-09-27 00:00:00,0 days 00:00:00,0,19.0,-112.9,946.0,111.0,28.0,259.0,185.0,167.0,185.0,111.0,111.0,93.0,93.0,65.0,65.0,46.0,56.0
2026-09-27,EP172026,62,2026-09-27 06:00:00,0 days 06:00:00,6,19.98,-113.17,950.4,114.0,40.18546275406995,154.59645565613943,147.61132559967265,120.48033414703065,87.24583021068233,74.089109505643,82.19013630546425,60.10742442236168,54.89102554468444,70.4840426763871,62.91355982818468,46.45840707137635,53.92098980387955
2026-09-27,EP172026,62,2026-09-27 12:00:00,0 days 12:00:00,12,20.83,-113.85,930.3,131.9,10.255323741579652,158.87916130490095,215.88422930424292,175.34112523860733,148.7913696760142,94.46870301364577,97.0333402893391,85.03351021450986,77.1146316714087,58.06126471719656,53.3386303914758,43.14772532239509,49.26341827633774
2026-09-27,EP172026,62,2026-09-27 18:00:00,0 days 18:00:00,18,21.86,-114.24,954.2,110.9,17.13935945560886,194.9653399878307,208.1618569436247,136.60133310905337,170.59436413688252,106.65866608324978,97.03289126697726,67.25534455424663,82.30724880154742,64.1819285943645,54.16659603772329,39.35299610772865,51.17894167580072
2026-09-27,EP172026,62,2026-09-28 00:00:00,1 days 00:00:00,24,22.79,-114.49,948.7,112.7,27.30371872125449,188.95686824497037,225.7358508116149,168.2889420273721,140.84632218758668,115.84986560476963,125.23096813457695,94.0044346212561,96.38910748027774,53.64624180694535,48.55887454789468,40.28441770042613,44.33343704497776
2026-09-27,EP172026,62,2026-09-28 06:00:00,1 days 06:00:00,30,23.93,-114.39,949.5,105.3,24.78541653253724,174.71553659789478,188.09080792882125,150.19647530859686,158.4801907730023,88.38617730671979,87.83508685965904,66.49755679998881,71.28170147808456,45.855652808044056,40.36721352384591,31.915173665218404,37.64560503494226
2026-09-27,EP172026,62,2026-09-28 12:00:00,1 days 12:00:00,36,24.79,-114.02,947.1,104.9,26.214033204194152,161.81429763027882,167.29701411343012,116.42419767025012,133.79084126565797,79.02561496144153,83.04606679410972,61.10236067570577,63.73105699726216,41.25223165323598,39.91265723386607,30.75089405312832,33.88917772984121
2026-09-27,EP172026,62,2026-09-28 18:00:00,1 days 18:00:00,42,25.42,-113.43,960.9,95.9,24.132396512097927,173.25987421784592,195.28833098546667,134.1628588939512,113.74096377688886,83.42523592881712,96.83187366769891,66.16760525500266,61.68607467153557,48.08432696827663,46.582264911626496,36.277948599285786,38.43063211201013
2026-09-27,EP172026,62,2026-09-29 00:00:00,2 days 00:00:00,48,26.71,-112.56,973.1,88.0,19.427960871845077,170.9765449005188,161.6554440592775,142.30358983318752,138.74021815517185,73.04255374875896,80.39756784677738,61.5982761676599,69.20889126605647,49.64776728495247,44.48027737437175,37.948747487273735,41.33952438514531
2026-09-27,EP172026,62,2026-09-29 06:00:00,2 days 06:00:00,54,27.68,-111.47,970.9,68.6,4.631030402373689,179.549053190592,180.16713612779375,113.39152210593866,141.32285112482094,83.54935441344,86.36698544173065,57.23164425430691,59.76810919576661,32.5048701847355,29.512909442873784,21.146627654968203,22.966880776699167
2026-09-27,EP172026,62,2026-09-29 12:00:00,2 days 12:00:00,60,28.84,-110.36,995.9,35.3,28.500000174053184,61.00685743665122,105.22261135092047,13.875124555627508,35.30941004273586,0.0,0.0,0.0,0.0,0.0,0.0,0.0,0.0
2026-09-27,EP902026,62,2026-09-27 00:00:00,0 days 00:00:00,0,12.0,-98.6,1008.0,25.0,111.0,0.0,0.0,0.0,0.0,0.0,0.0,0.0,0.0,0.0,0.0,0.0,0.0
2026-09-27,EP902026,62,2026-09-27 06:00:00,0 days 06:00:00,6,11.88,-98.23,1004.1,26.0,118.70669115297392,0.0,0.0,0.0,0.0,0.0,0.0,0.0,0.0,0.0,0.0,0.0,0.0
2026-09-27,EP902026,62,2026-09-27 12:00:00,0 days 12:00:00,12,12.02,-98.76,1002.3,30.2,132.2689232323378,0.0,0.0,0.0,0.0,0.0,0.0,0.0,0.0,0.0,0.0,0.0,0.0
2026-09-27,EP902026,62,2026-09-27 18:00:00,0 days 18:00:00,18,12.4,-99.07,1001.0,33.1,149.86479192397684,0.0,0.0,0.0,0.0,0.0,0.0,0.0,0.0,0.0,0.0,0.0,0.0
2026-09-27,EP902026,62,2026-09-28 00:00:00,1 days 00:00:00,24,12.33,-99.47,1003.6,34.1,71.39946515025244,58.814997356812434,71.39946515025244,45.161799495278295,38.8961018186713,0.0,0.0,0.0,0.0,0.0,0.0,0.0,0.0
2026-09-27,EP902026,62,2026-09-28 06:00:00,1 days 06:00:00,30,12.49,-99.99,1001.0,35.7,88.344535747652,88.344535747652,62.1862588335961,49.35657884323189,53.49496660819889,0.0,0.0,0.0,0.0,0.0,0.0,0.0,0.0
2026-09-27,EP902026,62,2026-09-28 12:00:00,1 days 12:00:00,36,12.96,-100.87,996.9,44.9,100.19479539924372,259.28235990986406,260.831254798539,198.0492757616811,207.87656895301268,0.0,0.0,0.0,0.0,0.0,0.0,0.0,0.0
2026-09-27,EP902026,62,2026-09-28 18:00:00,1 days 18:00:00,42,13.18,-101.86,1003.4,43.0,88.7934111575012,352.8743737919759,293.7975520590944,234.8015031975912,309.1632269048695,0.0,0.0,0.0,0.0,0.0,0.0,0.0,0.0
2026-09-27,EP902026,62,2026-09-29 00:00:00,2 days 00:00:00,48,13.6,-102.83,1002.2,43.2,110.90530827813816,347.24460357789167,309.1081539458364,238.93010981835647,292.1945827413287,0.0,0.0,0.0,0.0,0.0,0.0,0.0,0.0
2026-09-27,EP902026,62,2026-09-29 06:00:00,2 days 06:00:00,54,14.36,-103.75,998.1,44.8,97.4605841474238,285.3423870125914,259.34456587860933,202.65005593983017,231.86489285986383,0.0,0.0,0.0,0.0,0.0,0.0,0.0,0.0
2026-09-27,EP902026,62,2026-09-29 12:00:00,2 days 12:00:00,60,15.02,-104.83,998.7,47.1,61.48646973695485,166.65445567757305,168.6615273162061,95.26728268655896,121.37869201070704,0.0,0.0,0.0,0.0,0.0,0.0,0.0,0.0
2026-09-27,EP902026,62,2026-09-29 18:00:00,2 days 18:00:00,66,15.66,-105.49,993.2,47.3,77.41203886239998,179.2361035114039,195.48153567361695,145.36585127744178,135.33058453786646,0.0,0.0,0.0,0.0,0.0,0.0,0.0,0.0
2026-09-27,EP902026,62,2026-09-30 00:00:00,3 days 00:00:00,72,16.61,-106.01,996.3,50.9,87.0460098791558,186.1345286153617,171.18339211280238,106.3282289515584,140.54991159910082,87.0460098791558,11.39905223392843,0.0905916284376573,3.698114478174624,0.0,0.0,0.0,0.0
2026-09-27,EP902026,62,2026-09-30 06:00:00,3 days 06:00:00,78,17.61,-106.63,994.0,56.6,45.60497014693635,223.7559781588971,193.35223083143364,136.25693824866613,181.8043960249792,119.09923882423618,99.61524676546608,67.88198781375604,88.22766828849306,0.0,0.0,0.0,0.0
2026-09-27,EP902026,62,2026-09-30 12:00:00,3 days 12:00:00,84,18.1,-107.38,979.7,67.6,56.60333201081647,138.75256161554557,141.76308472771507,117.82429006742971,108.16129437214738,71.87418043559228,62.79041742166169,39.72345407232382,56.72106447615317,56.60333201081647,11.138516762689235,7.257580461797303,11.99331079402748
2026-09-27,EP902026,62,2026-09-30 18:00:00,3 days 18:00:00,90,18.66,-108.22,983.3,76.3,37.60270145592443,72.29902091755764,97.69954094963931,88.30189201729183,54.10213484587968,49.935392718846,48.07107467947725,34.60680251458307,39.220314481225216,37.60270145592443,10.891506433291058,6.982659115323131,11.082951555737075
2026-09-27,EP902026,62,2026-10-01 00:00:00,4 days 00:00:00,96,19.08,-108.54,978.9,76.8,32.870323890780824,103.29556312325391,124.01317645918584,109.90999844763196,103.03711477895769,40.55026865151764,37.666085787472966,29.590021446442435,39.25820337607175,40.55026865151764,32.77175291049208,27.56022610936722,34.146761041769835
2026-09-27,EP902026,62,2026-10-01 06:00:00,4 days 06:00:00,102,19.33,-109.26,979.8,74.8,43.76972238557971,89.21299815772352,127.2717850625495,133.5103222353166,93.26457098617789,43.76972238557971,43.76972238557971,35.83947634995047,29.878324773348425,43.76972238557971,11.132799145252662,9.695652373471788,12.923047692226277
2026-09-27,EP902026,62,2026-10-01 12:00:00,4 days 12:00:00,108,19.26,-109.55,978.6,75.2,36.52927475482417,59.52732154261054,84.47762818877908,109.32984920348248,84.6307599107605,36.52927475482417,32.54444753262676,36.52927475482417,34.29270404560745,36.52927475482417,10.06866690511226,9.812052006145189,13.055019585518416
2026-09-27,EP902026,62,2026-10-01 18:00:00,4 days 18:00:00,114,19.57,-110.07,984.3,64.4,14.584152848150111,92.5867152030633,114.24127556491516,124.32241217867607,109.01913697765684,57.55429412925395,51.74229223957366,42.77033827386877,47.27606113007158,14.584152848150111,3.3302495145122477,1.99169109476713,4.485067362574878
2026-09-27,EP902026,62,2026-10-02 00:00:00,5 days 00:00:00,120,19.55,-110.47,994.2,37.9,41.79528346998033,129.26127260319055,112.0017704780364,127.38637117440096,159.13730444984245,0.0,0.0,0.0,0.0,0.0,0.0,0.0,0.0
2026-09-27,EP902026,62,2026-10-02 06:00:00,5 days 06:00:00,126,19.77,-110.94,995.1,39.7,79.07072724094596,79.07072724094596,41.94564354638567,24.700958365075152,33.89649484670271,0.0,0.0,0.0,0.0,0.0,0.0,0.0,0.0
2026-09-27,EP902026,62,2026-10-02 12:00:00,5 days 12:00:00,132,19.44,-111.2,998.4,36.1,93.35798350456052,109.94680196238366,111.32368387643908,94.36845482252224,97.55696481700998,0.0,0.0,0.0,0.0,0.0,0.0,0.0,0.0
2026-09-27,EP902026,62,2026-10-02 18:00:00,5 days 18:00:00,138,19.49,-111.79,996.1,37.1,83.23870494441645,40.95630378310585,83.23870494441645,27.91785059811634,31.651667741103584,0.0,0.0,0.0,0.0,0.0,0.0,0.0,0.0
2026-09-27,EP902026,62,2026-10-03 00:00:00,6 days 00:00:00,144,19.72,-112.27,999.5,32.4,165.73026038142046,0.0,0.0,0.0,0.0,0.0,0.0,0.0,0.0,0.0,0.0,0.0,0.0
2026-09-27,EP902026,62,2026-10-03 06:00:00,6 days 06:00:00,150,19.94,-112.65,1002.2,24.2,72.48799733508076,0.0,0.0,0.0,0.0,0.0,0.0,0.0,0.0,0.0,0.0,0.0,0.0
2026-09-27,EP902026,62,2026-10-03 12:00:00,6 days 12:00:00,156,20.1,-113.31,1003.4,22.6,57.01827911256048,0.0,0.0,0.0,0.0,0.0,0.0,0.0,0.0,0.0,0.0,0.0,0.0
2026-09-27,EP902026,62,2026-10-03 18:00:00,6 days 18:00:00,162,20.21,-114.28,1005.0,23.1,85.60329959965823,0.0,0.0,0.0,0.0,0.0,0.0,0.0,0.0,0.0,0.0,0.0,0.0
2026-09-27,EP902026,62,2026-10-04 00:00:00,7 days 00:00:00,168,20.02,-115.72,1004.1,25.7,105.99527495140154,0.0,0.0,0.0,0.0,0.0,0.0,0.0,0.0,0.0,0.0,0.0,0.0
2026-09-27,EP902026,62,2026-10-04 06:00:00,7 days 06:00:00,174,19.69,-116.62,1003.8,25.4,56.13421153768991,0.0,0.0,0.0,0.0,0.0,0.0,0.0,0.0,0.0,0.0,0.0,0.0
2026-09-27,EP902026,62,2026-10-04 12:00:00,7 days 12:00:00,180,19.36,-117.22,1002.1,29.8,98.03502335268344,0.0,0.0,0.0,0.0,0.0,0.0,0.0,0.0,0.0,0.0,0.0,0.0
2026-09-27,EP902026,62,2026-10-04 18:00:00,7 days 18:00:00,186,19.08,-117.89,1005.4,31.3,61.73421501850091,0.0,0.0,0.0,0.0,0.0,0.0,0.0,0.0,0.0,0.0,0.0,0.0
2026-09-27,EP902026,62,2026-10-05 00:00:00,8 days 00:00:00,192,18.72,-118.12,1002.7,31.1,67.5699527011295,0.0,0.0,0.0,0.0,0.0,0.0,0.0,0.0,0.0,0.0,0.0,0.0
2026-09-27,EP902026,62,2026-10-05 06:00:00,8 days 06:00:00,198,18.76,-118.15,1001.3,31.4,53.04086692045294,0.0,0.0,0.0,0.0,0.0,0.0,0.0,0.0,0.0,0.0,0.0,0.0
2026-09-27,EP902026,62,2026-10-05 12:00:00,8 days 12:00:00,204,18.65,-118.14,1000.9,33.0,93.35955459917666,0.0,0.0,0.0,0.0,0.0,0.0,0.0,0.0,0.0,0.0,0.0,0.0
2026-09-27,EP902026,62,2026-10-05 18:00:00,8 days 18:00:00,210,18.66,-118.06,1002.0,26.8,62.60041770951938,0.0,0.0,0.0,0.0,0.0,0.0,0.0,0.0,0.0,0.0,0.0,0.0
2026-09-27,EP902026,62,2026-10-06 00:00:00,9 days 00:00:00,216,18.63,-118.05,1000.4,26.7,96.95651557348651,0.0,0.0,0.0,0.0,0.0,0.0,0.0,0.0,0.0,0.0,0.0,0.0
2026-09-27,EP902026,62,2026-10-06 06:00:00,9 days 06:00:00,222,18.61,-118.07,1000.4,26.6,137.2121549325895,0.0,0.0,0.0,0.0,0.0,0.0,0.0,0.0,0.0,0.0,0.0,0.0
2026-09-27,EP902026,62,2026-10-06 12:00:00,9 days 12:00:00,228,18.83,-118.36,1004.6,23.7,66.54481322938474,0.0,0.0,0.0,0.0,0.0,0.0,0.0,0.0,0.0,0.0,0.0,0.0
2026-09-27,EP902026,62,2026-10-06 18:00:00,9 days 18:00:00,234,18.63,-118.77,1004.5,23.2,69.26207893104785,0.0,0.0,0.0,0.0,0.0,0.0,0.0,0.0,0.0,0.0,0.0,0.0
2026-09-27,EP902026,62,2026-10-07 00:00:00,10 days 00:00:00,240,19.02,-119.28,1006.5,24.0,29.173721870881774,0.0,0.0,0.0,0.0,0.0,0.0,0.0,0.0,0.0,0.0,0.0,0.0
2026-09-27,EP902026,62,2026-10-07 06:00:00,10 days 06:00:00,246,19.19,-119.84,1001.0,40.4,48.95932575930047,30.42917092269595,27.9216117572667,24.090058726730867,48.95932575930047,0.0,0.0,0.0,0.0,0.0,0.0,0.0,0.0
2026-09-27,EP902026,62,2026-10-07 12:00:00,10 days 12:00:00,252,19.71,-119.41,1005.5,25.3,116.77205444835386,0.0,0.0,0.0,0.0,0.0,0.0,0.0,0.0,0.0,0.0,0.0,0.0
2026-09-27,EP902026,62,2026-10-07 18:00:00,10 days 18:00:00,258,20.2,-120.23,1004.8,25.3,77.16766553369533,0.0,0.0,0.0,0.0,0.0,0.0,0.0,0.0,0.0,0.0,0.0,0.0
2026-09-27,EP902026,62,2026-10-08 00:00:00,11 days 00:00:00,264,20.65,-121.0,1001.6,24.8,150.7539737969045,0.0,0.0,0.0,0.0,0.0,0.0,0.0,0.0,0.0,0.0,0.0,0.0
2026-09-27,EP902026,62,2026-10-08 06:00:00,11 days 06:00:00,270,21.08,-121.63,1005.0,29.3,64.26464441934438,0.0,0.0,0.0,0.0,0.0,0.0,0.0,0.0,0.0,0.0,0.0,0.0
2026-09-27,EP902026,62,2026-10-08 12:00:00,11 days 12:00:00,276,21.42,-122.13,1004.9,27.1,120.2099883945487,0.0,0.0,0.0,0.0,0.0,0.0,0.0,0.0,0.0,0.0,0.0,0.0
2026-09-27,EP902026,62,2026-10-08 18:00:00,11 days 18:00:00,282,21.26,-123.12,1005.2,26.4,84.35375467022732,0.0,0.0,0.0,0.0,0.0,0.0,0.0,0.0,0.0,0.0,0.0,0.0
2026-09-27,EP902026,62,2026-10-09 00:00:00,12 days 00:00:00,288,21.1,-123.53,1007.5,24.2,156.393552125926,0.0,0.0,0.0,0.0,0.0,0.0,0.0,0.0,0.0,0.0,0.0,0.0
2026-09-27,EP902026,62,2026-10-09 06:00:00,12 days 06:00:00,294,20.75,-124.35,1009.3,22.4,131.2352574169904,0.0,0.0,0.0,0.0,0.0,0.0,0.0,0.0,0.0,0.0,0.0,0.0
2026-09-27,EP902026,62,2026-10-09 12:00:00,12 days 12:00:00,300,20.45,-125.16,1008.6,21.0,86.91433661741712,0.0,0.0,0.0,0.0,0.0,0.0,0.0,0.0,0.0,0.0,0.0,0.0
2026-09-27,EP902026,62,2026-10-09 18:00:00,12 days 18:00:00,306,19.61,-126.07,1009.4,20.7,193.31916305806067,0.0,0.0,0.0,0.0,0.0,0.0,0.0,0.0,0.0,0.0,0.0,0.0
2026-09-27,EP902026,62,2026-10-10 00:00:00,13 days 00:00:00,312,19.39,-127.01,1008.7,22.2,127.17181568020222,0.0,0.0,0.0,0.0,0.0,0.0,0.0,0.0,0.0,0.0,0.0,0.0
2026-09-27,WP252026,62,2026-09-27 00:00:00,0 days 00:00:00,0,24.6,127.6,964.0,89.0,22.0,102.0,121.0,102.0,93.0,,,,,,,,
2026-09-27,WP252026,62,2026-09-27 06:00:00,0 days 06:00:00,6,25.32,128.39,941.0,110.4,18.864800665479628,121.74044735408644,140.86417606432465,101.31622438272986,99.42937020720592,82.13484084899241,91.35028371349564,68.1620396225416,61.48920091276102,53.68219747848293,53.40688465034574,42.74645436977309,42.85294944693524
2026-09-27,WP252026,62,2026-09-27 12:00:00,0 days 12:00:00,12,25.84,128.89,956.8,101.8,18.67872269222612,96.17821002064612,126.36264629245473,98.19519869467656,58.78348968748649,61.709713118817575,85.96913952134334,59.421636407562886,43.24156261937424,36.26697188842631,38.03215304528506,30.34932378608062,26.86973319636578
2026-09-27,WP252026,62,2026-09-27 18:00:00,0 days 18:00:00,18,26.5,129.67,969.1,85.8,34.944848915511784,148.36487295580287,205.9625836134496,152.04245042939675,107.3344262634728,79.7709448561225,97.5906426839354,71.74475855638966,52.60848908395121,43.90384626473542,45.76763164747604,38.62647980640667,33.68568971516617
2026-09-27,WP252026,62,2026-09-28 00:00:00,1 days 00:00:00,24,26.63,130.61,974.0,73.6,34.09609214310979,169.56002761059753,231.15881998583336,166.6218694218014,104.42389538090228,82.62537979345154,97.53105250703426,75.26622004941088,58.4165356759149,37.6507982257904,40.4818691091607,32.50587058515731,30.523054848230476
2026-09-27,WP252026,62,2026-09-28 06:00:00,1 days 06:00:00,30,27.18,131.53,969.3,78.0,23.643236888058546,165.2759443834222,234.6841295027803,207.6423307705473,131.2670189874629,90.8714929801305,117.12296054695236,104.05167383320128,67.79213228780898,56.214742865776856,63.78867392227133,55.54872908103191,44.7637285474335
2026-09-27,WP252026,62,2026-09-28 12:00:00,1 days 12:00:00,36,27.58,132.26,976.9,74.0,29.210141093402164,136.50304186666207,201.36262757012173,153.82266467894777,113.15785330050534,64.55740088843896,68.33559118102826,45.46841603268195,38.75159100289851,20.027250537731724,29.210141093402164,15.1511936565966,14.133182005001093
2026-09-27,WP252026,62,2026-09-28 18:00:00,1 days 18:00:00,42,28.09,133.22,987.2,61.3,29.17533246944899,131.37569600530327,142.98740612639074,121.64825508796214,115.36957728575965,74.09163971897397,76.32379001112652,58.67612554705384,56.84824845632327,0.0,0.0,0.0,0.0
2026-09-27,WP252026,62,2026-09-29 00:00:00,2 days 00:00:00,48,28.54,134.01,989.0,61.2,55.30808117627048,124.55780938455018,197.32434166525863,149.44833838658127,70.1383647532603,62.47546593947991,75.59705029985307,49.94522124705342,34.29636896366524,0.0,0.0,0.0,0.0
2026-09-27,WP252026,62,2026-09-29 06:00:00,2 days 06:00:00,54,28.97,134.91,991.5,52.2,50.940838061523095,120.2256989237676,162.49125647120513,118.8245465939358,102.84568512323438,6.296402111931414,7.383992064810592,50.940838061523095,1.5807920007740393,0.0,0.0,0.0,0.0
2026-09-27,WP252026,62,2026-09-29 12:00:00,2 days 12:00:00,60,29.4,135.89,991.9,43.7,35.03872386885297,184.9274427057248,206.41220052052125,186.50243213243775,168.59611491252656,0.0,0.0,0.0,0.0,0.0,0.0,0.0,0.0
2026-09-27,WP252026,62,2026-09-29 18:00:00,2 days 18:00:00,66,30.22,136.86,996.1,43.3,46.5573562009986,223.97051109340643,235.32196937358972,182.34703244646656,182.3837697472406,0.0,0.0,0.0,0.0,0.0,0.0,0.0,0.0
2026-09-27,WP252026,62,2026-09-30 00:00:00,3 days 00:00:00,72,30.63,137.98,991.3,42.6,99.09887636558636,223.42423869214596,264.4190405596016,202.3910892690253,178.549635211265,0.0,0.0,0.0,0.0,0.0,0.0,0.0,0.0
2026-09-27,WP252026,62,2026-09-30 06:00:00,3 days 06:00:00,78,31.03,139.53,990.6,45.7,81.9127893753901,105.76038030108,172.65929353561756,130.0542783815575,85.27474411578802,0.0,0.0,0.0,0.0,0.0,0.0,0.0,0.0
2026-09-27,WP252026,62,2026-09-30 12:00:00,3 days 12:00:00,84,31.91,140.41,994.2,40.0,62.8378866919112,246.6187047316548,236.25210533828863,181.3525602756104,179.22972072193377,0.0,0.0,0.0,0.0,0.0,0.0,0.0,0.0
2026-09-27,WP252026,62,2026-09-30 18:00:00,3 days 18:00:00,90,32.71,141.0,999.2,30.3,176.82566294889523,0.0,0.0,0.0,0.0,0.0,0.0,0.0,0.0,0.0,0.0,0.0,0.0
2026-09-27,WP252026,62,2026-10-01 00:00:00,4 days 00:00:00,96,33.87,141.92,997.7,36.8,82.62704050136523,36.41074998946628,82.62704050136523,1.1548662655890212,5.118146643895585,0.0,0.0,0.0,0.0,0.0,0.0,0.0,0.0
2026-09-27,WP252026,62,2026-10-01 06:00:00,4 days 06:00:00,102,35.09,143.35,996.9,31.3,115.78628584691998,0.0,0.0,0.0,0.0,0.0,0.0,0.0,0.0,0.0,0.0,0.0,0.0
2026-09-27,WP252026,62,2026-10-01 12:00:00,4 days 12:00:00,108,36.18,145.19,994.7,35.9,85.73547641859427,51.46352145100937,85.73547641859427,40.86416187180334,38.82689539917936,0.0,0.0,0.0,0.0,0.0,0.0,0.0,0.0
2026-09-27,AL062026,63,2026-09-27 00:00:00,0 days 00:00:00,0,29.8,-43.9,1010.0,29.0,56.0,0.0,0.0,0.0,0.0,0.0,0.0,0.0,0.0,0.0,0.0,0.0,0.0
2026-09-27,EP152026,63,2026-09-27 00:00:00,0 days 00:00:00,0,16.7,-156.1,972.0,80.0,37.0,241.0,185.0,185.0,241.0,93.0,74.0,93.0,111.0,56.0,46.0,56.0,56.0
2026-09-27,EP152026,63,2026-09-27 06:00:00,0 days 06:00:00,6,16.71,-156.72,969.3,83.2,55.19432176708087,163.26388041217626,147.8221462837534,138.33352512753805,172.10936143392564,79.1037939568474,73.50512958481241,64.27962133697172,77.01809500934206,55.19432176708087,37.30670301432387,32.38131621262497,39.23376415935962
2026-09-27,EP152026,63,2026-09-27 12:00:00,0 days 12:00:00,12,16.47,-157.36,966.9,86.5,39.09843898207873,208.4503414087376,122.88838499851408,108.94320456414972,217.27491868333163,106.42213860889387,67.9757887154883,55.17442266994385,104.20003180714777,54.117480172347314,40.061611934894245,31.45894343745249,45.70528516273589
2026-09-27,EP152026,63,2026-09-27 18:00:00,0 days 18:00:00,18,16.2,-158.42,963.5,94.9,15.437314521961657,222.43050723479348,156.14313276303812,116.87745093997944,218.31668133673972,98.10701726365085,70.14893774327084,65.28697965264634,95.37149232095663,60.99062543101489,49.27614882007907,41.13471751377267,53.53335719382504
2026-09-27,EP152026,63,2026-09-28 00:00:00,1 days 00:00:00,24,16.19,-159.54,960.4,100.0,24.3515989351435,207.5187375973428,166.348660928051,139.32956627990757,222.2972878544324,128.22556024791118,99.77352376349342,82.04792445676503,122.32609265788192,71.76827712622,57.94013378429037,46.36848161937755,63.55327101851964
2026-09-27,EP152026,63,2026-09-28 06:00:00,1 days 06:00:00,30,16.25,-160.41,950.4,110.7,13.047425823796829,181.27970586741696,162.17305872865836,110.57732772648026,159.54227834347614,96.11284479879885,78.3893563025047,66.35966897162372,83.60675634609794,52.01567208321538,41.13787204818979,32.80282864128759,44.292224885785686
2026-09-27,EP152026,63,2026-09-28 12:00:00,1 days 12:00:00,36,16.5,-161.41,949.7,112.7,20.598906091521755,178.12208615404248,143.3205542485219,99.9540104584018,158.88118327644418,103.47542387528924,73.88322311695713,60.12484045672534,87.91976850664696,54.46364431637434,40.45889034853563,31.76563102318277,47.5191848387315
2026-09-27,EP152026,63,2026-09-28 18:00:00,1 days 18:00:00,42,17.2,-162.2,948.1,113.8,6.319162919855671,204.70747139002745,179.86930075604414,111.0392951304043,158.57705906342926,109.79502835839868,97.2352053516588,68.56153770078458,92.32934257430496,68.24638839774866,58.994971614223005,44.70244859472905,56.71950154564411
2026-09-27,EP152026,63,2026-09-29 00:00:00,2 days 00:00:00,48,18.01,-162.96,953.5,108.4,16.127545947039142,179.80138554063302,190.7000479656496,135.1825865281516,136.09765461774452,101.47859878396982,91.74347571919309,68.70183035689821,85.29838066506034,57.17002133931823,47.083899711620816,36.63889430108649,46.377555249488736
2026-09-27,EP152026,63,2026-09-29 06:00:00,2 days 06:00:00,54,18.99,-163.54,948.9,105.2,27.32860695475024,205.60960065211785,173.4232381661531,157.2629705014682,161.5096358807799,94.40321504307023,95.20945179018602,72.65916587087398,89.19905234666348,57.6103866042379,46.68661066794999,35.72507248262556,46.931077225075725
2026-09-27,EP152026,63,2026-09-29 12:00:00,2 days 12:00:00,60,20.16,-163.76,970.0,88.0,31.923296167536336,178.211918692896,144.6901150704292,121.74143584832768,141.4880387231807,101.93979324039128,89.28513698599494,60.06130658114972,84.57530562980651,48.606203852609525,38.94116861521641,26.97265529351681,39.952642952476765
2026-09-27,EP152026,63,2026-09-29 18:00:00,2 days 18:00:00,66,20.75,-163.79,973.5,78.3,27.939176221038128,190.37290287390567,182.57772759647213,111.39600112724284,183.27811816532343,112.23213597781636,98.3562401512756,57.08685853533376,90.49907910070004,50.62927422779879,43.26505990593852,28.34901532620095,39.0200304203356
2026-09-27,EP152026,63,2026-09-30 00:00:00,3 days 00:00:00,72,21.57,-163.52,984.1,77.8,65.58591254058064,183.72633408002287,119.84264694265222,131.7233601044504,146.46157423000014,91.3001871130064,98.98034855714104,80.49270327137461,94.97779824378192,74.67144994267363,73.68239296191007,63.26234011311964,67.49363406046588
2026-09-27,EP152026,63,2026-09-30 06:00:00,3 days 06:00:00,78,21.92,-163.1,986.1,69.8,27.057564587202336,154.78435613942577,124.0558826891953,108.19609785969392,184.02069966903355,89.74592737431738,85.6365217811412,80.53378386234886,95.56885346029924,59.179017384403465,54.55405780069711,50.18137643025429,52.17438207459469
2026-09-27,EP152026,63,2026-09-30 12:00:00,3 days 12:00:00,84,21.67,-162.96,990.3,57.2,53.66657358926749,176.0407918470964,162.5520627855781,165.94960844813593,182.33687665769665,76.63839630479666,68.46313042360369,57.718554565464245,67.37756887440484,0.0,0.0,0.0,0.0
2026-09-27,EP152026,63,2026-09-30 18:00:00,3 days 18:00:00,90,21.76,-162.53,990.7,56.5,75.11803428768815,228.6983894173201,179.35698185429482,131.45268941005315,205.2401766353421,75.11803428768815,23.29395199129713,17.103745626438066,23.92078771544876,0.0,0.0,0.0,0.0
2026-09-27,EP152026,63,2026-10-01 00:00:00,4 days 00:00:00,96,22.12,-162.45,995.3,44.1,93.40380038407316,148.91612892264482,100.45154103577484,67.88796572692789,122.88668351997126,0.0,0.0,0.0,0.0,0.0,0.0,0.0,0.0
2026-09-27,EP152026,63,2026-10-01 06:00:00,4 days 06:00:00,102,22.29,-163.03,995.1,41.0,129.61609621726174,196.20135933903487,142.24051225763117,101.9577125652242,155.20170472525257,0.0,0.0,0.0,0.0,0.0,0.0,0.0,0.0
2026-09-27,EP152026,63,2026-10-01 12:00:00,4 days 12:00:00,108,22.37,-163.85,993.0,48.5,77.15397341293556,302.77308670582534,235.8151793963316,179.6922102694025,259.75886774191986,0.0,0.0,0.0,0.0,0.0,0.0,0.0,0.0
2026-09-27,EP152026,63,2026-10-01 18:00:00,4 days 18:00:00,114,22.42,-164.47,994.6,47.5,102.9385104174633,226.5503288818619,167.0680777188965,103.43381423113485,197.70151760984373,0.0,0.0,0.0,0.0,0.0,0.0,0.0,0.0
2026-09-27,EP152026,63,2026-10-02 00:00:00,5 days 00:00:00,120,22.56,-164.96,991.1,41.2,84.26107228790288,100.49138051282446,74.75809686274536,49.30760107577571,94.79819997959322,0.0,0.0,0.0,0.0,0.0,0.0,0.0,0.0
2026-09-27,EP152026,63,2026-10-02 06:00:00,5 days 06:00:00,126,23.13,-165.32,992.6,46.8,78.05900628454498,157.6536609736354,98.71468478146232,64.51412246954351,118.43669445252362,0.0,0.0,0.0,0.0,0.0,0.0,0.0,0.0
2026-09-27,EP152026,63,2026-10-02 12:00:00,5 days 12:00:00,132,23.6,-165.62,988.8,55.3,47.43221856594934,178.60143039564366,127.85013359815092,87.34094966514942,148.37575603234086,47.43221856594934,25.514517327881933,15.736794167175056,32.60856154222755,0.0,0.0,0.0,0.0
2026-09-27,EP152026,63,2026-10-02 18:00:00,5 days 18:00:00,138,23.91,-165.79,988.7,55.8,70.97550454930241,246.66304896370468,192.8972357424116,135.30699932172595,216.73728881783288,84.07463344832507,66.45957802600375,44.116718646685584,63.84930587315165,0.0,0.0,0.0,0.0
2026-09-27,EP152026,63,2026-10-03 00:00:00,6 days 00:00:00,144,23.98,-165.97,989.4,57.0,43.71369724292195,202.4090494945211,173.70706417256778,150.09206619227876,201.7148156208684,110.93063009560944,92.4638170732699,72.12934137587136,94.02615537586456,0.0,0.0,0.0,0.0
2026-09-27,EP152026,63,2026-10-03 06:00:00,6 days 06:00:00,150,23.97,-166.21,978.1,67.9,54.39283321548169,177.87276311473116,170.60463483909527,162.64191884998814,174.0141202343001,71.40111364624187,61.27585433942152,44.94425141430088,54.92633047575349,54.39283321548169,3.237780408811093,1.153155104168108,3.4853087295556278
2026-09-27,EP152026,63,2026-10-03 12:00:00,6 days 12:00:00,156,23.99,-166.31,988.9,53.3,116.26123770356163,145.381595199589,125.49429871553843,119.17301001357792,157.11201487138055,116.26123770356163,39.35357779664808,31.25668983197155,35.15046014881462,0.0,0.0,0.0,0.0
2026-09-27,EP152026,63,2026-10-03 18:00:00,6 days 18:00:00,162,23.73,-166.68,993.2,46.9,45.633881607480056,162.3113744107667,128.04931418047954,127.42716193386914,162.1388378636679,0.0,0.0,0.0,0.0,0.0,0.0,0.0,0.0
2026-09-27,EP152026,63,2026-10-04 00:00:00,7 days 00:00:00,168,23.8,-167.58,996.9,45.0,44.38447533431237,248.7244396976805,171.58285514276514,150.69044476558898,224.56403067765856,0.0,0.0,0.0,0.0,0.0,0.0,0.0,0.0
2026-09-27,EP152026,63,2026-10-04 06:00:00,7 days 06:00:00,174,23.93,-168.82,995.4,47.6,39.76009624091196,175.13440926863808,117.40417675872106,78.88059311955449,152.46236831619052,0.0,0.0,0.0,0.0,0.0,0.0,0.0,0.0
2026-09-27,EP152026,63,2026-10-04 12:00:00,7 days 12:00:00,180,23.95,-170.51,993.6,53.3,35.5755703147869,177.67642773902912,104.71931359943102,69.15535504569635,150.69732405261848,49.29949093736632,32.08857125659173,19.795242443354105,35.52001744413786,0.0,0.0,0.0,0.0
2026-09-27,EP152026,63,2026-10-04 18:00:00,7 days 18:00:00,186,23.93,-172.3,994.4,52.9,34.717251130277695,177.4497508718065,116.41820030238804,51.511286643712765,142.1430407014895,34.717251130277695,14.487268599269688,3.230939930304039,16.063980839379507,0.0,0.0,0.0,0.0
2026-09-27,EP152026,63,2026-10-05 00:00:00,8 days 00:00:00,192,24.55,-173.9,992.2,51.7,34.93631011685817,165.80055513008136,79.69845370319743,41.22186390446187,128.25486773083318,34.93631011685817,5.915339411993271,3.8531285489080265,9.420025110122989,0.0,0.0,0.0,0.0
2026-09-27,EP152026,63,2026-10-05 06:00:00,8 days 06:00:00,198,24.93,-176.01,1000.2,51.1,32.79336911577098,210.67046594831496,102.15617980161326,62.001085199211545,175.6717226792626,62.33165165467458,45.22101634132881,28.16315519193463,48.89021952758448,0.0,0.0,0.0,0.0
2026-09-27,EP152026,63,2026-10-05 12:00:00,8 days 12:00:00,204,25.52,-177.98,1003.7,46.6,61.841507227751,200.09492936277547,98.06361653083894,48.92459871452713,173.42552870598604,0.0,0.0,0.0,0.0,0.0,0.0,0.0,0.0
2026-09-27,EP152026,63,2026-10-05 18:00:00,8 days 18:00:00,210,25.81,179.9,1002.1,43.1,78.417965407302,110.23859037568324,25.18780231444948,0.8284433315625961,79.83748930462724,0.0,0.0,0.0,0.0,0.0,0.0,0.0,0.0
2026-09-27,EP152026,63,2026-10-06 00:00:00,9 days 00:00:00,216,26.34,177.82,1001.6,41.9,75.15728277431347,280.04420220418854,177.1152558353419,131.81722511764943,237.8075919094574,0.0,0.0,0.0,0.0,0.0,0.0,0.0,0.0
2026-09-27,EP152026,63,2026-10-06 06:00:00,9 days 06:00:00,222,26.64,175.74,1004.0,36.3,65.49707139153652,108.77024766514918,29.336060319932237,4.86601833360637,90.35671327403544,0.0,0.0,0.0,0.0,0.0,0.0,0.0,0.0
2026-09-27,EP152026,63,2026-10-06 12:00:00,9 days 12:00:00,228,26.66,173.37,1005.1,31.6,39.01400642363615,0.0,0.0,0.0,0.0,0.0,0.0,0.0,0.0,0.0,0.0,0.0,0.0
2026-09-27,EP152026,63,2026-10-06 18:00:00,9 days 18:00:00,234,27.56,171.41,1008.2,29.4,46.83961373299419,0.0,0.0,0.0,0.0,0.0,0.0,0.0,0.0,0.0,0.0,0.0,0.0
2026-09-27,EP152026,63,2026-10-07 00:00:00,10 days 00:00:00,240,28.26,169.09,1009.5,29.2,76.40013015494333,0.0,0.0,0.0,0.0,0.0,0.0,0.0,0.0,0.0,0.0,0.0,0.0
2026-09-27,EP152026,63,2026-10-07 06:00:00,10 days 06:00:00,246,29.29,167.77,1009.9,29.6,159.0611738014161,0.0,0.0,0.0,0.0,0.0,0.0,0.0,0.0,0.0,0.0,0.0,0.0
2026-09-27,EP152026,63,2026-10-07 12:00:00,10 days 12:00:00,252,30.78,166.39,1009.9,25.7,38.35231632068992,0.0,0.0,0.0,0.0,0.0,0.0,0.0,0.0,0.0,0.0,0.0,0.0
2026-09-27,EP152026,63,2026-10-07 18:00:00,10 days 18:00:00,258,32.29,165.4,1012.0,20.9,82.63176210686375,0.0,0.0,0.0,0.0,0.0,0.0,0.0,0.0,0.0,0.0,0.0,0.0
2026-09-27,EP152026,63,2026-10-08 00:00:00,11 days 00:00:00,264,33.91,165.35,1011.7,22.9,146.7739825644246,0.0,0.0,0.0,0.0,0.0,0.0,0.0,0.0,0.0,0.0,0.0,0.0
2026-09-27,EP162026,63,2026-09-27 00:00:00,0 days 00:00:00,0,20.8,-123.6,975.0,76.0,28.0,167.0,167.0,148.0,185.0,93.0,74.0,74.0,93.0,65.0,46.0,37.0,56.0
2026-09-27,EP162026,63,2026-09-27 06:00:00,0 days 06:00:00,6,21.6,-123.19,988.2,65.1,10.302815446311428,170.22389344851382,145.82577149409542,126.16541006064104,141.92771119185488,79.0401695101647,73.2145628682016,49.160890554231216,64.38718260683927,10.302815446311428,4.833568908388111,2.6434196709070426,5.496339047983697
2026-09-27,EP162026,63,2026-09-27 12:00:00,0 days 12:00:00,12,22.4,-123.33,995.9,55.7,69.77995139026388,203.3533411294747,150.88832928564952,110.11028304081258,161.94620353831488,69.77995139026388,9.315086538085636,2.725860911658748,11.109582052003326,0.0,0.0,0.0,0.0
2026-09-27,EP162026,63,2026-09-27 18:00:00,0 days 18:00:00,18,22.9,-123.24,997.1,48.3,42.18943177747015,164.44657597558347,128.87886443016782,99.40636984394298,146.4444756451436,0.0,0.0,0.0,0.0,0.0,0.0,0.0,0.0
2026-09-27,EP162026,63,2026-09-28 00:00:00,1 days 00:00:00,24,23.03,-123.13,1000.0,36.2,59.26097211647086,59.26097211647086,45.4820298674126,34.97867756418584,44.14871530182829,0.0,0.0,0.0,0.0,0.0,0.0,0.0,0.0
2026-09-27,EP162026,63,2026-09-28 06:00:00,1 days 06:00:00,30,23.17,-122.92,1000.2,30.1,81.10769946372758,0.0,0.0,0.0,0.0,0.0,0.0,0.0,0.0,0.0,0.0,0.0,0.0
2026-09-27,EP162026,63,2026-09-28 12:00:00,1 days 12:00:00,36,22.96,-122.65,1001.0,29.5,99.2712558016956,0.0,0.0,0.0,0.0,0.0,0.0,0.0,0.0,0.0,0.0,0.0,0.0
2026-09-27,EP162026,63,2026-09-28 18:00:00,1 days 18:00:00,42,22.64,-122.07,1003.3,26.4,116.058485547779,0.0,0.0,0.0,0.0,0.0,0.0,0.0,0.0,0.0,0.0,0.0,0.0
2026-09-27,EP162026,63,2026-09-29 00:00:00,2 days 00:00:00,48,22.24,-121.57,1007.1,21.1,80.19538306337104,0.0,0.0,0.0,0.0,0.0,0.0,0.0,0.0,0.0,0.0,0.0,0.0
2026-09-27,EP162026,63,2026-09-29 06:00:00,2 days 06:00:00,54,21.43,-121.32,1008.5,21.6,112.19327571983192,0.0,0.0,0.0,0.0,0.0,0.0,0.0,0.0,0.0,0.0,0.0,0.0
2026-09-27,EP162026,63,2026-09-29 12:00:00,2 days 12:00:00,60,20.67,-121.09,1007.9,22.2,121.57223660687714,0.0,0.0,0.0,0.0,0.0,0.0,0.0,0.0,0.0,0.0,0.0,0.0
2026-09-27,EP162026,63,2026-09-29 18:00:00,2 days 18:00:00,66,20.18,-120.91,1006.5,21.2,67.3740419830533,0.0,0.0,0.0,0.0,0.0,0.0,0.0,0.0,0.0,0.0,0.0,0.0
2026-09-27,EP172026,63,2026-09-27 00:00:00,0 days 00:00:00,0,19.0,-112.9,946.0,111.0,28.0,259.0,185.0,167.0,185.0,111.0,111.0,93.0,93.0,65.0,65.0,46.0,56.0
2026-09-27,EP172026,63,2026-09-27 06:00:00,0 days 06:00:00,6,20.02,-113.34,941.0,119.0,19.091646824324062,204.39648212986785,226.09800933275665,201.05837347907,154.1030291667623,105.27520982027642,110.65982933594076,91.27008987538608,90.88622259012736,72.35021883595189,70.91062664902937,56.57810069223584,58.80437276032672
2026-09-27,EP172026,63,2026-09-27 12:00:00,0 days 12:00:00,12,20.85,-113.72,944.5,118.8,26.230307294789043,211.88407683873663,211.58602652855643,134.9270828518505,168.92594782925653,112.26581624706546,115.62607159379172,81.96469331552413,90.2467980661931,73.64430577889493,66.95473839012973,51.98916057437728,58.434678616176654
2026-09-27,EP172026,63,2026-09-27 18:00:00,0 days 18:00:00,18,21.94,-113.95,949.5,112.1,24.67594666363949,176.9802985903208,214.88519792437293,203.6454274483329,143.08473671880222,109.21505665154056,132.3473008782214,109.52924787018426,94.43967104252869,73.82059777035037,75.34397036808306,60.661719548562246,59.57097032372275
2026-09-27,EP172026,63,2026-09-28 00:00:00,1 days 00:00:00,24,23.14,-113.85,950.0,106.5,26.13155915896023,163.14098179292705,217.04314319581775,158.14568522254598,123.5701399064697,102.0776908388998,114.7142627147613,89.73192755323873,76.97107868250191,64.58559284980748,63.26681200021439,47.56922042211573,50.73174796793376
2026-09-27,EP172026,63,2026-09-28 06:00:00,1 days 06:00:00,30,23.99,-113.6,942.9,120.6,14.504994017914123,203.1446413327533,234.40953815012776,155.8982498941812,136.65302574957394,111.26789425131216,116.54162322424756,81.02644677685294,86.96184807601682,72.52463627805368,65.87484870009246,49.50054771672882,57.70794595150398
2026-09-27,EP172026,63,2026-09-28 12:00:00,1 days 12:00:00,36,24.77,-113.27,961.4,96.9,55.5355258866265,159.37458265266386,134.56512372970167,114.33730536746798,112.71912045528398,90.306620878542,92.21601539885508,64.8763084734001,57.79885687090992,59.34596767027856,59.04853669021007,43.78234793955976,45.5128263928605
2026-09-27,EP172026,63,2026-09-28 18:00:00,1 days 18:00:00,42,25.82,-112.68,958.2,99.5,30.761732121509624,131.7108977130016,160.89771742827247,151.58936181578247,117.10844983115066,74.98928033403513,86.75230056842497,75.12266660102375,50.58925558335011,60.82637429233501,64.54984702938481,51.03934722986611,47.8689769406642
2026-09-27,EP172026,63,2026-09-29 00:00:00,2 days 00:00:00,48,26.55,-111.74,973.2,79.8,66.42542196585337,147.45886130311058,151.9081099813585,84.45122955335695,86.38700016629471,54.41201501226773,78.85895509183001,57.9100611338885,42.23625720299084,32.942108539524256,66.42542196585337,30.85505466456872,25.922359466910795
2026-09-27,EP172026,63,2026-09-29 06:00:00,2 days 06:00:00,54,27.78,-110.93,983.1,62.6,31.72995786177117,102.8472521597549,124.71393018572952,78.25527363760854,68.68098182203332,34.17428572809959,34.95401565210443,20.904437962777884,18.141183536555403,0.0,0.0,0.0,0.0
2026-09-27,EP172026,63,2026-09-29 12:00:00,2 days 12:00:00,60,29.25,-109.88,1001.2,36.4,48.32837395791387,19.797077310936334,48.32837395791387,3.0109356701278718,35.0010726912099,0.0,0.0,0.0,0.0,0.0,0.0,0.0,0.0
2026-09-27,EP902026,63,2026-09-27 00:00:00,0 days 00:00:00,0,12.0,-98.6,1008.0,25.0,111.0,0.0,0.0,0.0,0.0,0.0,0.0,0.0,0.0,0.0,0.0,0.0,0.0
2026-09-27,EP902026,63,2026-09-27 06:00:00,0 days 06:00:00,6,11.84,-98.18,1002.6,25.0,64.40490884355728,0.0,0.0,0.0,0.0,0.0,0.0,0.0,0.0,0.0,0.0,0.0,0.0
2026-09-27,EP902026,63,2026-09-27 12:00:00,0 days 12:00:00,12,12.06,-98.5,1003.8,33.3,123.92519746463137,0.0,0.0,0.0,0.0,0.0,0.0,0.0,0.0,0.0,0.0,0.0,0.0
2026-09-27,EP902026,63,2026-09-27 18:00:00,0 days 18:00:00,18,12.41,-98.83,1002.9,34.5,144.4419085110393,144.4419085110393,13.39018906605518,0.0,6.791323550568791,0.0,0.0,0.0,0.0,0.0,0.0,0.0,0.0
2026-09-27,EP902026,63,2026-09-28 00:00:00,1 days 00:00:00,24,12.44,-99.16,1002.0,37.6,136.1199592799877,136.1199592799877,28.89104745415698,4.489163298930496,13.606794733845906,0.0,0.0,0.0,0.0,0.0,0.0,0.0,0.0
2026-09-27,EP902026,63,2026-09-28 06:00:00,1 days 06:00:00,30,12.44,-99.59,1006.1,37.6,154.77149622305797,520.9767158028337,467.02633360981895,415.55355602168913,472.3745821474939,0.0,0.0,0.0,0.0,0.0,0.0,0.0,0.0
2026-09-27,EP902026,63,2026-09-28 12:00:00,1 days 12:00:00,36,12.81,-100.57,1000.8,42.4,70.18119420634105,283.1778640472121,249.87532456924083,243.5563276335188,270.8933329103872,0.0,0.0,0.0,0.0,0.0,0.0,0.0,0.0
2026-09-27,EP902026,63,2026-09-28 18:00:00,1 days 18:00:00,42,13.29,-101.85,1000.6,52.2,60.90521959512678,203.2334757622904,169.6775159506874,98.1392214390738,150.00992737390834,60.90521959512678,12.287704623203318,0.9472395192694862,3.445994147656051,0.0,0.0,0.0,0.0
2026-09-27,EP902026,63,2026-09-29 00:00:00,2 days 00:00:00,48,13.86,-103.03,1001.6,48.1,71.6865116419367,294.3233115539515,263.43863604002763,195.17027326661992,252.204775559283,0.0,0.0,0.0,0.0,0.0,0.0,0.0,0.0
2026-09-27,EP902026,63,2026-09-29 06:00:00,2 days 06:00:00,54,14.04,-104.34,992.6,51.1,68.92098082878474,134.51740141319883,124.12917657203676,74.05501566086757,102.80913038188912,7.058863176102157,68.92098082878474,2.039922523669067,2.079906911965621,0.0,0.0,0.0,0.0
2026-09-27,EP902026,63,2026-09-29 12:00:00,2 days 12:00:00,60,14.75,-105.3,991.5,58.1,79.9004303257704,187.2486270108917,160.66757227485977,117.26799104608544,163.0370029358554,79.9004303257704,47.84275218221982,29.26974765159519,43.860018628802,0.0,0.0,0.0,0.0
2026-09-27,EP902026,63,2026-09-29 18:00:00,2 days 18:00:00,66,15.3,-106.17,989.7,64.1,33.363516503060794,158.65970932399682,162.11532579008053,181.94829973071452,159.44844523113488,117.65109050797264,109.42757951611644,85.12974098493646,97.8085507012986,33.363516503060794,4.8000514844452695,2.4806296270831574,6.443095738673407
2026-09-27,EP902026,63,2026-09-30 00:00:00,3 days 00:00:00,72,15.8,-106.86,982.5,62.8,60.135810129207385,149.56011630635396,168.18162853071738,148.6168941734697,120.95270386153555,75.65885824751979,78.57431694141809,55.06102988542352,56.75711851034805,0.0,0.0,0.0,0.0
2026-09-27,EP902026,63,2026-09-30 06:00:00,3 days 06:00:00,78,16.75,-107.81,982.9,73.2,32.006056681556515,201.71548391592452,169.1833405586383,102.6581931975719,148.32738283393817,85.19959953141256,73.80475393189056,44.13569670830731,64.28792593521041,48.51382064335621,39.45368608371013,30.446704184411686,39.2844593454854
2026-09-27,EP902026,63,2026-09-30 12:00:00,3 days 12:00:00,84,17.25,-108.65,979.3,65.4,54.82037414597622,237.1513473961284,236.23323226029865,167.44982680563314,191.52605212992245,95.35108425229583,88.81080461688543,61.05668579550717,70.65162738747229,54.82037414597622,0.0,0.0,0.0
2026-09-27,EP902026,63,2026-09-30 18:00:00,3 days 18:00:00,90,18.15,-109.34,987.1,65.3,26.95917322054437,156.10347819387425,172.31515340917997,134.8327797080105,126.8686715150302,76.01745782310604,75.27226518835496,51.46773283235872,62.8098879733929,26.95917322054437,22.22757346077148,16.858520990775173,21.099200869027825
2026-09-27,EP902026,63,2026-10-01 00:00:00,4 days 00:00:00,96,18.37,-110.14,989.2,59.6,35.524941114945705,159.8752177123879,174.14797467031713,112.4004311689032,129.2445604779905,54.728908003303786,42.913563521348806,22.365249536003148,34.41005373403277,0.0,0.0,0.0,0.0
2026-09-27,EP902026,63,2026-10-01 06:00:00,4 days 06:00:00,102,18.32,-110.59,985.9,63.9,47.14833971169536,123.80798993966842,149.7939095459406,107.53814875176415,110.017269561933,47.14833971169536,40.51661189601949,26.355949990978168,30.17726586771768,0.0,0.0,0.0,0.0
2026-09-27,EP902026,63,2026-10-01 12:00:00,4 days 12:00:00,108,18.35,-111.1,983.3,57.2,61.03550547422617,122.92773868067763,140.669135918056,95.76619307772796,88.94961467663575,61.03550547422617,33.62810952543471,21.549471031629707,28.738361662147557,0.0,0.0,0.0,0.0
2026-09-27,EP902026,63,2026-10-01 18:00:00,4 days 18:00:00,114,18.29,-111.25,990.9,55.3,56.127829809244,201.7116191498814,179.89529251539227,152.81989571618047,172.4881480614218,77.22102630537724,67.63529904539726,50.15351948849415,59.95184123803543,0.0,0.0,0.0,0.0
2026-09-27,EP902026,63,2026-10-02 00:00:00,5 days 00:00:00,120,18.35,-111.52,992.3,48.5,62.865549806270565,129.20521465787073,127.39680118522156,81.62608393846043,109.53990849904665,0.0,0.0,0.0,0.0,0.0,0.0,0.0,0.0
2026-09-27,EP902026,63,2026-10-02 06:00:00,5 days 06:00:00,126,18.09,-111.75,995.4,43.4,66.7202723851216,89.65533119626548,98.9119774119755,71.5331242363767,69.80640780177436,0.0,0.0,0.0,0.0,0.0,0.0,0.0,0.0
2026-09-27,EP902026,63,2026-10-02 12:00:00,5 days 12:00:00,132,18.27,-111.76,990.9,47.3,68.59963178634098,137.20941110380812,175.76370336933542,151.10217164192704,121.12931006504056,0.0,0.0,0.0,0.0,0.0,0.0,0.0,0.0
2026-09-27,EP902026,63,2026-10-02 18:00:00,5 days 18:00:00,138,18.49,-111.77,989.8,52.2,46.04795390310488,151.85731683092737,124.91689815914135,108.44208644324074,134.30213732759074,74.64193986901975,65.34676303438158,44.94671611743007,57.24508682024932,0.0,0.0,0.0,0.0
2026-09-27,EP902026,63,2026-10-03 00:00:00,6 days 00:00:00,144,18.32,-112.06,992.9,52.3,61.8784778978564,122.36219976039882,119.20670301862674,86.42980080644382,105.818123684245,61.8784778978564,14.71510608018573,7.824715701905266,12.006846129612155,0.0,0.0,0.0,0.0
2026-09-27,EP902026,63,2026-10-03 06:00:00,6 days 06:00:00,150,18.5,-112.18,987.7,55.3,43.850837543856656,95.50175378000232,80.75483052698763,81.99499760917911,101.48045682798823,3.811059145515708,6.403639883273182,43.850837543856656,3.093411817690358,0.0,0.0,0.0,0.0
2026-09-27,EP902026,63,2026-10-03 12:00:00,6 days 12:00:00,156,18.41,-111.97,984.3,63.6,33.29933579057618,97.6119298597111,109.34139924409304,109.97663147555896,104.68187832315454,44.11501396783402,47.77443340442926,41.71679690400137,41.05380654223393,0.0,0.0,0.0,0.0
2026-09-27,EP902026,63,2026-10-03 18:00:00,6 days 18:00:00,162,18.6,-112.07,996.1,50.6,44.18198893711951,115.85009811863632,114.07531863282134,86.78005639870867,95.33426883252343,44.18198893711951,35.00391839692833,24.08321337356591,30.58647746497644,0.0,0.0,0.0,0.0
2026-09-27,EP902026,63,2026-10-04 00:00:00,7 days 00:00:00,168,18.62,-111.77,993.0,54.4,48.8019956875562,158.8526225947087,142.2106931890571,89.010092119538,110.71641922615004,48.8019956875562,36.12456621475698,20.997938758135305,19.39502975870512,0.0,0.0,0.0,0.0
2026-09-27,EP902026,63,2026-10-04 06:00:00,7 days 06:00:00,174,18.88,-111.68,988.3,56.3,38.91003717172396,142.42117434742502,134.73727228250303,89.91213058923846,107.1917573087328,51.84353035230105,46.93288593155867,28.792925257871996,35.91824681035757,0.0,0.0,0.0,0.0
2026-09-27,EP902026,63,2026-10-04 12:00:00,7 days 12:00:00,180,19.11,-111.74,989.1,55.4,56.26865352919586,147.89811846631778,160.42810263106333,117.63921137778368,115.1371093380708,82.71699802413053,73.67097482717287,46.18274499504639,59.3809326911325,0.0,0.0,0.0,0.0
2026-09-27,EP902026,63,2026-10-04 18:00:00,7 days 18:00:00,186,19.4,-111.89,985.3,62.5,32.09506316328437,135.9336794887919,152.68412747896687,127.21926820580929,102.21974931503952,67.37493067462879,67.67149031944625,50.11201520691891,50.99563723894784,0.0,0.0,0.0,0.0
2026-09-27,EP902026,63,2026-10-05 00:00:00,8 days 00:00:00,192,19.79,-112.12,980.8,66.4,32.784730679189494,120.07148511795748,160.91404633923344,117.00666849425086,93.19456741241812,62.167937074685895,59.09036272235063,37.66176026682204,43.53354139618094,32.784730679189494,18.84006686135553,12.774992007603077,16.87930833556623
2026-09-27,EP902026,63,2026-10-05 06:00:00,8 days 06:00:00,198,19.99,-112.48,981.3,65.6,24.57121317351689,145.91811443598516,130.0396743514788,83.22675134270949,103.59626470889134,47.96450743235973,31.175701828820745,16.822003159233052,34.82941434267781,26.49923636423944,17.722848586023307,10.711922981499091,19.38845348622788
2026-09-27,EP902026,63,2026-10-05 12:00:00,8 days 12:00:00,204,20.36,-113.19,981.2,65.7,44.03037011790862,204.0534910019355,153.65519880053242,95.12833656371409,138.86066761791443,73.31025186999034,58.240318845719386,32.107193756394025,56.51126487770874,44.30366690807426,34.07957114516379,22.95284714444417,34.916264095735606
2026-09-27,EP902026,63,2026-10-05 18:00:00,8 days 18:00:00,210,20.41,-113.66,974.7,75.6,28.704293670443437,200.7340987201889,162.44892881987272,118.04700626631214,155.03637714574216,68.94674753065169,52.588129757943534,36.60994705821012,60.27709655238801,36.53430764483771,24.93178723971912,16.8484440803206,28.201409329524928
2026-09-27,EP902026,63,2026-10-06 00:00:00,9 days 00:00:00,216,20.61,-114.22,976.0,66.8,51.05147821021342,191.6114066383052,172.6648563941642,131.75999223487997,173.4731743147861,87.02949763040556,73.4895951203871,54.16368796706746,71.51732227160096,51.05147821021342,20.115959137254634,14.015016138390806,22.900977558541143
2026-09-27,EP902026,63,2026-10-06 06:00:00,9 days 06:00:00,222,20.76,-114.79,984.1,64.5,36.83823271175123,128.01612262082745,136.04172995428416,126.815072124812,132.07723716984844,54.40091159760985,44.02759331304544,33.605829241295226,42.63153695391914,36.83823271175123,0.3068600733493483,0.0,0.9824577804435588
2026-09-27,EP902026,63,2026-10-06 12:00:00,9 days 12:00:00,228,20.56,-115.18,984.1,63.8,64.10014856349882,164.0981274940637,129.79579200905832,111.59166070648918,173.0059587344482,70.58000954911321,55.63069846763571,36.5405877860019,56.45691802673184,0.0,0.0,0.0,0.0
2026-09-27,EP902026,63,2026-10-06 18:00:00,9 days 18:00:00,234,20.68,-115.89,988.1,58.4,27.219608106552077,162.5965388380578,160.6724661473321,145.39455824393903,169.9344001209412,60.20287466903415,53.01614794373312,39.09071637812754,47.57619012881296,0.0,0.0,0.0,0.0
2026-09-27,EP902026,63,2026-10-07 00:00:00,10 days 00:00:00,240,20.59,-116.61,986.6,56.7,21.67486731426128,157.48177450164312,125.94919237536796,156.42850193505453,168.95245542472378,113.287073228405,92.62119026555764,78.19288901935705,101.32956700863872,0.0,0.0,0.0,0.0
2026-09-27,EP902026,63,2026-10-07 06:00:00,10 days 06:00:00,246,20.85,-117.23,990.6,61.5,53.29169977038144,176.06678105130052,129.4130332130375,117.065802643357,166.04821209821625,75.86626419863798,64.47893366371464,43.43215829759539,55.61836262845641,0.0,0.0,0.0,0.0
2026-09-27,EP902026,63,2026-10-07 12:00:00,10 days 12:00:00,252,20.98,-117.85,988.2,60.6,38.99537586901711,140.26620324668497,105.43803191473924,146.70550949965565,173.51409719828104,95.47362113979396,76.06519338853178,66.03750225580202,93.4627940113782,0.0,0.0,0.0,0.0
2026-09-27,EP902026,63,2026-10-07 18:00:00,10 days 18:00:00,258,21.12,-118.59,982.3,67.3,35.97642944429084,150.72000570481694,114.52986848270548,114.16785578364372,128.67244045585255,68.19520410562652,62.09180361559373,41.80193548349944,56.80360090548532,35.97642944429084,20.63891028049098,13.913936455766343,21.879655618081905
2026-09-27,EP902026,63,2026-10-08 00:00:00,11 days 00:00:00,264,21.55,-119.19,974.1,72.9,45.439386151598775,197.5260856670967,173.70969544551588,158.0877976381902,178.9265236332038,89.75734324654195,66.77237541129419,62.01061175999962,79.64492131235082,45.439386151598775,35.18225043036418,26.454915318545176,37.64157078671764
2026-09-27,EP902026,63,2026-10-08 06:00:00,11 days 06:00:00,270,21.74,-119.87,980.7,70.1,32.89295355516677,149.42492899768263,90.36547258667989,112.52218905050762,148.66466063436522,83.31770240604678,70.55655941932514,50.77137789812616,78.18529816108605,47.85082486398319,36.8575916127972,26.457992882739227,38.89063379536577
2026-09-27,EP902026,63,2026-10-08 12:00:00,11 days 12:00:00,276,21.84,-120.35,982.7,64.3,25.719382124329343,93.67825302933494,85.10626553231197,101.0115829017384,94.16356286835168,47.64699231822763,44.45325287637763,42.62002485638115,40.60566654881629,25.719382124329343,17.2946134794148,13.660632467480212,18.036856269711837
2026-09-27,EP902026,63,2026-10-08 18:00:00,11 days 18:00:00,282,22.11,-120.41,987.6,61.1,40.805059227881,98.31759851684257,108.4881067989695,112.6319286843011,96.51399918072173,84.23190964991079,79.53693244888848,62.98213566053374,72.50394113229808,0.0,0.0,0.0,0.0
2026-09-27,EP902026,63,2026-10-09 00:00:00,12 days 00:00:00,288,22.41,-120.53,995.6,51.6,32.02389857993656,169.23341371151707,117.83744078941857,121.4275759118703,158.51345175596197,12.261705749213274,12.505994692681984,8.973864919543121,32.02389857993656,0.0,0.0,0.0,0.0
2026-09-27,EP902026,63,2026-10-09 06:00:00,12 days 06:00:00,294,22.65,-120.45,993.0,44.5,50.92088621766543,89.64484131819749,81.9594358414812,63.92495369998452,71.26768377992808,0.0,0.0,0.0,0.0,0.0,0.0,0.0,0.0
2026-09-27,EP902026,63,2026-10-09 12:00:00,12 days 12:00:00,300,22.54,-120.45,999.5,38.1,56.34701661545076,27.40355471758076,18.10929197704302,56.34701661545076,27.922357488179014,0.0,0.0,0.0,0.0,0.0,0.0,0.0,0.0
2026-09-27,EP902026,63,2026-10-09 18:00:00,12 days 18:00:00,306,22.64,-119.98,998.2,38.6,41.34544332770148,97.32091569499512,94.35061736182357,70.0553227643523,80.31393191888269,0.0,0.0,0.0,0.0,0.0,0.0,0.0,0.0
2026-09-27,EP902026,63,2026-10-10 00:00:00,13 days 00:00:00,312,22.57,-119.93,996.1,36.8,79.06795515433964,2.9124508217322926,79.06795515433964,9.802855703783408,3.057395342542278,0.0,0.0,0.0,0.0,0.0,0.0,0.0,0.0
2026-09-27,EP902026,63,2026-10-10 06:00:00,13 days 06:00:00,318,22.44,-119.52,999.9,32.4,81.64732070805721,0.0,0.0,0.0,0.0,0.0,0.0,0.0,0.0,0.0,0.0,0.0,0.0
2026-09-27,EP902026,63,2026-10-10 12:00:00,13 days 12:00:00,324,22.35,-119.37,1000.3,30.3,71.98361331054508,0.0,0.0,0.0,0.0,0.0,0.0,0.0,0.0,0.0,0.0,0.0,0.0
2026-09-27,EP902026,63,2026-10-10 18:00:00,13 days 18:00:00,330,21.83,-119.4,1003.8,23.2,84.81434219716789,0.0,0.0,0.0,0.0,0.0,0.0,0.0,0.0,0.0,0.0,0.0,0.0
2026-09-27,EP902026,63,2026-10-11 00:00:00,14 days 00:00:00,336,21.42,-120.04,1005.5,24.8,69.93368942463528,0.0,0.0,0.0,0.0,0.0,0.0,0.0,0.0,0.0,0.0,0.0,0.0
2026-09-27,EP902026,63,2026-10-11 06:00:00,14 days 06:00:00,342,21.17,-120.29,1006.2,22.7,110.65267842857952,0.0,0.0,0.0,0.0,0.0,0.0,0.0,0.0,0.0,0.0,0.0,0.0
2026-09-27,EP902026,63,2026-10-11 12:00:00,14 days 12:00:00,348,20.97,-121.09,1004.5,20.6,127.75180714516569,0.0,0.0,0.0,0.0,0.0,0.0,0.0,0.0,0.0,0.0,0.0,0.0
2026-09-27,EP902026,63,2026-10-11 18:00:00,14 days 18:00:00,354,20.7,-122.05,1005.5,23.7,70.11209442114091,0.0,0.0,0.0,0.0,0.0,0.0,0.0,0.0,0.0,0.0,0.0,0.0
2026-09-27,EP902026,63,2026-10-12 00:00:00,15 days 00:00:00,360,20.44,-122.61,1005.7,19.0,81.05158665674047,0.0,0.0,0.0,0.0,0.0,0.0,0.0,0.0,0.0,0.0,0.0,0.0
2026-09-27,WP252026,63,2026-09-27 00:00:00,0 days 00:00:00,0,24.6,127.6,964.0,89.0,22.0,102.0,121.0,102.0,93.0,,,,,,,,
2026-09-27,WP252026,63,2026-09-27 06:00:00,0 days 06:00:00,6,25.31,128.14,957.7,93.2,18.877874879293564,129.9758081692461,168.6263510498598,126.86038182010648,93.66299838754952,68.34677431390466,74.90613709037652,57.05756090887039,48.16019273832501,41.028390258508026,41.08335422713614,31.405118134652717,30.515905956018244
2026-09-27,WP252026,63,2026-09-27 12:00:00,0 days 12:00:00,12,25.86,128.91,956.3,100.9,24.87121866588728,107.53783279561324,154.63370570515423,118.06724634716014,63.285934066721865,42.58870830729843,65.97140579140937,59.133266146498734,33.9213295786105,38.57922559436655,41.24613245960008,37.412398349804505,31.14587608702904
2026-09-27,WP252026,63,2026-09-27 18:00:00,0 days 18:00:00,18,26.18,129.74,959.2,96.8,28.084172149055483,100.44494738054368,160.23318069910894,133.14075016913455,72.24850580580478,61.36104603968808,78.96494664679469,63.71204789782737,46.91889976465156,42.83376739702832,45.21177399314798,40.0316067415939,34.2472860300234
2026-09-27,WP252026,63,2026-09-28 00:00:00,1 days 00:00:00,24,26.51,130.64,963.2,90.9,50.344150392991466,154.19527977466643,162.5715931994084,138.11897626809986,111.20052844577305,79.65082088335046,99.00847984245782,84.11747641663258,61.060850751500375,58.61925679307244,64.47663046852051,53.01430955905505,45.713830088393486
2026-09-27,WP252026,63,2026-09-28 06:00:00,1 days 06:00:00,30,27.08,131.74,981.5,67.9,29.100766954376503,124.432035396128,102.2217089056839,100.046553260321,89.94077845964479,83.54781188915291,102.2217089056839,79.84624152640019,62.60100071227866,27.96300795243255,34.523718445683286,28.12655844506758,21.78475469653512
2026-09-27,WP252026,63,2026-09-28 12:00:00,1 days 12:00:00,36,27.44,132.41,985.8,62.9,26.590168057591825,165.3010333612373,162.82818344810136,139.69413290310888,129.74679438105358,98.48342441156264,99.61407769316176,73.30418661261099,72.09219796426655,0.0,0.0,0.0,0.0
2026-09-27,WP252026,63,2026-09-28 18:00:00,1 days 18:00:00,42,27.82,133.04,995.6,48.7,25.85862262363094,200.9411270376961,196.6023676815435,141.02103834432887,151.95947875975102,0.0,0.0,0.0,0.0,0.0,0.0,0.0,0.0
2026-09-27,WP252026,63,2026-09-29 00:00:00,2 days 00:00:00,48,28.2,133.79,995.6,47.5,31.25117583663165,143.6687714195833,154.38546290284222,107.225861987891,110.0346710993318,0.0,0.0,0.0,0.0,0.0,0.0,0.0,0.0
2026-09-27,WP252026,63,2026-09-29 06:00:00,2 days 06:00:00,54,28.8,134.78,996.2,47.1,48.60406503343224,55.61172719614381,75.72611188580792,54.95972996233751,43.74850679677089,0.0,0.0,0.0,0.0,0.0,0.0,0.0,0.0
2026-09-27,WP252026,63,2026-09-29 12:00:00,2 days 12:00:00,60,29.01,136.05,998.4,43.4,102.93712336504392,235.4431746267425,292.3566491182552,211.90961350622257,186.1231961186384,0.0,0.0,0.0,0.0,0.0,0.0,0.0,0.0
2026-09-27,WP252026,63,2026-09-29 18:00:00,2 days 18:00:00,66,29.44,136.6,996.9,44.9,44.01745526542054,188.9391521284876,214.4880999449954,168.1832642688281,163.33060341312148,0.0,0.0,0.0,0.0,0.0,0.0,0.0,0.0
2026-09-27,WP252026,63,2026-09-30 00:00:00,3 days 00:00:00,72,29.56,137.48,990.9,43.0,94.67726517611764,97.7181871967795,131.62527253956767,105.84248444725507,79.23700237200077,0.0,0.0,0.0,0.0,0.0,0.0,0.0,0.0
2026-09-27,WP252026,63,2026-09-30 06:00:00,3 days 06:00:00,78,30.29,138.31,992.0,36.2,135.0927540817306,0.0,135.0927540817306,0.0,0.0,0.0,0.0,0.0,0.0,0.0,0.0,0.0,0.0
2026-09-27,WP252026,63,2026-09-30 12:00:00,3 days 12:00:00,84,30.73,138.93,996.3,29.6,54.017307070323,0.0,0.0,0.0,0.0,0.0,0.0,0.0,0.0,0.0,0.0,0.0,0.0
2026-09-27,WP252026,63,2026-09-30 18:00:00,3 days 18:00:00,90,31.27,139.66,997.4,35.9,81.4192409939156,45.327740694248746,81.4192409939156,44.04346429681837,31.62782999631841,0.0,0.0,0.0,0.0,0.0,0.0,0.0,0.0
2026-09-27,WP252026,63,2026-10-01 00:00:00,4 days 00:00:00,96,32.17,140.66,1001.1,34.7,87.10042725110327,18.692280113756183,87.10042725110327,0.3319598409167099,0.0,0.0,0.0,0.0,0.0,0.0,0.0,0.0,0.0
2026-09-27,WP252026,63,2026-10-01 06:00:00,4 days 06:00:00,102,33.65,142.08,998.8,35.1,91.95504042101857,27.435092694673955,91.95504042101857,7.589989418123167,0.0,0.0,0.0,0.0,0.0,0.0,0.0,0.0,0.0
2026-09-27,WP252026,63,2026-10-01 12:00:00,4 days 12:00:00,108,35.16,144.1,1002.5,31.8,92.37690237829707,0.0,0.0,0.0,0.0,0.0,0.0,0.0,0.0,0.0,0.0,0.0,0.0
2026-09-27,AL062026,7,2026-09-27 00:00:00,0 days 00:00:00,0,29.8,-43.9,1010.0,29.0,56.0,0.0,0.0,0.0,0.0,0.0,0.0,0.0,0.0,0.0,0.0,0.0,0.0
2026-09-27,AL062026,7,2026-09-27 06:00:00,0 days 06:00:00,6,29.67,-43.99,1012.5,22.4,64.86350675830403,0.0,0.0,0.0,0.0,0.0,0.0,0.0,0.0,0.0,0.0,0.0,0.0
2026-09-27,AL062026,7,2026-09-27 12:00:00,0 days 12:00:00,12,29.36,-44.16,1011.4,25.4,91.382922645142,0.0,0.0,0.0,0.0,0.0,0.0,0.0,0.0,0.0,0.0,0.0,0.0
2026-09-27,AL062026,7,2026-09-27 18:00:00,0 days 18:00:00,18,28.85,-44.33,1009.7,19.5,155.41981989595013,0.0,0.0,0.0,0.0,0.0,0.0,0.0,0.0,0.0,0.0,0.0,0.0
2026-09-27,AL062026,7,2026-09-28 00:00:00,1 days 00:00:00,24,28.59,-43.89,1012.2,23.9,111.76686540241042,0.0,0.0,0.0,0.0,0.0,0.0,0.0,0.0,0.0,0.0,0.0,0.0
2026-09-27,AL062026,7,2026-09-28 06:00:00,1 days 06:00:00,30,28.02,-44.04,1010.7,29.4,78.58268563870223,0.0,0.0,0.0,0.0,0.0,0.0,0.0,0.0,0.0,0.0,0.0,0.0
2026-09-27,AL062026,7,2026-09-28 12:00:00,1 days 12:00:00,36,27.22,-45.38,1010.1,28.6,108.65427052755834,0.0,0.0,0.0,0.0,0.0,0.0,0.0,0.0,0.0,0.0,0.0,0.0
2026-09-27,AL062026,7,2026-09-28 18:00:00,1 days 18:00:00,42,26.42,-45.39,1012.0,23.5,146.6350902935403,0.0,0.0,0.0,0.0,0.0,0.0,0.0,0.0,0.0,0.0,0.0,0.0
2026-09-27,EP152026,7,2026-09-27 00:00:00,0 days 00:00:00,0,16.7,-156.1,972.0,80.0,37.0,241.0,185.0,185.0,241.0,93.0,74.0,93.0,111.0,56.0,46.0,56.0,56.0
2026-09-27,EP152026,7,2026-09-27 06:00:00,0 days 06:00:00,6,16.52,-157.03,967.4,90.7,53.976166069671294,223.18835371764837,167.9507878390254,142.25732903673145,203.9446001693313,97.20060376405814,71.03405660309596,65.15453971592952,92.0724263697933,53.976166069671294,35.264396330803464,31.488282989324077,42.75127853804256
2026-09-27,EP152026,7,2026-09-27 12:00:00,0 days 12:00:00,12,16.27,-157.62,962.0,105.1,19.9773496189962,200.58673288914505,137.06753590847455,159.81709916082173,211.25707565093344,107.2040947625366,82.72714547255117,75.29389789039078,106.2237723022071,58.52429520559737,48.71174314812845,41.51362715095139,55.50726258975317
2026-09-27,EP152026,7,2026-09-27 18:00:00,0 days 18:00:00,18,16.23,-158.91,942.2,120.7,0.0,263.1011852670533,182.64764665663884,179.8931998874193,263.6848271211348,120.74153397412542,96.08087751157338,90.13464287491294,117.43178067391092,72.8991455553867,62.55642837670724,55.71763614035203,65.90123127822538
2026-09-27,EP152026,7,2026-09-28 00:00:00,1 days 00:00:00,24,15.94,-159.61,936.2,121.8,16.991606956988846,138.0000805907892,116.34490572990066,143.34735045842058,106.8978902838936,75.53980220752283,76.0092500842731,70.96341680572088,80.73978339842208,53.10952531269132,42.54592764387648,35.08422160247608,48.60356629365977
2026-09-27,EP152026,7,2026-09-28 06:00:00,1 days 06:00:00,30,16.16,-160.63,942.7,123.6,37.27591877409877,137.51447768527848,143.05443543736945,139.54861171867572,135.74399857927023,92.9695247820809,81.83879875816805,75.69369914622979,91.78955934913648,62.443954429479504,52.80429135151064,45.6437544336402,58.41020642757288
2026-09-27,EP152026,7,2026-09-28 12:00:00,1 days 12:00:00,36,16.53,-161.52,942.5,121.9,34.76187349456298,165.31237394257138,140.03160310267816,126.69833165579529,139.34551184672108,93.260654615786,77.56794979866842,65.50444301830771,89.99247925457476,54.00000927108273,44.28087419399196,36.07730081313365,50.38187953315665
2026-09-27,EP152026,7,2026-09-28 18:00:00,1 days 18:00:00,42,16.96,-162.72,940.0,120.0,9.439023393917193,192.00299069671772,186.04182150634583,125.4505016494829,151.52355777916245,100.9013244737776,79.14387201359152,63.49350303746783,87.64177270059515,50.70666074661656,41.39866041880961,31.252788943313508,44.761078634344464
2026-09-27,EP152026,7,2026-09-29 00:00:00,2 days 00:00:00,48,17.22,-163.15,947.7,120.7,9.026189102625793,147.9007539272978,114.4100778356564,131.12691183707005,127.72225756721268,84.92234341582213,69.67344754509088,63.525810282079945,77.40671904978765,47.94591279346659,38.41820416558694,29.193846474509527,41.5761678575752
2026-09-27,EP152026,7,2026-09-29 06:00:00,2 days 06:00:00,54,18.4,-163.78,948.0,111.2,25.27149307464738,174.96722494229357,151.14909924048646,124.94954928899298,142.86008976526358,82.53888428541177,73.5374084026077,58.067857399802165,65.88775879075294,44.46939036084754,40.29368346557298,33.17275083629062,37.44808449512141
2026-09-27,EP152026,7,2026-09-29 12:00:00,2 days 12:00:00,60,19.0,-163.93,952.7,105.1,0.4061825259037022,225.16853063813195,204.2905812230545,145.44867877283545,176.155507698915,127.13873586007192,115.3078984289752,81.2725995319384,98.50288198879406,65.78688383278526,59.058704203306846,45.19429900817664,53.1381087444479
2026-09-27,EP152026,7,2026-09-29 18:00:00,2 days 18:00:00,66,19.54,-164.06,971.3,79.5,32.38627849049453,196.4817931275604,172.56211535482325,113.03765141145496,141.72067910704732,98.06103350393798,87.0352572795797,62.079918299548346,65.56351453242539,54.544864859384674,51.65303796842853,40.22055213373904,45.00006913433813
2026-09-27,EP152026,7,2026-09-30 00:00:00,3 days 00:00:00,72,20.28,-163.98,974.3,73.6,44.05049141698088,171.08310151285934,86.04105742661795,96.17971498501308,157.1159464374224,88.46669860462472,78.99104215930434,60.83633466015943,77.03763014382548,43.0651440715401,44.05049141698088,34.91457013351363,37.55501213006214
2026-09-27,EP152026,7,2026-09-30 06:00:00,3 days 06:00:00,78,20.93,-163.21,978.5,77.1,35.804373612224744,272.5818220886961,221.43997515454657,191.90105695816584,228.8766646173861,141.46862021509477,125.46687899787835,95.66954510314751,115.33123650218717,65.54716992846096,61.1784035451937,50.31603202693833,55.21926604230832
2026-09-27,EP152026,7,2026-09-30 12:00:00,3 days 12:00:00,84,21.3,-162.86,984.9,66.7,30.139426361509507,140.0246725093482,167.8503867792905,107.1123154554539,126.36746332506516,89.38896236311292,87.14893064844173,56.97951753835345,70.46013506265864,30.139426361509507,6.420386787322739,0.4256597926234663,2.77680418012561
2026-09-27,EP152026,7,2026-09-30 18:00:00,3 days 18:00:00,90,21.4,-162.6,985.0,60.8,76.72642287086177,250.9447360362582,193.8617246611085,196.10255231420035,255.5266649331381,134.7599540162309,111.98973902184548,89.58395936915932,117.78531262643364,0.0,0.0,0.0,0.0
2026-09-27,EP152026,7,2026-10-01 00:00:00,4 days 00:00:00,96,21.5,-162.53,991.3,57.9,49.894135856486784,227.03613529736677,188.04879902177532,166.82047550886804,195.60731852385533,77.93116764004021,67.91719663452751,51.66895443575319,63.34050386691456,0.0,0.0,0.0,0.0
2026-09-27,EP152026,7,2026-10-01 06:00:00,4 days 06:00:00,102,21.7,-162.82,985.3,53.3,72.13227624577755,244.47650822630965,206.3294060236301,195.18134804104525,233.6969245132973,90.09583053979205,81.18180000665181,63.68225923360088,72.0946390239834,0.0,0.0,0.0,0.0
2026-09-27,EP152026,7,2026-10-01 12:00:00,4 days 12:00:00,108,22.28,-163.57,989.0,51.7,93.623096628781,309.1784489146846,227.56382063699323,186.39976806217052,250.59428503255845,107.00961572687515,84.2061863987883,65.97948366491525,86.45944784509618,0.0,0.0,0.0,0.0
2026-09-27,EP152026,7,2026-10-01 18:00:00,4 days 18:00:00,114,22.31,-164.4,991.0,50.4,113.76871415702976,259.771017322161,221.87024350725392,182.1762845167937,223.96402453237212,113.76871415702976,19.40470561930749,15.12954624831042,18.1154456841864,0.0,0.0,0.0,0.0
2026-09-27,EP152026,7,2026-10-02 00:00:00,5 days 00:00:00,120,22.18,-164.71,994.2,46.9,88.46230434326716,250.7663501482135,211.13658086927256,203.1330911139764,247.5220715966828,0.0,0.0,0.0,0.0,0.0,0.0,0.0,0.0
2026-09-27,EP152026,7,2026-10-02 06:00:00,5 days 06:00:00,126,22.32,-165.09,989.2,48.1,95.03976527856148,345.2096000674444,267.39924958425,232.91208560579463,332.9319598986079,0.0,0.0,0.0,0.0,0.0,0.0,0.0,0.0
2026-09-27,EP152026,7,2026-10-02 12:00:00,5 days 12:00:00,132,22.67,-165.35,987.6,54.9,50.66203461328348,287.1640109984585,233.54860610081528,196.69535982695535,255.57467003890724,134.51908900269336,115.81193930723748,90.55090298208984,111.95177953241068,0.0,0.0,0.0,0.0
2026-09-27,EP152026,7,2026-10-02 18:00:00,5 days 18:00:00,138,22.98,-165.77,986.8,53.2,82.79008169976726,242.57749157105545,208.25629986345345,146.42131569636612,216.14430231319284,82.79008169976726,44.76872461371494,31.89135459035684,43.94832937120964,0.0,0.0,0.0,0.0
2026-09-27,EP152026,7,2026-10-03 00:00:00,6 days 00:00:00,144,22.98,-166.5,984.4,61.3,42.01277903978335,198.73564806041293,151.2670582687833,124.68433858018211,196.1293473206012,105.4269136142094,79.53060660836778,64.38773505874522,93.1315577453354,0.0,0.0,0.0,0.0
2026-09-27,EP152026,7,2026-10-03 06:00:00,6 days 06:00:00,150,23.02,-167.72,984.0,58.8,29.739446790360525,241.81495792449192,185.7160039086588,118.690935665486,194.77054925765796,46.52859289335471,27.860704866629927,15.897233588586772,33.46260425409015,0.0,0.0,0.0,0.0
2026-09-27,EP152026,7,2026-10-03 12:00:00,6 days 12:00:00,156,23.12,-169.01,991.1,65.2,43.01165499310432,150.82613042475506,82.94779075839259,94.59006722835184,169.53635734387967,91.61922828316514,69.15409413326987,50.746415601606586,73.02826052458502,43.01165499310432,0.0,0.0,4.400183057471355
2026-09-27,EP152026,7,2026-10-03 18:00:00,6 days 18:00:00,162,23.31,-170.65,991.9,57.4,49.74592012463539,294.22155333288504,209.28854953360795,141.91538661841048,238.5142174553748,50.50425516490506,31.27209682211653,22.658596930062576,37.055781122644376,0.0,0.0,0.0,0.0
2026-09-27,EP152026,7,2026-10-04 00:00:00,7 days 00:00:00,168,23.73,-172.74,989.1,67.4,37.39103214798617,251.60813157796295,172.78862857403485,147.15620582094178,262.823660107281,118.46387632950923,95.12701979196868,77.81124578578923,109.58942303819065,48.71260987460917,40.18937808334572,32.508673458677166,42.616530804817074
2026-09-27,EP152026,7,2026-10-04 06:00:00,7 days 06:00:00,174,23.68,-175.01,988.9,60.1,27.62988962630008,216.86118161437457,156.75400588206867,114.01005880922033,216.59971713341585,107.42227534133438,82.77957819832548,59.35762663682908,86.65439901368173,0.0,0.0,0.0,0.0
2026-09-27,EP152026,7,2026-10-04 12:00:00,7 days 12:00:00,180,24.09,-177.12,983.9,75.8,45.14586264671162,255.1988203549078,235.1553970600457,181.899446121574,237.46034494478056,141.08472972078914,116.90372355134072,88.6461680431297,115.84631685329424,66.32087171859517,54.34950060964495,43.392641186872766,54.15087441250802
2026-09-27,EP152026,7,2026-10-04 18:00:00,7 days 18:00:00,186,24.69,-178.58,986.8,62.3,32.580653988051544,202.01462550713808,134.97223913691462,77.75522152144231,160.6624494966796,90.3847664193799,65.14409210197667,37.36458099597911,65.77835889478277,0.0,0.0,0.0,0.0
2026-09-27,EP152026,7,2026-10-05 00:00:00,8 days 00:00:00,192,25.26,-179.87,990.9,57.8,19.27444256251273,187.93402551903432,117.7760677684864,78.19638256621819,189.08616161850057,99.35420436318704,75.47027380792507,44.773513325686736,78.53205984131569,0.0,0.0,0.0,0.0
2026-09-27,EP152026,7,2026-10-05 06:00:00,8 days 06:00:00,198,25.9,178.57,993.7,52.8,49.73450677899211,158.7324769110271,91.51818404424068,51.60987543907362,147.3745245008929,62.35177846074117,44.834490173772224,25.39079311323951,44.15063634336343,0.0,0.0,0.0,0.0
2026-09-27,EP152026,7,2026-10-05 12:00:00,8 days 12:00:00,204,27.16,177.12,995.2,48.6,52.77242530613591,247.09599966130048,141.27048764592533,79.0511335757817,186.79286933890523,0.0,0.0,0.0,0.0,0.0,0.0,0.0,0.0
2026-09-27,EP152026,7,2026-10-05 18:00:00,8 days 18:00:00,210,28.21,175.86,995.0,48.4,70.6595358978874,176.71449751141336,118.09058104417592,54.36214205407625,110.7893684429721,0.0,0.0,0.0,0.0,0.0,0.0,0.0,0.0
2026-09-27,EP152026,7,2026-10-06 00:00:00,9 days 00:00:00,216,29.26,174.68,997.4,49.9,49.686322680779824,179.9355683702728,148.46629159045472,95.49607991038192,139.46520562285377,0.0,0.0,0.0,0.0,0.0,0.0,0.0,0.0
2026-09-27,EP152026,7,2026-10-06 06:00:00,9 days 06:00:00,222,30.6,173.92,1001.3,43.6,101.86739825934788,101.86739825934788,74.3694231282698,53.44588484273969,52.16583403829385,0.0,0.0,0.0,0.0,0.0,0.0,0.0,0.0
2026-09-27,EP152026,7,2026-10-06 12:00:00,9 days 12:00:00,228,31.8,173.27,1002.1,45.4,67.89897550482593,128.21913540959915,100.0190995273568,48.61961909772904,50.72175505523053,0.0,0.0,0.0,0.0,0.0,0.0,0.0,0.0
2026-09-27,EP152026,7,2026-10-06 18:00:00,9 days 18:00:00,234,33.05,173.12,994.4,46.4,88.44935476872331,156.39491784164437,151.88342063901916,106.19940914768938,124.54595643373884,0.0,0.0,0.0,0.0,0.0,0.0,0.0,0.0
2026-09-27,EP152026,7,2026-10-07 00:00:00,10 days 00:00:00,240,34.47,173.64,994.9,42.7,19.261205133586486,97.78273032927484,104.79775483911952,66.16308087657268,59.87716006801509,0.0,0.0,0.0,0.0,0.0,0.0,0.0,0.0
2026-09-27,EP152026,7,2026-10-07 06:00:00,10 days 06:00:00,246,35.59,174.35,995.8,51.9,52.26968718954648,124.11716312098912,173.0327514678052,98.70606384892218,80.45459471766097,82.74437271445716,83.28100562092405,53.33512052880502,61.03129547493005,0.0,0.0,0.0,0.0
2026-09-27,EP152026,7,2026-10-07 12:00:00,10 days 12:00:00,252,36.36,176.0,992.6,51.2,43.74592588495193,173.4046889119645,234.95524315889543,171.07795575520367,166.7081965664065,121.52937697879474,136.04606311442262,105.88777321864312,97.36451219776984,0.0,0.0,0.0,0.0
2026-09-27,EP152026,7,2026-10-07 18:00:00,10 days 18:00:00,258,37.46,177.94,991.7,52.4,58.48738827603257,202.8251753128025,240.7793318028893,183.58176799851188,166.61691389665702,58.72391726419416,61.38040148809188,42.76034936135233,35.91646642922573,0.0,0.0,0.0,0.0
2026-09-27,EP152026,7,2026-10-08 00:00:00,11 days 00:00:00,264,38.47,-179.93,985.9,51.3,78.76925268138183,148.80369922448358,214.7639775291541,148.70467314620726,122.15355019697996,25.51865320466584,78.76925268138183,20.40778986150636,14.785563074560828,0.0,0.0,0.0,0.0
2026-09-27,EP152026,7,2026-10-08 06:00:00,11 days 06:00:00,270,39.36,-177.1,984.9,54.5,13.485601632305602,185.5481543160216,247.58786306389976,181.96476168839135,120.26226439305064,24.334904302138355,32.6953041299321,12.869253607949709,12.83756272878476,0.0,0.0,0.0,0.0
2026-09-27,EP152026,7,2026-10-08 12:00:00,11 days 12:00:00,276,40.01,-173.89,994.8,46.8,72.64928552754627,300.5299052614636,364.7028457131182,291.7285886620664,216.7159594048096,0.0,0.0,0.0,0.0,0.0,0.0,0.0,0.0
2026-09-27,EP152026,7,2026-10-08 18:00:00,11 days 18:00:00,282,40.5,-170.76,989.7,46.0,172.56675489180088,401.82471872215865,457.0397039868958,371.5686204324156,322.7123280201349,0.0,0.0,0.0,0.0,0.0,0.0,0.0,0.0
2026-09-27,EP152026,7,2026-10-09 00:00:00,12 days 00:00:00,288,41.18,-167.56,984.2,57.6,86.32766665388544,201.20207104570815,258.14902527627146,186.46450425770217,154.0541189523417,31.93622075386679,86.32766665388544,33.45555722120429,28.028257813647087,0.0,0.0,0.0,0.0
2026-09-27,EP152026,7,2026-10-09 06:00:00,12 days 06:00:00,294,41.17,-163.45,991.5,47.3,183.6858855520832,208.25967379771555,282.26066858375066,203.97554707964832,152.34196725857146,0.0,0.0,0.0,0.0,0.0,0.0,0.0,0.0
2026-09-27,EP162026,7,2026-09-27 00:00:00,0 days 00:00:00,0,20.8,-123.6,975.0,76.0,28.0,167.0,167.0,148.0,185.0,93.0,74.0,74.0,93.0,65.0,46.0,37.0,56.0
2026-09-27,EP162026,7,2026-09-27 06:00:00,0 days 06:00:00,6,21.69,-123.18,988.7,60.0,26.356375608925195,167.62836233682089,118.98403049463629,77.0604223846708,135.0941639268832,68.29296883814348,56.66290648616744,33.506911809727946,47.36660248132614,0.0,0.0,0.0,0.0
2026-09-27,EP162026,7,2026-09-27 12:00:00,0 days 12:00:00,12,22.18,-123.29,996.6,47.2,35.2195690051929,171.9155178646635,137.48432320094108,72.64313720732888,119.2590124171528,0.0,0.0,0.0,0.0,0.0,0.0,0.0,0.0
2026-09-27,EP162026,7,2026-09-27 18:00:00,0 days 18:00:00,18,22.34,-123.23,1000.2,38.7,97.5101399610669,102.28068230667316,103.00805949719016,86.37992482829361,84.33074082352096,0.0,0.0,0.0,0.0,0.0,0.0,0.0,0.0
2026-09-27,EP162026,7,2026-09-28 00:00:00,1 days 00:00:00,24,22.41,-123.44,1000.5,32.1,66.31230890444355,0.0,0.0,0.0,0.0,0.0,0.0,0.0,0.0,0.0,0.0,0.0,0.0
2026-09-27,EP162026,7,2026-09-28 06:00:00,1 days 06:00:00,30,22.3,-123.28,1005.0,26.9,76.82717352535849,0.0,0.0,0.0,0.0,0.0,0.0,0.0,0.0,0.0,0.0,0.0,0.0
2026-09-27,EP162026,7,2026-09-28 12:00:00,1 days 12:00:00,36,22.21,-122.83,1004.4,29.4,91.50828658177946,0.0,0.0,0.0,0.0,0.0,0.0,0.0,0.0,0.0,0.0,0.0,0.0
2026-09-27,EP162026,7,2026-09-28 18:00:00,1 days 18:00:00,42,22.01,-122.72,1002.4,30.7,87.91929691938952,0.0,0.0,0.0,0.0,0.0,0.0,0.0,0.0,0.0,0.0,0.0,0.0
2026-09-27,EP162026,7,2026-09-29 00:00:00,2 days 00:00:00,48,21.37,-122.81,1003.5,28.0,117.2811974925352,0.0,0.0,0.0,0.0,0.0,0.0,0.0,0.0,0.0,0.0,0.0,0.0
2026-09-27,EP162026,7,2026-09-29 06:00:00,2 days 06:00:00,54,20.76,-123.16,1004.2,23.3,124.80061190936924,0.0,0.0,0.0,0.0,0.0,0.0,0.0,0.0,0.0,0.0,0.0,0.0
2026-09-27,EP162026,7,2026-09-29 12:00:00,2 days 12:00:00,60,20.28,-123.18,1007.8,20.5,89.86281601649054,0.0,0.0,0.0,0.0,0.0,0.0,0.0,0.0,0.0,0.0,0.0,0.0
2026-09-27,EP162026,7,2026-09-29 18:00:00,2 days 18:00:00,66,19.77,-123.6,1005.1,24.3,79.81351569206771,0.0,0.0,0.0,0.0,0.0,0.0,0.0,0.0,0.0,0.0,0.0,0.0
2026-09-27,EP162026,7,2026-09-30 00:00:00,3 days 00:00:00,72,19.68,-124.01,1005.2,26.2,111.02816883273084,0.0,0.0,0.0,0.0,0.0,0.0,0.0,0.0,0.0,0.0,0.0,0.0
2026-09-27,EP162026,7,2026-09-30 06:00:00,3 days 06:00:00,78,19.63,-124.69,1006.3,21.3,93.46336111662757,0.0,0.0,0.0,0.0,0.0,0.0,0.0,0.0,0.0,0.0,0.0,0.0
2026-09-27,EP162026,7,2026-09-30 12:00:00,3 days 12:00:00,84,19.39,-125.56,1009.3,19.2,73.24847054158842,0.0,0.0,0.0,0.0,0.0,0.0,0.0,0.0,0.0,0.0,0.0,0.0
2026-09-27,EP172026,7,2026-09-27 00:00:00,0 days 00:00:00,0,19.0,-112.9,946.0,111.0,28.0,259.0,185.0,167.0,185.0,111.0,111.0,93.0,93.0,65.0,65.0,46.0,56.0
2026-09-27,EP172026,7,2026-09-27 06:00:00,0 days 06:00:00,6,19.75,-113.47,938.1,125.7,39.01248326577424,226.30602582141304,247.12671507348617,146.91961147527405,165.53949731851924,129.70446237528975,107.90164715587416,77.32585398861958,94.60130297885898,72.21079331877843,61.10808780886446,47.623229036868864,56.70706911650262
2026-09-27,EP172026,7,2026-09-27 12:00:00,0 days 12:00:00,12,20.8,-113.87,944.4,119.8,17.194527360192,204.23625017895532,199.8640858230465,150.45789674355268,169.2168776699591,93.08699472104422,80.19366539480806,59.88927555956224,73.47177483564695,50.352486168217965,41.961554875484,34.101519022823354,44.313171983032994
2026-09-27,EP172026,7,2026-09-27 18:00:00,0 days 18:00:00,18,21.24,-113.95,952.3,108.8,0.0,198.86315702607607,195.79677111390797,113.97765336093336,149.82220507655393,47.86881257971284,47.808526187750346,28.828458416330182,29.60727255017003,28.1549313191576,26.990103972603062,22.750161076732077,23.12199454188062
2026-09-27,EP172026,7,2026-09-28 00:00:00,1 days 00:00:00,24,22.55,-114.07,950.3,110.3,25.131018354104853,198.93904174576392,222.81877289947937,152.0564754425469,142.57072064195555,64.94721716484855,66.37031253600819,41.38445758695913,42.990296746430815,42.15116841333777,38.359343141615184,29.27569201657696,32.312441682209325
2026-09-27,EP172026,7,2026-09-28 06:00:00,1 days 06:00:00,30,23.42,-113.81,945.3,115.4,20.64608011645048,177.65589370122956,230.1629734808647,156.21855175878898,148.7912438896053,81.02719884755226,85.61481500109025,60.14733168715699,55.24766405344286,47.18257910669208,45.46925247493043,37.79160351676603,39.928410422725165
2026-09-27,EP172026,7,2026-09-28 12:00:00,1 days 12:00:00,36,24.11,-113.76,953.7,97.7,8.1944320586461,171.8503795477821,182.88064815309787,108.1438752389002,133.67006001068663,87.24617085950769,87.00986165824852,60.009566325893786,65.75158052846024,57.03383319478854,52.80503543593871,43.64078492264511,45.5447851732153
2026-09-27,EP172026,7,2026-09-28 18:00:00,1 days 18:00:00,42,24.97,-113.21,956.2,94.5,42.46324674717877,229.6223254180978,225.60457437851096,158.47031014394068,167.72521350396397,97.87531747498424,100.74794208839452,81.43159166476832,71.49986792796247,42.62009018251397,41.0088721175236,35.05148740580214,34.505630451255854
2026-09-27,EP172026,7,2026-09-29 00:00:00,2 days 00:00:00,48,25.68,-112.25,976.0,76.4,16.527387081559937,98.9934494269005,138.77319198404393,74.80797946164603,36.3698434038929,56.09164165485049,65.02776275868996,36.86203818742558,36.3698434038929,31.430698119878343,30.21589351279465,20.313002325813382,23.87858311350988
2026-09-27,EP172026,7,2026-09-29 06:00:00,2 days 06:00:00,54,26.46,-111.75,986.2,53.0,58.86842807886498,83.77258957555927,92.8529472113724,13.493882799029832,39.15228621957399,13.024379758256051,58.86842807886498,13.493882799029832,11.738075144202726,0.0,0.0,0.0,0.0
2026-09-27,EP172026,7,2026-09-29 12:00:00,2 days 12:00:00,60,28.11,-111.1,996.4,39.9,52.86388885372588,108.6110807940154,110.85778734027082,72.74740252201076,60.80433272298625,0.0,0.0,0.0,0.0,0.0,0.0,0.0,0.0
2026-09-27,EP902026,7,2026-09-27 00:00:00,0 days 00:00:00,0,12.0,-98.6,1008.0,25.0,111.0,0.0,0.0,0.0,0.0,0.0,0.0,0.0,0.0,0.0,0.0,0.0,0.0
2026-09-27,EP902026,7,2026-09-27 06:00:00,0 days 06:00:00,6,11.9,-98.61,1005.8,27.2,118.54866423624368,0.0,0.0,0.0,0.0,0.0,0.0,0.0,0.0,0.0,0.0,0.0,0.0
2026-09-27,EP902026,7,2026-09-27 12:00:00,0 days 12:00:00,12,12.1,-98.94,1004.3,29.6,136.74748124305862,0.0,0.0,0.0,0.0,0.0,0.0,0.0,0.0,0.0,0.0,0.0,0.0
2026-09-27,EP902026,7,2026-09-27 18:00:00,0 days 18:00:00,18,12.15,-98.8,1003.0,36.0,145.47820520017103,145.47820520017103,110.12974559968688,63.19177269406127,87.2463198628906,0.0,0.0,0.0,0.0,0.0,0.0,0.0,0.0
2026-09-27,EP902026,7,2026-09-28 00:00:00,1 days 00:00:00,24,12.65,-99.23,1001.2,39.7,101.66296415906012,147.75413790500994,132.22721215599032,101.16448441049408,112.14736965708305,0.0,0.0,0.0,0.0,0.0,0.0,0.0,0.0
2026-09-27,EP902026,7,2026-09-28 06:00:00,1 days 06:00:00,30,12.6,-99.87,998.7,41.1,77.33243502359525,77.33243502359525,54.21136298066692,33.13429521955492,58.8472104169986,0.0,0.0,0.0,0.0,0.0,0.0,0.0,0.0
2026-09-27,EP902026,7,2026-09-28 12:00:00,1 days 12:00:00,36,12.98,-100.58,998.2,47.2,72.23024706531268,126.91655915221708,97.5539332555409,53.82823692110201,94.00100996266838,0.0,0.0,0.0,0.0,0.0,0.0,0.0,0.0
2026-09-27,EP902026,7,2026-09-28 18:00:00,1 days 18:00:00,42,13.5,-101.8,1000.8,47.1,74.34968777624908,208.2023743508084,208.21383571729413,174.3710721483293,191.47653841624464,0.0,0.0,0.0,0.0,0.0,0.0,0.0,0.0
2026-09-27,EP902026,7,2026-09-29 00:00:00,2 days 00:00:00,48,13.71,-102.91,989.8,59.6,33.64991835255096,250.37945344937532,223.6200214584173,193.08575811237372,231.50722485941128,33.64991835255096,15.827067058750815,9.593838628678633,20.37082693809617,0.0,0.0,0.0,0.0
2026-09-27,EP902026,7,2026-09-29 06:00:00,2 days 06:00:00,54,14.52,-104.23,996.7,53.4,48.21363691603438,155.59420666669274,135.76752589462043,100.71271674892192,132.84591873415576,48.21363691603438,23.33795353271325,14.463466659993228,20.70368082704873,0.0,0.0,0.0,0.0
2026-09-27,EP902026,7,2026-09-29 12:00:00,2 days 12:00:00,60,14.88,-105.31,991.1,54.4,41.99325002065003,180.8017757738628,171.1156866628484,114.85387856777196,141.7315894505207,41.99325002065003,17.813790779705087,10.311437882198716,13.516684754870106,0.0,0.0,0.0,0.0
2026-09-27,EP902026,7,2026-09-29 18:00:00,2 days 18:00:00,66,15.43,-106.35,987.4,58.8,76.5039209801239,174.49963486392335,160.87931887532795,118.51676900372696,120.52704763880864,76.5039209801239,31.363368987699573,19.164226814828798,27.41141200189918,0.0,0.0,0.0,0.0
2026-09-27,EP902026,7,2026-09-30 00:00:00,3 days 00:00:00,72,16.09,-107.11,985.1,62.6,39.9247394802658,219.16064153024436,226.3982735760632,149.1143296868688,174.7616837848948,120.9514830360422,105.6596230925872,66.62558210772886,89.94517063886201,0.0,0.0,0.0,0.0
2026-09-27,EP902026,7,2026-09-30 06:00:00,3 days 06:00:00,78,16.61,-107.89,978.2,78.3,35.678347738035995,187.34073712823687,215.7197805492831,130.57948514012105,148.37217388477256,96.12541039599864,74.164662489227,55.357396056865866,78.04027702587678,35.73198889086001,28.567966066954227,22.444721510325397,30.397594369819306
2026-09-27,EP902026,7,2026-09-30 12:00:00,3 days 12:00:00,84,17.14,-108.42,977.8,74.9,28.90514364958341,159.50443574225218,170.4103044805223,134.38474448275034,144.8388624482032,98.0426523642201,81.48383325505029,58.47027727449829,79.96347503888617,50.36747052139011,41.41634914671703,32.00479285987012,42.74646886766454
2026-09-27,EP902026,7,2026-09-30 18:00:00,3 days 18:00:00,90,17.81,-109.14,974.4,76.2,15.422134661672567,249.48460640904293,243.0975046820061,197.94917015280217,212.72627288565712,120.36720811944669,104.99074716072025,77.38471211686681,95.28534679965986,55.16207586763996,46.58864743413461,38.10238190851195,45.0351661288898
2026-09-27,EP902026,7,2026-10-01 00:00:00,4 days 00:00:00,96,18.25,-109.94,974.4,75.3,37.33425959104567,146.998025503612,170.59969552178592,140.09352905794725,124.2074216870694,60.031455574964745,57.79202047804263,48.14150863861231,48.4098247766857,37.33425959104567,23.56046951017551,19.65462348372601,23.2710929060682
2026-09-27,EP902026,7,2026-10-01 06:00:00,4 days 06:00:00,102,18.44,-110.2,977.7,72.1,41.893465414069766,123.0476954179084,142.7957138514521,162.04809312995565,143.77870808774537,67.32739560521708,66.94607247073154,57.52321357340611,62.06769995195822,41.893465414069766,21.71611125522267,18.061138133117563,20.508566626523145
2026-09-27,EP902026,7,2026-10-01 12:00:00,4 days 12:00:00,108,18.81,-110.6,981.0,65.5,33.737607556336386,152.89372089811758,159.36718407438474,152.92578602914108,147.13658678445736,94.36913126170234,85.86017703346,64.58504963091909,76.86076625107879,33.737607556336386,17.608359121749213,13.63684208131262,17.67238514422203
2026-09-27,EP902026,7,2026-10-01 18:00:00,4 days 18:00:00,114,18.86,-110.92,988.3,54.9,46.53904517737914,231.4759753875466,270.4420259503895,224.0030084866252,205.66136676247768,93.42272927829286,84.05385509684454,63.63673063193468,73.0286579948015,0.0,0.0,0.0,0.0
2026-09-27,EP902026,7,2026-10-02 00:00:00,5 days 00:00:00,120,19.55,-111.01,989.4,53.2,64.1364418040626,187.15859520871155,193.36954467717808,120.51832910678928,146.12592894558566,18.672363876182573,64.1364418040626,8.762593670698768,8.044605590689693,0.0,0.0,0.0,0.0
2026-09-27,EP902026,7,2026-10-02 06:00:00,5 days 06:00:00,126,19.95,-111.15,992.0,50.6,92.0743724779686,235.0071881216445,267.83312898633085,210.79382273903596,205.0346951407355,92.0743724779686,13.655791263290524,5.826248201211797,7.250442727972569,0.0,0.0,0.0,0.0
2026-09-27,EP902026,7,2026-10-02 12:00:00,5 days 12:00:00,132,20.47,-111.69,992.5,50.5,41.37447290886279,215.93063437514604,202.55209712065695,164.9532757965868,183.6483788867503,41.37447290886279,6.888532661000964,2.909231960509742,6.653424374613568,0.0,0.0,0.0,0.0
2026-09-27,EP902026,7,2026-10-02 18:00:00,5 days 18:00:00,138,20.62,-112.03,994.2,47.8,46.32687134147638,164.07965386102245,162.35594825182977,130.19963704567874,136.75873113772116,0.0,0.0,0.0,0.0,0.0,0.0,0.0,0.0
2026-09-27,EP902026,7,2026-10-03 00:00:00,6 days 00:00:00,144,20.93,-112.42,999.7,40.8,81.59019372956674,81.59019372956674,61.42931095819128,27.98871848824286,55.22744803554535,0.0,0.0,0.0,0.0,0.0,0.0,0.0,0.0
2026-09-27,EP902026,7,2026-10-03 06:00:00,6 days 06:00:00,150,21.16,-113.02,995.2,43.5,21.41881869741183,127.67027156239736,105.66329757668714,65.31982793696687,89.63299866794698,0.0,0.0,0.0,0.0,0.0,0.0,0.0,0.0
2026-09-27,EP902026,7,2026-10-03 12:00:00,6 days 12:00:00,156,21.55,-113.62,996.0,43.4,63.10154331904912,183.70883142225907,133.83634769911924,110.93788753070886,171.0605078508391,0.0,0.0,0.0,0.0,0.0,0.0,0.0,0.0
2026-09-27,EP902026,7,2026-10-03 18:00:00,6 days 18:00:00,162,21.69,-114.53,998.1,40.0,68.12938629781772,110.60211573639243,99.7708990402136,66.54971058092778,82.92565954100087,0.0,0.0,0.0,0.0,0.0,0.0,0.0,0.0
2026-09-27,EP902026,7,2026-10-04 00:00:00,7 days 00:00:00,168,21.91,-115.4,996.3,48.7,70.58717491029898,116.15061101515327,132.94374825436762,119.1306510735026,104.79635623995432,0.0,0.0,0.0,0.0,0.0,0.0,0.0,0.0
2026-09-27,EP902026,7,2026-10-04 06:00:00,7 days 06:00:00,174,22.19,-116.34,995.0,50.7,66.9570112672506,64.44963732999798,73.3037696559318,57.14167142445183,47.03122609614247,2.1063033044043387,66.9570112672506,1.390104294554221,0.3209492587690619,0.0,0.0,0.0,0.0
2026-09-27,EP902026,7,2026-10-04 12:00:00,7 days 12:00:00,180,22.4,-117.24,997.1,48.1,53.9318411526465,124.30641918245767,129.18191682728082,88.70397579773996,94.73922484146058,0.0,0.0,0.0,0.0,0.0,0.0,0.0,0.0
2026-09-27,EP902026,7,2026-10-04 18:00:00,7 days 18:00:00,186,22.23,-117.82,997.2,46.5,51.91517545030408,93.57955224184067,92.42203174952938,78.4404521681527,71.31692282952096,0.0,0.0,0.0,0.0,0.0,0.0,0.0,0.0
2026-09-27,EP902026,7,2026-10-05 00:00:00,8 days 00:00:00,192,22.45,-118.47,997.0,42.7,63.54849091465064,101.0007831049736,80.70521524506148,65.32751294004458,84.1859199859773,0.0,0.0,0.0,0.0,0.0,0.0,0.0,0.0
2026-09-27,EP902026,7,2026-10-05 06:00:00,8 days 06:00:00,198,22.43,-119.23,1000.7,36.7,96.17977302293656,96.17977302293656,21.733869331299037,7.819269418484517,13.98953633092956,0.0,0.0,0.0,0.0,0.0,0.0,0.0,0.0
2026-09-27,EP902026,7,2026-10-05 12:00:00,8 days 12:00:00,204,22.46,-119.54,1001.4,37.3,67.68480079420185,26.900338278207144,1.5123062821662216,8.469218477404489,67.68480079420185,0.0,0.0,0.0,0.0,0.0,0.0,0.0,0.0
2026-09-27,EP902026,7,2026-10-05 18:00:00,8 days 18:00:00,210,22.27,-120.13,1002.6,32.7,86.20580731422149,0.0,0.0,0.0,0.0,0.0,0.0,0.0,0.0,0.0,0.0,0.0,0.0
2026-09-27,EP902026,7,2026-10-06 00:00:00,9 days 00:00:00,216,22.25,-120.43,1003.9,30.7,70.88464813257065,0.0,0.0,0.0,0.0,0.0,0.0,0.0,0.0,0.0,0.0,0.0,0.0
2026-09-27,EP902026,7,2026-10-06 06:00:00,9 days 06:00:00,222,22.41,-120.75,1004.2,26.6,144.51990739817086,0.0,0.0,0.0,0.0,0.0,0.0,0.0,0.0,0.0,0.0,0.0,0.0
2026-09-27,EP902026,7,2026-10-06 12:00:00,9 days 12:00:00,228,22.44,-121.44,1004.6,28.9,55.61640591344779,0.0,0.0,0.0,0.0,0.0,0.0,0.0,0.0,0.0,0.0,0.0,0.0
2026-09-27,EP902026,7,2026-10-06 18:00:00,9 days 18:00:00,234,22.59,-121.75,1005.0,25.1,114.4843586984628,0.0,0.0,0.0,0.0,0.0,0.0,0.0,0.0,0.0,0.0,0.0,0.0
2026-09-27,EP902026,7,2026-10-07 00:00:00,10 days 00:00:00,240,22.55,-122.51,1003.3,21.3,98.62254333475776,0.0,0.0,0.0,0.0,0.0,0.0,0.0,0.0,0.0,0.0,0.0,0.0
2026-09-27,EP902026,7,2026-10-07 06:00:00,10 days 06:00:00,246,22.39,-123.18,1007.1,20.2,141.67491400482197,0.0,0.0,0.0,0.0,0.0,0.0,0.0,0.0,0.0,0.0,0.0,0.0
2026-09-27,EP902026,7,2026-10-07 12:00:00,10 days 12:00:00,252,22.93,-124.38,1005.6,20.3,214.35849783773483,0.0,0.0,0.0,0.0,0.0,0.0,0.0,0.0,0.0,0.0,0.0,0.0
2026-09-27,EP902026,7,2026-10-07 18:00:00,10 days 18:00:00,258,23.46,-125.31,1006.7,20.8,161.89136142407426,0.0,0.0,0.0,0.0,0.0,0.0,0.0,0.0,0.0,0.0,0.0,0.0
2026-09-27,EP902026,7,2026-10-08 00:00:00,11 days 00:00:00,264,23.76,-125.63,1007.4,18.1,105.49207463391946,0.0,0.0,0.0,0.0,0.0,0.0,0.0,0.0,0.0,0.0,0.0,0.0
2026-09-27,EP902026,7,2026-10-08 06:00:00,11 days 06:00:00,270,24.18,-126.13,1009.3,18.2,129.1937255451232,0.0,0.0,0.0,0.0,0.0,0.0,0.0,0.0,0.0,0.0,0.0,0.0
2026-09-27,EP902026,7,2026-10-08 12:00:00,11 days 12:00:00,276,24.22,-126.48,1008.3,14.9,91.5897153259708,0.0,0.0,0.0,0.0,0.0,0.0,0.0,0.0,0.0,0.0,0.0,0.0
2026-09-27,EP902026,7,2026-10-08 18:00:00,11 days 18:00:00,282,24.43,-127.29,1008.8,14.3,175.95806966784488,0.0,0.0,0.0,0.0,0.0,0.0,0.0,0.0,0.0,0.0,0.0,0.0
2026-09-27,WP252026,7,2026-09-27 00:00:00,0 days 00:00:00,0,24.6,127.6,964.0,89.0,22.0,102.0,121.0,102.0,93.0,,,,,,,,
2026-09-27,WP252026,7,2026-09-27 06:00:00,0 days 06:00:00,6,25.23,128.25,936.7,118.8,7.684223095633882,118.97117148552226,156.80998782405038,99.60405501377971,77.78144080804387,64.57351250003305,82.43542273336269,55.05614201423688,46.88316165552692,46.85731931023861,44.513247302359446,37.76295933682606,38.55051284645484
2026-09-27,WP252026,7,2026-09-27 12:00:00,0 days 12:00:00,12,26.01,128.84,956.0,106.3,16.49777751494929,122.85107965642362,172.9717712935912,120.34308364418963,97.73178708761466,78.38510997579516,98.34080076261928,74.6332011325089,58.36556728044525,43.943313794395365,50.525463169657215,43.61769710834987,37.1680815495237
2026-09-27,WP252026,7,2026-09-27 18:00:00,0 days 18:00:00,18,26.37,129.61,968.3,85.7,30.45869359711749,151.15510544166673,181.86482773121008,138.67338942848218,120.20816194430884,61.79094255159995,71.70099260624626,62.565926640703445,47.09282055751879,42.08594521117725,47.05863263040344,41.02753326235021,35.00800303735785
2026-09-27,WP252026,7,2026-09-28 00:00:00,1 days 00:00:00,24,26.88,130.65,979.6,74.1,23.00422380409452,106.67554784659296,116.3509155224665,105.565310087748,87.4839838244136,58.9514429258644,66.35752515914896,53.17764228189424,46.63184225251484,37.5061261060298,37.27749396643492,30.98501607901392,29.94421626005635
2026-09-27,WP252026,7,2026-09-28 06:00:00,1 days 06:00:00,30,27.31,131.48,984.8,65.0,32.10841635605779,77.90305417688518,126.6031333052504,109.12635316963082,43.81046381250846,53.890198263761306,64.12663253487497,47.570220442159645,36.02689446260183,16.697267790126034,32.10841635605779,15.578138078324985,11.856214760787775
2026-09-27,WP252026,7,2026-09-28 12:00:00,1 days 12:00:00,36,27.61,132.26,987.8,50.8,54.6932065682245,146.47070468162497,177.41433568882837,115.5929519114889,106.2217353986323,2.1636618169771524,2.1077000706055804,3.077049597352162,54.6932065682245,0.0,0.0,0.0,0.0
2026-09-27,WP252026,7,2026-09-28 18:00:00,1 days 18:00:00,42,28.59,133.13,995.8,44.8,92.91214671012958,156.14765021890065,177.49956569777927,99.56194480337984,100.16232740716131,0.0,0.0,0.0,0.0,0.0,0.0,0.0,0.0
2026-09-27,WP252026,7,2026-09-29 00:00:00,2 days 00:00:00,48,29.37,134.18,999.6,36.6,40.51777625237321,101.7389718751241,92.94019972878992,63.431749072497325,74.35020498716233,0.0,0.0,0.0,0.0,0.0,0.0,0.0,0.0
2026-09-27,WP252026,7,2026-09-29 06:00:00,2 days 06:00:00,54,30.12,135.2,996.4,35.8,83.13526491280967,70.56901496247889,97.92244054739514,45.23449796373646,56.827722119685376,0.0,0.0,0.0,0.0,0.0,0.0,0.0,0.0
2026-09-27,WP252026,7,2026-09-29 12:00:00,2 days 12:00:00,60,30.9,136.5,996.1,43.0,58.02459703522739,78.74474900248237,102.97832130390134,64.95546320682523,50.760440227668944,0.0,0.0,0.0,0.0,0.0,0.0,0.0,0.0
2026-09-27,WP252026,7,2026-09-29 18:00:00,2 days 18:00:00,66,31.38,138.46,1000.4,35.7,87.43758665346576,54.34645894931155,87.43758665346576,29.06964831685186,17.263405341777613,0.0,0.0,0.0,0.0,0.0,0.0,0.0,0.0
2026-09-27,WP252026,7,2026-09-30 00:00:00,3 days 00:00:00,72,32.27,139.86,998.1,37.3,36.83664032624847,166.7622446620935,195.54385127351088,107.277934210666,115.7461347693352,0.0,0.0,0.0,0.0,0.0,0.0,0.0,0.0
2026-09-27,WP252026,7,2026-09-30 06:00:00,3 days 06:00:00,78,33.15,142.05,1000.0,39.9,73.23337873745004,168.57955685991146,188.67367765630843,189.41704832173127,148.8872878134207,0.0,0.0,0.0,0.0,0.0,0.0,0.0,0.0
2026-09-27,WP252026,7,2026-09-30 12:00:00,3 days 12:00:00,84,33.89,143.72,998.9,35.0,92.79254647015412,49.69798239866402,92.79254647015412,22.626587255219302,20.800968278995285,0.0,0.0,0.0,0.0,0.0,0.0,0.0,0.0
2026-09-27,WP252026,7,2026-09-30 18:00:00,3 days 18:00:00,90,34.74,145.27,995.4,34.4,162.69222621146673,199.20612543078687,203.32380900440648,132.57547648278546,148.35233126167554,0.0,0.0,0.0,0.0,0.0,0.0,0.0,0.0
2026-09-27,WP252026,7,2026-10-01 00:00:00,4 days 00:00:00,96,35.52,146.67,999.8,34.9,92.9954651750812,0.0,92.9954651750812,0.0,0.0,0.0,0.0,0.0,0.0,0.0,0.0,0.0,0.0
2026-09-27,WP252026,7,2026-10-01 06:00:00,4 days 06:00:00,102,36.76,148.32,998.5,33.8,106.42010658122328,0.0,0.0,0.0,0.0,0.0,0.0,0.0,0.0,0.0,0.0,0.0,0.0
2026-09-27,WP252026,7,2026-10-01 12:00:00,4 days 12:00:00,108,38.38,150.71,1001.9,31.3,116.10609362754226,0.0,0.0,0.0,0.0,0.0,0.0,0.0,0.0,0.0,0.0,0.0,0.0
2026-09-27,WP252026,7,2026-10-01 18:00:00,4 days 18:00:00,114,40.43,153.38,999.5,29.7,143.6014350690748,0.0,0.0,0.0,0.0,0.0,0.0,0.0,0.0,0.0,0.0,0.0,0.0
2026-09-27,WP252026,7,2026-10-02 00:00:00,5 days 00:00:00,120,43.8,157.71,987.3,46.4,166.2887676581271,0.0,166.2887676581271,22.79131421208537,0.0,0.0,0.0,0.0,0.0,0.0,0.0,0.0,0.0
2026-09-27,AL062026,8,2026-09-27 00:00:00,0 days 00:00:00,0,29.8,-43.9,1010.0,29.0,56.0,0.0,0.0,0.0,0.0,0.0,0.0,0.0,0.0,0.0,0.0,0.0,0.0
2026-09-27,AL062026,8,2026-09-27 06:00:00,0 days 06:00:00,6,29.7,-44.07,1014.7,22.8,37.46223767526861,0.0,0.0,0.0,0.0,0.0,0.0,0.0,0.0,0.0,0.0,0.0,0.0
2026-09-27,AL062026,8,2026-09-27 12:00:00,0 days 12:00:00,12,29.62,-43.84,1009.7,28.1,120.7105890502036,0.0,0.0,0.0,0.0,0.0,0.0,0.0,0.0,0.0,0.0,0.0,0.0
2026-09-27,EP152026,8,2026-09-27 00:00:00,0 days 00:00:00,0,16.7,-156.1,972.0,80.0,37.0,241.0,185.0,185.0,241.0,93.0,74.0,93.0,111.0,56.0,46.0,56.0,56.0
2026-09-27,EP152026,8,2026-09-27 06:00:00,0 days 06:00:00,6,16.37,-156.73,980.3,81.9,27.593395614811385,217.6959371411442,144.5890909948164,147.08141798924203,215.47393327966256,103.55112533043972,77.68322940819019,69.24287857852289,102.14852990014111,56.46318128149253,43.270452216664864,37.81135194418941,50.09650339483335
2026-09-27,EP152026,8,2026-09-27 12:00:00,0 days 12:00:00,12,16.39,-157.81,956.5,103.4,20.64656404136278,199.1374919053302,142.7006064684257,170.3076206591188,216.2526119179547,96.69578714768102,85.00811134438362,86.69804249074474,94.92830765523274,54.55560563675249,50.29789106196503,44.96879287864897,51.35265066486335
2026-09-27,EP152026,8,2026-09-27 18:00:00,0 days 18:00:00,18,16.41,-158.71,947.9,110.3,12.43581041162232,128.2579260768141,95.14728567877934,102.836197303435,130.17573242555105,73.66743587754647,52.8416625556338,55.83638818599478,77.97042301087966,42.70751028505264,31.52788729565487,27.59830909077797,39.52974069655558
2026-09-27,EP152026,8,2026-09-28 00:00:00,1 days 00:00:00,24,16.61,-159.85,946.4,119.6,34.35207749104404,152.7703851617366,133.0458523220008,136.26085117480233,143.97632805800816,94.52208223132632,78.45748039944323,72.55892510319194,93.8457838381254,64.43227090180582,54.43561669750662,44.9470685349796,60.35063789360881
2026-09-27,EP152026,8,2026-09-28 06:00:00,1 days 06:00:00,30,17.07,-160.82,932.5,130.9,38.38657701882408,186.02098704685324,162.09249582734634,138.07727064648265,162.92852647797932,106.99982655162864,84.2016287921774,76.568559983549,95.43743954797928,69.16720273053029,57.58524137427065,49.21368358130644,63.91740665035708
2026-09-27,EP152026,8,2026-09-28 12:00:00,1 days 12:00:00,36,17.44,-161.65,949.0,113.7,6.60854455326556,154.11281786684742,137.26801577622422,112.1638747329803,137.66440464817285,102.9697899795318,83.51419800891975,63.71720495323355,92.3083527907063,51.53628455299713,39.451018548449255,30.022177069850592,43.58658250834213
2026-09-27,EP152026,8,2026-09-28 18:00:00,1 days 18:00:00,42,17.92,-162.45,951.9,105.3,5.906152934225371,150.9714781658459,124.10104259059766,104.66967317525165,120.67586038167136,82.97028712472022,66.96800181492856,49.849463798365605,68.78585632838424,50.065069207376645,41.49281592641242,31.725281928562158,42.89602307862988
2026-09-27,EP152026,8,2026-09-29 00:00:00,2 days 00:00:00,48,19.02,-163.12,957.4,107.4,23.786268108527736,191.0159694220944,171.81660673977,81.8627996218546,125.33916310861568,95.28472497866473,70.86932708689017,41.25636863447527,68.02981257330026,58.99638761846696,48.42504984675416,33.50623336261225,48.836449040638826
2026-09-27,EP152026,8,2026-09-29 06:00:00,2 days 06:00:00,54,20.04,-163.33,965.4,95.8,21.8069611101148,194.0913180951285,164.2957723835433,75.18811611950628,147.96298793073905,81.78564712958323,59.45951807957713,31.63885106823285,59.25107769726691,43.77888424414806,33.51912784660229,22.752331291342223,35.25464480299918
2026-09-27,EP152026,8,2026-09-29 12:00:00,2 days 12:00:00,60,21.01,-163.56,973.8,78.7,1.8030883238635909,234.91266198831204,194.68126623007777,113.69667931303889,178.81481464197543,113.20937018359508,95.03584595428384,59.94307479267957,79.88181904851774,51.71025344961643,47.26688846564272,34.9468859858316,40.77666106596587
2026-09-27,EP152026,8,2026-09-29 18:00:00,2 days 18:00:00,66,21.93,-163.76,975.5,72.7,33.97423567817509,175.05852797530224,160.69867098080704,95.74272538732885,109.34299978411129,78.67302544784638,61.14982537479591,40.51358805714312,51.69198806900158,33.97423567817509,5.125276018559589,0.9406220956348648,4.769743319469669
2026-09-27,EP152026,8,2026-09-30 00:00:00,3 days 00:00:00,72,22.4,-164.02,987.3,53.6,61.28764385025883,148.03524878429613,120.1707828539006,101.69092486433765,127.1248255158492,100.14248851758325,86.6478210930121,61.6831734743009,80.11701665949407,0.0,0.0,0.0,0.0
2026-09-27,EP152026,8,2026-09-30 06:00:00,3 days 06:00:00,78,22.43,-164.22,989.0,54.7,70.33838251484258,252.1883809173778,183.37909254942656,149.0906132059281,224.97565057899735,72.73084728399505,61.13771989571387,44.01497417437366,53.37817282323738,0.0,0.0,0.0,0.0
2026-09-27,EP152026,8,2026-09-30 12:00:00,3 days 12:00:00,84,22.11,-164.28,995.3,51.7,54.63813357073599,252.03292384274204,216.01664310127583,194.4893815404289,229.2166495084264,54.63813357073599,42.67381400034613,29.71665982281771,38.74468391099351,0.0,0.0,0.0,0.0
2026-09-27,EP152026,8,2026-09-30 18:00:00,3 days 18:00:00,90,22.04,-164.44,996.1,50.8,30.727794377795007,153.43837103329372,136.5869862601632,109.81798107074644,143.4226496463498,30.727794377795007,18.20935581384545,10.8393793246534,20.63769539204202,0.0,0.0,0.0,0.0
2026-09-27,EP152026,8,2026-10-01 00:00:00,4 days 00:00:00,96,21.86,-164.23,997.6,45.6,69.67099585195976,164.5679004454393,162.52862942861418,129.67613990483977,145.9131136940064,0.0,0.0,0.0,0.0,0.0,0.0,0.0,0.0
2026-09-27,EP152026,8,2026-10-01 06:00:00,4 days 06:00:00,102,21.76,-164.3,997.8,48.5,88.11666685217591,198.47562769563623,172.6564588272283,116.6616592033996,188.52540765861136,0.0,0.0,0.0,0.0,0.0,0.0,0.0,0.0
2026-09-27,EP152026,8,2026-10-01 12:00:00,4 days 12:00:00,108,21.85,-164.53,993.3,48.3,77.6574051503355,264.1672751523612,187.61971225123864,156.20529406915065,218.70545433113148,0.0,0.0,0.0,0.0,0.0,0.0,0.0,0.0
2026-09-27,EP152026,8,2026-10-01 18:00:00,4 days 18:00:00,114,21.65,-164.9,999.6,37.3,60.98340892515106,120.92938974327802,49.137857578568855,59.83262435921498,106.583442171007,0.0,0.0,0.0,0.0,0.0,0.0,0.0,0.0
2026-09-27,EP152026,8,2026-10-02 00:00:00,5 days 00:00:00,120,22.05,-165.17,998.2,35.2,102.1035095888819,102.1035095888819,9.477341794982,5.367985775899098,15.979044291836557,0.0,0.0,0.0,0.0,0.0,0.0,0.0,0.0
2026-09-27,EP152026,8,2026-10-02 06:00:00,5 days 06:00:00,126,22.31,-165.34,999.1,39.4,90.25525721128896,191.42342053252293,133.47344958199028,86.98666387916852,139.99435495874295,0.0,0.0,0.0,0.0,0.0,0.0,0.0,0.0
2026-09-27,EP152026,8,2026-10-02 12:00:00,5 days 12:00:00,132,22.87,-165.72,994.3,41.8,144.53099225625,144.53099225625,93.37820437374182,38.96289911076899,77.13873047196398,0.0,0.0,0.0,0.0,0.0,0.0,0.0,0.0
2026-09-27,EP152026,8,2026-10-02 18:00:00,5 days 18:00:00,138,22.92,-165.96,997.9,39.3,85.43042522948156,186.5354247929481,161.90321519264467,99.40414092152194,143.7978337840217,0.0,0.0,0.0,0.0,0.0,0.0,0.0,0.0
2026-09-27,EP152026,8,2026-10-03 00:00:00,6 days 00:00:00,144,23.12,-166.25,994.1,48.2,80.53026542864939,164.64273249881853,130.67306417338546,129.9521134378077,149.33546930299883,0.0,0.0,0.0,0.0,0.0,0.0,0.0,0.0
2026-09-27,EP152026,8,2026-10-03 06:00:00,6 days 06:00:00,150,23.17,-167.19,990.2,54.4,52.38163834089663,175.20831326160027,122.2886438077758,105.275447816504,163.33893268319906,52.38163834089663,2.922822658474498,5.109289831766263,9.571104383543233,0.0,0.0,0.0,0.0
2026-09-27,EP152026,8,2026-10-03 12:00:00,6 days 12:00:00,156,22.77,-167.87,994.6,51.2,71.0986884884048,261.62541915911544,181.8040124129813,120.15037257386138,248.20028615775257,71.0986884884048,16.971038311813402,14.166762796751764,26.20405109398111,0.0,0.0,0.0,0.0
2026-09-27,EP152026,8,2026-10-03 18:00:00,6 days 18:00:00,162,22.69,-169.2,993.5,53.1,54.16131638387856,181.700425651146,117.3229163177613,93.397060554416,158.36494706919018,54.16131638387856,12.573529525909873,5.944948385776758,16.110080576696706,0.0,0.0,0.0,0.0
2026-09-27,EP152026,8,2026-10-04 00:00:00,7 days 00:00:00,168,22.37,-170.87,991.8,56.1,39.86702026726165,141.5018190366591,65.127408774533,44.80441172220437,131.98182589627325,58.77240678405948,42.98828464485909,27.12896541923337,50.88723103984472,0.0,0.0,0.0,0.0
2026-09-27,EP152026,8,2026-10-04 06:00:00,7 days 06:00:00,174,22.14,-172.75,988.7,55.7,20.619343547853013,216.09964602969137,151.40085523374307,70.9991756500215,172.27320985833666,21.806056956593,12.112880982303476,6.841864826808743,15.253190969206948,0.0,0.0,0.0,0.0
2026-09-27,EP152026,8,2026-10-04 12:00:00,7 days 12:00:00,180,22.27,-174.47,991.8,50.9,55.5765742521815,268.13710217438927,176.95447540737854,131.80841614502805,244.1010562495942,55.77215511127963,39.27527211499239,26.408061666456035,41.39124392464085,0.0,0.0,0.0,0.0
2026-09-27,EP152026,8,2026-10-04 18:00:00,7 days 18:00:00,186,22.67,-176.42,997.5,56.0,32.1560832400381,230.67075426322765,128.57921327073285,71.92010315629786,204.63420412349632,94.76588239893908,67.01341395870874,44.39687430561578,77.26509712827831,0.0,0.0,0.0,0.0
2026-09-27,EP152026,8,2026-10-05 00:00:00,8 days 00:00:00,192,22.96,-178.12,993.8,55.6,52.00102688939293,219.9130514262831,120.14255790439478,43.999609421436574,201.03794370162325,52.00102688939293,24.344415312388744,8.85413393624029,31.976275218465712,0.0,0.0,0.0,0.0
2026-09-27,EP152026,8,2026-10-05 06:00:00,8 days 06:00:00,198,23.57,-179.86,998.1,51.9,54.86211613343835,231.1654347273523,120.01874036574378,106.06057769771314,220.56965624599437,54.86211613343835,22.88263612609773,5.723366448936675,33.08517548607675,0.0,0.0,0.0,0.0
2026-09-27,EP152026,8,2026-10-05 12:00:00,8 days 12:00:00,204,24.04,178.48,997.6,53.9,32.5185748655816,212.4956573183426,84.10780643103345,57.14005656996774,217.33091762122888,107.53156125896874,80.61628693169334,49.10764240078172,93.43518275583637,0.0,0.0,0.0,0.0
2026-09-27,EP152026,8,2026-10-05 18:00:00,8 days 18:00:00,210,24.55,176.46,1001.8,36.5,80.05406072874291,287.367284141896,201.48802961678143,123.81058484337645,268.7163075649389,0.0,0.0,0.0,0.0,0.0,0.0,0.0,0.0
2026-09-27,EP152026,8,2026-10-06 00:00:00,9 days 00:00:00,216,25.21,173.92,992.4,50.7,37.23715606839022,259.6947497048935,151.59107038145905,87.75178278287123,227.5577860550652,88.277541762322,63.72485518624571,45.093217154164336,71.2784899225499,0.0,0.0,0.0,0.0
2026-09-27,EP152026,8,2026-10-06 06:00:00,9 days 06:00:00,222,26.27,171.21,997.8,49.0,52.25763533883769,306.80072063715545,201.71674302525523,109.136668143897,244.10705455480704,0.0,0.0,0.0,0.0,0.0,0.0,0.0,0.0
2026-09-27,EP152026,8,2026-10-06 12:00:00,9 days 12:00:00,228,27.56,168.83,1001.1,43.5,65.15434111586951,124.95477846102156,82.763406246385,13.467004491755098,89.5186270073749,0.0,0.0,0.0,0.0,0.0,0.0,0.0,0.0
2026-09-27,EP152026,8,2026-10-06 18:00:00,9 days 18:00:00,234,29.33,166.72,1002.2,39.6,82.69281220325004,263.75785828254385,197.70552427139924,122.07343862862643,213.80362268911657,0.0,0.0,0.0,0.0,0.0,0.0,0.0,0.0
2026-09-27,EP152026,8,2026-10-07 00:00:00,10 days 00:00:00,240,31.24,165.2,1004.3,33.4,98.22121705575456,0.0,0.0,0.0,0.0,0.0,0.0,0.0,0.0,0.0,0.0,0.0,0.0
2026-09-27,EP152026,8,2026-10-07 06:00:00,10 days 06:00:00,246,33.28,163.86,998.7,36.3,3.2329694815411187,66.22782013212111,42.41474321950474,9.984754990587405,45.75437570859242,0.0,0.0,0.0,0.0,0.0,0.0,0.0,0.0
2026-09-27,EP152026,8,2026-10-07 12:00:00,10 days 12:00:00,252,35.32,163.07,1001.2,28.7,48.83831732632757,0.0,0.0,0.0,0.0,0.0,0.0,0.0,0.0,0.0,0.0,0.0,0.0
2026-09-27,EP152026,8,2026-10-07 18:00:00,10 days 18:00:00,258,37.27,163.64,1005.4,25.0,74.07328255098741,0.0,0.0,0.0,0.0,0.0,0.0,0.0,0.0,0.0,0.0,0.0,0.0
2026-09-27,EP152026,8,2026-10-08 00:00:00,11 days 00:00:00,264,39.19,165.99,1006.0,30.2,84.57206908482027,0.0,0.0,0.0,0.0,0.0,0.0,0.0,0.0,0.0,0.0,0.0,0.0
2026-09-27,EP152026,8,2026-10-08 06:00:00,11 days 06:00:00,270,39.91,168.22,1004.2,30.0,104.80419775186482,0.0,0.0,0.0,0.0,0.0,0.0,0.0,0.0,0.0,0.0,0.0,0.0
2026-09-27,EP152026,8,2026-10-08 12:00:00,11 days 12:00:00,276,40.55,171.6,1002.2,33.7,92.96343118053755,0.0,0.0,0.0,0.0,0.0,0.0,0.0,0.0,0.0,0.0,0.0,0.0
2026-09-27,EP152026,8,2026-10-08 18:00:00,11 days 18:00:00,282,40.59,174.96,1003.7,27.1,95.2854676695584,0.0,0.0,0.0,0.0,0.0,0.0,0.0,0.0,0.0,0.0,0.0,0.0
2026-09-27,EP162026,8,2026-09-27 00:00:00,0 days 00:00:00,0,20.8,-123.6,975.0,76.0,28.0,167.0,167.0,148.0,185.0,93.0,74.0,74.0,93.0,65.0,46.0,37.0,56.0
2026-09-27,EP162026,8,2026-09-27 06:00:00,0 days 06:00:00,6,21.24,-123.45,996.1,55.3,67.20037711162982,191.9893110856092,196.0746984438157,121.38561088440682,179.01512572831018,67.20037711162982,20.962459760250564,8.892744631082886,23.851225197732163,0.0,0.0,0.0,0.0
2026-09-27,EP162026,8,2026-09-27 12:00:00,0 days 12:00:00,12,22.19,-123.0,996.1,46.9,68.67965943981716,131.65012680241057,123.12666457522003,75.28310426053451,115.81726711137424,0.0,0.0,0.0,0.0,0.0,0.0,0.0,0.0
2026-09-27,EP162026,8,2026-09-27 18:00:00,0 days 18:00:00,18,22.41,-123.08,998.3,36.7,113.78091680768485,6.773552877582823,12.510488958646558,113.78091680768485,3.1387024150707035,0.0,0.0,0.0,0.0,0.0,0.0,0.0,0.0
2026-09-27,EP162026,8,2026-09-28 00:00:00,1 days 00:00:00,24,22.41,-123.16,998.5,30.9,96.88170791911551,0.0,0.0,0.0,0.0,0.0,0.0,0.0,0.0,0.0,0.0,0.0,0.0
2026-09-27,EP162026,8,2026-09-28 06:00:00,1 days 06:00:00,30,22.43,-122.9,1003.1,29.3,72.5100202144487,0.0,0.0,0.0,0.0,0.0,0.0,0.0,0.0,0.0,0.0,0.0,0.0
2026-09-27,EP162026,8,2026-09-28 12:00:00,1 days 12:00:00,36,22.22,-122.72,1004.0,24.5,112.00584393938595,0.0,0.0,0.0,0.0,0.0,0.0,0.0,0.0,0.0,0.0,0.0,0.0
2026-09-27,EP162026,8,2026-09-28 18:00:00,1 days 18:00:00,42,21.6,-122.72,1004.7,27.0,68.50902268589743,0.0,0.0,0.0,0.0,0.0,0.0,0.0,0.0,0.0,0.0,0.0,0.0
2026-09-27,EP162026,8,2026-09-29 00:00:00,2 days 00:00:00,48,21.44,-122.43,1005.0,22.0,136.1994706190859,0.0,0.0,0.0,0.0,0.0,0.0,0.0,0.0,0.0,0.0,0.0,0.0
2026-09-27,EP162026,8,2026-09-29 06:00:00,2 days 06:00:00,54,20.71,-122.65,1005.4,21.5,56.29899943482569,0.0,0.0,0.0,0.0,0.0,0.0,0.0,0.0,0.0,0.0,0.0,0.0
2026-09-27,EP162026,8,2026-09-29 12:00:00,2 days 12:00:00,60,20.45,-122.65,1005.7,20.6,137.9890476684277,0.0,0.0,0.0,0.0,0.0,0.0,0.0,0.0,0.0,0.0,0.0,0.0
2026-09-27,EP162026,8,2026-09-29 18:00:00,2 days 18:00:00,66,19.58,-122.71,1008.1,17.0,88.6873231238198,0.0,0.0,0.0,0.0,0.0,0.0,0.0,0.0,0.0,0.0,0.0,0.0
2026-09-27,EP162026,8,2026-09-30 00:00:00,3 days 00:00:00,72,19.49,-123.43,1006.6,23.1,99.09715386823456,0.0,0.0,0.0,0.0,0.0,0.0,0.0,0.0,0.0,0.0,0.0,0.0
2026-09-27,EP172026,8,2026-09-27 00:00:00,0 days 00:00:00,0,19.0,-112.9,946.0,111.0,28.0,259.0,185.0,167.0,185.0,111.0,111.0,93.0,93.0,65.0,65.0,46.0,56.0
2026-09-27,EP172026,8,2026-09-27 06:00:00,0 days 06:00:00,6,19.69,-113.34,943.0,120.1,22.79525540584084,230.28415402032667,230.66783383989736,162.82556929925926,155.81193201012894,110.90563147492016,96.94949679589472,67.79349525401895,84.44488929952672,62.22544707642611,51.738500991445584,37.55119345830293,53.30656869241065
2026-09-27,EP172026,8,2026-09-27 12:00:00,0 days 12:00:00,12,20.69,-113.69,947.4,108.4,18.59560486913539,318.4687323696754,331.9062214044281,226.4581667213181,236.44345987067013,145.56023715284462,142.25991489843366,99.69440713119256,106.17808385183906,90.94856617041368,86.61233781418656,67.86677613797903,75.7959075074479
2026-09-27,EP172026,8,2026-09-27 18:00:00,0 days 18:00:00,18,21.8,-114.23,943.0,115.4,9.952709862524912,138.6716102645628,184.9819409515871,174.6916903696726,148.23703645408747,89.91561081914588,79.19242005715817,58.27353679303477,66.09568962464131,55.71626631048582,50.64332947452052,38.989294370067725,47.49170787126592
2026-09-27,EP172026,8,2026-09-28 00:00:00,1 days 00:00:00,24,22.48,-114.2,943.7,121.1,15.103659743172017,140.28620984532083,184.07629935655663,130.73976897342743,128.788360792842,74.70169439301912,78.72078056896379,60.45223977161632,51.925664140797664,51.38365024579326,50.38403516343146,40.25098446389458,43.75156045250179
2026-09-27,EP172026,8,2026-09-28 06:00:00,1 days 06:00:00,30,23.64,-114.09,949.2,113.5,10.64299121976624,145.98541113499033,187.94821890403423,133.58709252058185,100.76152319083656,81.68157619694041,80.97089166472033,57.60097761992216,59.107611993006415,43.35946007517169,38.215128288587664,30.63721717330869,36.63285409266058
2026-09-27,EP172026,8,2026-09-28 12:00:00,1 days 12:00:00,36,24.37,-114.04,959.3,94.7,41.76661624156816,164.55019291709635,146.63700792009496,125.0609558163046,160.43948614344237,94.9320883231418,91.85893503511618,77.62358001229384,76.7730618430646,48.32529271522884,49.65309987406005,41.87226418106896,42.00905940181898
2026-09-27,EP172026,8,2026-09-28 18:00:00,1 days 18:00:00,42,25.22,-113.4,960.7,92.8,26.688154992914708,144.8773666881169,156.43345278699962,137.72557654421198,120.59372312483868,84.78141836915063,92.38851084894142,75.07898425892972,73.53092338596261,67.14961094342095,65.09409698439738,53.91486937239589,56.46517074528472
2026-09-27,EP172026,8,2026-09-29 00:00:00,2 days 00:00:00,48,26.01,-112.38,972.5,70.7,3.939139756607581,125.98014440315065,146.0249980524159,106.24466695252136,78.4254363577361,63.821359961007,62.37068000849631,39.50812238555872,39.53942628411855,21.84697251593731,20.053797461562123,12.788197605208564,16.112869038352436
2026-09-27,EP172026,8,2026-09-29 06:00:00,2 days 06:00:00,54,27.37,-111.84,996.1,43.8,39.4972426484332,86.23436856865249,82.26689032125239,70.06596461165205,41.79525241304663,0.0,0.0,0.0,0.0,0.0,0.0,0.0,0.0
2026-09-27,EP172026,8,2026-09-29 12:00:00,2 days 12:00:00,60,28.02,-111.41,994.5,34.2,47.75967045016253,80.56135083865904,74.94515390389823,26.561351885345083,31.05086729681955,0.0,0.0,0.0,0.0,0.0,0.0,0.0,0.0
2026-09-27,EP902026,8,2026-09-27 00:00:00,0 days 00:00:00,0,12.0,-98.6,1008.0,25.0,111.0,0.0,0.0,0.0,0.0,0.0,0.0,0.0,0.0,0.0,0.0,0.0,0.0
2026-09-27,EP902026,8,2026-09-27 06:00:00,0 days 06:00:00,6,11.74,-98.72,1006.3,30.8,60.47619551445288,0.0,0.0,0.0,0.0,0.0,0.0,0.0,0.0,0.0,0.0,0.0,0.0
2026-09-27,EP902026,8,2026-09-27 12:00:00,0 days 12:00:00,12,12.16,-98.78,1005.1,34.9,118.31520933372848,0.0,118.31520933372848,0.0,0.0,0.0,0.0,0.0,0.0,0.0,0.0,0.0,0.0
2026-09-27,EP902026,8,2026-09-27 18:00:00,0 days 18:00:00,18,12.43,-99.06,1003.2,40.3,76.09384974445948,116.28157972880592,128.8027716976828,86.13175495354105,93.967665083068,0.0,0.0,0.0,0.0,0.0,0.0,0.0,0.0
2026-09-27,EP902026,8,2026-09-28 00:00:00,1 days 00:00:00,24,12.98,-99.29,1001.7,37.9,90.51282820829827,90.51282820829827,52.4015754429297,26.16361005174622,33.19978646064146,0.0,0.0,0.0,0.0,0.0,0.0,0.0,0.0
2026-09-27,EP902026,8,2026-09-28 06:00:00,1 days 06:00:00,30,13.02,-100.12,999.2,47.3,66.0350170214457,150.4220046068731,139.96367213863664,80.53740002352197,101.28451253547723,0.0,0.0,0.0,0.0,0.0,0.0,0.0,0.0
2026-09-27,EP902026,8,2026-09-28 12:00:00,1 days 12:00:00,36,13.6,-100.87,997.9,53.4,97.9277613683234,270.81011091396863,239.77845400516787,200.54589411643636,228.45869336958455,97.9277613683234,82.59767039734322,62.71225485644166,72.7023483895212,0.0,0.0,0.0,0.0
2026-09-27,EP902026,8,2026-09-28 18:00:00,1 days 18:00:00,42,13.62,-101.68,996.8,54.4,43.15716153094348,266.1024271775474,250.9381747751896,178.2311340015828,246.66943077054796,125.16075826884143,99.1421808786412,67.68960411536662,96.13264239207489,0.0,0.0,0.0,0.0
2026-09-27,EP902026,8,2026-09-29 00:00:00,2 days 00:00:00,48,14.28,-103.16,995.7,48.4,66.72927181854192,214.1569787113106,207.55044744700243,136.98999930368987,155.62024058772369,0.0,0.0,0.0,0.0,0.0,0.0,0.0,0.0
2026-09-27,EP902026,8,2026-09-29 06:00:00,2 days 06:00:00,54,14.58,-104.25,992.2,55.7,35.743174027806376,192.66603470748836,171.5765262114518,114.42380816515065,158.16755711953346,83.00097285014903,68.93541328003404,40.2445074368632,60.52775395455048,0.0,0.0,0.0,0.0
2026-09-27,EP902026,8,2026-09-29 12:00:00,2 days 12:00:00,60,15.27,-104.83,992.5,52.9,51.73385169547085,162.48542531109484,140.52862616663955,101.75237478039384,133.75731903549286,82.15355193881942,69.8221758448732,42.90533251293152,56.31928649040477,0.0,0.0,0.0,0.0
2026-09-27,EP902026,8,2026-09-29 18:00:00,2 days 18:00:00,66,15.65,-105.71,987.1,62.8,45.17303900808429,237.24131124256812,254.35238986057675,167.35834141573787,181.28678020810048,141.6841889599316,118.55828821038278,76.72884999492294,100.56160900246756,0.0,0.0,0.0,0.0
2026-09-27,EP902026,8,2026-09-30 00:00:00,3 days 00:00:00,72,16.63,-106.71,968.2,95.9,31.75165606045067,267.0914789947376,320.4078741168794,163.72655892905027,185.75662869526357,137.2360631280212,113.8983168129754,76.74607681818492,101.02866444441452,62.9895917835654,50.62046324531826,39.87803141736188,49.8290251171548
2026-09-27,EP902026,8,2026-09-30 06:00:00,3 days 06:00:00,78,17.7,-107.48,966.2,91.5,18.212029720394437,280.0564715698039,279.5604952436089,173.3442387050309,206.08234503925195,120.5774656500731,104.79347045382504,62.5164832287561,84.99826233402665,62.28683485677594,52.86928335287269,38.4928688421438,49.75427302311788
2026-09-27,EP902026,8,2026-09-30 12:00:00,3 days 12:00:00,84,18.29,-108.32,946.2,112.9,23.31366928774156,273.173150222984,286.79474951263376,182.1715108663049,221.1718942059279,104.74475118594856,91.02677231201535,65.43526120799135,76.38518460528832,52.24551762806238,44.92096556242155,36.92674043027337,43.24316428828614
2026-09-27,EP902026,8,2026-09-30 18:00:00,3 days 18:00:00,90,18.6,-108.85,938.0,119.4,38.31490476492131,250.3131928323469,240.81420799799503,177.24769968422186,220.72145494326224,80.56795456747724,70.17700029823187,59.7496280240786,72.68139747980072,58.08417370940688,51.47397922545477,43.26772439070392,48.97964691352968
2026-09-27,EP902026,8,2026-10-01 00:00:00,4 days 00:00:00,96,19.06,-109.12,944.2,117.2,20.42409238927588,260.33720117605867,236.6011577944539,189.3658020655081,230.8410568787864,111.40250388482804,94.5558328888892,71.41495871528616,91.7432198016258,52.80030523233116,46.09223082368075,34.24864174100843,45.31084905037747
2026-09-27,EP902026,8,2026-10-01 06:00:00,4 days 06:00:00,102,18.88,-109.39,953.2,107.5,25.27853520128077,196.9903596785788,224.9274588428441,211.66557938777825,227.9328607011009,109.07323861468691,113.876996972733,110.40577147343502,112.728857098616,64.78106761393133,58.87727597336256,54.28080762155353,59.1190750101614
2026-09-27,EP902026,8,2026-10-01 12:00:00,4 days 12:00:00,108,19.09,-109.4,961.9,95.8,25.344768534263192,173.98386483467203,205.6052441963545,158.5547115039975,152.60239326891974,85.87332151728428,94.03017907329748,75.96997502014365,71.37273871843415,51.51352544760773,51.9428177837562,43.32527583714551,42.75509771932302
2026-09-27,EP902026,8,2026-10-01 18:00:00,4 days 18:00:00,114,19.19,-109.39,966.6,81.3,47.21583178588934,203.4273267914205,257.93666203386385,203.20940395098177,161.4989431734224,101.6667949256209,107.27937379191204,87.2677938223628,83.3873051138359,59.994537698158624,55.62014722132602,48.844404318430655,50.07420584939951
2026-09-27,EP902026,8,2026-10-02 00:00:00,5 days 00:00:00,120,19.53,-109.14,979.5,71.1,38.81098956585056,179.62222229374822,234.95995456164923,191.08530896092256,151.45333967794537,98.20002559248178,105.81540129755705,82.51428466629594,80.26348798018165,36.78888623535842,38.81098956585056,33.73115708867694,30.88106455833411
2026-09-27,EP902026,8,2026-10-02 06:00:00,5 days 06:00:00,126,19.7,-109.17,988.2,53.3,75.746047192964,179.35967695495083,196.307868979444,176.16401538629913,160.83020171627692,120.4105951351395,109.70859049102413,79.67371260554208,93.07295289823058,0.0,0.0,0.0,0.0
2026-09-27,EP902026,8,2026-10-02 12:00:00,5 days 12:00:00,132,19.83,-109.34,992.0,53.7,61.86462899946379,242.98142976016103,271.978701823462,236.5813834927618,218.04992373730883,61.86462899946379,18.74927354636936,11.997631384214776,14.91174137981363,0.0,0.0,0.0,0.0
2026-09-27,EP902026,8,2026-10-02 18:00:00,5 days 18:00:00,138,19.98,-109.69,991.8,47.9,82.65779686509245,211.41880648484317,218.20219257051184,208.80094442292116,204.9931967475437,0.0,0.0,0.0,0.0,0.0,0.0,0.0,0.0
2026-09-27,EP902026,8,2026-10-03 00:00:00,6 days 00:00:00,144,20.12,-109.95,992.3,45.7,90.09455075062942,211.8259554088934,225.07708089490907,211.1385060902287,207.66148456521023,0.0,0.0,0.0,0.0,0.0,0.0,0.0,0.0
2026-09-27,EP902026,8,2026-10-03 06:00:00,6 days 06:00:00,150,20.25,-110.21,990.9,51.5,72.5695208085437,199.3779718637204,218.8208321746547,182.63552121555315,180.4801247075948,13.829872681236282,72.5695208085437,7.466248228235131,11.05504495111768,0.0,0.0,0.0,0.0
2026-09-27,EP902026,8,2026-10-03 12:00:00,6 days 12:00:00,156,20.14,-110.75,996.5,44.0,97.2702445129466,201.14659377885465,200.3752415429911,176.51234437066876,189.96641679364404,0.0,0.0,0.0,0.0,0.0,0.0,0.0,0.0
2026-09-27,EP902026,8,2026-10-03 18:00:00,6 days 18:00:00,162,19.81,-111.06,991.3,53.0,36.900929926664006,180.2494490376581,194.6628393866499,183.61653041435605,186.0262792152445,36.900929926664006,29.72946639063656,17.42308489689144,27.324280769632505,0.0,0.0,0.0,0.0
2026-09-27,EP902026,8,2026-10-04 00:00:00,7 days 00:00:00,168,20.04,-111.41,990.7,50.9,79.89690786263851,185.29894838559665,186.09859899049505,161.70850840374013,172.1686755742642,0.0,79.89690786263851,0.0,0.0,0.0,0.0,0.0,0.0
2026-09-27,EP902026,8,2026-10-04 06:00:00,7 days 06:00:00,174,19.67,-111.68,989.7,50.1,58.59349312255891,111.36193648512068,110.0815170152094,98.410214039815,94.92182642880594,58.59349312255891,16.966867518724992,12.97148215028291,13.512516128817136,0.0,0.0,0.0,0.0
2026-09-27,EP902026,8,2026-10-04 12:00:00,7 days 12:00:00,180,19.33,-111.73,994.7,53.3,28.447718686464583,144.70532091618003,159.82927200604087,133.04435883274235,128.40678850650727,28.447718686464583,10.618852509332273,3.685268987781276,6.909950738212485,0.0,0.0,0.0,0.0
2026-09-27,EP902026,8,2026-10-04 18:00:00,7 days 18:00:00,186,19.24,-111.87,998.2,51.7,31.875185882038625,155.0130669744666,115.51160494002276,102.96181972283104,137.06371668341706,55.94553935507204,46.2393074265342,31.24373284218059,45.311396249601366,0.0,0.0,0.0,0.0
2026-09-27,EP902026,8,2026-10-05 00:00:00,8 days 00:00:00,192,19.12,-112.19,985.9,62.8,9.06286539192297,115.03215277610798,118.48929160253464,94.3438223919802,117.24618285194084,53.31751282472942,46.83932953830117,33.871614705129105,46.694672405365054,0.0,0.0,0.0,0.0
2026-09-27,EP902026,8,2026-10-05 06:00:00,8 days 06:00:00,198,19.05,-112.24,987.3,61.2,40.86477605294255,109.71204127260546,124.71823960173822,125.7234317349089,127.86752447596136,78.69488654748795,75.79003949672551,60.87633759639954,73.74876070405872,0.0,0.0,0.0,0.0
2026-09-27,EP902026,8,2026-10-05 12:00:00,8 days 12:00:00,204,19.09,-112.8,983.0,70.8,27.62179801998927,75.45223395688359,86.90759702081766,100.43090558983188,102.20579511857308,55.010221763437286,50.4401147726668,46.763726952748215,53.434863360790814,27.62179801998927,23.0799554173228,19.77388036404103,23.21930064640367
2026-09-27,EP902026,8,2026-10-05 18:00:00,8 days 18:00:00,210,19.12,-113.5,987.7,65.6,34.908596916538926,113.98389643051048,111.73278217415606,116.34192190140172,121.15550530592222,59.29335627398017,59.438320905189,57.72743020743967,60.70907159446335,34.908596916538926,21.97781897634453,19.729298071360795,20.89003204153069
2026-09-27,EP902026,8,2026-10-06 00:00:00,9 days 00:00:00,216,19.0,-113.88,983.6,65.5,40.09551167518856,100.12726593608431,127.1685168900467,111.02139924729032,96.40644560992394,52.5267340515133,52.25388381894891,50.209117714484194,50.34212801964122,40.09551167518856,22.738351120493405,20.46701008009498,20.972805542081176
2026-09-27,EP902026,8,2026-10-06 06:00:00,9 days 06:00:00,222,18.69,-114.46,969.1,84.9,18.897486658874115,98.45521825234869,119.50817530717728,119.56054358306694,129.51912904576162,56.32347498721136,49.64359935414422,51.41318773133886,58.74590681241511,40.40207176525966,32.83548335498303,27.476120065238085,35.20743159034208
2026-09-27,EP902026,8,2026-10-06 12:00:00,9 days 12:00:00,228,18.47,-114.72,983.4,76.2,2.874798199802303,103.4046801151646,92.5766984557729,93.36734918025988,99.35016509787556,51.34273878434704,44.05855638868671,37.83460949548256,44.45168753144444,19.422653757995946,16.95225242109111,15.183343237445904,16.75002993529499
2026-09-27,EP902026,8,2026-10-06 18:00:00,9 days 18:00:00,234,18.36,-114.98,986.0,67.1,23.665126525737563,100.13118327916794,153.9204113421645,116.9840658975916,109.18075647685244,71.73014944113997,65.00448731882265,47.12616424911933,64.95285442376777,36.96771730047198,30.92446389573953,24.19722239103296,31.885311289227207
2026-09-27,EP902026,8,2026-10-07 00:00:00,10 days 00:00:00,240,18.65,-115.44,977.6,75.1,13.722026537705643,100.71649149933336,139.3586924015699,116.07350795737835,97.29531743420046,67.00226078564583,58.68072547822291,42.7915581131555,50.50932059405602,24.2579803379402,19.43737530051441,15.310293297478315,19.695246447719505
2026-09-27,EP902026,8,2026-10-07 06:00:00,10 days 06:00:00,246,18.64,-115.64,981.5,77.2,20.204357738478578,161.94216261772857,141.0759648047906,119.6018203225315,140.58073413566746,76.21082169372963,60.97846411648744,46.46455850706201,65.27258830410685,35.72977740748033,28.08789368894067,23.202869839850727,30.241819768514908
2026-09-27,EP902026,8,2026-10-07 12:00:00,10 days 12:00:00,252,19.08,-116.07,975.7,82.9,15.669428967474808,145.90257388907696,152.1551705359109,126.54245641443624,155.49202670256457,75.04172641011778,54.822747303789455,39.64543856628322,60.415593586210505,44.07531194030817,35.171069719852845,26.8458472166246,37.16930136421176
2026-09-27,EP902026,8,2026-10-07 18:00:00,10 days 18:00:00,258,19.49,-116.57,976.7,79.8,38.4328213252528,151.33156078086697,131.53428965866428,147.50671932764584,161.69281324950873,84.70977161327838,73.94345005436185,72.48781345944163,76.58500931716829,38.4328213252528,31.94011527183645,28.196804422391345,31.4435321596534
2026-09-27,EP902026,8,2026-10-08 00:00:00,11 days 00:00:00,264,19.55,-117.04,969.2,85.2,13.40610929196768,162.45301548670088,161.78092279905096,161.74639156525416,178.3222380757961,89.13974964714592,78.39380135020751,65.94707155344264,79.59804331809897,43.83732593039694,38.7002093734141,31.140708287105657,38.10978296062038
2026-09-27,EP902026,8,2026-10-08 06:00:00,11 days 06:00:00,270,19.94,-117.05,972.4,88.7,33.60103763079343,163.07967263587466,110.2450270585665,128.88436870243396,179.55163788556638,81.86714546997166,74.85396271353403,65.11004060690331,79.0332439280786,47.18731541772905,41.933349861171735,34.688386508297725,40.78872493388468
2026-09-27,EP902026,8,2026-10-08 12:00:00,11 days 12:00:00,276,20.19,-117.27,972.9,83.6,31.45389145531672,176.6736103113284,182.546924656359,139.75008470988166,163.42923375248915,111.07668638301412,93.6060276039256,80.48025183280757,92.91919025750848,64.1131214079794,57.90863903687685,48.13752691442909,57.38177684634337
2026-09-27,EP902026,8,2026-10-08 18:00:00,11 days 18:00:00,282,20.56,-117.57,975.0,74.9,57.55983307451147,186.5834279168444,157.3168309771641,153.90593243777917,149.9967072066868,85.1471757261065,69.71879930809686,60.87985713468012,75.36468886232265,57.55983307451147,38.03890377320798,29.46510343036033,37.55631172706224
2026-09-27,EP902026,8,2026-10-09 00:00:00,12 days 00:00:00,288,20.78,-117.95,973.9,73.8,13.527568878458665,156.296040161712,177.46530385888045,137.05085373151442,139.71533828214802,89.44576931554661,80.09362230297891,58.418430833700846,72.07046771788154,53.50745840324642,48.36471665138311,34.97614597572432,44.73373113415737
2026-09-27,EP902026,8,2026-10-09 06:00:00,12 days 06:00:00,294,21.15,-118.13,977.1,70.8,35.995618217605106,149.63627249593196,139.311211449645,135.5530578264893,124.98680940139728,73.10857796883631,68.07930643479057,52.04695239293378,58.82376545334552,35.995618217605106,24.37402392363289,19.8196345908789,23.11456623912091
2026-09-27,EP902026,8,2026-10-09 12:00:00,12 days 12:00:00,300,21.3,-118.33,983.4,70.5,38.68755338051463,188.50679425414813,163.40076403910078,166.0541650890865,195.1098448801578,97.7364990628944,77.51838036983675,72.68646048612345,95.75411258850504,72.82517789111245,62.69509848102405,51.61466400396976,63.90700375239257
2026-09-27,EP902026,8,2026-10-09 18:00:00,12 days 18:00:00,306,21.31,-118.71,987.5,59.6,57.85172393081511,141.110663474837,129.1282719740277,137.2095262656353,139.6462947338331,83.43073964604375,70.24208486606875,61.92724090058806,78.26113254872335,0.0,0.0,0.0,0.0
2026-09-27,EP902026,8,2026-10-10 00:00:00,13 days 00:00:00,312,21.59,-119.02,977.9,71.3,28.381057746395072,186.29815687145083,180.8244497536225,138.49877961090124,154.05582786980358,102.43047764544052,85.68292568376023,60.35307117613616,83.39955006405603,43.99702094171039,35.442252612847255,25.53671941965933,35.94659384247319
2026-09-27,EP902026,8,2026-10-10 06:00:00,13 days 06:00:00,318,21.64,-119.43,974.8,74.8,23.39197446732608,151.52954618346934,118.82866778278564,110.2770996842206,132.64374735992345,68.95718552850887,54.37332949643147,44.30149158190518,59.24368056245538,26.2479071169455,20.5319584448048,16.505153186846204,22.328749645764155
2026-09-27,EP902026,8,2026-10-10 12:00:00,13 days 12:00:00,324,21.78,-119.66,987.5,62.0,25.384117770876006,120.98676055171924,124.50150723419794,121.84896812125147,118.10422939985322,70.1705220607651,60.86314732229388,49.82657801528528,60.02469988535864,0.0,0.0,0.0,0.0
2026-09-27,EP902026,8,2026-10-10 18:00:00,13 days 18:00:00,330,21.63,-120.02,989.2,61.1,41.50580266698693,106.40075671710396,89.93804071560314,108.94884718864274,132.45901817129248,68.26957403112593,55.474206392396496,50.717689450470935,66.671536256833,0.0,0.0,0.0,0.0
2026-09-27,EP902026,8,2026-10-11 00:00:00,14 days 00:00:00,336,21.56,-120.21,983.5,58.4,34.80030475072559,94.49431221022968,95.9051526251974,108.22185519842674,108.54153595742004,61.08767037894434,52.550863641055976,39.19145322420846,48.90304056314636,0.0,0.0,0.0,0.0
2026-09-27,EP902026,8,2026-10-11 06:00:00,14 days 06:00:00,342,21.37,-120.07,982.8,67.0,34.15552999764505,118.19254485285416,141.91937552983063,153.01985880518782,143.70605216943753,66.63527154112595,70.52027091859989,64.14304308598986,65.94782841783008,40.54017872585728,39.03538296910892,33.38330174702419,35.90463719881737
2026-09-27,EP902026,8,2026-10-11 12:00:00,14 days 12:00:00,348,21.43,-120.49,978.8,68.3,44.181104335687465,123.41133415521956,123.09753298896824,123.02587431168811,120.9849400745425,59.13912642114338,60.58908815218922,54.240823264875466,51.882750072355805,14.118868320974505,44.181104335687465,13.151452586301632,13.624202831572918
2026-09-27,EP902026,8,2026-10-11 18:00:00,14 days 18:00:00,354,21.71,-120.38,983.8,66.1,40.98736493577665,148.59985969628605,160.3715762123312,157.93667461287737,128.0706013575404,107.28909294574976,98.04107695717408,75.38629973312732,86.89604024683271,40.98736493577665,26.550384778840563,21.29741260370349,26.20172724188507
2026-09-27,EP902026,8,2026-10-12 00:00:00,15 days 00:00:00,360,21.97,-120.43,986.2,58.0,51.29231538078051,148.30594576974238,157.1955350880353,124.89327597534802,138.8392966146294,103.00481889746996,89.06624333482475,62.5357177736539,80.67628584773752,0.0,0.0,0.0,0.0
2026-09-27,WP252026,8,2026-09-27 00:00:00,0 days 00:00:00,0,24.6,127.6,964.0,89.0,22.0,102.0,121.0,102.0,93.0,,,,,,,,
2026-09-27,WP252026,8,2026-09-27 06:00:00,0 days 06:00:00,6,25.3,128.12,931.7,135.2,24.84752528040065,137.92507650476728,197.73383389881428,122.8258328386096,87.30788507441059,71.15941164346714,84.69797572830521,62.428689362375735,57.99274620876599,45.73178435528428,44.4434906065793,39.5825585025089,40.01271327926952
2026-09-27,WP252026,8,2026-09-27 12:00:00,0 days 12:00:00,12,25.81,128.98,933.2,123.7,0.9897594087534144,109.77844408944487,173.4741839470233,133.21720879218316,83.98851278629166,42.79470242963548,74.4980358382862,66.36178249120027,36.540181021871646,36.61703093814904,39.94664567218157,36.61678647382912,31.99805590754466
2026-09-27,WP252026,8,2026-09-27 18:00:00,0 days 18:00:00,18,26.35,129.93,955.7,93.8,22.350713154287067,126.87880249550028,146.186876015316,146.9568866909824,107.64784378739272,57.24705339337869,65.32040757985371,49.63315691883984,44.923557764794126,28.615072394182107,28.633287230793083,22.255078283197715,21.868120540953264
2026-09-27,WP252026,8,2026-09-28 00:00:00,1 days 00:00:00,24,26.84,130.43,978.1,74.0,29.17601991851186,83.02869638030853,102.49933309127933,89.91071479651792,77.91900640308799,69.53353325547063,76.98359821254178,53.11184846885909,58.01870519651645,24.999408754181008,29.17601991851186,21.95051981918947,20.66084031681364
2026-09-27,WP252026,8,2026-09-28 06:00:00,1 days 06:00:00,30,27.43,131.81,974.0,71.8,34.14510648570461,141.60269553030017,165.6263683749495,107.49260855425725,87.4790778779522,63.059135481434055,69.00931514700966,46.803428385818,42.72989987998479,27.55279883595984,34.14510648570461,21.495688830312787,21.15190189070556
2026-09-27,WP252026,8,2026-09-28 12:00:00,1 days 12:00:00,36,27.99,132.52,985.7,64.5,27.52696884605099,78.51822002378,138.1293364739278,109.10685931713584,81.75393178165324,69.71136841620371,81.0442911732145,51.704544681800265,58.24303303378157,13.58104522484788,27.52696884605099,11.077648729826445,11.32720902897242
2026-09-27,WP252026,8,2026-09-28 18:00:00,1 days 18:00:00,42,28.25,133.64,990.2,54.5,32.52722254205334,74.0069366795099,113.804629815397,72.51818252279267,53.02497872570834,70.26547060079531,73.51958153534608,49.06800834282926,53.02497872570834,0.0,0.0,0.0,0.0
2026-09-27,WP252026,8,2026-09-29 00:00:00,2 days 00:00:00,48,29.0,134.35,985.7,61.8,25.191995835158068,100.94696935059532,117.50732152411538,95.29541298706089,55.60265503502299,56.02699477050165,59.98298439754153,42.56223590824237,37.79248588744602,0.0,0.0,0.0,0.0
2026-09-27,WP252026,8,2026-09-29 06:00:00,2 days 06:00:00,54,29.28,135.44,991.6,46.2,49.28264168895608,147.47894319556548,183.78378404493617,122.81617316678948,103.34057562943704,0.0,0.0,0.0,0.0,0.0,0.0,0.0,0.0
2026-09-27,WP252026,8,2026-09-29 12:00:00,2 days 12:00:00,60,29.59,136.8,998.1,42.1,65.41452971283306,92.30063640809124,131.68943236541787,86.76745028487599,65.7900020586583,0.0,0.0,0.0,0.0,0.0,0.0,0.0,0.0
2026-09-27,WP252026,8,2026-09-29 18:00:00,2 days 18:00:00,66,30.22,138.05,999.5,37.8,22.91629917474569,121.6992589182389,144.90232064606178,88.59611932620419,85.56817447437899,0.0,0.0,0.0,0.0,0.0,0.0,0.0,0.0
2026-09-27,WP252026,8,2026-09-30 00:00:00,3 days 00:00:00,72,30.5,139.22,1000.4,40.3,127.71809170100232,95.58929228252744,127.71809170100232,75.16840044864412,64.57639212634737,0.0,0.0,0.0,0.0,0.0,0.0,0.0,0.0
2026-09-27,WP252026,8,2026-09-30 06:00:00,3 days 06:00:00,78,30.91,140.74,989.6,38.1,69.54080285188591,57.12459628049403,92.90689013445242,55.25610525876685,43.68822998119663,0.0,0.0,0.0,0.0,0.0,0.0,0.0,0.0
2026-09-27,WP252026,8,2026-09-30 12:00:00,3 days 12:00:00,84,31.44,141.84,992.2,48.6,73.77547630445365,113.03179565983784,137.1817134794085,98.12770278757814,76.7350660148266,0.0,0.0,0.0,0.0,0.0,0.0,0.0,0.0
2026-09-27,WP252026,8,2026-09-30 18:00:00,3 days 18:00:00,90,31.91,142.17,996.9,42.5,69.21012928754793,178.4680881198306,165.13437472433418,104.14275303171672,115.3110582244349,0.0,0.0,0.0,0.0,0.0,0.0,0.0,0.0
2026-09-27,WP252026,8,2026-10-01 00:00:00,4 days 00:00:00,96,32.73,142.98,997.8,37.7,45.52102821108599,75.979934186366,86.3022594161315,48.77425889557145,34.482071137006216,0.0,0.0,0.0,0.0,0.0,0.0,0.0,0.0
2026-09-27,WP252026,8,2026-10-01 06:00:00,4 days 06:00:00,102,33.8,144.09,999.3,36.4,119.00586734905202,48.84751672497772,119.00586734905202,23.0588894976939,17.16956291429013,0.0,0.0,0.0,0.0,0.0,0.0,0.0,0.0
2026-09-27,WP252026,8,2026-10-01 12:00:00,4 days 12:00:00,108,35.24,145.43,1001.3,30.1,103.3898080953952,0.0,0.0,0.0,0.0,0.0,0.0,0.0,0.0,0.0,0.0,0.0,0.0
2026-09-27,WP252026,8,2026-10-01 18:00:00,4 days 18:00:00,114,36.39,147.96,999.9,35.2,29.910682286949523,24.43026822759531,49.73568129193431,18.88135507226833,0.0,0.0,0.0,0.0,0.0,0.0,0.0,0.0,0.0
2026-09-27,AL062026,9,2026-09-27 00:00:00,0 days 00:00:00,0,29.8,-43.9,1010.0,29.0,56.0,0.0,0.0,0.0,0.0,0.0,0.0,0.0,0.0,0.0,0.0,0.0,0.0
2026-09-27,AL062026,9,2026-09-27 06:00:00,0 days 06:00:00,6,29.85,-43.83,1011.9,24.5,91.17931845749808,0.0,0.0,0.0,0.0,0.0,0.0,0.0,0.0,0.0,0.0,0.0,0.0
2026-09-27,AL062026,9,2026-09-27 12:00:00,0 days 12:00:00,12,29.58,-43.82,1007.9,27.6,81.35535446815061,0.0,0.0,0.0,0.0,0.0,0.0,0.0,0.0,0.0,0.0,0.0,0.0
2026-09-27,EP152026,9,2026-09-27 00:00:00,0 days 00:00:00,0,16.7,-156.1,972.0,80.0,37.0,241.0,185.0,185.0,241.0,93.0,74.0,93.0,111.0,56.0,46.0,56.0,56.0
2026-09-27,EP152026,9,2026-09-27 06:00:00,0 days 06:00:00,6,16.48,-156.78,967.8,94.8,28.224308152881463,147.9259990267443,136.96179726756225,136.53952990924245,161.755610649657,65.23986496151309,61.010526000937375,59.01589963411888,67.82674310365508,51.71261427098386,45.96021154829302,39.45143777572626,45.96904973385796
2026-09-27,EP152026,9,2026-09-27 12:00:00,0 days 12:00:00,12,16.34,-157.74,957.0,108.1,0.0,175.4990063190187,153.4193643296899,151.2808422634024,152.98762682122612,85.1959472602063,72.07383564353877,66.81388536073752,86.70065360674636,56.27609623067056,47.28882426173518,40.78192538076801,51.00662093045831
2026-09-27,EP152026,9,2026-09-27 18:00:00,0 days 18:00:00,18,15.92,-159.08,955.7,106.2,14.467037273845833,177.63942171392313,136.66105947460056,128.97989947352306,179.23722127985394,85.79801150739047,67.29890130394635,65.90401282125774,78.11655316055658,54.46524220990066,46.31230512579173,41.90124639179777,48.60469733755176
2026-09-27,EP152026,9,2026-09-28 00:00:00,1 days 00:00:00,24,16.08,-159.82,947.2,117.5,22.217361385688243,170.9090656941882,140.1175615966371,126.229550423207,161.02430073952928,89.20670097546915,68.1344551248387,59.08568704744388,85.71258009851333,66.23819739918753,53.7667039029905,44.95006968607512,60.4422629045262
2026-09-27,EP152026,9,2026-09-28 06:00:00,1 days 06:00:00,30,16.33,-160.8,950.8,111.8,27.527432926400976,179.11750243966912,142.20424768790127,141.24676179121812,164.49458377745856,84.59575343081258,55.11271021252378,48.745267040568855,80.3087810268665,55.09617682657949,40.446282036917495,33.46640750018658,51.127335673210496
2026-09-27,EP152026,9,2026-09-28 12:00:00,1 days 12:00:00,36,16.92,-161.85,943.2,119.8,30.86610617116378,168.60919662129027,140.51038700485606,112.02918610631492,153.5718658972919,94.59156278735918,71.08906594250584,55.839867381914814,85.57044099127961,57.41376493941107,44.35501231260128,35.464038260325594,51.212114050491664
2026-09-27,EP152026,9,2026-09-28 18:00:00,1 days 18:00:00,42,17.77,-162.57,948.4,119.0,12.45047115498926,214.9585396179664,178.5149970534278,105.98589543672512,153.9188485611416,116.14584833602852,90.64224568857549,63.14465791416799,90.87695454470604,60.35266771182648,49.78189147203207,38.50652331554778,51.47216803926483
2026-09-27,EP152026,9,2026-09-29 00:00:00,2 days 00:00:00,48,18.78,-163.26,959.1,105.4,26.588275119780462,217.46771819874985,198.82513361201651,133.30377540822892,160.67905216879694,117.35032093336378,97.80549148816644,74.92374101986104,86.3560463932441,54.17133168397524,48.76887134741106,36.49336447635105,45.85421451565446
2026-09-27,EP152026,9,2026-09-29 06:00:00,2 days 06:00:00,54,19.54,-163.55,958.3,105.5,9.195674604535114,134.63996664970068,146.23222649149798,110.8964771372003,112.74152115705016,78.16996836744704,64.46397665959154,46.97052141613616,63.05684779005495,41.76062901513373,36.39089198086006,26.84186231297666,36.64701034135028
2026-09-27,EP152026,9,2026-09-29 12:00:00,2 days 12:00:00,60,20.88,-163.62,971.0,82.6,25.13918224141844,121.4350541631558,100.13913445328912,113.47105760515672,98.89429417108062,71.63210740212452,61.22272718688546,43.37230092106974,58.75730160523657,38.15673586287049,31.294756991595712,23.607812723118908,30.912971844889224
2026-09-27,EP152026,9,2026-09-29 18:00:00,2 days 18:00:00,66,21.7,-163.68,973.8,78.2,26.584114448211103,240.19456868938823,173.2075356115935,148.10730573735415,199.38597052644667,116.19056068409752,94.51665661008532,71.86810825103443,94.13693543121818,71.43590723193212,63.31991130967293,48.32033065579599,60.09480337225972
2026-09-27,EP152026,9,2026-09-30 00:00:00,3 days 00:00:00,72,22.26,-163.93,985.2,62.5,44.06777510966105,172.20417869148108,154.5866184200806,107.7003240004782,166.92121079073482,98.71697793581254,80.23742167312315,57.33280640791382,86.00061340633137,0.0,0.0,0.0,0.0
2026-09-27,EP152026,9,2026-09-30 06:00:00,3 days 06:00:00,78,22.56,-164.08,990.2,52.1,70.01052330843177,214.82344723440232,170.52092278456087,133.5494389485694,187.3681992485249,70.01052330843177,33.033513953246725,27.50263929703141,30.937341208463856,0.0,0.0,0.0,0.0
2026-09-27,EP152026,9,2026-09-30 12:00:00,3 days 12:00:00,84,22.25,-163.81,991.9,53.0,88.4558073766091,219.4772743165352,208.98658814561617,191.41426528920493,208.3140693718762,88.4558073766091,15.926153018873691,12.323900850043271,12.65933006043258,0.0,0.0,0.0,0.0
2026-09-27,EP152026,9,2026-09-30 18:00:00,3 days 18:00:00,90,22.11,-163.35,994.0,46.0,56.1098866445607,191.99178321642387,181.19359051763456,192.6029836567332,195.3534647084516,0.0,0.0,0.0,0.0,0.0,0.0,0.0,0.0
2026-09-27,EP152026,9,2026-10-01 00:00:00,4 days 00:00:00,96,21.98,-163.46,997.8,37.7,125.77429453409344,127.58221947014506,117.80522417324036,116.73902113448536,124.65080722534258,0.0,0.0,0.0,0.0,0.0,0.0,0.0,0.0
2026-09-27,EP152026,9,2026-10-01 06:00:00,4 days 06:00:00,102,22.01,-163.43,998.9,46.0,105.1082406557062,270.2357472236335,226.44138882824345,199.79410971367287,251.15870766712388,0.0,0.0,0.0,0.0,0.0,0.0,0.0,0.0
2026-09-27,EP152026,9,2026-10-01 12:00:00,4 days 12:00:00,108,22.28,-163.77,993.6,42.0,111.81656710879692,131.6377279921665,111.9926221929346,99.60369751085749,122.80627722746314,0.0,0.0,0.0,0.0,0.0,0.0,0.0,0.0
2026-09-27,EP152026,9,2026-10-01 18:00:00,4 days 18:00:00,114,22.46,-164.27,996.5,41.8,72.08550273360055,267.2167412275385,183.93550235639816,146.80945614625227,248.03692997702183,0.0,0.0,0.0,0.0,0.0,0.0,0.0,0.0
2026-09-27,EP152026,9,2026-10-02 00:00:00,5 days 00:00:00,120,22.64,-164.79,998.7,46.2,45.64345396269351,132.7589496493202,85.30967547064992,60.54512066891148,91.6751452592973,0.0,0.0,0.0,0.0,0.0,0.0,0.0,0.0
2026-09-27,EP152026,9,2026-10-02 06:00:00,5 days 06:00:00,126,22.89,-165.18,992.2,48.7,91.31038147919487,258.92826422494363,217.56275932660805,174.7847958055508,223.26685217803708,0.0,0.0,0.0,0.0,0.0,0.0,0.0,0.0
2026-09-27,EP152026,9,2026-10-02 12:00:00,5 days 12:00:00,132,22.89,-165.76,993.2,46.5,116.94597215302392,171.4052124595222,131.02203826977055,110.44900756346097,152.38169429175397,0.0,0.0,0.0,0.0,0.0,0.0,0.0,0.0
2026-09-27,EP152026,9,2026-10-02 18:00:00,5 days 18:00:00,138,23.04,-166.19,991.0,48.3,140.1972214947089,335.6167900109911,318.4974161950746,263.0797117328564,298.9099410229574,0.0,0.0,0.0,0.0,0.0,0.0,0.0,0.0
2026-09-27,EP152026,9,2026-10-03 00:00:00,6 days 00:00:00,144,23.18,-166.41,989.2,52.0,44.375078548977086,229.61536815864903,204.73494029296015,142.7617645213158,202.9133891113032,44.375078548977086,31.24073243096193,12.742563175388964,29.3505461270198,0.0,0.0,0.0,0.0
2026-09-27,EP152026,9,2026-10-03 06:00:00,6 days 06:00:00,150,22.8,-167.09,988.5,55.8,54.35623638294617,179.03892142857367,114.59448854744645,119.62579362576072,188.306324964104,92.38156490458236,72.80220490851175,56.26334673912692,77.3244783771854,0.0,0.0,0.0,0.0
2026-09-27,EP152026,9,2026-10-03 12:00:00,6 days 12:00:00,156,23.04,-167.46,988.5,56.5,55.36325035526284,241.59503969405552,187.1537707244516,135.68815151461467,227.99113815891317,69.68258309743325,50.87142653651391,36.441933646471725,56.49365849201922,0.0,0.0,0.0,0.0
2026-09-27,EP152026,9,2026-10-03 18:00:00,6 days 18:00:00,162,22.67,-168.93,989.0,59.5,42.89983617701085,257.51135959646865,187.38227017904268,137.83803470504586,245.575894681833,77.82078258121328,61.88959136980287,47.05183257975425,66.67323470407445,0.0,0.0,0.0,0.0
2026-09-27,EP152026,9,2026-10-04 00:00:00,7 days 00:00:00,168,22.63,-170.4,992.1,57.1,36.3321947436182,177.53353644835585,102.8637240707512,85.29422710155846,178.83860301112284,124.6782398505414,96.84504163756132,65.93798051304432,102.51841468656164,0.0,0.0,0.0,0.0
2026-09-27,EP152026,9,2026-10-04 06:00:00,7 days 06:00:00,174,22.37,-172.39,990.6,58.2,25.13913206018404,254.5550119022687,173.07157785658626,99.14180644256764,240.97055172240303,74.11002832297322,56.064034340549576,37.5373958768508,65.47247157038531,0.0,0.0,0.0,0.0
2026-09-27,EP152026,9,2026-10-04 12:00:00,7 days 12:00:00,180,22.69,-174.72,989.1,72.2,27.401164760186056,194.535962295827,137.57989380601452,88.85821106562544,170.89694935190207,83.03473617791728,58.32982690477063,36.11706659738428,68.5584061658212,35.882934224875484,26.33684401796645,19.56391460716681,30.86940222684874
2026-09-27,EP152026,9,2026-10-04 18:00:00,7 days 18:00:00,186,22.91,-177.05,985.3,66.2,26.400527631772263,173.74302682637182,120.54291537783054,88.4858877770771,168.04737028587255,74.71361036230282,53.48193869056306,34.15495321140716,60.88314002296123,26.400527631772263,11.115268950670846,7.008154884529104,15.2713633523327
2026-09-27,EP152026,9,2026-10-05 00:00:00,8 days 00:00:00,192,23.14,-179.52,982.0,71.9,12.38136125098702,172.23688963285986,106.52204361916958,73.15557864946118,155.36226082074415,80.93773583326691,55.433171892065445,35.3635872299968,65.3632345576034,27.588670117575145,17.11115234995067,11.502604606517938,21.534702924907723
2026-09-27,EP152026,9,2026-10-05 06:00:00,8 days 06:00:00,198,23.77,178.01,978.1,87.5,10.98194424030124,190.82466543877783,119.73114623813792,63.68199826624756,165.60830964508372,101.82720243285551,68.65373817823574,40.1406290986466,87.05107519890717,47.58174342027172,37.02211739585318,25.447984408518717,40.45883458563587
2026-09-27,EP152026,9,2026-10-05 12:00:00,8 days 12:00:00,204,24.35,175.79,971.0,87.1,18.77018882763214,195.4182539684389,154.2761855908546,80.62068687681634,159.75050888881674,74.55408236110796,54.92474014073608,33.80993547235124,54.06079521021464,34.72454960905164,27.18120134609321,22.50011200176039,28.54162998570131
2026-09-27,EP152026,9,2026-10-05 18:00:00,8 days 18:00:00,210,24.86,173.77,979.2,78.5,24.042826598364456,261.06545613431626,177.05648235066036,121.27512086083442,218.4568769495802,108.92201478646145,82.48187533935652,59.290317121610826,90.18857676092662,46.02014289888396,38.13370895257357,28.99640688628397,38.02553125476061
2026-09-27,EP152026,9,2026-10-06 00:00:00,9 days 00:00:00,216,25.69,172.11,984.0,74.1,20.877329296363417,251.2613892801141,162.2534122568153,96.33474855933169,204.69105712228023,111.35979734713158,74.92212398491014,44.811183377407815,89.49944765682528,51.007664274172896,38.85102744783599,27.82105081966204,41.91400101936959
2026-09-27,EP152026,9,2026-10-06 06:00:00,9 days 06:00:00,222,27.08,170.15,965.1,98.4,15.393284038268073,270.5870669655139,190.2838546234485,117.86572896176808,198.31569135656864,126.4897303052174,97.90339514732398,63.8919950613606,93.88693775281212,60.68000600877509,51.61676296725892,37.85918586934676,47.688874050296775
2026-09-27,EP152026,9,2026-10-06 12:00:00,9 days 12:00:00,228,28.32,169.01,968.7,85.8,20.31760428255587,200.0601964569091,191.67926812162776,131.47474845283958,154.6731408733309,107.77285451624005,88.2047866668953,54.73208570038346,77.5731077053583,54.56456846605748,47.0611012037171,34.021119340230726,46.0568736461052
2026-09-27,EP152026,9,2026-10-06 18:00:00,9 days 18:00:00,234,30.04,168.1,982.9,72.8,23.35644151118936,237.8549360932016,206.0815244243688,145.9672206927429,191.2778071737812,122.70618938184792,94.9520537754587,62.46443596463854,86.26076231397383,52.42979791288758,42.41978006609133,30.832008639312505,40.48967830853928
2026-09-27,EP152026,9,2026-10-07 00:00:00,10 days 00:00:00,240,31.81,167.91,976.3,73.9,10.359423957370158,222.5570749682542,246.49498149328247,166.0982984850675,160.1648498487031,127.02518573830254,120.37537687058249,80.10637834418517,86.57512143895315,49.38563822898588,45.20906488182215,32.78146864761594,37.67656275702385
2026-09-27,EP152026,9,2026-10-07 06:00:00,10 days 06:00:00,246,34.03,168.78,988.4,68.8,24.16635213237735,190.5114219432537,216.46974898732392,197.95396957644547,137.7770140818379,110.02506936489762,117.70782205918648,86.9808801195195,74.99358742549344,55.11825893652696,57.19644121282749,44.22373501293828,46.04299090580987
2026-09-27,EP152026,9,2026-10-07 12:00:00,10 days 12:00:00,252,36.22,170.99,977.6,66.3,53.13161233344909,155.08809829621896,208.94472666257207,123.74272260657744,95.39246549261044,99.33031430215853,107.05223626985573,67.61478792609523,68.04733371997463,11.42203477041562,53.13161233344909,4.952500770205631,8.224079170149707
2026-09-27,EP152026,9,2026-10-07 18:00:00,10 days 18:00:00,258,38.27,173.75,982.9,59.2,72.52275068057622,146.65215029185867,258.88594169398107,183.0710820976594,94.38175078763076,64.99239299369047,83.70146167572001,60.47078660821536,37.97275093459804,0.0,0.0,0.0,0.0
2026-09-27,EP162026,9,2026-09-27 00:00:00,0 days 00:00:00,0,20.8,-123.6,975.0,76.0,28.0,167.0,167.0,148.0,185.0,93.0,74.0,74.0,93.0,65.0,46.0,37.0,56.0
2026-09-27,EP162026,9,2026-09-27 06:00:00,0 days 06:00:00,6,21.41,-123.27,985.0,59.1,29.47611924257867,146.49277965198178,157.39868513281192,105.61070345978428,132.4455224464328,58.82098078196248,56.14435164135473,33.76541116652908,44.55982241911804,0.0,0.0,0.0,0.0
2026-09-27,EP162026,9,2026-09-27 12:00:00,0 days 12:00:00,12,22.15,-123.3,997.7,50.3,62.88985621258331,193.74998378123428,174.05941264477917,124.72224605342257,149.75199697161815,62.88985621258331,19.05227191988638,11.44519174196089,14.66012726723035,0.0,0.0,0.0,0.0
2026-09-27,EP162026,9,2026-09-27 18:00:00,0 days 18:00:00,18,22.42,-122.82,997.3,42.1,47.246916864214136,73.58572650263983,92.54232083959184,58.42148200705064,50.15144204817165,0.0,0.0,0.0,0.0,0.0,0.0,0.0,0.0
2026-09-27,EP162026,9,2026-09-28 00:00:00,1 days 00:00:00,24,22.68,-122.97,1001.9,33.0,90.34850503393864,0.0,0.0,0.0,0.0,0.0,0.0,0.0,0.0,0.0,0.0,0.0,0.0
2026-09-27,EP162026,9,2026-09-28 06:00:00,1 days 06:00:00,30,22.84,-122.97,1003.7,29.5,85.3542769702592,0.0,0.0,0.0,0.0,0.0,0.0,0.0,0.0,0.0,0.0,0.0,0.0
2026-09-27,EP162026,9,2026-09-28 12:00:00,1 days 12:00:00,36,22.67,-123.02,1002.9,28.2,102.25541778197642,0.0,0.0,0.0,0.0,0.0,0.0,0.0,0.0,0.0,0.0,0.0,0.0
2026-09-27,EP162026,9,2026-09-28 18:00:00,1 days 18:00:00,42,22.38,-122.88,1003.6,24.8,78.0920655085055,0.0,0.0,0.0,0.0,0.0,0.0,0.0,0.0,0.0,0.0,0.0,0.0
2026-09-27,EP162026,9,2026-09-29 00:00:00,2 days 00:00:00,48,21.84,-122.96,1004.2,25.5,82.21213034615022,0.0,0.0,0.0,0.0,0.0,0.0,0.0,0.0,0.0,0.0,0.0,0.0
2026-09-27,EP162026,9,2026-09-29 06:00:00,2 days 06:00:00,54,21.29,-123.41,1005.0,21.4,31.57572392415377,0.0,0.0,0.0,0.0,0.0,0.0,0.0,0.0,0.0,0.0,0.0,0.0
2026-09-27,EP162026,9,2026-09-29 12:00:00,2 days 12:00:00,60,20.99,-123.27,1008.1,22.6,72.23179855679831,0.0,0.0,0.0,0.0,0.0,0.0,0.0,0.0,0.0,0.0,0.0,0.0
2026-09-27,EP162026,9,2026-09-29 18:00:00,2 days 18:00:00,66,20.42,-123.44,1009.7,15.8,63.05352858910669,0.0,0.0,0.0,0.0,0.0,0.0,0.0,0.0,0.0,0.0,0.0,0.0
2026-09-27,EP162026,9,2026-09-30 00:00:00,3 days 00:00:00,72,19.77,-124.24,1008.8,19.1,159.31136787700703,0.0,0.0,0.0,0.0,0.0,0.0,0.0,0.0,0.0,0.0,0.0,0.0
2026-09-27,EP162026,9,2026-09-30 06:00:00,3 days 06:00:00,78,19.14,-125.27,1009.0,16.8,88.67092189389636,0.0,0.0,0.0,0.0,0.0,0.0,0.0,0.0,0.0,0.0,0.0,0.0
2026-09-27,EP162026,9,2026-09-30 12:00:00,3 days 12:00:00,84,18.27,-126.71,1010.6,17.1,135.32024517049538,0.0,0.0,0.0,0.0,0.0,0.0,0.0,0.0,0.0,0.0,0.0,0.0
2026-09-27,EP162026,9,2026-09-30 18:00:00,3 days 18:00:00,90,17.76,-127.29,1006.5,20.7,144.81705783331404,0.0,0.0,0.0,0.0,0.0,0.0,0.0,0.0,0.0,0.0,0.0,0.0
2026-09-27,EP172026,9,2026-09-27 00:00:00,0 days 00:00:00,0,19.0,-112.9,946.0,111.0,28.0,259.0,185.0,167.0,185.0,111.0,111.0,93.0,93.0,65.0,65.0,46.0,56.0
2026-09-27,EP172026,9,2026-09-27 06:00:00,0 days 06:00:00,6,19.82,-113.4,943.7,116.3,14.41529904862957,199.53105039115383,212.47657693397076,142.9838338670254,166.66468267033252,106.60815621079256,94.36864978709814,68.48153579498185,84.82270184621377,66.7910406771343,57.05524888867025,44.15610670745804,56.32205216603647
2026-09-27,EP172026,9,2026-09-27 12:00:00,0 days 12:00:00,12,20.7,-113.74,954.5,107.3,7.651498148463631,199.40788171183368,227.8844520558024,138.59278870413692,161.62546220380102,117.22440443498186,104.59037728562156,71.67384315216268,91.99641245469748,71.07637602111359,61.660539784504266,46.66843225429668,59.51689471387323
2026-09-27,EP172026,9,2026-09-27 18:00:00,0 days 18:00:00,18,21.56,-113.89,956.4,102.1,3.903161880352444,179.54920691440913,181.6773808656365,160.4736822509857,142.7052705257434,100.4047457866588,89.46718372052234,73.16069991593761,70.60676696847568,52.09887963358496,48.88829032826425,38.509108362281005,42.6969814933263
2026-09-27,EP172026,9,2026-09-28 00:00:00,1 days 00:00:00,24,22.65,-114.11,937.7,129.2,9.444013067037638,231.4503175230319,250.93080375547484,138.6888042226788,140.71538760548532,97.7102774901482,96.27219739976852,60.90744110724043,67.30738457389009,50.284139276561845,45.845149160631856,37.11019134117514,41.14830746429294
2026-09-27,EP172026,9,2026-09-28 06:00:00,1 days 06:00:00,30,23.76,-113.89,947.4,115.5,5.066300489534996,166.41096935361816,183.6827507404533,132.18700862565765,147.38365158951018,73.6967168525591,79.8972565911675,57.90421057018567,54.32682786333043,37.77286603208192,37.90308113389018,31.370477468330343,32.2983184684686
2026-09-27,EP172026,9,2026-09-28 12:00:00,1 days 12:00:00,36,24.54,-113.64,949.7,108.5,24.496267504748403,194.45689640457005,238.26499126398363,164.44327390668798,145.00676601266304,123.8051415853032,113.48411456429956,79.18295767436516,89.85774628225411,69.59253818738918,61.063485954511606,47.088537310433054,57.90658713343518
2026-09-27,EP172026,9,2026-09-28 18:00:00,1 days 18:00:00,42,25.07,-112.86,958.9,102.6,22.0069002743694,134.1609652783784,160.15078214592018,150.37634973011836,127.57323542250695,88.20710289243812,105.0139163065994,84.01105643193739,73.24896422051836,63.13003502093187,61.23488005097164,53.43218391531559,50.665429325878
2026-09-27,EP172026,9,2026-09-29 00:00:00,2 days 00:00:00,48,26.0,-111.8,960.1,85.0,17.30857712722112,214.4095040732907,228.10509052358435,129.01917575366306,113.89781994455006,61.69116696665997,69.88676869824678,48.44477765698452,35.35465474101818,31.39697130350808,35.28158022378847,27.064752604618757,25.53395173187776
2026-09-27,EP172026,9,2026-09-29 06:00:00,2 days 06:00:00,54,27.37,-110.64,964.6,84.0,0.0,130.5044784960877,172.51470326187018,101.91456016204184,61.24251837996349,67.4796386806489,85.60527647524218,51.53923393605558,46.98494289647371,9.648089741570498,11.769574337762304,6.533167609886233,3.9869485605249
2026-09-27,EP172026,9,2026-09-29 12:00:00,2 days 12:00:00,60,28.94,-109.85,995.1,38.8,44.50604647237587,44.50604647237587,12.939343821762408,0.0,0.0,0.0,0.0,0.0,0.0,0.0,0.0,0.0,0.0
2026-09-27,EP902026,9,2026-09-27 00:00:00,0 days 00:00:00,0,12.0,-98.6,1008.0,25.0,111.0,0.0,0.0,0.0,0.0,0.0,0.0,0.0,0.0,0.0,0.0,0.0,0.0
2026-09-27,EP902026,9,2026-09-27 06:00:00,0 days 06:00:00,6,11.91,-98.89,1005.5,29.4,66.58854415995883,0.0,0.0,0.0,0.0,0.0,0.0,0.0,0.0,0.0,0.0,0.0,0.0
2026-09-27,EP902026,9,2026-09-27 12:00:00,0 days 12:00:00,12,11.97,-98.97,1003.5,32.4,150.52206259469858,0.0,0.0,0.0,0.0,0.0,0.0,0.0,0.0,0.0,0.0,0.0,0.0
2026-09-27,EP902026,9,2026-09-27 18:00:00,0 days 18:00:00,18,12.15,-99.03,1003.5,32.3,119.27603491335984,0.0,0.0,0.0,0.0,0.0,0.0,0.0,0.0,0.0,0.0,0.0,0.0
2026-09-27,EP902026,9,2026-09-28 00:00:00,1 days 00:00:00,24,12.55,-99.27,1002.8,36.2,108.601978890566,108.601978890566,14.81668378648586,0.0,0.0,0.0,0.0,0.0,0.0,0.0,0.0,0.0,0.0
2026-09-27,EP902026,9,2026-09-28 06:00:00,1 days 06:00:00,30,13.06,-99.96,1001.8,37.5,69.64132247034294,105.91051716113,108.19785172560006,47.57227784699974,85.2239806747805,0.0,0.0,0.0,0.0,0.0,0.0,0.0,0.0
2026-09-27,EP902026,9,2026-09-28 12:00:00,1 days 12:00:00,36,13.37,-100.61,1000.0,41.8,106.8890109999342,106.8890109999342,85.31636001833363,52.25941874780478,69.14742205352562,0.0,0.0,0.0,0.0,0.0,0.0,0.0,0.0
2026-09-27,EP902026,9,2026-09-28 18:00:00,1 days 18:00:00,42,13.84,-101.59,1000.0,45.3,35.8411626455816,187.83988562927408,166.26410168477148,128.14769728194938,160.79962985330147,0.0,0.0,0.0,0.0,0.0,0.0,0.0,0.0
2026-09-27,EP902026,9,2026-09-29 00:00:00,2 days 00:00:00,48,14.19,-102.58,1000.7,40.7,84.18482554192569,289.7034760195755,247.8357083351289,199.73706187595883,243.5727762705744,0.0,0.0,0.0,0.0,0.0,0.0,0.0,0.0
2026-09-27,EP902026,9,2026-09-29 06:00:00,2 days 06:00:00,54,14.14,-103.44,999.0,44.0,47.41845568574469,170.64994475723284,162.13680365291407,106.96351610250576,124.43228327315506,0.0,0.0,0.0,0.0,0.0,0.0,0.0,0.0
2026-09-27,EP902026,9,2026-09-29 12:00:00,2 days 12:00:00,60,14.81,-104.37,998.7,46.1,85.35925373568375,213.47918276314135,209.4846526720309,167.7621256858043,181.2379572425133,0.0,0.0,0.0,0.0,0.0,0.0,0.0,0.0
2026-09-27,EP902026,9,2026-09-29 18:00:00,2 days 18:00:00,66,15.25,-105.25,989.4,51.6,54.98264874035762,213.86559956885964,187.7896063081205,144.17021244375456,190.77923448500172,54.98264874035762,41.23223725009746,29.406782307435524,39.67667452174792,0.0,0.0,0.0,0.0
2026-09-27,EP902026,9,2026-09-30 00:00:00,3 days 00:00:00,72,15.59,-106.25,982.6,70.5,55.06580054050055,214.16808581847252,237.23046357737303,117.41651259874816,143.8537627415279,122.50218465129684,103.08724831847348,71.8036765476578,90.99542918445732,55.06580054050055,3.091263197575431,1.6251147737658775,5.290233083856241
2026-09-27,EP902026,9,2026-09-30 06:00:00,3 days 06:00:00,78,16.15,-106.56,973.1,82.1,24.183996819935334,163.5830737854279,208.70132273840463,146.0504229915059,138.47864906442834,91.23560021668712,81.29338429137918,59.01011513109836,73.87887171183988,45.39132012750445,39.59525870288971,32.11586280366045,39.82969645631542
2026-09-27,EP902026,9,2026-09-30 12:00:00,3 days 12:00:00,84,16.77,-107.62,962.7,87.6,52.391438841470745,228.3275371759364,221.14347435509944,166.471333034664,190.4494679607851,81.04968606146053,64.81403448797914,46.64237688617783,58.73101083510414,52.391438841470745,32.22781182543696,23.934581616584296,32.340470465752645
2026-09-27,EP902026,9,2026-09-30 18:00:00,3 days 18:00:00,90,17.23,-108.44,946.5,113.7,22.958876842472648,169.48136534876903,188.6755536923556,150.6441288628415,150.2379618824972,79.05549676106239,66.83477648198453,53.99116012502142,63.84304044761808,47.85082930870863,43.26097286823361,34.261369228986496,41.9177948407829
2026-09-27,EP902026,9,2026-10-01 00:00:00,4 days 00:00:00,96,17.81,-109.02,947.6,109.9,20.792207550876935,220.04127579691232,205.7948592468892,182.28694167537924,201.3228836093452,118.96742726318146,103.99297568086844,84.83343489974172,104.12456394363116,65.96605640159412,55.16494735196848,46.5861937986928,56.90774093777826
2026-09-27,EP902026,9,2026-10-01 06:00:00,4 days 06:00:00,102,17.77,-109.55,956.9,95.9,38.47567992065971,171.76454734244086,213.52367429321237,197.91907853219945,153.60893114547824,103.5275355145975,107.54491711421,101.55777645683573,99.27797823703968,60.85475823841321,57.74656976287573,50.85551868828126,53.02328613481853
2026-09-27,EP902026,9,2026-10-01 12:00:00,4 days 12:00:00,108,18.03,-109.57,957.8,96.0,3.764625333352456,165.01662804448029,168.37964687526028,188.95125227694416,194.17122260421093,88.61825503973569,87.92570825646578,73.9502485336177,76.16399313816441,46.10470993863868,42.71427864170101,35.53616480146846,39.52057966586898
2026-09-27,EP902026,9,2026-10-01 18:00:00,4 days 18:00:00,114,17.99,-109.17,957.4,98.0,2.892490588685608,183.14226509124543,199.11886357082568,172.41183071929578,170.1283525856072,80.54438947162922,81.640013591877,70.24534703242567,67.70972452387757,33.6059383051002,34.21290158047425,28.79114339256661,28.475179875571182
2026-09-27,EP902026,9,2026-10-02 00:00:00,5 days 00:00:00,120,18.03,-108.97,964.8,85.6,0.0,165.34279544177792,193.0230001629436,172.85563879550193,128.98723897787033,80.73959918857429,82.2787158482227,60.33364172220539,65.1684905864177,18.996938187804304,15.315126420543358,13.278725119550982,13.77897772298784
2026-09-27,EP902026,9,2026-10-02 06:00:00,5 days 06:00:00,126,18.72,-108.74,981.4,70.7,33.98951842284024,176.13047804530493,215.99191694046655,183.42644338760996,147.61857356697044,84.95571376128137,90.47515879015974,73.75910451388089,64.2931145521472,44.761664685669565,47.75461955370847,41.98169612477338,37.98330103571365
2026-09-27,EP902026,9,2026-10-02 12:00:00,5 days 12:00:00,132,18.84,-108.56,982.0,69.8,46.44279254291247,162.9978295201953,198.21606346333343,162.9668977355908,135.72673087029582,77.98387664455228,84.48464618646904,70.61296399154945,66.22254174940318,34.824794476306494,46.44279254291247,31.206953227141568,28.9782175052691
2026-09-27,EP902026,9,2026-10-02 18:00:00,5 days 18:00:00,138,19.18,-108.12,979.9,64.3,42.592363554071966,153.27971561139685,168.67471984408115,132.38098806464137,142.93321872504856,83.19747670092076,78.67408267533558,57.53124005779162,66.40684955929089,42.592363554071966,10.247118966644184,7.111205835175927,9.285934430829178
2026-09-27,EP902026,9,2026-10-03 00:00:00,6 days 00:00:00,144,19.65,-108.04,981.7,64.0,22.506517509323054,204.9693568604318,210.67608752843063,142.30006565047336,178.0779479705608,85.34913586536123,73.27864782203312,52.8340299657016,61.01277730950794,0.0,0.0,0.0,0.0
2026-09-27,EP902026,9,2026-10-03 06:00:00,6 days 06:00:00,150,20.16,-107.86,970.6,78.7,29.94322642913044,159.78124858774044,207.83959790825764,156.7708944357461,137.518841990306,76.78669572015806,79.62786471242478,54.04096692779688,55.02106218875422,34.344378040186754,31.50598569767198,24.59236107208615,26.958729030068653
2026-09-27,EP902026,9,2026-10-03 12:00:00,6 days 12:00:00,156,20.43,-107.89,964.5,91.0,16.69403798376849,189.51765655529545,208.63281492789648,162.11289876160964,163.4157436378722,90.65345188215758,82.63995266356102,61.122603771410326,68.91865264281839,43.34842148019008,39.454468073621214,30.382076520959377,36.25042208225467
2026-09-27,EP902026,9,2026-10-03 18:00:00,6 days 18:00:00,162,20.61,-108.2,964.6,85.6,31.52672999278414,215.4883244440381,217.70943852867785,162.05551195748734,181.7522692759361,93.3463968922369,76.03208636200858,55.580623772338384,65.33053716353561,45.61589311386709,39.446548622799895,30.369272463717813,35.1816402583421
2026-09-27,EP902026,9,2026-10-04 00:00:00,7 days 00:00:00,168,21.03,-108.41,955.9,97.0,20.028309512176666,222.30489113622536,258.1152320788982,184.3329546513465,173.9128467118474,97.45976171529004,94.23986199427164,67.82667736096715,70.61256165213871,57.52634615935008,50.94433338534007,41.70777896379694,46.94486407232989
2026-09-27,EP902026,9,2026-10-04 06:00:00,7 days 06:00:00,174,21.35,-108.78,962.2,87.5,26.47798115674891,187.64570113019727,208.4396855041132,169.95623211133716,150.46292683889442,88.85113522437314,83.77934702816265,68.6694470716775,73.38497183409845,55.02056730754703,47.33712067030069,39.983478480715576,45.66164846735137
2026-09-27,EP902026,9,2026-10-04 12:00:00,7 days 12:00:00,180,21.19,-109.46,976.3,74.5,31.552204059201244,183.50902995272335,200.0559734828284,170.76469251950047,175.97586287347033,93.3038811309452,81.21225599607251,70.89243330927818,82.95830428035903,45.44441432864467,39.21741082006847,33.07365790558855,39.210552936969336
2026-09-27,EP902026,9,2026-10-04 18:00:00,7 days 18:00:00,186,21.76,-109.81,977.8,77.5,25.54189813211393,149.97262117360958,155.4609921092645,110.97966595235128,111.57308082651386,79.66969244733892,69.53027363373077,45.94488514530235,59.99015966756899,25.54189813211393,5.782455274878281,3.6924230904655166,5.888152628524511
2026-09-27,EP902026,9,2026-10-05 00:00:00,8 days 00:00:00,192,21.96,-110.09,976.1,68.9,6.744098026948336,151.5049087427219,157.8278481298931,136.2790050958829,140.6110480757768,84.85288316391336,69.22290276210316,51.3147355094809,68.07732829529826,32.40493715618543,25.503709205473896,18.38805782758085,26.265823377430028
2026-09-27,EP902026,9,2026-10-05 06:00:00,8 days 06:00:00,198,21.81,-110.83,987.7,58.8,19.449680146063905,134.77053622672054,147.15256452599604,106.3214805236973,115.46054840720586,88.73766734643041,76.24646678415242,51.114751874190425,66.76939456997727,0.0,0.0,0.0,0.0
2026-09-27,EP902026,9,2026-10-05 12:00:00,8 days 12:00:00,204,22.38,-112.07,990.6,53.1,64.9456112504356,241.14162016435853,210.59599123180035,149.6906551201689,194.8747624801581,64.9456112504356,13.285628751720353,6.61114406778605,14.3138048504956,0.0,0.0,0.0,0.0
2026-09-27,EP902026,9,2026-10-05 18:00:00,8 days 18:00:00,210,23.03,-112.95,991.2,56.1,36.751047912121294,147.64742754308054,119.99062558002038,50.989127103829446,116.9022799428608,100.03681259064616,76.79292677373451,45.52827302898902,74.15959130810143,0.0,0.0,0.0,0.0
2026-09-27,EP902026,9,2026-10-06 00:00:00,9 days 00:00:00,216,23.25,-113.93,988.4,56.3,40.68804886124836,197.49982411978792,140.40775208776537,63.15926149346424,162.14811023844064,92.51624384626196,61.846731090040336,34.39702507270785,67.91884981389606,0.0,0.0,0.0,0.0
2026-09-27,EP902026,9,2026-10-06 06:00:00,9 days 06:00:00,222,23.07,-114.78,990.2,51.8,28.29274080081001,181.8769269718576,127.86138320634193,102.68362418986132,167.08185916506267,36.40156075237566,23.53290275577837,14.128159503965708,28.502889107848503,0.0,0.0,0.0,0.0
2026-09-27,EP902026,9,2026-10-06 12:00:00,9 days 12:00:00,228,23.08,-115.61,985.4,61.7,33.88929258803401,117.84063238833768,115.82201985043169,91.55151431787958,121.2930687671396,67.24540949948914,54.77962390128094,38.46347032948776,50.67902667043481,0.0,0.0,0.0,0.0
2026-09-27,EP902026,9,2026-10-06 18:00:00,9 days 18:00:00,234,22.7,-116.65,984.8,56.3,30.08043123577752,150.59052030312586,109.83337667496546,86.21277673011338,176.60102920887982,51.18665781142694,34.42636230114829,22.58983716679488,43.74769944421334,0.0,0.0,0.0,0.0
2026-09-27,EP902026,9,2026-10-07 00:00:00,10 days 00:00:00,240,22.26,-117.41,987.8,54.9,18.60855455574957,111.55430658410208,93.94669234053228,82.15712811741861,134.75161018838924,32.50644308693707,26.664872297538864,18.52240348883317,29.00654031961174,0.0,0.0,0.0,0.0
2026-09-27,EP902026,9,2026-10-07 06:00:00,10 days 06:00:00,246,22.23,-118.42,994.5,45.8,41.19671760228293,197.80991199246492,144.17874829744645,130.17382982188286,186.01340751077092,0.0,0.0,0.0,0.0,0.0,0.0,0.0,0.0
2026-09-27,EP902026,9,2026-10-07 12:00:00,10 days 12:00:00,252,22.45,-119.39,996.8,47.2,50.13419939457654,194.54641851832065,159.47617782007464,161.55714445907395,199.3007533803655,0.0,0.0,0.0,0.0,0.0,0.0,0.0,0.0
2026-09-27,EP902026,9,2026-10-07 18:00:00,10 days 18:00:00,258,22.43,-120.46,998.5,45.1,33.16797173070898,132.61567058060558,93.70246710873695,85.38942768636667,116.23724915184786,0.0,0.0,0.0,0.0,0.0,0.0,0.0,0.0
2026-09-27,EP902026,9,2026-10-08 00:00:00,11 days 00:00:00,264,22.64,-121.37,999.2,45.3,24.758075043082613,125.52318867094375,82.55921650887124,66.64738020732644,112.4252821412737,0.0,0.0,0.0,0.0,0.0,0.0,0.0,0.0
2026-09-27,EP902026,9,2026-10-08 06:00:00,11 days 06:00:00,270,22.81,-122.5,999.9,42.2,24.339500363589067,124.13539629110124,86.90581810000549,71.0204644252098,117.51649005542556,0.0,0.0,0.0,0.0,0.0,0.0,0.0,0.0
2026-09-27,EP902026,9,2026-10-08 12:00:00,11 days 12:00:00,276,23.59,-123.74,995.9,46.7,29.099084106944613,120.5530191463337,93.85036944739846,54.57950985204201,80.27730226683987,0.0,0.0,0.0,0.0,0.0,0.0,0.0,0.0
2026-09-27,EP902026,9,2026-10-08 18:00:00,11 days 18:00:00,282,23.82,-124.8,1000.3,48.3,50.21800803085466,108.1759682037508,81.41687989064758,39.99872601549825,85.1215603397709,0.0,0.0,0.0,0.0,0.0,0.0,0.0,0.0
2026-09-27,EP902026,9,2026-10-09 00:00:00,12 days 00:00:00,288,24.22,-125.81,1000.6,39.5,15.894115036287648,166.423823576006,106.28839152095183,50.60548422027158,133.1238561875792,0.0,0.0,0.0,0.0,0.0,0.0,0.0,0.0
2026-09-27,EP902026,9,2026-10-09 06:00:00,12 days 06:00:00,294,24.46,-126.71,1005.2,33.7,64.0472683271721,0.0,0.0,0.0,0.0,0.0,0.0,0.0,0.0,0.0,0.0,0.0,0.0
2026-09-27,EP902026,9,2026-10-09 12:00:00,12 days 12:00:00,300,24.65,-127.24,1003.3,40.3,38.66026781979088,38.66026781979088,19.163304878495023,4.7639999427779856,23.342637735373003,0.0,0.0,0.0,0.0,0.0,0.0,0.0,0.0
2026-09-27,EP902026,9,2026-10-09 18:00:00,12 days 18:00:00,306,24.35,-128.05,1006.2,28.6,45.23411771770647,0.0,0.0,0.0,0.0,0.0,0.0,0.0,0.0,0.0,0.0,0.0,0.0
2026-09-27,EP902026,9,2026-10-10 00:00:00,13 days 00:00:00,312,24.27,-128.75,1005.0,33.0,52.7769092606207,0.0,0.0,0.0,0.0,0.0,0.0,0.0,0.0,0.0,0.0,0.0,0.0
2026-09-27,EP902026,9,2026-10-10 06:00:00,13 days 06:00:00,318,23.62,-129.79,1007.0,24.1,57.79885825168773,0.0,0.0,0.0,0.0,0.0,0.0,0.0,0.0,0.0,0.0,0.0,0.0
2026-09-27,EP902026,9,2026-10-10 12:00:00,13 days 12:00:00,324,22.93,-130.83,1003.9,29.4,94.23830619660112,0.0,0.0,0.0,0.0,0.0,0.0,0.0,0.0,0.0,0.0,0.0,0.0
2026-09-27,EP902026,9,2026-10-10 18:00:00,13 days 18:00:00,330,22.49,-131.86,1007.1,26.1,115.43662856343374,0.0,0.0,0.0,0.0,0.0,0.0,0.0,0.0,0.0,0.0,0.0,0.0
2026-09-27,EP902026,9,2026-10-11 00:00:00,14 days 00:00:00,336,21.89,-132.85,1005.3,27.3,162.2668884692387,0.0,0.0,0.0,0.0,0.0,0.0,0.0,0.0,0.0,0.0,0.0,0.0
2026-09-27,EP902026,9,2026-10-11 06:00:00,14 days 06:00:00,342,21.33,-134.29,1007.9,22.2,120.82901809407112,0.0,0.0,0.0,0.0,0.0,0.0,0.0,0.0,0.0,0.0,0.0,0.0
2026-09-27,EP902026,9,2026-10-11 12:00:00,14 days 12:00:00,348,20.88,-135.1,1007.6,25.8,146.97540223059875,0.0,0.0,0.0,0.0,0.0,0.0,0.0,0.0,0.0,0.0,0.0,0.0
2026-09-27,EP902026,9,2026-10-11 18:00:00,14 days 18:00:00,354,20.54,-136.05,1007.0,20.9,117.2267023334054,0.0,0.0,0.0,0.0,0.0,0.0,0.0,0.0,0.0,0.0,0.0,0.0
2026-09-27,EP902026,9,2026-10-12 00:00:00,15 days 00:00:00,360,20.71,-137.14,1005.4,22.5,141.7190193039284,0.0,0.0,0.0,0.0,0.0,0.0,0.0,0.0,0.0,0.0,0.0,0.0
2026-09-27,WP252026,9,2026-09-27 00:00:00,0 days 00:00:00,0,24.6,127.6,964.0,89.0,22.0,102.0,121.0,102.0,93.0,,,,,,,,
2026-09-27,WP252026,9,2026-09-27 06:00:00,0 days 06:00:00,6,25.52,128.31,953.7,100.9,34.982764286164326,68.82070067293394,133.71636277986414,126.84269289932088,55.33028676045164,63.99171568750519,65.39521332565889,54.13389175899283,44.71141199977548,34.982764286164326,32.03503715883501,25.246738347270217,26.45369050606464
2026-09-27,WP252026,9,2026-09-27 12:00:00,0 days 12:00:00,12,25.85,128.84,945.8,108.7,21.91130349472712,137.8913339373342,173.34162803450047,144.6540572950627,102.49153861538,80.8787209230467,97.5707958950618,72.77954339773339,63.75112213457432,40.84712988693197,42.1572176073571,37.416946584638936,35.59086551088588
2026-09-27,WP252026,9,2026-09-27 18:00:00,0 days 18:00:00,18,26.45,129.92,954.7,100.2,10.8907019776385,178.8772872361355,216.85984916623565,165.24678086764516,124.66914988375932,81.61889082105343,89.87291111189721,65.12523528188291,57.54410384512492,46.85924443695865,45.33476597763014,37.787232574263335,38.22756595497645
2026-09-27,WP252026,9,2026-09-28 00:00:00,1 days 00:00:00,24,27.14,130.55,978.3,69.9,37.00535576862768,98.92661013559012,128.62611316433205,97.47929199777394,77.930210046352,63.79172925792612,69.34801164773367,53.0319886520479,48.84737691901896,33.54356682307758,37.00535576862768,28.609812314646295,27.56746937746621
2026-09-27,WP252026,9,2026-09-28 06:00:00,1 days 06:00:00,30,27.52,131.82,984.9,58.7,33.70913851420312,125.30912715779964,154.75527518896814,94.8548965904737,92.66969469338746,76.20061223003623,76.05767205153188,50.669142270240656,58.93078529673434,0.0,0.0,0.0,0.0
2026-09-27,WP252026,9,2026-09-28 12:00:00,1 days 12:00:00,36,27.91,132.63,989.0,56.6,41.01609545669254,114.7793256509706,141.75543504744348,113.22434926718238,101.21931351620114,78.36973717934869,75.91425611535843,52.43638614901568,59.95209354453389,0.0,0.0,0.0,0.0
2026-09-27,WP252026,9,2026-09-28 18:00:00,1 days 18:00:00,42,28.21,133.16,990.9,52.7,45.32446307732309,119.94829145296512,150.56750594082496,97.10147005922012,103.65774362081206,45.32446307732309,17.764851221710124,10.939865501694712,15.329973372999737,0.0,0.0,0.0,0.0
2026-09-27,WP252026,9,2026-09-29 00:00:00,2 days 00:00:00,48,28.58,134.34,996.1,49.1,74.1951760397683,141.48832701547596,168.5478712440464,116.37861152283996,107.98694061304592,0.0,0.0,0.0,0.0,0.0,0.0,0.0,0.0
2026-09-27,WP252026,9,2026-09-29 06:00:00,2 days 06:00:00,54,28.95,135.18,993.8,47.3,35.16981577402849,138.86233711894468,154.65663148151936,106.08403611082284,77.84718084444259,0.0,0.0,0.0,0.0,0.0,0.0,0.0,0.0
2026-09-27,WP252026,9,2026-09-29 12:00:00,2 days 12:00:00,60,29.41,136.33,995.6,40.2,80.92002092584062,95.78470973388691,116.21934583656837,66.27293239706921,57.38061410293759,0.0,0.0,0.0,0.0,0.0,0.0,0.0,0.0
2026-09-27,WP252026,9,2026-09-29 18:00:00,2 days 18:00:00,66,30.12,137.33,1001.8,35.9,67.65470315409553,139.2576525186905,134.09820036556997,101.61417357779636,103.13908943535742,0.0,0.0,0.0,0.0,0.0,0.0,0.0,0.0
2026-09-27,WP252026,9,2026-09-30 00:00:00,3 days 00:00:00,72,30.43,138.0,998.8,31.8,48.9086324535204,0.0,0.0,0.0,0.0,0.0,0.0,0.0,0.0,0.0,0.0,0.0,0.0
2026-09-27,WP252026,9,2026-09-30 06:00:00,3 days 06:00:00,78,30.71,139.3,997.5,31.6,33.597344724394226,0.0,0.0,0.0,0.0,0.0,0.0,0.0,0.0,0.0,0.0,0.0,0.0
2026-09-27,WP252026,9,2026-09-30 12:00:00,3 days 12:00:00,84,31.18,140.4,999.2,35.5,102.86718515225562,8.499351782952797,102.86718515225562,2.2957989845070017,2.2391637776856648,0.0,0.0,0.0,0.0,0.0,0.0,0.0,0.0
2026-09-27,WP252026,9,2026-09-30 18:00:00,3 days 18:00:00,90,31.83,141.52,997.9,36.5,85.74895885445056,0.0,85.74895885445056,1.4227651531605652,0.0,0.0,0.0,0.0,0.0,0.0,0.0,0.0,0.0
2026-09-27,WP252026,9,2026-10-01 00:00:00,4 days 00:00:00,96,32.65,142.54,1001.9,30.7,101.61357330193242,0.0,0.0,0.0,0.0,0.0,0.0,0.0,0.0,0.0,0.0,0.0,0.0
2026-09-27,WP252026,9,2026-10-01 06:00:00,4 days 06:00:00,102,33.32,143.49,1002.1,27.5,112.07973810252052,0.0,0.0,0.0,0.0,0.0,0.0,0.0,0.0,0.0,0.0,0.0,0.0
2026-09-27,WP252026,9,2026-10-01 12:00:00,4 days 12:00:00,108,34.47,144.36,1002.4,30.1,79.20507333407197,0.0,0.0,0.0,0.0,0.0,0.0,0.0,0.0,0.0,0.0,0.0,0.0
2026-09-27,WP252026,9,2026-10-01 18:00:00,4 days 18:00:00,114,35.42,145.88,999.1,34.2,133.5072590269703,56.048477562762685,133.5072590269703,17.31488219494537,18.269380979527604,0.0,0.0,0.0,0.0,0.0,0.0,0.0,0.0
2026-09-27,WP252026,9,2026-10-02 00:00:00,5 days 00:00:00,120,37.58,149.25,1007.9,31.9,25.80216530780831,0.0,0.0,0.0,0.0,0.0,0.0,0.0,0.0,0.0,0.0,0.0,0.0
2026-09-27,WP252026,9,2026-10-02 06:00:00,5 days 06:00:00,126,39.4,153.86,1006.4,31.5,103.83760447915672,0.0,0.0,0.0,0.0,0.0,0.0,0.0,0.0,0.0,0.0,0.0,0.0
